candidate_id,original_filename,true_label,category,source,generator,model,raw_ai_probability,raw_real_probability,calibrated_ai_probability,calibrated_real_probability,prediction,correct
DEF_REAL_001,DEF_REAL_001_54f2df820f75.jpg,REAL,REAL,MS_COCO,None_Authentic_Photograph,V5-A Spatial,0.999988,1.2e-05,0.999988,1.2e-05,AI,False
DEF_REAL_001,DEF_REAL_001_54f2df820f75.jpg,REAL,REAL,MS_COCO,None_Authentic_Photograph,V5-B Frequency,0.003056,0.996944,0.003056,0.996944,REAL,True
DEF_REAL_001,DEF_REAL_001_54f2df820f75.jpg,REAL,REAL,MS_COCO,None_Authentic_Photograph,V5-C Hybrid,0.99997,3e-05,0.99997,3e-05,AI,False
DEF_REAL_001,DEF_REAL_001_54f2df820f75.jpg,REAL,REAL,MS_COCO,None_Authentic_Photograph,V5-D Gated Residual,0.998775,0.001225,0.954747,0.045253,AI,False
DEF_REAL_002,DEF_REAL_002_33de4b238f34.jpg,REAL,REAL,MS_COCO,None_Authentic_Photograph,V5-A Spatial,0.251071,0.748929,0.251071,0.748929,REAL,True
DEF_REAL_002,DEF_REAL_002_33de4b238f34.jpg,REAL,REAL,MS_COCO,None_Authentic_Photograph,V5-B Frequency,0.952293,0.047707,0.952293,0.047707,AI,False
DEF_REAL_002,DEF_REAL_002_33de4b238f34.jpg,REAL,REAL,MS_COCO,None_Authentic_Photograph,V5-C Hybrid,0.003875,0.996125,0.003875,0.996125,REAL,True
DEF_REAL_002,DEF_REAL_002_33de4b238f34.jpg,REAL,REAL,MS_COCO,None_Authentic_Photograph,V5-D Gated Residual,0.002838,0.997162,0.06498,0.93502,REAL,True
DEF_REAL_003,DEF_REAL_003_32db00d59f22.jpg,REAL,REAL,MS_COCO,None_Authentic_Photograph,V5-A Spatial,0.000501,0.999499,0.000501,0.999499,REAL,True
DEF_REAL_003,DEF_REAL_003_32db00d59f22.jpg,REAL,REAL,MS_COCO,None_Authentic_Photograph,V5-B Frequency,0.004451,0.995549,0.004451,0.995549,REAL,True
DEF_REAL_003,DEF_REAL_003_32db00d59f22.jpg,REAL,REAL,MS_COCO,None_Authentic_Photograph,V5-C Hybrid,0.0,1.0,0.0,1.0,REAL,True
DEF_REAL_003,DEF_REAL_003_32db00d59f22.jpg,REAL,REAL,MS_COCO,None_Authentic_Photograph,V5-D Gated Residual,0.002736,0.997264,0.063975,0.936025,REAL,True
DEF_REAL_004,DEF_REAL_004_dc33730a3a64.jpg,REAL,REAL,MS_COCO,None_Authentic_Photograph,V5-A Spatial,0.994566,0.005434,0.994566,0.005434,AI,False
DEF_REAL_004,DEF_REAL_004_dc33730a3a64.jpg,REAL,REAL,MS_COCO,None_Authentic_Photograph,V5-B Frequency,0.011658,0.988342,0.011658,0.988342,REAL,True
DEF_REAL_004,DEF_REAL_004_dc33730a3a64.jpg,REAL,REAL,MS_COCO,None_Authentic_Photograph,V5-C Hybrid,0.179451,0.820549,0.179451,0.820549,REAL,True
DEF_REAL_004,DEF_REAL_004_dc33730a3a64.jpg,REAL,REAL,MS_COCO,None_Authentic_Photograph,V5-D Gated Residual,0.011443,0.988557,0.116268,0.883732,REAL,True
DEF_REAL_005,DEF_REAL_005_7a188eb13bc8.jpg,REAL,REAL,MS_COCO,None_Authentic_Photograph,V5-A Spatial,0.009674,0.990326,0.009674,0.990326,REAL,True
DEF_REAL_005,DEF_REAL_005_7a188eb13bc8.jpg,REAL,REAL,MS_COCO,None_Authentic_Photograph,V5-B Frequency,0.001044,0.998956,0.001044,0.998956,REAL,True
DEF_REAL_005,DEF_REAL_005_7a188eb13bc8.jpg,REAL,REAL,MS_COCO,None_Authentic_Photograph,V5-C Hybrid,0.997524,0.002476,0.997524,0.002476,AI,False
DEF_REAL_005,DEF_REAL_005_7a188eb13bc8.jpg,REAL,REAL,MS_COCO,None_Authentic_Photograph,V5-D Gated Residual,0.000343,0.999657,0.025871,0.974129,REAL,True
DEF_REAL_006,DEF_REAL_006_aa44b2bba346.jpg,REAL,REAL,MS_COCO,None_Authentic_Photograph,V5-A Spatial,0.046881,0.953119,0.046881,0.953119,REAL,True
DEF_REAL_006,DEF_REAL_006_aa44b2bba346.jpg,REAL,REAL,MS_COCO,None_Authentic_Photograph,V5-B Frequency,0.001599,0.998401,0.001599,0.998401,REAL,True
DEF_REAL_006,DEF_REAL_006_aa44b2bba346.jpg,REAL,REAL,MS_COCO,None_Authentic_Photograph,V5-C Hybrid,0.968353,0.031647,0.968353,0.031647,AI,False
DEF_REAL_006,DEF_REAL_006_aa44b2bba346.jpg,REAL,REAL,MS_COCO,None_Authentic_Photograph,V5-D Gated Residual,0.015845,0.984155,0.132599,0.867401,REAL,True
DEF_REAL_007,DEF_REAL_007_b09ab96db542.jpg,REAL,REAL,MS_COCO,None_Authentic_Photograph,V5-A Spatial,0.997063,0.002937,0.997063,0.002937,AI,False
DEF_REAL_007,DEF_REAL_007_b09ab96db542.jpg,REAL,REAL,MS_COCO,None_Authentic_Photograph,V5-B Frequency,0.133615,0.866385,0.133615,0.866385,REAL,True
DEF_REAL_007,DEF_REAL_007_b09ab96db542.jpg,REAL,REAL,MS_COCO,None_Authentic_Photograph,V5-C Hybrid,0.018156,0.981844,0.018156,0.981844,REAL,True
DEF_REAL_007,DEF_REAL_007_b09ab96db542.jpg,REAL,REAL,MS_COCO,None_Authentic_Photograph,V5-D Gated Residual,0.001824,0.998176,0.053764,0.946236,REAL,True
DEF_REAL_008,DEF_REAL_008_a0ab7dcae53c.jpg,REAL,REAL,MS_COCO,None_Authentic_Photograph,V5-A Spatial,0.998757,0.001243,0.998757,0.001243,AI,False
DEF_REAL_008,DEF_REAL_008_a0ab7dcae53c.jpg,REAL,REAL,MS_COCO,None_Authentic_Photograph,V5-B Frequency,0.000439,0.999561,0.000439,0.999561,REAL,True
DEF_REAL_008,DEF_REAL_008_a0ab7dcae53c.jpg,REAL,REAL,MS_COCO,None_Authentic_Photograph,V5-C Hybrid,0.994248,0.005752,0.994248,0.005752,AI,False
DEF_REAL_008,DEF_REAL_008_a0ab7dcae53c.jpg,REAL,REAL,MS_COCO,None_Authentic_Photograph,V5-D Gated Residual,0.005145,0.994855,0.083576,0.916424,REAL,True
DEF_REAL_009,DEF_REAL_009_0d52d7cc8205.jpg,REAL,REAL,MS_COCO,None_Authentic_Photograph,V5-A Spatial,0.868091,0.131909,0.868091,0.131909,AI,False
DEF_REAL_009,DEF_REAL_009_0d52d7cc8205.jpg,REAL,REAL,MS_COCO,None_Authentic_Photograph,V5-B Frequency,0.000167,0.999833,0.000167,0.999833,REAL,True
DEF_REAL_009,DEF_REAL_009_0d52d7cc8205.jpg,REAL,REAL,MS_COCO,None_Authentic_Photograph,V5-C Hybrid,0.627342,0.372658,0.627342,0.372658,AI,False
DEF_REAL_009,DEF_REAL_009_0d52d7cc8205.jpg,REAL,REAL,MS_COCO,None_Authentic_Photograph,V5-D Gated Residual,0.001395,0.998605,0.047875,0.952125,REAL,True
DEF_REAL_010,DEF_REAL_010_07e380967050.jpg,REAL,REAL,MS_COCO,None_Authentic_Photograph,V5-A Spatial,0.0,1.0,0.0,1.0,REAL,True
DEF_REAL_010,DEF_REAL_010_07e380967050.jpg,REAL,REAL,MS_COCO,None_Authentic_Photograph,V5-B Frequency,0.001851,0.998149,0.001851,0.998149,REAL,True
DEF_REAL_010,DEF_REAL_010_07e380967050.jpg,REAL,REAL,MS_COCO,None_Authentic_Photograph,V5-C Hybrid,0.0,1.0,0.0,1.0,REAL,True
DEF_REAL_010,DEF_REAL_010_07e380967050.jpg,REAL,REAL,MS_COCO,None_Authentic_Photograph,V5-D Gated Residual,0.0,1.0,0.000183,0.999817,REAL,True
DEF_REAL_011,DEF_REAL_011_b217a5c0698d.jpg,REAL,REAL,MS_COCO,None_Authentic_Photograph,V5-A Spatial,3.2e-05,0.999968,3.2e-05,0.999968,REAL,True
DEF_REAL_011,DEF_REAL_011_b217a5c0698d.jpg,REAL,REAL,MS_COCO,None_Authentic_Photograph,V5-B Frequency,0.024663,0.975337,0.024663,0.975337,REAL,True
DEF_REAL_011,DEF_REAL_011_b217a5c0698d.jpg,REAL,REAL,MS_COCO,None_Authentic_Photograph,V5-C Hybrid,0.076475,0.923525,0.076475,0.923525,REAL,True
DEF_REAL_011,DEF_REAL_011_b217a5c0698d.jpg,REAL,REAL,MS_COCO,None_Authentic_Photograph,V5-D Gated Residual,0.007056,0.992944,0.095335,0.904665,REAL,True
DEF_REAL_012,DEF_REAL_012_e786ec7bcb59.jpg,REAL,REAL,MS_COCO,None_Authentic_Photograph,V5-A Spatial,0.072318,0.927682,0.072318,0.927682,REAL,True
DEF_REAL_012,DEF_REAL_012_e786ec7bcb59.jpg,REAL,REAL,MS_COCO,None_Authentic_Photograph,V5-B Frequency,0.011328,0.988672,0.011328,0.988672,REAL,True
DEF_REAL_012,DEF_REAL_012_e786ec7bcb59.jpg,REAL,REAL,MS_COCO,None_Authentic_Photograph,V5-C Hybrid,0.009452,0.990548,0.009452,0.990548,REAL,True
DEF_REAL_012,DEF_REAL_012_e786ec7bcb59.jpg,REAL,REAL,MS_COCO,None_Authentic_Photograph,V5-D Gated Residual,0.000509,0.999491,0.030785,0.969215,REAL,True
DEF_REAL_013,DEF_REAL_013_7c2f38a53a1f.jpg,REAL,REAL,MS_COCO,None_Authentic_Photograph,V5-A Spatial,1e-06,0.999999,1e-06,0.999999,REAL,True
DEF_REAL_013,DEF_REAL_013_7c2f38a53a1f.jpg,REAL,REAL,MS_COCO,None_Authentic_Photograph,V5-B Frequency,0.092854,0.907146,0.092854,0.907146,REAL,True
DEF_REAL_013,DEF_REAL_013_7c2f38a53a1f.jpg,REAL,REAL,MS_COCO,None_Authentic_Photograph,V5-C Hybrid,0.999548,0.000452,0.999548,0.000452,AI,False
DEF_REAL_013,DEF_REAL_013_7c2f38a53a1f.jpg,REAL,REAL,MS_COCO,None_Authentic_Photograph,V5-D Gated Residual,0.017319,0.982681,0.137405,0.862595,REAL,True
DEF_REAL_014,DEF_REAL_014_4fbb17e748ec.jpg,REAL,REAL,MS_COCO,None_Authentic_Photograph,V5-A Spatial,0.01019,0.98981,0.01019,0.98981,REAL,True
DEF_REAL_014,DEF_REAL_014_4fbb17e748ec.jpg,REAL,REAL,MS_COCO,None_Authentic_Photograph,V5-B Frequency,0.002686,0.997314,0.002686,0.997314,REAL,True
DEF_REAL_014,DEF_REAL_014_4fbb17e748ec.jpg,REAL,REAL,MS_COCO,None_Authentic_Photograph,V5-C Hybrid,7.3e-05,0.999927,7.3e-05,0.999927,REAL,True
DEF_REAL_014,DEF_REAL_014_4fbb17e748ec.jpg,REAL,REAL,MS_COCO,None_Authentic_Photograph,V5-D Gated Residual,3.2e-05,0.999968,0.008924,0.991076,REAL,True
DEF_REAL_015,DEF_REAL_015_6d20c6bfaecb.jpg,REAL,REAL,MS_COCO,None_Authentic_Photograph,V5-A Spatial,0.0,1.0,0.0,1.0,REAL,True
DEF_REAL_015,DEF_REAL_015_6d20c6bfaecb.jpg,REAL,REAL,MS_COCO,None_Authentic_Photograph,V5-B Frequency,0.999349,0.000651,0.999349,0.000651,AI,False
DEF_REAL_015,DEF_REAL_015_6d20c6bfaecb.jpg,REAL,REAL,MS_COCO,None_Authentic_Photograph,V5-C Hybrid,0.0,1.0,0.0,1.0,REAL,True
DEF_REAL_015,DEF_REAL_015_6d20c6bfaecb.jpg,REAL,REAL,MS_COCO,None_Authentic_Photograph,V5-D Gated Residual,0.970179,0.029821,0.829772,0.170228,AI,False
DEF_REAL_016,DEF_REAL_016_c6cb16b23472.jpg,REAL,REAL,MS_COCO,None_Authentic_Photograph,V5-A Spatial,0.744223,0.255777,0.744223,0.255777,AI,False
DEF_REAL_016,DEF_REAL_016_c6cb16b23472.jpg,REAL,REAL,MS_COCO,None_Authentic_Photograph,V5-B Frequency,0.003277,0.996723,0.003277,0.996723,REAL,True
DEF_REAL_016,DEF_REAL_016_c6cb16b23472.jpg,REAL,REAL,MS_COCO,None_Authentic_Photograph,V5-C Hybrid,0.178175,0.821825,0.178175,0.821825,REAL,True
DEF_REAL_016,DEF_REAL_016_c6cb16b23472.jpg,REAL,REAL,MS_COCO,None_Authentic_Photograph,V5-D Gated Residual,0.098778,0.901222,0.267826,0.732174,REAL,True
DEF_REAL_017,DEF_REAL_017_c2def7f88d2c.jpg,REAL,REAL,MS_COCO,None_Authentic_Photograph,V5-A Spatial,0.016105,0.983895,0.016105,0.983895,REAL,True
DEF_REAL_017,DEF_REAL_017_c2def7f88d2c.jpg,REAL,REAL,MS_COCO,None_Authentic_Photograph,V5-B Frequency,0.006075,0.993925,0.006075,0.993925,REAL,True
DEF_REAL_017,DEF_REAL_017_c2def7f88d2c.jpg,REAL,REAL,MS_COCO,None_Authentic_Photograph,V5-C Hybrid,7e-06,0.999993,7e-06,0.999993,REAL,True
DEF_REAL_017,DEF_REAL_017_c2def7f88d2c.jpg,REAL,REAL,MS_COCO,None_Authentic_Photograph,V5-D Gated Residual,0.000124,0.999876,0.016447,0.983553,REAL,True
DEF_REAL_018,DEF_REAL_018_6b47883c288e.jpg,REAL,REAL,MS_COCO,None_Authentic_Photograph,V5-A Spatial,0.876952,0.123048,0.876952,0.123048,AI,False
DEF_REAL_018,DEF_REAL_018_6b47883c288e.jpg,REAL,REAL,MS_COCO,None_Authentic_Photograph,V5-B Frequency,0.002362,0.997638,0.002362,0.997638,REAL,True
DEF_REAL_018,DEF_REAL_018_6b47883c288e.jpg,REAL,REAL,MS_COCO,None_Authentic_Photograph,V5-C Hybrid,0.970183,0.029817,0.970183,0.029817,AI,False
DEF_REAL_018,DEF_REAL_018_6b47883c288e.jpg,REAL,REAL,MS_COCO,None_Authentic_Photograph,V5-D Gated Residual,0.226243,0.773757,0.3637,0.6363,REAL,True
DEF_REAL_019,DEF_REAL_019_7f9ec5af57d6.jpg,REAL,REAL,MS_COCO,None_Authentic_Photograph,V5-A Spatial,0.054371,0.945629,0.054371,0.945629,REAL,True
DEF_REAL_019,DEF_REAL_019_7f9ec5af57d6.jpg,REAL,REAL,MS_COCO,None_Authentic_Photograph,V5-B Frequency,0.00913,0.99087,0.00913,0.99087,REAL,True
DEF_REAL_019,DEF_REAL_019_7f9ec5af57d6.jpg,REAL,REAL,MS_COCO,None_Authentic_Photograph,V5-C Hybrid,0.00516,0.99484,0.00516,0.99484,REAL,True
DEF_REAL_019,DEF_REAL_019_7f9ec5af57d6.jpg,REAL,REAL,MS_COCO,None_Authentic_Photograph,V5-D Gated Residual,0.002228,0.997772,0.058588,0.941412,REAL,True
DEF_REAL_020,DEF_REAL_020_f95cdd102567.jpg,REAL,REAL,MS_COCO,None_Authentic_Photograph,V5-A Spatial,0.996211,0.003789,0.996211,0.003789,AI,False
DEF_REAL_020,DEF_REAL_020_f95cdd102567.jpg,REAL,REAL,MS_COCO,None_Authentic_Photograph,V5-B Frequency,0.003806,0.996194,0.003806,0.996194,REAL,True
DEF_REAL_020,DEF_REAL_020_f95cdd102567.jpg,REAL,REAL,MS_COCO,None_Authentic_Photograph,V5-C Hybrid,0.838249,0.161751,0.838249,0.161751,AI,False
DEF_REAL_020,DEF_REAL_020_f95cdd102567.jpg,REAL,REAL,MS_COCO,None_Authentic_Photograph,V5-D Gated Residual,0.997913,0.002087,0.943033,0.056967,AI,False
DEF_REAL_021,DEF_REAL_021_f17a4cc16d17.jpg,REAL,REAL,MS_COCO,None_Authentic_Photograph,V5-A Spatial,5.6e-05,0.999944,5.6e-05,0.999944,REAL,True
DEF_REAL_021,DEF_REAL_021_f17a4cc16d17.jpg,REAL,REAL,MS_COCO,None_Authentic_Photograph,V5-B Frequency,0.000141,0.999859,0.000141,0.999859,REAL,True
DEF_REAL_021,DEF_REAL_021_f17a4cc16d17.jpg,REAL,REAL,MS_COCO,None_Authentic_Photograph,V5-C Hybrid,7e-06,0.999993,7e-06,0.999993,REAL,True
DEF_REAL_021,DEF_REAL_021_f17a4cc16d17.jpg,REAL,REAL,MS_COCO,None_Authentic_Photograph,V5-D Gated Residual,2.9e-05,0.999971,0.008595,0.991405,REAL,True
DEF_REAL_022,DEF_REAL_022_218b1084b44d.jpg,REAL,REAL,MS_COCO,None_Authentic_Photograph,V5-A Spatial,0.476902,0.523098,0.476902,0.523098,REAL,True
DEF_REAL_022,DEF_REAL_022_218b1084b44d.jpg,REAL,REAL,MS_COCO,None_Authentic_Photograph,V5-B Frequency,0.915115,0.084885,0.915115,0.084885,AI,False
DEF_REAL_022,DEF_REAL_022_218b1084b44d.jpg,REAL,REAL,MS_COCO,None_Authentic_Photograph,V5-C Hybrid,0.163684,0.836316,0.163684,0.836316,REAL,True
DEF_REAL_022,DEF_REAL_022_218b1084b44d.jpg,REAL,REAL,MS_COCO,None_Authentic_Photograph,V5-D Gated Residual,0.986682,0.013318,0.876355,0.123645,AI,False
DEF_REAL_023,DEF_REAL_023_11bd7f7af9fa.jpg,REAL,REAL,MS_COCO,None_Authentic_Photograph,V5-A Spatial,0.00434,0.99566,0.00434,0.99566,REAL,True
DEF_REAL_023,DEF_REAL_023_11bd7f7af9fa.jpg,REAL,REAL,MS_COCO,None_Authentic_Photograph,V5-B Frequency,0.006333,0.993667,0.006333,0.993667,REAL,True
DEF_REAL_023,DEF_REAL_023_11bd7f7af9fa.jpg,REAL,REAL,MS_COCO,None_Authentic_Photograph,V5-C Hybrid,0.000901,0.999099,0.000901,0.999099,REAL,True
DEF_REAL_023,DEF_REAL_023_11bd7f7af9fa.jpg,REAL,REAL,MS_COCO,None_Authentic_Photograph,V5-D Gated Residual,0.000259,0.999741,0.022841,0.977159,REAL,True
DEF_REAL_024,DEF_REAL_024_346cb66387a0.jpg,REAL,REAL,MS_COCO,None_Authentic_Photograph,V5-A Spatial,0.00015,0.99985,0.00015,0.99985,REAL,True
DEF_REAL_024,DEF_REAL_024_346cb66387a0.jpg,REAL,REAL,MS_COCO,None_Authentic_Photograph,V5-B Frequency,0.001114,0.998886,0.001114,0.998886,REAL,True
DEF_REAL_024,DEF_REAL_024_346cb66387a0.jpg,REAL,REAL,MS_COCO,None_Authentic_Photograph,V5-C Hybrid,6e-06,0.999994,6e-06,0.999994,REAL,True
DEF_REAL_024,DEF_REAL_024_346cb66387a0.jpg,REAL,REAL,MS_COCO,None_Authentic_Photograph,V5-D Gated Residual,8.8e-05,0.999912,0.014079,0.985921,REAL,True
DEF_REAL_025,DEF_REAL_025_b9655c7349d1.jpg,REAL,REAL,MS_COCO,None_Authentic_Photograph,V5-A Spatial,1.3e-05,0.999987,1.3e-05,0.999987,REAL,True
DEF_REAL_025,DEF_REAL_025_b9655c7349d1.jpg,REAL,REAL,MS_COCO,None_Authentic_Photograph,V5-B Frequency,0.036464,0.963536,0.036464,0.963536,REAL,True
DEF_REAL_025,DEF_REAL_025_b9655c7349d1.jpg,REAL,REAL,MS_COCO,None_Authentic_Photograph,V5-C Hybrid,6.5e-05,0.999935,6.5e-05,0.999935,REAL,True
DEF_REAL_025,DEF_REAL_025_b9655c7349d1.jpg,REAL,REAL,MS_COCO,None_Authentic_Photograph,V5-D Gated Residual,0.000116,0.999884,0.015932,0.984068,REAL,True
DEF_REAL_026,DEF_REAL_026_da9c4a62ecf9.jpg,REAL,REAL,MS_COCO,None_Authentic_Photograph,V5-A Spatial,0.089654,0.910346,0.089654,0.910346,REAL,True
DEF_REAL_026,DEF_REAL_026_da9c4a62ecf9.jpg,REAL,REAL,MS_COCO,None_Authentic_Photograph,V5-B Frequency,0.070194,0.929806,0.070194,0.929806,REAL,True
DEF_REAL_026,DEF_REAL_026_da9c4a62ecf9.jpg,REAL,REAL,MS_COCO,None_Authentic_Photograph,V5-C Hybrid,0.071819,0.928181,0.071819,0.928181,REAL,True
DEF_REAL_026,DEF_REAL_026_da9c4a62ecf9.jpg,REAL,REAL,MS_COCO,None_Authentic_Photograph,V5-D Gated Residual,0.000255,0.999745,0.022676,0.977324,REAL,True
DEF_REAL_027,DEF_REAL_027_c15ec1dc6931.jpg,REAL,REAL,MS_COCO,None_Authentic_Photograph,V5-A Spatial,9.6e-05,0.999904,9.6e-05,0.999904,REAL,True
DEF_REAL_027,DEF_REAL_027_c15ec1dc6931.jpg,REAL,REAL,MS_COCO,None_Authentic_Photograph,V5-B Frequency,0.057162,0.942838,0.057162,0.942838,REAL,True
DEF_REAL_027,DEF_REAL_027_c15ec1dc6931.jpg,REAL,REAL,MS_COCO,None_Authentic_Photograph,V5-C Hybrid,1e-06,0.999999,1e-06,0.999999,REAL,True
DEF_REAL_027,DEF_REAL_027_c15ec1dc6931.jpg,REAL,REAL,MS_COCO,None_Authentic_Photograph,V5-D Gated Residual,0.00016,0.99984,0.01841,0.98159,REAL,True
DEF_REAL_028,DEF_REAL_028_f5675d694987.jpg,REAL,REAL,MS_COCO,None_Authentic_Photograph,V5-A Spatial,0.820022,0.179978,0.820022,0.179978,AI,False
DEF_REAL_028,DEF_REAL_028_f5675d694987.jpg,REAL,REAL,MS_COCO,None_Authentic_Photograph,V5-B Frequency,1e-06,0.999999,1e-06,0.999999,REAL,True
DEF_REAL_028,DEF_REAL_028_f5675d694987.jpg,REAL,REAL,MS_COCO,None_Authentic_Photograph,V5-C Hybrid,9.5e-05,0.999905,9.5e-05,0.999905,REAL,True
DEF_REAL_028,DEF_REAL_028_f5675d694987.jpg,REAL,REAL,MS_COCO,None_Authentic_Photograph,V5-D Gated Residual,0.000158,0.999842,0.018323,0.981677,REAL,True
DEF_REAL_029,DEF_REAL_029_8d4fcfda8cb8.jpg,REAL,REAL,MS_COCO,None_Authentic_Photograph,V5-A Spatial,0.973844,0.026156,0.973844,0.026156,AI,False
DEF_REAL_029,DEF_REAL_029_8d4fcfda8cb8.jpg,REAL,REAL,MS_COCO,None_Authentic_Photograph,V5-B Frequency,0.004423,0.995577,0.004423,0.995577,REAL,True
DEF_REAL_029,DEF_REAL_029_8d4fcfda8cb8.jpg,REAL,REAL,MS_COCO,None_Authentic_Photograph,V5-C Hybrid,0.096162,0.903838,0.096162,0.903838,REAL,True
DEF_REAL_029,DEF_REAL_029_8d4fcfda8cb8.jpg,REAL,REAL,MS_COCO,None_Authentic_Photograph,V5-D Gated Residual,0.599539,0.400461,0.545762,0.454238,AI,False
DEF_REAL_030,DEF_REAL_030_61c556313f56.jpg,REAL,REAL,MS_COCO,None_Authentic_Photograph,V5-A Spatial,0.862388,0.137612,0.862388,0.137612,AI,False
DEF_REAL_030,DEF_REAL_030_61c556313f56.jpg,REAL,REAL,MS_COCO,None_Authentic_Photograph,V5-B Frequency,0.169822,0.830178,0.169822,0.830178,REAL,True
DEF_REAL_030,DEF_REAL_030_61c556313f56.jpg,REAL,REAL,MS_COCO,None_Authentic_Photograph,V5-C Hybrid,0.997507,0.002493,0.997507,0.002493,AI,False
DEF_REAL_030,DEF_REAL_030_61c556313f56.jpg,REAL,REAL,MS_COCO,None_Authentic_Photograph,V5-D Gated Residual,0.997369,0.002631,0.937088,0.062912,AI,False
DEF_REAL_031,DEF_REAL_031_ed0e2ba7e6c5.jpg,REAL,REAL,MS_COCO,None_Authentic_Photograph,V5-A Spatial,0.89332,0.10668,0.89332,0.10668,AI,False
DEF_REAL_031,DEF_REAL_031_ed0e2ba7e6c5.jpg,REAL,REAL,MS_COCO,None_Authentic_Photograph,V5-B Frequency,0.000286,0.999714,0.000286,0.999714,REAL,True
DEF_REAL_031,DEF_REAL_031_ed0e2ba7e6c5.jpg,REAL,REAL,MS_COCO,None_Authentic_Photograph,V5-C Hybrid,0.095764,0.904236,0.095764,0.904236,REAL,True
DEF_REAL_031,DEF_REAL_031_ed0e2ba7e6c5.jpg,REAL,REAL,MS_COCO,None_Authentic_Photograph,V5-D Gated Residual,0.002769,0.997231,0.064307,0.935693,REAL,True
DEF_REAL_032,DEF_REAL_032_ded1e9384790.jpg,REAL,REAL,MS_COCO,None_Authentic_Photograph,V5-A Spatial,0.00759,0.99241,0.00759,0.99241,REAL,True
DEF_REAL_032,DEF_REAL_032_ded1e9384790.jpg,REAL,REAL,MS_COCO,None_Authentic_Photograph,V5-B Frequency,0.039453,0.960547,0.039453,0.960547,REAL,True
DEF_REAL_032,DEF_REAL_032_ded1e9384790.jpg,REAL,REAL,MS_COCO,None_Authentic_Photograph,V5-C Hybrid,6e-06,0.999994,6e-06,0.999994,REAL,True
DEF_REAL_032,DEF_REAL_032_ded1e9384790.jpg,REAL,REAL,MS_COCO,None_Authentic_Photograph,V5-D Gated Residual,0.015773,0.984227,0.132357,0.867643,REAL,True
DEF_REAL_033,DEF_REAL_033_e2cd10e03a3a.jpg,REAL,REAL,MS_COCO,None_Authentic_Photograph,V5-A Spatial,0.998821,0.001179,0.998821,0.001179,AI,False
DEF_REAL_033,DEF_REAL_033_e2cd10e03a3a.jpg,REAL,REAL,MS_COCO,None_Authentic_Photograph,V5-B Frequency,0.000175,0.999825,0.000175,0.999825,REAL,True
DEF_REAL_033,DEF_REAL_033_e2cd10e03a3a.jpg,REAL,REAL,MS_COCO,None_Authentic_Photograph,V5-C Hybrid,0.00012,0.99988,0.00012,0.99988,REAL,True
DEF_REAL_033,DEF_REAL_033_e2cd10e03a3a.jpg,REAL,REAL,MS_COCO,None_Authentic_Photograph,V5-D Gated Residual,0.000286,0.999714,0.023871,0.976129,REAL,True
DEF_REAL_034,DEF_REAL_034_76c6e321a814.jpg,REAL,REAL,MS_COCO,None_Authentic_Photograph,V5-A Spatial,0.001744,0.998256,0.001744,0.998256,REAL,True
DEF_REAL_034,DEF_REAL_034_76c6e321a814.jpg,REAL,REAL,MS_COCO,None_Authentic_Photograph,V5-B Frequency,0.000176,0.999824,0.000176,0.999824,REAL,True
DEF_REAL_034,DEF_REAL_034_76c6e321a814.jpg,REAL,REAL,MS_COCO,None_Authentic_Photograph,V5-C Hybrid,0.0,1.0,0.0,1.0,REAL,True
DEF_REAL_034,DEF_REAL_034_76c6e321a814.jpg,REAL,REAL,MS_COCO,None_Authentic_Photograph,V5-D Gated Residual,0.00037,0.99963,0.026742,0.973258,REAL,True
DEF_REAL_035,DEF_REAL_035_a2108644cb66.jpg,REAL,REAL,MS_COCO,None_Authentic_Photograph,V5-A Spatial,1.3e-05,0.999987,1.3e-05,0.999987,REAL,True
DEF_REAL_035,DEF_REAL_035_a2108644cb66.jpg,REAL,REAL,MS_COCO,None_Authentic_Photograph,V5-B Frequency,0.008595,0.991405,0.008595,0.991405,REAL,True
DEF_REAL_035,DEF_REAL_035_a2108644cb66.jpg,REAL,REAL,MS_COCO,None_Authentic_Photograph,V5-C Hybrid,0.001883,0.998117,0.001883,0.998117,REAL,True
DEF_REAL_035,DEF_REAL_035_a2108644cb66.jpg,REAL,REAL,MS_COCO,None_Authentic_Photograph,V5-D Gated Residual,3.1e-05,0.999969,0.008868,0.991132,REAL,True
DEF_REAL_036,DEF_REAL_036_9576edba4031.jpg,REAL,REAL,MS_COCO,None_Authentic_Photograph,V5-A Spatial,0.263156,0.736844,0.263156,0.736844,REAL,True
DEF_REAL_036,DEF_REAL_036_9576edba4031.jpg,REAL,REAL,MS_COCO,None_Authentic_Photograph,V5-B Frequency,0.001079,0.998921,0.001079,0.998921,REAL,True
DEF_REAL_036,DEF_REAL_036_9576edba4031.jpg,REAL,REAL,MS_COCO,None_Authentic_Photograph,V5-C Hybrid,0.035076,0.964924,0.035076,0.964924,REAL,True
DEF_REAL_036,DEF_REAL_036_9576edba4031.jpg,REAL,REAL,MS_COCO,None_Authentic_Photograph,V5-D Gated Residual,0.00824,0.99176,0.101646,0.898354,REAL,True
DEF_REAL_037,DEF_REAL_037_ccaeab71a3ca.jpg,REAL,REAL,MS_COCO,None_Authentic_Photograph,V5-A Spatial,0.225248,0.774752,0.225248,0.774752,REAL,True
DEF_REAL_037,DEF_REAL_037_ccaeab71a3ca.jpg,REAL,REAL,MS_COCO,None_Authentic_Photograph,V5-B Frequency,0.000103,0.999897,0.000103,0.999897,REAL,True
DEF_REAL_037,DEF_REAL_037_ccaeab71a3ca.jpg,REAL,REAL,MS_COCO,None_Authentic_Photograph,V5-C Hybrid,0.03864,0.96136,0.03864,0.96136,REAL,True
DEF_REAL_037,DEF_REAL_037_ccaeab71a3ca.jpg,REAL,REAL,MS_COCO,None_Authentic_Photograph,V5-D Gated Residual,0.026517,0.973483,0.162605,0.837395,REAL,True
DEF_REAL_038,DEF_REAL_038_28b9e6887373.jpg,REAL,REAL,MS_COCO,None_Authentic_Photograph,V5-A Spatial,3.4e-05,0.999966,3.4e-05,0.999966,REAL,True
DEF_REAL_038,DEF_REAL_038_28b9e6887373.jpg,REAL,REAL,MS_COCO,None_Authentic_Photograph,V5-B Frequency,0.039566,0.960434,0.039566,0.960434,REAL,True
DEF_REAL_038,DEF_REAL_038_28b9e6887373.jpg,REAL,REAL,MS_COCO,None_Authentic_Photograph,V5-C Hybrid,0.0,1.0,0.0,1.0,REAL,True
DEF_REAL_038,DEF_REAL_038_28b9e6887373.jpg,REAL,REAL,MS_COCO,None_Authentic_Photograph,V5-D Gated Residual,6e-06,0.999994,0.004293,0.995707,REAL,True
DEF_REAL_039,DEF_REAL_039_6af97b1cb3a3.jpg,REAL,REAL,MS_COCO,None_Authentic_Photograph,V5-A Spatial,0.996235,0.003765,0.996235,0.003765,AI,False
DEF_REAL_039,DEF_REAL_039_6af97b1cb3a3.jpg,REAL,REAL,MS_COCO,None_Authentic_Photograph,V5-B Frequency,0.001963,0.998037,0.001963,0.998037,REAL,True
DEF_REAL_039,DEF_REAL_039_6af97b1cb3a3.jpg,REAL,REAL,MS_COCO,None_Authentic_Photograph,V5-C Hybrid,0.002384,0.997616,0.002384,0.997616,REAL,True
DEF_REAL_039,DEF_REAL_039_6af97b1cb3a3.jpg,REAL,REAL,MS_COCO,None_Authentic_Photograph,V5-D Gated Residual,0.014606,0.985394,0.128333,0.871667,REAL,True
DEF_REAL_040,DEF_REAL_040_3220dfdcabc6.jpg,REAL,REAL,MS_COCO,None_Authentic_Photograph,V5-A Spatial,3.4e-05,0.999966,3.4e-05,0.999966,REAL,True
DEF_REAL_040,DEF_REAL_040_3220dfdcabc6.jpg,REAL,REAL,MS_COCO,None_Authentic_Photograph,V5-B Frequency,0.003081,0.996919,0.003081,0.996919,REAL,True
DEF_REAL_040,DEF_REAL_040_3220dfdcabc6.jpg,REAL,REAL,MS_COCO,None_Authentic_Photograph,V5-C Hybrid,6e-06,0.999994,6e-06,0.999994,REAL,True
DEF_REAL_040,DEF_REAL_040_3220dfdcabc6.jpg,REAL,REAL,MS_COCO,None_Authentic_Photograph,V5-D Gated Residual,0.000329,0.999671,0.025402,0.974598,REAL,True
DEF_REAL_041,DEF_REAL_041_627eaf3d0ce6.jpg,REAL,REAL,MS_COCO,None_Authentic_Photograph,V5-A Spatial,0.616959,0.383041,0.616959,0.383041,AI,False
DEF_REAL_041,DEF_REAL_041_627eaf3d0ce6.jpg,REAL,REAL,MS_COCO,None_Authentic_Photograph,V5-B Frequency,0.001332,0.998668,0.001332,0.998668,REAL,True
DEF_REAL_041,DEF_REAL_041_627eaf3d0ce6.jpg,REAL,REAL,MS_COCO,None_Authentic_Photograph,V5-C Hybrid,0.001404,0.998596,0.001404,0.998596,REAL,True
DEF_REAL_041,DEF_REAL_041_627eaf3d0ce6.jpg,REAL,REAL,MS_COCO,None_Authentic_Photograph,V5-D Gated Residual,7.9e-05,0.99992,0.013467,0.986533,REAL,True
DEF_REAL_042,DEF_REAL_042_de650b48fc9e.jpg,REAL,REAL,MS_COCO,None_Authentic_Photograph,V5-A Spatial,0.610044,0.389956,0.610044,0.389956,AI,False
DEF_REAL_042,DEF_REAL_042_de650b48fc9e.jpg,REAL,REAL,MS_COCO,None_Authentic_Photograph,V5-B Frequency,0.001554,0.998446,0.001554,0.998446,REAL,True
DEF_REAL_042,DEF_REAL_042_de650b48fc9e.jpg,REAL,REAL,MS_COCO,None_Authentic_Photograph,V5-C Hybrid,0.000176,0.999824,0.000176,0.999824,REAL,True
DEF_REAL_042,DEF_REAL_042_de650b48fc9e.jpg,REAL,REAL,MS_COCO,None_Authentic_Photograph,V5-D Gated Residual,0.000812,0.999188,0.037821,0.962179,REAL,True
DEF_REAL_043,DEF_REAL_043_207fec91631c.jpg,REAL,REAL,MS_COCO,None_Authentic_Photograph,V5-A Spatial,0.999998,2e-06,0.999998,2e-06,AI,False
DEF_REAL_043,DEF_REAL_043_207fec91631c.jpg,REAL,REAL,MS_COCO,None_Authentic_Photograph,V5-B Frequency,0.06979,0.93021,0.06979,0.93021,REAL,True
DEF_REAL_043,DEF_REAL_043_207fec91631c.jpg,REAL,REAL,MS_COCO,None_Authentic_Photograph,V5-C Hybrid,0.286152,0.713848,0.286152,0.713848,REAL,True
DEF_REAL_043,DEF_REAL_043_207fec91631c.jpg,REAL,REAL,MS_COCO,None_Authentic_Photograph,V5-D Gated Residual,0.994233,0.005767,0.912341,0.087659,AI,False
DEF_REAL_044,DEF_REAL_044_42990a1d2497.jpg,REAL,REAL,MS_COCO,None_Authentic_Photograph,V5-A Spatial,0.005312,0.994688,0.005312,0.994688,REAL,True
DEF_REAL_044,DEF_REAL_044_42990a1d2497.jpg,REAL,REAL,MS_COCO,None_Authentic_Photograph,V5-B Frequency,0.004981,0.995019,0.004981,0.995019,REAL,True
DEF_REAL_044,DEF_REAL_044_42990a1d2497.jpg,REAL,REAL,MS_COCO,None_Authentic_Photograph,V5-C Hybrid,0.094871,0.905129,0.094871,0.905129,REAL,True
DEF_REAL_044,DEF_REAL_044_42990a1d2497.jpg,REAL,REAL,MS_COCO,None_Authentic_Photograph,V5-D Gated Residual,0.10978,0.89022,0.278471,0.721529,REAL,True
DEF_REAL_045,DEF_REAL_045_6729327eb83f.jpg,REAL,REAL,MS_COCO,None_Authentic_Photograph,V5-A Spatial,0.760737,0.239264,0.760737,0.239264,AI,False
DEF_REAL_045,DEF_REAL_045_6729327eb83f.jpg,REAL,REAL,MS_COCO,None_Authentic_Photograph,V5-B Frequency,0.069051,0.930949,0.069051,0.930949,REAL,True
DEF_REAL_045,DEF_REAL_045_6729327eb83f.jpg,REAL,REAL,MS_COCO,None_Authentic_Photograph,V5-C Hybrid,0.059284,0.940716,0.059284,0.940716,REAL,True
DEF_REAL_045,DEF_REAL_045_6729327eb83f.jpg,REAL,REAL,MS_COCO,None_Authentic_Photograph,V5-D Gated Residual,0.002893,0.997107,0.065514,0.934486,REAL,True
DEF_REAL_046,DEF_REAL_046_494ef08ceb3c.jpg,REAL,REAL,MS_COCO,None_Authentic_Photograph,V5-A Spatial,0.011447,0.988553,0.011447,0.988553,REAL,True
DEF_REAL_046,DEF_REAL_046_494ef08ceb3c.jpg,REAL,REAL,MS_COCO,None_Authentic_Photograph,V5-B Frequency,1.3e-05,0.999987,1.3e-05,0.999987,REAL,True
DEF_REAL_046,DEF_REAL_046_494ef08ceb3c.jpg,REAL,REAL,MS_COCO,None_Authentic_Photograph,V5-C Hybrid,8.4e-05,0.999916,8.4e-05,0.999916,REAL,True
DEF_REAL_046,DEF_REAL_046_494ef08ceb3c.jpg,REAL,REAL,MS_COCO,None_Authentic_Photograph,V5-D Gated Residual,6e-06,0.999994,0.004314,0.995686,REAL,True
DEF_REAL_047,DEF_REAL_047_475b6334b6bb.jpg,REAL,REAL,MS_COCO,None_Authentic_Photograph,V5-A Spatial,1.0,1e-06,1.0,1e-06,AI,False
DEF_REAL_047,DEF_REAL_047_475b6334b6bb.jpg,REAL,REAL,MS_COCO,None_Authentic_Photograph,V5-B Frequency,0.47114,0.52886,0.47114,0.52886,REAL,True
DEF_REAL_047,DEF_REAL_047_475b6334b6bb.jpg,REAL,REAL,MS_COCO,None_Authentic_Photograph,V5-C Hybrid,0.970058,0.029942,0.970058,0.029942,AI,False
DEF_REAL_047,DEF_REAL_047_475b6334b6bb.jpg,REAL,REAL,MS_COCO,None_Authentic_Photograph,V5-D Gated Residual,0.984174,0.015826,0.867463,0.132537,AI,False
DEF_REAL_048,DEF_REAL_048_ffd29de24df0.jpg,REAL,REAL,MS_COCO,None_Authentic_Photograph,V5-A Spatial,2.7e-05,0.999973,2.7e-05,0.999973,REAL,True
DEF_REAL_048,DEF_REAL_048_ffd29de24df0.jpg,REAL,REAL,MS_COCO,None_Authentic_Photograph,V5-B Frequency,0.010571,0.989429,0.010571,0.989429,REAL,True
DEF_REAL_048,DEF_REAL_048_ffd29de24df0.jpg,REAL,REAL,MS_COCO,None_Authentic_Photograph,V5-C Hybrid,0.001719,0.998281,0.001719,0.998281,REAL,True
DEF_REAL_048,DEF_REAL_048_ffd29de24df0.jpg,REAL,REAL,MS_COCO,None_Authentic_Photograph,V5-D Gated Residual,9e-06,0.999991,0.004929,0.995071,REAL,True
DEF_REAL_049,DEF_REAL_049_1e1f1c4c2115.jpg,REAL,REAL,MS_COCO,None_Authentic_Photograph,V5-A Spatial,0.999989,1.1e-05,0.999989,1.1e-05,AI,False
DEF_REAL_049,DEF_REAL_049_1e1f1c4c2115.jpg,REAL,REAL,MS_COCO,None_Authentic_Photograph,V5-B Frequency,0.000537,0.999463,0.000537,0.999463,REAL,True
DEF_REAL_049,DEF_REAL_049_1e1f1c4c2115.jpg,REAL,REAL,MS_COCO,None_Authentic_Photograph,V5-C Hybrid,0.99874,0.00126,0.99874,0.00126,AI,False
DEF_REAL_049,DEF_REAL_049_1e1f1c4c2115.jpg,REAL,REAL,MS_COCO,None_Authentic_Photograph,V5-D Gated Residual,0.998853,0.001147,0.956023,0.043977,AI,False
DEF_REAL_050,DEF_REAL_050_e92cc9d7db22.jpg,REAL,REAL,MS_COCO,None_Authentic_Photograph,V5-A Spatial,0.005531,0.994469,0.005531,0.994469,REAL,True
DEF_REAL_050,DEF_REAL_050_e92cc9d7db22.jpg,REAL,REAL,MS_COCO,None_Authentic_Photograph,V5-B Frequency,0.000457,0.999543,0.000457,0.999543,REAL,True
DEF_REAL_050,DEF_REAL_050_e92cc9d7db22.jpg,REAL,REAL,MS_COCO,None_Authentic_Photograph,V5-C Hybrid,0.0,1.0,0.0,1.0,REAL,True
DEF_REAL_050,DEF_REAL_050_e92cc9d7db22.jpg,REAL,REAL,MS_COCO,None_Authentic_Photograph,V5-D Gated Residual,0.002875,0.997125,0.065345,0.934655,REAL,True
DEF_REAL_051,DEF_REAL_051_2baa62352078.jpg,REAL,REAL,MS_COCO,None_Authentic_Photograph,V5-A Spatial,0.909424,0.090576,0.909424,0.090576,AI,False
DEF_REAL_051,DEF_REAL_051_2baa62352078.jpg,REAL,REAL,MS_COCO,None_Authentic_Photograph,V5-B Frequency,0.059351,0.940649,0.059351,0.940649,REAL,True
DEF_REAL_051,DEF_REAL_051_2baa62352078.jpg,REAL,REAL,MS_COCO,None_Authentic_Photograph,V5-C Hybrid,0.977448,0.022552,0.977448,0.022552,AI,False
DEF_REAL_051,DEF_REAL_051_2baa62352078.jpg,REAL,REAL,MS_COCO,None_Authentic_Photograph,V5-D Gated Residual,0.298836,0.701164,0.404213,0.595787,REAL,True
DEF_REAL_052,DEF_REAL_052_e6ca844147cd.jpg,REAL,REAL,MS_COCO,None_Authentic_Photograph,V5-A Spatial,0.349931,0.650069,0.349931,0.650069,REAL,True
DEF_REAL_052,DEF_REAL_052_e6ca844147cd.jpg,REAL,REAL,MS_COCO,None_Authentic_Photograph,V5-B Frequency,0.901813,0.098187,0.901813,0.098187,AI,False
DEF_REAL_052,DEF_REAL_052_e6ca844147cd.jpg,REAL,REAL,MS_COCO,None_Authentic_Photograph,V5-C Hybrid,0.626769,0.373231,0.626769,0.373231,AI,False
DEF_REAL_052,DEF_REAL_052_e6ca844147cd.jpg,REAL,REAL,MS_COCO,None_Authentic_Photograph,V5-D Gated Residual,0.072474,0.927526,0.238737,0.761263,REAL,True
DEF_REAL_053,DEF_REAL_053_e50624598f38.jpg,REAL,REAL,MS_COCO,None_Authentic_Photograph,V5-A Spatial,0.004548,0.995452,0.004548,0.995452,REAL,True
DEF_REAL_053,DEF_REAL_053_e50624598f38.jpg,REAL,REAL,MS_COCO,None_Authentic_Photograph,V5-B Frequency,1.1e-05,0.999989,1.1e-05,0.999989,REAL,True
DEF_REAL_053,DEF_REAL_053_e50624598f38.jpg,REAL,REAL,MS_COCO,None_Authentic_Photograph,V5-C Hybrid,0.006898,0.993102,0.006898,0.993102,REAL,True
DEF_REAL_053,DEF_REAL_053_e50624598f38.jpg,REAL,REAL,MS_COCO,None_Authentic_Photograph,V5-D Gated Residual,0.000488,0.999512,0.030221,0.969779,REAL,True
DEF_REAL_054,DEF_REAL_054_8dd2bae4c328.jpg,REAL,REAL,MS_COCO,None_Authentic_Photograph,V5-A Spatial,0.329548,0.670452,0.329548,0.670452,REAL,True
DEF_REAL_054,DEF_REAL_054_8dd2bae4c328.jpg,REAL,REAL,MS_COCO,None_Authentic_Photograph,V5-B Frequency,0.000439,0.999561,0.000439,0.999561,REAL,True
DEF_REAL_054,DEF_REAL_054_8dd2bae4c328.jpg,REAL,REAL,MS_COCO,None_Authentic_Photograph,V5-C Hybrid,0.029957,0.970043,0.029957,0.970043,REAL,True
DEF_REAL_054,DEF_REAL_054_8dd2bae4c328.jpg,REAL,REAL,MS_COCO,None_Authentic_Photograph,V5-D Gated Residual,0.000827,0.999173,0.038115,0.961885,REAL,True
DEF_REAL_055,DEF_REAL_055_ea0aec516885.jpg,REAL,REAL,MS_COCO,None_Authentic_Photograph,V5-A Spatial,0.239226,0.760773,0.239226,0.760773,REAL,True
DEF_REAL_055,DEF_REAL_055_ea0aec516885.jpg,REAL,REAL,MS_COCO,None_Authentic_Photograph,V5-B Frequency,0.0,1.0,0.0,1.0,REAL,True
DEF_REAL_055,DEF_REAL_055_ea0aec516885.jpg,REAL,REAL,MS_COCO,None_Authentic_Photograph,V5-C Hybrid,0.003918,0.996082,0.003918,0.996082,REAL,True
DEF_REAL_055,DEF_REAL_055_ea0aec516885.jpg,REAL,REAL,MS_COCO,None_Authentic_Photograph,V5-D Gated Residual,0.001589,0.998411,0.050644,0.949356,REAL,True
DEF_REAL_056,DEF_REAL_056_b9c4fb2485a6.jpg,REAL,REAL,MS_COCO,None_Authentic_Photograph,V5-A Spatial,0.050598,0.949402,0.050598,0.949402,REAL,True
DEF_REAL_056,DEF_REAL_056_b9c4fb2485a6.jpg,REAL,REAL,MS_COCO,None_Authentic_Photograph,V5-B Frequency,6e-05,0.99994,6e-05,0.99994,REAL,True
DEF_REAL_056,DEF_REAL_056_b9c4fb2485a6.jpg,REAL,REAL,MS_COCO,None_Authentic_Photograph,V5-C Hybrid,2.1e-05,0.999979,2.1e-05,0.999979,REAL,True
DEF_REAL_056,DEF_REAL_056_b9c4fb2485a6.jpg,REAL,REAL,MS_COCO,None_Authentic_Photograph,V5-D Gated Residual,0.000136,0.999864,0.017103,0.982897,REAL,True
DEF_REAL_057,DEF_REAL_057_d0b802b3d118.jpg,REAL,REAL,MS_COCO,None_Authentic_Photograph,V5-A Spatial,3e-06,0.999997,3e-06,0.999997,REAL,True
DEF_REAL_057,DEF_REAL_057_d0b802b3d118.jpg,REAL,REAL,MS_COCO,None_Authentic_Photograph,V5-B Frequency,0.006882,0.993118,0.006882,0.993118,REAL,True
DEF_REAL_057,DEF_REAL_057_d0b802b3d118.jpg,REAL,REAL,MS_COCO,None_Authentic_Photograph,V5-C Hybrid,0.000211,0.999789,0.000211,0.999789,REAL,True
DEF_REAL_057,DEF_REAL_057_d0b802b3d118.jpg,REAL,REAL,MS_COCO,None_Authentic_Photograph,V5-D Gated Residual,9e-05,0.99991,0.014208,0.985792,REAL,True
DEF_REAL_058,DEF_REAL_058_db9c7c91e3b7.jpg,REAL,REAL,MS_COCO,None_Authentic_Photograph,V5-A Spatial,0.022125,0.977875,0.022125,0.977875,REAL,True
DEF_REAL_058,DEF_REAL_058_db9c7c91e3b7.jpg,REAL,REAL,MS_COCO,None_Authentic_Photograph,V5-B Frequency,0.979293,0.020707,0.979293,0.020707,AI,False
DEF_REAL_058,DEF_REAL_058_db9c7c91e3b7.jpg,REAL,REAL,MS_COCO,None_Authentic_Photograph,V5-C Hybrid,0.220958,0.779042,0.220958,0.779042,REAL,True
DEF_REAL_058,DEF_REAL_058_db9c7c91e3b7.jpg,REAL,REAL,MS_COCO,None_Authentic_Photograph,V5-D Gated Residual,0.945634,0.054366,0.785698,0.214302,AI,False
DEF_REAL_059,DEF_REAL_059_23edb1f327c8.jpg,REAL,REAL,MS_COCO,None_Authentic_Photograph,V5-A Spatial,0.946173,0.053827,0.946173,0.053827,AI,False
DEF_REAL_059,DEF_REAL_059_23edb1f327c8.jpg,REAL,REAL,MS_COCO,None_Authentic_Photograph,V5-B Frequency,0.119746,0.880254,0.119746,0.880254,REAL,True
DEF_REAL_059,DEF_REAL_059_23edb1f327c8.jpg,REAL,REAL,MS_COCO,None_Authentic_Photograph,V5-C Hybrid,0.343971,0.656029,0.343971,0.656029,REAL,True
DEF_REAL_059,DEF_REAL_059_23edb1f327c8.jpg,REAL,REAL,MS_COCO,None_Authentic_Photograph,V5-D Gated Residual,0.048108,0.951892,0.204595,0.795405,REAL,True
DEF_REAL_060,DEF_REAL_060_9ca0fba2029c.jpg,REAL,REAL,MS_COCO,None_Authentic_Photograph,V5-A Spatial,0.400626,0.599374,0.400626,0.599374,REAL,True
DEF_REAL_060,DEF_REAL_060_9ca0fba2029c.jpg,REAL,REAL,MS_COCO,None_Authentic_Photograph,V5-B Frequency,0.000311,0.999689,0.000311,0.999689,REAL,True
DEF_REAL_060,DEF_REAL_060_9ca0fba2029c.jpg,REAL,REAL,MS_COCO,None_Authentic_Photograph,V5-C Hybrid,7.1e-05,0.999929,7.1e-05,0.999929,REAL,True
DEF_REAL_060,DEF_REAL_060_9ca0fba2029c.jpg,REAL,REAL,MS_COCO,None_Authentic_Photograph,V5-D Gated Residual,6.6e-05,0.999934,0.012382,0.987618,REAL,True
DEF_REAL_061,DEF_REAL_061_d45f0e4c9fc7.jpg,REAL,REAL,MS_COCO,None_Authentic_Photograph,V5-A Spatial,0.071012,0.928988,0.071012,0.928988,REAL,True
DEF_REAL_061,DEF_REAL_061_d45f0e4c9fc7.jpg,REAL,REAL,MS_COCO,None_Authentic_Photograph,V5-B Frequency,0.017515,0.982485,0.017515,0.982485,REAL,True
DEF_REAL_061,DEF_REAL_061_d45f0e4c9fc7.jpg,REAL,REAL,MS_COCO,None_Authentic_Photograph,V5-C Hybrid,0.004718,0.995282,0.004718,0.995282,REAL,True
DEF_REAL_061,DEF_REAL_061_d45f0e4c9fc7.jpg,REAL,REAL,MS_COCO,None_Authentic_Photograph,V5-D Gated Residual,0.000645,0.999355,0.034187,0.965813,REAL,True
DEF_REAL_062,DEF_REAL_062_3a4ecc5d0354.jpg,REAL,REAL,MS_COCO,None_Authentic_Photograph,V5-A Spatial,0.960751,0.039249,0.960751,0.039249,AI,False
DEF_REAL_062,DEF_REAL_062_3a4ecc5d0354.jpg,REAL,REAL,MS_COCO,None_Authentic_Photograph,V5-B Frequency,0.009173,0.990827,0.009173,0.990827,REAL,True
DEF_REAL_062,DEF_REAL_062_3a4ecc5d0354.jpg,REAL,REAL,MS_COCO,None_Authentic_Photograph,V5-C Hybrid,0.994952,0.005048,0.994952,0.005048,AI,False
DEF_REAL_062,DEF_REAL_062_3a4ecc5d0354.jpg,REAL,REAL,MS_COCO,None_Authentic_Photograph,V5-D Gated Residual,0.96813,0.03187,0.825321,0.174679,AI,False
DEF_REAL_063,DEF_REAL_063_79002443a40a.jpg,REAL,REAL,MS_COCO,None_Authentic_Photograph,V5-A Spatial,0.0,1.0,0.0,1.0,REAL,True
DEF_REAL_063,DEF_REAL_063_79002443a40a.jpg,REAL,REAL,MS_COCO,None_Authentic_Photograph,V5-B Frequency,0.010789,0.989211,0.010789,0.989211,REAL,True
DEF_REAL_063,DEF_REAL_063_79002443a40a.jpg,REAL,REAL,MS_COCO,None_Authentic_Photograph,V5-C Hybrid,0.0,1.0,0.0,1.0,REAL,True
DEF_REAL_063,DEF_REAL_063_79002443a40a.jpg,REAL,REAL,MS_COCO,None_Authentic_Photograph,V5-D Gated Residual,0.000128,0.999872,0.016682,0.983318,REAL,True
DEF_REAL_064,DEF_REAL_064_f874b52f1659.jpg,REAL,REAL,MS_COCO,None_Authentic_Photograph,V5-A Spatial,0.050257,0.949743,0.050257,0.949743,REAL,True
DEF_REAL_064,DEF_REAL_064_f874b52f1659.jpg,REAL,REAL,MS_COCO,None_Authentic_Photograph,V5-B Frequency,0.000703,0.999297,0.000703,0.999297,REAL,True
DEF_REAL_064,DEF_REAL_064_f874b52f1659.jpg,REAL,REAL,MS_COCO,None_Authentic_Photograph,V5-C Hybrid,3.9e-05,0.999961,3.9e-05,0.999961,REAL,True
DEF_REAL_064,DEF_REAL_064_f874b52f1659.jpg,REAL,REAL,MS_COCO,None_Authentic_Photograph,V5-D Gated Residual,0.001396,0.998604,0.047893,0.952107,REAL,True
DEF_REAL_065,DEF_REAL_065_057112f2d6ff.jpg,REAL,REAL,MS_COCO,None_Authentic_Photograph,V5-A Spatial,0.000585,0.999415,0.000585,0.999415,REAL,True
DEF_REAL_065,DEF_REAL_065_057112f2d6ff.jpg,REAL,REAL,MS_COCO,None_Authentic_Photograph,V5-B Frequency,0.001294,0.998706,0.001294,0.998706,REAL,True
DEF_REAL_065,DEF_REAL_065_057112f2d6ff.jpg,REAL,REAL,MS_COCO,None_Authentic_Photograph,V5-C Hybrid,0.0,1.0,0.0,1.0,REAL,True
DEF_REAL_065,DEF_REAL_065_057112f2d6ff.jpg,REAL,REAL,MS_COCO,None_Authentic_Photograph,V5-D Gated Residual,7.1e-05,0.999929,0.012827,0.987173,REAL,True
DEF_REAL_066,DEF_REAL_066_cc411db3c9f6.jpg,REAL,REAL,MS_COCO,None_Authentic_Photograph,V5-A Spatial,0.004765,0.995235,0.004765,0.995235,REAL,True
DEF_REAL_066,DEF_REAL_066_cc411db3c9f6.jpg,REAL,REAL,MS_COCO,None_Authentic_Photograph,V5-B Frequency,0.054433,0.945567,0.054433,0.945567,REAL,True
DEF_REAL_066,DEF_REAL_066_cc411db3c9f6.jpg,REAL,REAL,MS_COCO,None_Authentic_Photograph,V5-C Hybrid,4.4e-05,0.999956,4.4e-05,0.999956,REAL,True
DEF_REAL_066,DEF_REAL_066_cc411db3c9f6.jpg,REAL,REAL,MS_COCO,None_Authentic_Photograph,V5-D Gated Residual,4.6e-05,0.999954,0.010491,0.989509,REAL,True
DEF_REAL_067,DEF_REAL_067_192a4fafbc1b.jpg,REAL,REAL,MS_COCO,None_Authentic_Photograph,V5-A Spatial,0.003083,0.996917,0.003083,0.996917,REAL,True
DEF_REAL_067,DEF_REAL_067_192a4fafbc1b.jpg,REAL,REAL,MS_COCO,None_Authentic_Photograph,V5-B Frequency,0.00092,0.99908,0.00092,0.99908,REAL,True
DEF_REAL_067,DEF_REAL_067_192a4fafbc1b.jpg,REAL,REAL,MS_COCO,None_Authentic_Photograph,V5-C Hybrid,1e-06,0.999999,1e-06,0.999999,REAL,True
DEF_REAL_067,DEF_REAL_067_192a4fafbc1b.jpg,REAL,REAL,MS_COCO,None_Authentic_Photograph,V5-D Gated Residual,0.000372,0.999628,0.026811,0.973189,REAL,True
DEF_REAL_068,DEF_REAL_068_f539196c6b6f.jpg,REAL,REAL,MS_COCO,None_Authentic_Photograph,V5-A Spatial,4.5e-05,0.999955,4.5e-05,0.999955,REAL,True
DEF_REAL_068,DEF_REAL_068_f539196c6b6f.jpg,REAL,REAL,MS_COCO,None_Authentic_Photograph,V5-B Frequency,0.000108,0.999892,0.000108,0.999892,REAL,True
DEF_REAL_068,DEF_REAL_068_f539196c6b6f.jpg,REAL,REAL,MS_COCO,None_Authentic_Photograph,V5-C Hybrid,0.0,1.0,0.0,1.0,REAL,True
DEF_REAL_068,DEF_REAL_068_f539196c6b6f.jpg,REAL,REAL,MS_COCO,None_Authentic_Photograph,V5-D Gated Residual,5.8e-05,0.999942,0.011721,0.988279,REAL,True
DEF_REAL_069,DEF_REAL_069_473ee35beb43.jpg,REAL,REAL,MS_COCO,None_Authentic_Photograph,V5-A Spatial,0.931008,0.068992,0.931008,0.068992,AI,False
DEF_REAL_069,DEF_REAL_069_473ee35beb43.jpg,REAL,REAL,MS_COCO,None_Authentic_Photograph,V5-B Frequency,0.999915,8.5e-05,0.999915,8.5e-05,AI,False
DEF_REAL_069,DEF_REAL_069_473ee35beb43.jpg,REAL,REAL,MS_COCO,None_Authentic_Photograph,V5-C Hybrid,0.999957,4.3e-05,0.999957,4.3e-05,AI,False
DEF_REAL_069,DEF_REAL_069_473ee35beb43.jpg,REAL,REAL,MS_COCO,None_Authentic_Photograph,V5-D Gated Residual,0.889829,0.110171,0.721164,0.278836,AI,False
DEF_REAL_070,DEF_REAL_070_77ef5495aa11.jpg,REAL,REAL,MS_COCO,None_Authentic_Photograph,V5-A Spatial,0.547203,0.452797,0.547203,0.452797,AI,False
DEF_REAL_070,DEF_REAL_070_77ef5495aa11.jpg,REAL,REAL,MS_COCO,None_Authentic_Photograph,V5-B Frequency,0.000343,0.999657,0.000343,0.999657,REAL,True
DEF_REAL_070,DEF_REAL_070_77ef5495aa11.jpg,REAL,REAL,MS_COCO,None_Authentic_Photograph,V5-C Hybrid,0.830713,0.169287,0.830713,0.169287,AI,False
DEF_REAL_070,DEF_REAL_070_77ef5495aa11.jpg,REAL,REAL,MS_COCO,None_Authentic_Photograph,V5-D Gated Residual,0.080393,0.919607,0.248142,0.751858,REAL,True
DEF_REAL_071,DEF_REAL_071_d521e3737f98.jpg,REAL,REAL,MS_COCO,None_Authentic_Photograph,V5-A Spatial,0.001148,0.998852,0.001148,0.998852,REAL,True
DEF_REAL_071,DEF_REAL_071_d521e3737f98.jpg,REAL,REAL,MS_COCO,None_Authentic_Photograph,V5-B Frequency,0.017748,0.982252,0.017748,0.982252,REAL,True
DEF_REAL_071,DEF_REAL_071_d521e3737f98.jpg,REAL,REAL,MS_COCO,None_Authentic_Photograph,V5-C Hybrid,0.002306,0.997694,0.002306,0.997694,REAL,True
DEF_REAL_071,DEF_REAL_071_d521e3737f98.jpg,REAL,REAL,MS_COCO,None_Authentic_Photograph,V5-D Gated Residual,0.000574,0.999426,0.032457,0.967543,REAL,True
DEF_REAL_072,DEF_REAL_072_80976e070118.jpg,REAL,REAL,MS_COCO,None_Authentic_Photograph,V5-A Spatial,1.0,0.0,1.0,0.0,AI,False
DEF_REAL_072,DEF_REAL_072_80976e070118.jpg,REAL,REAL,MS_COCO,None_Authentic_Photograph,V5-B Frequency,0.890535,0.109465,0.890535,0.109465,AI,False
DEF_REAL_072,DEF_REAL_072_80976e070118.jpg,REAL,REAL,MS_COCO,None_Authentic_Photograph,V5-C Hybrid,0.999994,6e-06,0.999994,6e-06,AI,False
DEF_REAL_072,DEF_REAL_072_80976e070118.jpg,REAL,REAL,MS_COCO,None_Authentic_Photograph,V5-D Gated Residual,0.999402,0.000598,0.96694,0.03306,AI,False
DEF_REAL_073,DEF_REAL_073_e0b81b7e7656.jpg,REAL,REAL,MS_COCO,None_Authentic_Photograph,V5-A Spatial,0.000209,0.999791,0.000209,0.999791,REAL,True
DEF_REAL_073,DEF_REAL_073_e0b81b7e7656.jpg,REAL,REAL,MS_COCO,None_Authentic_Photograph,V5-B Frequency,0.000526,0.999474,0.000526,0.999474,REAL,True
DEF_REAL_073,DEF_REAL_073_e0b81b7e7656.jpg,REAL,REAL,MS_COCO,None_Authentic_Photograph,V5-C Hybrid,7e-05,0.99993,7e-05,0.99993,REAL,True
DEF_REAL_073,DEF_REAL_073_e0b81b7e7656.jpg,REAL,REAL,MS_COCO,None_Authentic_Photograph,V5-D Gated Residual,4.5e-05,0.999955,0.010385,0.989615,REAL,True
DEF_REAL_074,DEF_REAL_074_408a063b9f9a.jpg,REAL,REAL,MS_COCO,None_Authentic_Photograph,V5-A Spatial,0.023382,0.976618,0.023382,0.976618,REAL,True
DEF_REAL_074,DEF_REAL_074_408a063b9f9a.jpg,REAL,REAL,MS_COCO,None_Authentic_Photograph,V5-B Frequency,0.008101,0.991899,0.008101,0.991899,REAL,True
DEF_REAL_074,DEF_REAL_074_408a063b9f9a.jpg,REAL,REAL,MS_COCO,None_Authentic_Photograph,V5-C Hybrid,0.000115,0.999885,0.000115,0.999885,REAL,True
DEF_REAL_074,DEF_REAL_074_408a063b9f9a.jpg,REAL,REAL,MS_COCO,None_Authentic_Photograph,V5-D Gated Residual,2.5e-05,0.999975,0.008028,0.991972,REAL,True
DEF_REAL_075,DEF_REAL_075_7c95a41f0840.jpg,REAL,REAL,MS_COCO,None_Authentic_Photograph,V5-A Spatial,0.996661,0.003339,0.996661,0.003339,AI,False
DEF_REAL_075,DEF_REAL_075_7c95a41f0840.jpg,REAL,REAL,MS_COCO,None_Authentic_Photograph,V5-B Frequency,0.002516,0.997484,0.002516,0.997484,REAL,True
DEF_REAL_075,DEF_REAL_075_7c95a41f0840.jpg,REAL,REAL,MS_COCO,None_Authentic_Photograph,V5-C Hybrid,0.333148,0.666852,0.333148,0.666852,REAL,True
DEF_REAL_075,DEF_REAL_075_7c95a41f0840.jpg,REAL,REAL,MS_COCO,None_Authentic_Photograph,V5-D Gated Residual,0.063672,0.936328,0.227442,0.772558,REAL,True
DEF_REAL_076,DEF_REAL_076_ae6de0a4af2e.jpg,REAL,REAL,MS_COCO,None_Authentic_Photograph,V5-A Spatial,1.0,0.0,1.0,0.0,AI,False
DEF_REAL_076,DEF_REAL_076_ae6de0a4af2e.jpg,REAL,REAL,MS_COCO,None_Authentic_Photograph,V5-B Frequency,0.0133,0.9867,0.0133,0.9867,REAL,True
DEF_REAL_076,DEF_REAL_076_ae6de0a4af2e.jpg,REAL,REAL,MS_COCO,None_Authentic_Photograph,V5-C Hybrid,0.999531,0.000469,0.999531,0.000469,AI,False
DEF_REAL_076,DEF_REAL_076_ae6de0a4af2e.jpg,REAL,REAL,MS_COCO,None_Authentic_Photograph,V5-D Gated Residual,0.99997,3e-05,0.991255,0.008745,AI,False
DEF_REAL_077,DEF_REAL_077_20cdf39d2a41.jpg,REAL,REAL,MS_COCO,None_Authentic_Photograph,V5-A Spatial,0.555457,0.444543,0.555457,0.444543,AI,False
DEF_REAL_077,DEF_REAL_077_20cdf39d2a41.jpg,REAL,REAL,MS_COCO,None_Authentic_Photograph,V5-B Frequency,6e-06,0.999994,6e-06,0.999994,REAL,True
DEF_REAL_077,DEF_REAL_077_20cdf39d2a41.jpg,REAL,REAL,MS_COCO,None_Authentic_Photograph,V5-C Hybrid,0.691183,0.308817,0.691183,0.308817,AI,False
DEF_REAL_077,DEF_REAL_077_20cdf39d2a41.jpg,REAL,REAL,MS_COCO,None_Authentic_Photograph,V5-D Gated Residual,0.000244,0.999756,0.022231,0.977769,REAL,True
DEF_REAL_078,DEF_REAL_078_38fb41fe8000.jpg,REAL,REAL,MS_COCO,None_Authentic_Photograph,V5-A Spatial,0.000128,0.999872,0.000128,0.999872,REAL,True
DEF_REAL_078,DEF_REAL_078_38fb41fe8000.jpg,REAL,REAL,MS_COCO,None_Authentic_Photograph,V5-B Frequency,0.000321,0.999679,0.000321,0.999679,REAL,True
DEF_REAL_078,DEF_REAL_078_38fb41fe8000.jpg,REAL,REAL,MS_COCO,None_Authentic_Photograph,V5-C Hybrid,6.4e-05,0.999936,6.4e-05,0.999936,REAL,True
DEF_REAL_078,DEF_REAL_078_38fb41fe8000.jpg,REAL,REAL,MS_COCO,None_Authentic_Photograph,V5-D Gated Residual,3.4e-05,0.999966,0.009248,0.990752,REAL,True
DEF_REAL_079,DEF_REAL_079_47462d1d76cf.jpg,REAL,REAL,MS_COCO,None_Authentic_Photograph,V5-A Spatial,0.024596,0.975404,0.024596,0.975404,REAL,True
DEF_REAL_079,DEF_REAL_079_47462d1d76cf.jpg,REAL,REAL,MS_COCO,None_Authentic_Photograph,V5-B Frequency,0.285611,0.714389,0.285611,0.714389,REAL,True
DEF_REAL_079,DEF_REAL_079_47462d1d76cf.jpg,REAL,REAL,MS_COCO,None_Authentic_Photograph,V5-C Hybrid,0.029744,0.970256,0.029744,0.970256,REAL,True
DEF_REAL_079,DEF_REAL_079_47462d1d76cf.jpg,REAL,REAL,MS_COCO,None_Authentic_Photograph,V5-D Gated Residual,0.000949,0.999051,0.040486,0.959513,REAL,True
DEF_REAL_080,DEF_REAL_080_27066d5a39b1.jpg,REAL,REAL,MS_COCO,None_Authentic_Photograph,V5-A Spatial,0.145728,0.854272,0.145728,0.854272,REAL,True
DEF_REAL_080,DEF_REAL_080_27066d5a39b1.jpg,REAL,REAL,MS_COCO,None_Authentic_Photograph,V5-B Frequency,0.266219,0.733781,0.266219,0.733781,REAL,True
DEF_REAL_080,DEF_REAL_080_27066d5a39b1.jpg,REAL,REAL,MS_COCO,None_Authentic_Photograph,V5-C Hybrid,0.563188,0.436812,0.563188,0.436812,AI,False
DEF_REAL_080,DEF_REAL_080_27066d5a39b1.jpg,REAL,REAL,MS_COCO,None_Authentic_Photograph,V5-D Gated Residual,0.000991,0.999009,0.041262,0.958738,REAL,True
DEF_REAL_081,DEF_REAL_081_1919df674e12.jpg,REAL,REAL,MS_COCO,None_Authentic_Photograph,V5-A Spatial,0.928405,0.071595,0.928405,0.071595,AI,False
DEF_REAL_081,DEF_REAL_081_1919df674e12.jpg,REAL,REAL,MS_COCO,None_Authentic_Photograph,V5-B Frequency,0.001878,0.998122,0.001878,0.998122,REAL,True
DEF_REAL_081,DEF_REAL_081_1919df674e12.jpg,REAL,REAL,MS_COCO,None_Authentic_Photograph,V5-C Hybrid,0.04126,0.95874,0.04126,0.95874,REAL,True
DEF_REAL_081,DEF_REAL_081_1919df674e12.jpg,REAL,REAL,MS_COCO,None_Authentic_Photograph,V5-D Gated Residual,0.000111,0.999889,0.015649,0.984351,REAL,True
DEF_REAL_082,DEF_REAL_082_0a5a9e724fcc.jpg,REAL,REAL,MS_COCO,None_Authentic_Photograph,V5-A Spatial,0.005668,0.994332,0.005668,0.994332,REAL,True
DEF_REAL_082,DEF_REAL_082_0a5a9e724fcc.jpg,REAL,REAL,MS_COCO,None_Authentic_Photograph,V5-B Frequency,0.007545,0.992455,0.007545,0.992455,REAL,True
DEF_REAL_082,DEF_REAL_082_0a5a9e724fcc.jpg,REAL,REAL,MS_COCO,None_Authentic_Photograph,V5-C Hybrid,0.000289,0.999711,0.000289,0.999711,REAL,True
DEF_REAL_082,DEF_REAL_082_0a5a9e724fcc.jpg,REAL,REAL,MS_COCO,None_Authentic_Photograph,V5-D Gated Residual,0.000464,0.999537,0.029549,0.970451,REAL,True
DEF_REAL_083,DEF_REAL_083_21568c359801.jpg,REAL,REAL,MS_COCO,None_Authentic_Photograph,V5-A Spatial,0.0,1.0,0.0,1.0,REAL,True
DEF_REAL_083,DEF_REAL_083_21568c359801.jpg,REAL,REAL,MS_COCO,None_Authentic_Photograph,V5-B Frequency,0.000137,0.999863,0.000137,0.999863,REAL,True
DEF_REAL_083,DEF_REAL_083_21568c359801.jpg,REAL,REAL,MS_COCO,None_Authentic_Photograph,V5-C Hybrid,0.0,1.0,0.0,1.0,REAL,True
DEF_REAL_083,DEF_REAL_083_21568c359801.jpg,REAL,REAL,MS_COCO,None_Authentic_Photograph,V5-D Gated Residual,1e-06,0.999999,0.001726,0.998274,REAL,True
DEF_REAL_084,DEF_REAL_084_485600da4f97.jpg,REAL,REAL,MS_COCO,None_Authentic_Photograph,V5-A Spatial,0.961875,0.038125,0.961875,0.038125,AI,False
DEF_REAL_084,DEF_REAL_084_485600da4f97.jpg,REAL,REAL,MS_COCO,None_Authentic_Photograph,V5-B Frequency,0.068905,0.931095,0.068905,0.931095,REAL,True
DEF_REAL_084,DEF_REAL_084_485600da4f97.jpg,REAL,REAL,MS_COCO,None_Authentic_Photograph,V5-C Hybrid,0.999987,1.3e-05,0.999987,1.3e-05,AI,False
DEF_REAL_084,DEF_REAL_084_485600da4f97.jpg,REAL,REAL,MS_COCO,None_Authentic_Photograph,V5-D Gated Residual,0.99974,0.00026,0.977115,0.022885,AI,False
DEF_REAL_085,DEF_REAL_085_cf1c8f86b8fe.jpg,REAL,REAL,MS_COCO,None_Authentic_Photograph,V5-A Spatial,0.071992,0.928008,0.071992,0.928008,REAL,True
DEF_REAL_085,DEF_REAL_085_cf1c8f86b8fe.jpg,REAL,REAL,MS_COCO,None_Authentic_Photograph,V5-B Frequency,0.000117,0.999883,0.000117,0.999883,REAL,True
DEF_REAL_085,DEF_REAL_085_cf1c8f86b8fe.jpg,REAL,REAL,MS_COCO,None_Authentic_Photograph,V5-C Hybrid,4e-06,0.999996,4e-06,0.999996,REAL,True
DEF_REAL_085,DEF_REAL_085_cf1c8f86b8fe.jpg,REAL,REAL,MS_COCO,None_Authentic_Photograph,V5-D Gated Residual,0.001584,0.998416,0.050578,0.949422,REAL,True
DEF_REAL_086,DEF_REAL_086_f98d17b39d19.jpg,REAL,REAL,MS_COCO,None_Authentic_Photograph,V5-A Spatial,0.188089,0.811911,0.188089,0.811911,REAL,True
DEF_REAL_086,DEF_REAL_086_f98d17b39d19.jpg,REAL,REAL,MS_COCO,None_Authentic_Photograph,V5-B Frequency,0.000105,0.999895,0.000105,0.999895,REAL,True
DEF_REAL_086,DEF_REAL_086_f98d17b39d19.jpg,REAL,REAL,MS_COCO,None_Authentic_Photograph,V5-C Hybrid,0.0,1.0,0.0,1.0,REAL,True
DEF_REAL_086,DEF_REAL_086_f98d17b39d19.jpg,REAL,REAL,MS_COCO,None_Authentic_Photograph,V5-D Gated Residual,0.000163,0.999837,0.018571,0.981429,REAL,True
DEF_REAL_087,DEF_REAL_087_23ab034fb72a.jpg,REAL,REAL,MS_COCO,None_Authentic_Photograph,V5-A Spatial,0.391317,0.608683,0.391317,0.608683,REAL,True
DEF_REAL_087,DEF_REAL_087_23ab034fb72a.jpg,REAL,REAL,MS_COCO,None_Authentic_Photograph,V5-B Frequency,0.020165,0.979835,0.020165,0.979835,REAL,True
DEF_REAL_087,DEF_REAL_087_23ab034fb72a.jpg,REAL,REAL,MS_COCO,None_Authentic_Photograph,V5-C Hybrid,0.077338,0.922662,0.077338,0.922662,REAL,True
DEF_REAL_087,DEF_REAL_087_23ab034fb72a.jpg,REAL,REAL,MS_COCO,None_Authentic_Photograph,V5-D Gated Residual,8.7e-05,0.999913,0.014014,0.985986,REAL,True
DEF_REAL_088,DEF_REAL_088_3fce2a1ded94.jpg,REAL,REAL,MS_COCO,None_Authentic_Photograph,V5-A Spatial,0.873244,0.126756,0.873244,0.126756,AI,False
DEF_REAL_088,DEF_REAL_088_3fce2a1ded94.jpg,REAL,REAL,MS_COCO,None_Authentic_Photograph,V5-B Frequency,4.2e-05,0.999958,4.2e-05,0.999958,REAL,True
DEF_REAL_088,DEF_REAL_088_3fce2a1ded94.jpg,REAL,REAL,MS_COCO,None_Authentic_Photograph,V5-C Hybrid,0.0,1.0,0.0,1.0,REAL,True
DEF_REAL_088,DEF_REAL_088_3fce2a1ded94.jpg,REAL,REAL,MS_COCO,None_Authentic_Photograph,V5-D Gated Residual,1e-06,0.999999,0.001564,0.998436,REAL,True
DEF_REAL_089,DEF_REAL_089_f5a1e003f328.jpg,REAL,REAL,MS_COCO,None_Authentic_Photograph,V5-A Spatial,0.000243,0.999757,0.000243,0.999757,REAL,True
DEF_REAL_089,DEF_REAL_089_f5a1e003f328.jpg,REAL,REAL,MS_COCO,None_Authentic_Photograph,V5-B Frequency,0.053108,0.946892,0.053108,0.946892,REAL,True
DEF_REAL_089,DEF_REAL_089_f5a1e003f328.jpg,REAL,REAL,MS_COCO,None_Authentic_Photograph,V5-C Hybrid,0.187527,0.812473,0.187527,0.812473,REAL,True
DEF_REAL_089,DEF_REAL_089_f5a1e003f328.jpg,REAL,REAL,MS_COCO,None_Authentic_Photograph,V5-D Gated Residual,0.001352,0.998648,0.047227,0.952773,REAL,True
DEF_REAL_090,DEF_REAL_090_deeb4595e6bc.jpg,REAL,REAL,MS_COCO,None_Authentic_Photograph,V5-A Spatial,0.037683,0.962317,0.037683,0.962317,REAL,True
DEF_REAL_090,DEF_REAL_090_deeb4595e6bc.jpg,REAL,REAL,MS_COCO,None_Authentic_Photograph,V5-B Frequency,0.027075,0.972925,0.027075,0.972925,REAL,True
DEF_REAL_090,DEF_REAL_090_deeb4595e6bc.jpg,REAL,REAL,MS_COCO,None_Authentic_Photograph,V5-C Hybrid,0.007839,0.992161,0.007839,0.992161,REAL,True
DEF_REAL_090,DEF_REAL_090_deeb4595e6bc.jpg,REAL,REAL,MS_COCO,None_Authentic_Photograph,V5-D Gated Residual,1.3e-05,0.999987,0.005999,0.994001,REAL,True
DEF_REAL_091,DEF_REAL_091_ec1ffe638645.jpg,REAL,REAL,MS_COCO,None_Authentic_Photograph,V5-A Spatial,0.39622,0.60378,0.39622,0.60378,REAL,True
DEF_REAL_091,DEF_REAL_091_ec1ffe638645.jpg,REAL,REAL,MS_COCO,None_Authentic_Photograph,V5-B Frequency,0.015501,0.984499,0.015501,0.984499,REAL,True
DEF_REAL_091,DEF_REAL_091_ec1ffe638645.jpg,REAL,REAL,MS_COCO,None_Authentic_Photograph,V5-C Hybrid,0.000102,0.999897,0.000102,0.999897,REAL,True
DEF_REAL_091,DEF_REAL_091_ec1ffe638645.jpg,REAL,REAL,MS_COCO,None_Authentic_Photograph,V5-D Gated Residual,0.000192,0.999808,0.01999,0.98001,REAL,True
DEF_REAL_092,DEF_REAL_092_05c2f8a9fb2c.jpg,REAL,REAL,MS_COCO,None_Authentic_Photograph,V5-A Spatial,0.987619,0.012381,0.987619,0.012381,AI,False
DEF_REAL_092,DEF_REAL_092_05c2f8a9fb2c.jpg,REAL,REAL,MS_COCO,None_Authentic_Photograph,V5-B Frequency,0.000363,0.999637,0.000363,0.999637,REAL,True
DEF_REAL_092,DEF_REAL_092_05c2f8a9fb2c.jpg,REAL,REAL,MS_COCO,None_Authentic_Photograph,V5-C Hybrid,0.288191,0.711809,0.288191,0.711809,REAL,True
DEF_REAL_092,DEF_REAL_092_05c2f8a9fb2c.jpg,REAL,REAL,MS_COCO,None_Authentic_Photograph,V5-D Gated Residual,0.003031,0.996969,0.066831,0.933169,REAL,True
DEF_REAL_093,DEF_REAL_093_99e9b9a7f73b.jpg,REAL,REAL,MS_COCO,None_Authentic_Photograph,V5-A Spatial,0.999412,0.000588,0.999412,0.000588,AI,False
DEF_REAL_093,DEF_REAL_093_99e9b9a7f73b.jpg,REAL,REAL,MS_COCO,None_Authentic_Photograph,V5-B Frequency,0.001136,0.998864,0.001136,0.998864,REAL,True
DEF_REAL_093,DEF_REAL_093_99e9b9a7f73b.jpg,REAL,REAL,MS_COCO,None_Authentic_Photograph,V5-C Hybrid,0.552853,0.447148,0.552853,0.447148,AI,False
DEF_REAL_093,DEF_REAL_093_99e9b9a7f73b.jpg,REAL,REAL,MS_COCO,None_Authentic_Photograph,V5-D Gated Residual,0.003294,0.996706,0.069237,0.930763,REAL,True
DEF_REAL_094,DEF_REAL_094_11b18cf20cd8.jpg,REAL,REAL,MS_COCO,None_Authentic_Photograph,V5-A Spatial,0.999936,6.4e-05,0.999936,6.4e-05,AI,False
DEF_REAL_094,DEF_REAL_094_11b18cf20cd8.jpg,REAL,REAL,MS_COCO,None_Authentic_Photograph,V5-B Frequency,0.000194,0.999806,0.000194,0.999806,REAL,True
DEF_REAL_094,DEF_REAL_094_11b18cf20cd8.jpg,REAL,REAL,MS_COCO,None_Authentic_Photograph,V5-C Hybrid,1.0,1e-06,1.0,1e-06,AI,False
DEF_REAL_094,DEF_REAL_094_11b18cf20cd8.jpg,REAL,REAL,MS_COCO,None_Authentic_Photograph,V5-D Gated Residual,0.983649,0.016351,0.865718,0.134282,AI,False
DEF_REAL_095,DEF_REAL_095_890d805f09a3.jpg,REAL,REAL,MS_COCO,None_Authentic_Photograph,V5-A Spatial,0.996239,0.003761,0.996239,0.003761,AI,False
DEF_REAL_095,DEF_REAL_095_890d805f09a3.jpg,REAL,REAL,MS_COCO,None_Authentic_Photograph,V5-B Frequency,1e-05,0.99999,1e-05,0.99999,REAL,True
DEF_REAL_095,DEF_REAL_095_890d805f09a3.jpg,REAL,REAL,MS_COCO,None_Authentic_Photograph,V5-C Hybrid,0.002275,0.997725,0.002275,0.997725,REAL,True
DEF_REAL_095,DEF_REAL_095_890d805f09a3.jpg,REAL,REAL,MS_COCO,None_Authentic_Photograph,V5-D Gated Residual,0.00043,0.99957,0.028581,0.971419,REAL,True
DEF_REAL_096,DEF_REAL_096_1409b3afb47a.jpg,REAL,REAL,MS_COCO,None_Authentic_Photograph,V5-A Spatial,0.869366,0.130634,0.869366,0.130634,AI,False
DEF_REAL_096,DEF_REAL_096_1409b3afb47a.jpg,REAL,REAL,MS_COCO,None_Authentic_Photograph,V5-B Frequency,0.000261,0.999739,0.000261,0.999739,REAL,True
DEF_REAL_096,DEF_REAL_096_1409b3afb47a.jpg,REAL,REAL,MS_COCO,None_Authentic_Photograph,V5-C Hybrid,0.955063,0.044937,0.955063,0.044937,AI,False
DEF_REAL_096,DEF_REAL_096_1409b3afb47a.jpg,REAL,REAL,MS_COCO,None_Authentic_Photograph,V5-D Gated Residual,0.016712,0.983288,0.13546,0.86454,REAL,True
DEF_REAL_097,DEF_REAL_097_a8c9a956c76b.jpg,REAL,REAL,MS_COCO,None_Authentic_Photograph,V5-A Spatial,0.02663,0.97337,0.02663,0.97337,REAL,True
DEF_REAL_097,DEF_REAL_097_a8c9a956c76b.jpg,REAL,REAL,MS_COCO,None_Authentic_Photograph,V5-B Frequency,0.017403,0.982597,0.017403,0.982597,REAL,True
DEF_REAL_097,DEF_REAL_097_a8c9a956c76b.jpg,REAL,REAL,MS_COCO,None_Authentic_Photograph,V5-C Hybrid,0.003216,0.996784,0.003216,0.996784,REAL,True
DEF_REAL_097,DEF_REAL_097_a8c9a956c76b.jpg,REAL,REAL,MS_COCO,None_Authentic_Photograph,V5-D Gated Residual,0.01495,0.98505,0.129539,0.870461,REAL,True
DEF_REAL_098,DEF_REAL_098_6db024b9e588.jpg,REAL,REAL,MS_COCO,None_Authentic_Photograph,V5-A Spatial,0.014505,0.985495,0.014505,0.985495,REAL,True
DEF_REAL_098,DEF_REAL_098_6db024b9e588.jpg,REAL,REAL,MS_COCO,None_Authentic_Photograph,V5-B Frequency,0.001981,0.998019,0.001981,0.998019,REAL,True
DEF_REAL_098,DEF_REAL_098_6db024b9e588.jpg,REAL,REAL,MS_COCO,None_Authentic_Photograph,V5-C Hybrid,0.262136,0.737864,0.262136,0.737864,REAL,True
DEF_REAL_098,DEF_REAL_098_6db024b9e588.jpg,REAL,REAL,MS_COCO,None_Authentic_Photograph,V5-D Gated Residual,0.002202,0.997798,0.058299,0.941701,REAL,True
DEF_REAL_099,DEF_REAL_099_cfeda8641ac7.jpg,REAL,REAL,MS_COCO,None_Authentic_Photograph,V5-A Spatial,0.002141,0.997859,0.002141,0.997859,REAL,True
DEF_REAL_099,DEF_REAL_099_cfeda8641ac7.jpg,REAL,REAL,MS_COCO,None_Authentic_Photograph,V5-B Frequency,0.035369,0.964631,0.035369,0.964631,REAL,True
DEF_REAL_099,DEF_REAL_099_cfeda8641ac7.jpg,REAL,REAL,MS_COCO,None_Authentic_Photograph,V5-C Hybrid,0.01682,0.98318,0.01682,0.98318,REAL,True
DEF_REAL_099,DEF_REAL_099_cfeda8641ac7.jpg,REAL,REAL,MS_COCO,None_Authentic_Photograph,V5-D Gated Residual,0.00027,0.99973,0.023247,0.976753,REAL,True
DEF_REAL_100,DEF_REAL_100_bffb4c45cebf.jpg,REAL,REAL,MS_COCO,None_Authentic_Photograph,V5-A Spatial,0.147666,0.852334,0.147666,0.852334,REAL,True
DEF_REAL_100,DEF_REAL_100_bffb4c45cebf.jpg,REAL,REAL,MS_COCO,None_Authentic_Photograph,V5-B Frequency,0.267599,0.732401,0.267599,0.732401,REAL,True
DEF_REAL_100,DEF_REAL_100_bffb4c45cebf.jpg,REAL,REAL,MS_COCO,None_Authentic_Photograph,V5-C Hybrid,0.005505,0.994495,0.005505,0.994495,REAL,True
DEF_REAL_100,DEF_REAL_100_bffb4c45cebf.jpg,REAL,REAL,MS_COCO,None_Authentic_Photograph,V5-D Gated Residual,0.090446,0.909554,0.259234,0.740766,REAL,True
DEF_REAL_101,DEF_REAL_101_0882f3b584c4.jpg,REAL,REAL,MS_COCO,None_Authentic_Photograph,V5-A Spatial,0.319463,0.680537,0.319463,0.680537,REAL,True
DEF_REAL_101,DEF_REAL_101_0882f3b584c4.jpg,REAL,REAL,MS_COCO,None_Authentic_Photograph,V5-B Frequency,0.000974,0.999027,0.000974,0.999027,REAL,True
DEF_REAL_101,DEF_REAL_101_0882f3b584c4.jpg,REAL,REAL,MS_COCO,None_Authentic_Photograph,V5-C Hybrid,0.88784,0.11216,0.88784,0.11216,AI,False
DEF_REAL_101,DEF_REAL_101_0882f3b584c4.jpg,REAL,REAL,MS_COCO,None_Authentic_Photograph,V5-D Gated Residual,4.3e-05,0.999957,0.010202,0.989798,REAL,True
DEF_REAL_102,DEF_REAL_102_99dd77891d86.jpg,REAL,REAL,MS_COCO,None_Authentic_Photograph,V5-A Spatial,0.000726,0.999274,0.000726,0.999274,REAL,True
DEF_REAL_102,DEF_REAL_102_99dd77891d86.jpg,REAL,REAL,MS_COCO,None_Authentic_Photograph,V5-B Frequency,0.043945,0.956055,0.043945,0.956055,REAL,True
DEF_REAL_102,DEF_REAL_102_99dd77891d86.jpg,REAL,REAL,MS_COCO,None_Authentic_Photograph,V5-C Hybrid,0.000568,0.999432,0.000568,0.999432,REAL,True
DEF_REAL_102,DEF_REAL_102_99dd77891d86.jpg,REAL,REAL,MS_COCO,None_Authentic_Photograph,V5-D Gated Residual,0.018414,0.981586,0.140804,0.859196,REAL,True
DEF_REAL_103,DEF_REAL_103_1267bf61a187.jpg,REAL,REAL,MS_COCO,None_Authentic_Photograph,V5-A Spatial,0.689396,0.310604,0.689396,0.310604,AI,False
DEF_REAL_103,DEF_REAL_103_1267bf61a187.jpg,REAL,REAL,MS_COCO,None_Authentic_Photograph,V5-B Frequency,0.002778,0.997222,0.002778,0.997222,REAL,True
DEF_REAL_103,DEF_REAL_103_1267bf61a187.jpg,REAL,REAL,MS_COCO,None_Authentic_Photograph,V5-C Hybrid,5e-06,0.999995,5e-06,0.999995,REAL,True
DEF_REAL_103,DEF_REAL_103_1267bf61a187.jpg,REAL,REAL,MS_COCO,None_Authentic_Photograph,V5-D Gated Residual,0.000796,0.999204,0.03749,0.96251,REAL,True
DEF_REAL_104,DEF_REAL_104_44e3b4c44103.jpg,REAL,REAL,MS_COCO,None_Authentic_Photograph,V5-A Spatial,0.9999,0.0001,0.9999,0.0001,AI,False
DEF_REAL_104,DEF_REAL_104_44e3b4c44103.jpg,REAL,REAL,MS_COCO,None_Authentic_Photograph,V5-B Frequency,0.001608,0.998392,0.001608,0.998392,REAL,True
DEF_REAL_104,DEF_REAL_104_44e3b4c44103.jpg,REAL,REAL,MS_COCO,None_Authentic_Photograph,V5-C Hybrid,0.77519,0.22481,0.77519,0.22481,AI,False
DEF_REAL_104,DEF_REAL_104_44e3b4c44103.jpg,REAL,REAL,MS_COCO,None_Authentic_Photograph,V5-D Gated Residual,0.640543,0.359457,0.565323,0.434677,AI,False
DEF_REAL_105,DEF_REAL_105_4721783a59ab.jpg,REAL,REAL,MS_COCO,None_Authentic_Photograph,V5-A Spatial,0.997312,0.002688,0.997312,0.002688,AI,False
DEF_REAL_105,DEF_REAL_105_4721783a59ab.jpg,REAL,REAL,MS_COCO,None_Authentic_Photograph,V5-B Frequency,0.00197,0.99803,0.00197,0.99803,REAL,True
DEF_REAL_105,DEF_REAL_105_4721783a59ab.jpg,REAL,REAL,MS_COCO,None_Authentic_Photograph,V5-C Hybrid,0.007872,0.992128,0.007872,0.992128,REAL,True
DEF_REAL_105,DEF_REAL_105_4721783a59ab.jpg,REAL,REAL,MS_COCO,None_Authentic_Photograph,V5-D Gated Residual,0.015952,0.984048,0.132958,0.867042,REAL,True
DEF_REAL_106,DEF_REAL_106_3e98186858b5.jpg,REAL,REAL,MS_COCO,None_Authentic_Photograph,V5-A Spatial,0.268819,0.731181,0.268819,0.731181,REAL,True
DEF_REAL_106,DEF_REAL_106_3e98186858b5.jpg,REAL,REAL,MS_COCO,None_Authentic_Photograph,V5-B Frequency,0.664453,0.335546,0.664453,0.335546,AI,False
DEF_REAL_106,DEF_REAL_106_3e98186858b5.jpg,REAL,REAL,MS_COCO,None_Authentic_Photograph,V5-C Hybrid,0.560818,0.439182,0.560818,0.439182,AI,False
DEF_REAL_106,DEF_REAL_106_3e98186858b5.jpg,REAL,REAL,MS_COCO,None_Authentic_Photograph,V5-D Gated Residual,0.99053,0.00947,0.892377,0.107623,AI,False
DEF_REAL_107,DEF_REAL_107_6322f1fa8af3.jpg,REAL,REAL,MS_COCO,None_Authentic_Photograph,V5-A Spatial,0.282212,0.717788,0.282212,0.717788,REAL,True
DEF_REAL_107,DEF_REAL_107_6322f1fa8af3.jpg,REAL,REAL,MS_COCO,None_Authentic_Photograph,V5-B Frequency,0.000324,0.999676,0.000324,0.999676,REAL,True
DEF_REAL_107,DEF_REAL_107_6322f1fa8af3.jpg,REAL,REAL,MS_COCO,None_Authentic_Photograph,V5-C Hybrid,0.679367,0.320633,0.679367,0.320633,AI,False
DEF_REAL_107,DEF_REAL_107_6322f1fa8af3.jpg,REAL,REAL,MS_COCO,None_Authentic_Photograph,V5-D Gated Residual,0.030178,0.969822,0.171019,0.828981,REAL,True
DEF_REAL_108,DEF_REAL_108_34356afead47.jpg,REAL,REAL,MS_COCO,None_Authentic_Photograph,V5-A Spatial,0.973801,0.026199,0.973801,0.026199,AI,False
DEF_REAL_108,DEF_REAL_108_34356afead47.jpg,REAL,REAL,MS_COCO,None_Authentic_Photograph,V5-B Frequency,0.768341,0.231659,0.768341,0.231659,AI,False
DEF_REAL_108,DEF_REAL_108_34356afead47.jpg,REAL,REAL,MS_COCO,None_Authentic_Photograph,V5-C Hybrid,0.976061,0.023939,0.976061,0.023939,AI,False
DEF_REAL_108,DEF_REAL_108_34356afead47.jpg,REAL,REAL,MS_COCO,None_Authentic_Photograph,V5-D Gated Residual,0.036405,0.963595,0.183896,0.816104,REAL,True
DEF_REAL_109,DEF_REAL_109_7604a455fede.jpg,REAL,REAL,MS_COCO,None_Authentic_Photograph,V5-A Spatial,0.000657,0.999343,0.000657,0.999343,REAL,True
DEF_REAL_109,DEF_REAL_109_7604a455fede.jpg,REAL,REAL,MS_COCO,None_Authentic_Photograph,V5-B Frequency,0.001485,0.998515,0.001485,0.998515,REAL,True
DEF_REAL_109,DEF_REAL_109_7604a455fede.jpg,REAL,REAL,MS_COCO,None_Authentic_Photograph,V5-C Hybrid,0.016092,0.983908,0.016092,0.983908,REAL,True
DEF_REAL_109,DEF_REAL_109_7604a455fede.jpg,REAL,REAL,MS_COCO,None_Authentic_Photograph,V5-D Gated Residual,8.6e-05,0.999914,0.013958,0.986042,REAL,True
DEF_REAL_110,DEF_REAL_110_15a51dfc9d26.jpg,REAL,REAL,MS_COCO,None_Authentic_Photograph,V5-A Spatial,0.999972,2.7e-05,0.999972,2.7e-05,AI,False
DEF_REAL_110,DEF_REAL_110_15a51dfc9d26.jpg,REAL,REAL,MS_COCO,None_Authentic_Photograph,V5-B Frequency,0.000198,0.999802,0.000198,0.999802,REAL,True
DEF_REAL_110,DEF_REAL_110_15a51dfc9d26.jpg,REAL,REAL,MS_COCO,None_Authentic_Photograph,V5-C Hybrid,0.185371,0.814629,0.185371,0.814629,REAL,True
DEF_REAL_110,DEF_REAL_110_15a51dfc9d26.jpg,REAL,REAL,MS_COCO,None_Authentic_Photograph,V5-D Gated Residual,0.036332,0.963668,0.183754,0.816246,REAL,True
DEF_REAL_111,DEF_REAL_111_2341b8eee17e.jpg,REAL,REAL,MS_COCO,None_Authentic_Photograph,V5-A Spatial,0.0,1.0,0.0,1.0,REAL,True
DEF_REAL_111,DEF_REAL_111_2341b8eee17e.jpg,REAL,REAL,MS_COCO,None_Authentic_Photograph,V5-B Frequency,0.039224,0.960776,0.039224,0.960776,REAL,True
DEF_REAL_111,DEF_REAL_111_2341b8eee17e.jpg,REAL,REAL,MS_COCO,None_Authentic_Photograph,V5-C Hybrid,0.0,1.0,0.0,1.0,REAL,True
DEF_REAL_111,DEF_REAL_111_2341b8eee17e.jpg,REAL,REAL,MS_COCO,None_Authentic_Photograph,V5-D Gated Residual,1e-06,0.999999,0.002146,0.997854,REAL,True
DEF_REAL_112,DEF_REAL_112_60b5a33e1f91.jpg,REAL,REAL,MS_COCO,None_Authentic_Photograph,V5-A Spatial,0.160812,0.839188,0.160812,0.839188,REAL,True
DEF_REAL_112,DEF_REAL_112_60b5a33e1f91.jpg,REAL,REAL,MS_COCO,None_Authentic_Photograph,V5-B Frequency,0.000291,0.999709,0.000291,0.999709,REAL,True
DEF_REAL_112,DEF_REAL_112_60b5a33e1f91.jpg,REAL,REAL,MS_COCO,None_Authentic_Photograph,V5-C Hybrid,0.010919,0.989081,0.010919,0.989081,REAL,True
DEF_REAL_112,DEF_REAL_112_60b5a33e1f91.jpg,REAL,REAL,MS_COCO,None_Authentic_Photograph,V5-D Gated Residual,0.004603,0.995397,0.079762,0.920237,REAL,True
DEF_REAL_113,DEF_REAL_113_6096e717a83d.jpg,REAL,REAL,MS_COCO,None_Authentic_Photograph,V5-A Spatial,0.810438,0.189562,0.810438,0.189562,AI,False
DEF_REAL_113,DEF_REAL_113_6096e717a83d.jpg,REAL,REAL,MS_COCO,None_Authentic_Photograph,V5-B Frequency,0.000317,0.999683,0.000317,0.999683,REAL,True
DEF_REAL_113,DEF_REAL_113_6096e717a83d.jpg,REAL,REAL,MS_COCO,None_Authentic_Photograph,V5-C Hybrid,0.206021,0.793979,0.206021,0.793979,REAL,True
DEF_REAL_113,DEF_REAL_113_6096e717a83d.jpg,REAL,REAL,MS_COCO,None_Authentic_Photograph,V5-D Gated Residual,0.000182,0.999818,0.019498,0.980502,REAL,True
DEF_REAL_114,DEF_REAL_114_ffadb53f10ec.jpg,REAL,REAL,MS_COCO,None_Authentic_Photograph,V5-A Spatial,0.147501,0.852499,0.147501,0.852499,REAL,True
DEF_REAL_114,DEF_REAL_114_ffadb53f10ec.jpg,REAL,REAL,MS_COCO,None_Authentic_Photograph,V5-B Frequency,0.412282,0.587718,0.412282,0.587718,REAL,True
DEF_REAL_114,DEF_REAL_114_ffadb53f10ec.jpg,REAL,REAL,MS_COCO,None_Authentic_Photograph,V5-C Hybrid,0.001535,0.998465,0.001535,0.998465,REAL,True
DEF_REAL_114,DEF_REAL_114_ffadb53f10ec.jpg,REAL,REAL,MS_COCO,None_Authentic_Photograph,V5-D Gated Residual,0.004944,0.995056,0.082191,0.917809,REAL,True
DEF_REAL_115,DEF_REAL_115_9743f8cb234c.jpg,REAL,REAL,MS_COCO,None_Authentic_Photograph,V5-A Spatial,0.441736,0.558264,0.441736,0.558264,REAL,True
DEF_REAL_115,DEF_REAL_115_9743f8cb234c.jpg,REAL,REAL,MS_COCO,None_Authentic_Photograph,V5-B Frequency,0.00132,0.99868,0.00132,0.99868,REAL,True
DEF_REAL_115,DEF_REAL_115_9743f8cb234c.jpg,REAL,REAL,MS_COCO,None_Authentic_Photograph,V5-C Hybrid,0.001494,0.998506,0.001494,0.998506,REAL,True
DEF_REAL_115,DEF_REAL_115_9743f8cb234c.jpg,REAL,REAL,MS_COCO,None_Authentic_Photograph,V5-D Gated Residual,0.000267,0.999733,0.023125,0.976875,REAL,True
DEF_REAL_116,DEF_REAL_116_100036719230.jpg,REAL,REAL,MS_COCO,None_Authentic_Photograph,V5-A Spatial,0.20838,0.79162,0.20838,0.79162,REAL,True
DEF_REAL_116,DEF_REAL_116_100036719230.jpg,REAL,REAL,MS_COCO,None_Authentic_Photograph,V5-B Frequency,4e-06,0.999996,4e-06,0.999996,REAL,True
DEF_REAL_116,DEF_REAL_116_100036719230.jpg,REAL,REAL,MS_COCO,None_Authentic_Photograph,V5-C Hybrid,0.006811,0.993189,0.006811,0.993189,REAL,True
DEF_REAL_116,DEF_REAL_116_100036719230.jpg,REAL,REAL,MS_COCO,None_Authentic_Photograph,V5-D Gated Residual,0.000722,0.999278,0.035917,0.964083,REAL,True
DEF_REAL_117,DEF_REAL_117_c5f0a452dc96.jpg,REAL,REAL,MS_COCO,None_Authentic_Photograph,V5-A Spatial,0.999986,1.4e-05,0.999986,1.4e-05,AI,False
DEF_REAL_117,DEF_REAL_117_c5f0a452dc96.jpg,REAL,REAL,MS_COCO,None_Authentic_Photograph,V5-B Frequency,0.013427,0.986573,0.013427,0.986573,REAL,True
DEF_REAL_117,DEF_REAL_117_c5f0a452dc96.jpg,REAL,REAL,MS_COCO,None_Authentic_Photograph,V5-C Hybrid,0.122832,0.877168,0.122832,0.877168,REAL,True
DEF_REAL_117,DEF_REAL_117_c5f0a452dc96.jpg,REAL,REAL,MS_COCO,None_Authentic_Photograph,V5-D Gated Residual,0.953185,0.046815,0.797514,0.202486,AI,False
DEF_REAL_118,DEF_REAL_118_8a2823a0db06.jpg,REAL,REAL,MS_COCO,None_Authentic_Photograph,V5-A Spatial,0.765933,0.234067,0.765933,0.234067,AI,False
DEF_REAL_118,DEF_REAL_118_8a2823a0db06.jpg,REAL,REAL,MS_COCO,None_Authentic_Photograph,V5-B Frequency,0.002443,0.997557,0.002443,0.997557,REAL,True
DEF_REAL_118,DEF_REAL_118_8a2823a0db06.jpg,REAL,REAL,MS_COCO,None_Authentic_Photograph,V5-C Hybrid,0.011071,0.988929,0.011071,0.988929,REAL,True
DEF_REAL_118,DEF_REAL_118_8a2823a0db06.jpg,REAL,REAL,MS_COCO,None_Authentic_Photograph,V5-D Gated Residual,0.815682,0.184318,0.662972,0.337028,AI,False
DEF_REAL_119,DEF_REAL_119_4807db4df05d.jpg,REAL,REAL,MS_COCO,None_Authentic_Photograph,V5-A Spatial,0.977512,0.022488,0.977512,0.022488,AI,False
DEF_REAL_119,DEF_REAL_119_4807db4df05d.jpg,REAL,REAL,MS_COCO,None_Authentic_Photograph,V5-B Frequency,0.001798,0.998201,0.001798,0.998201,REAL,True
DEF_REAL_119,DEF_REAL_119_4807db4df05d.jpg,REAL,REAL,MS_COCO,None_Authentic_Photograph,V5-C Hybrid,0.044978,0.955022,0.044978,0.955022,REAL,True
DEF_REAL_119,DEF_REAL_119_4807db4df05d.jpg,REAL,REAL,MS_COCO,None_Authentic_Photograph,V5-D Gated Residual,0.009393,0.990607,0.107267,0.892733,REAL,True
DEF_REAL_120,DEF_REAL_120_b76e5b13ec07.jpg,REAL,REAL,MS_COCO,None_Authentic_Photograph,V5-A Spatial,5e-06,0.999995,5e-06,0.999995,REAL,True
DEF_REAL_120,DEF_REAL_120_b76e5b13ec07.jpg,REAL,REAL,MS_COCO,None_Authentic_Photograph,V5-B Frequency,0.02824,0.971759,0.02824,0.971759,REAL,True
DEF_REAL_120,DEF_REAL_120_b76e5b13ec07.jpg,REAL,REAL,MS_COCO,None_Authentic_Photograph,V5-C Hybrid,0.001039,0.998961,0.001039,0.998961,REAL,True
DEF_REAL_120,DEF_REAL_120_b76e5b13ec07.jpg,REAL,REAL,MS_COCO,None_Authentic_Photograph,V5-D Gated Residual,0.000379,0.999621,0.027019,0.972981,REAL,True
DEF_REAL_121,DEF_REAL_121_2aa5b07b80ea.jpg,REAL,REAL,MS_COCO,None_Authentic_Photograph,V5-A Spatial,0.491408,0.508592,0.491408,0.508592,REAL,True
DEF_REAL_121,DEF_REAL_121_2aa5b07b80ea.jpg,REAL,REAL,MS_COCO,None_Authentic_Photograph,V5-B Frequency,0.000943,0.999057,0.000943,0.999057,REAL,True
DEF_REAL_121,DEF_REAL_121_2aa5b07b80ea.jpg,REAL,REAL,MS_COCO,None_Authentic_Photograph,V5-C Hybrid,0.001404,0.998596,0.001404,0.998596,REAL,True
DEF_REAL_121,DEF_REAL_121_2aa5b07b80ea.jpg,REAL,REAL,MS_COCO,None_Authentic_Photograph,V5-D Gated Residual,0.003608,0.996392,0.071968,0.928032,REAL,True
DEF_REAL_122,DEF_REAL_122_2924a488bacf.jpg,REAL,REAL,MS_COCO,None_Authentic_Photograph,V5-A Spatial,0.434502,0.565498,0.434502,0.565498,REAL,True
DEF_REAL_122,DEF_REAL_122_2924a488bacf.jpg,REAL,REAL,MS_COCO,None_Authentic_Photograph,V5-B Frequency,0.747105,0.252895,0.747105,0.252895,AI,False
DEF_REAL_122,DEF_REAL_122_2924a488bacf.jpg,REAL,REAL,MS_COCO,None_Authentic_Photograph,V5-C Hybrid,0.004338,0.995662,0.004338,0.995662,REAL,True
DEF_REAL_122,DEF_REAL_122_2924a488bacf.jpg,REAL,REAL,MS_COCO,None_Authentic_Photograph,V5-D Gated Residual,0.003834,0.996166,0.073845,0.926155,REAL,True
DEF_REAL_123,DEF_REAL_123_16d263d8c37a.jpg,REAL,REAL,MS_COCO,None_Authentic_Photograph,V5-A Spatial,0.004931,0.995069,0.004931,0.995069,REAL,True
DEF_REAL_123,DEF_REAL_123_16d263d8c37a.jpg,REAL,REAL,MS_COCO,None_Authentic_Photograph,V5-B Frequency,9.6e-05,0.999904,9.6e-05,0.999904,REAL,True
DEF_REAL_123,DEF_REAL_123_16d263d8c37a.jpg,REAL,REAL,MS_COCO,None_Authentic_Photograph,V5-C Hybrid,0.000128,0.999872,0.000128,0.999872,REAL,True
DEF_REAL_123,DEF_REAL_123_16d263d8c37a.jpg,REAL,REAL,MS_COCO,None_Authentic_Photograph,V5-D Gated Residual,0.000183,0.999817,0.019546,0.980454,REAL,True
DEF_REAL_124,DEF_REAL_124_dd341bd195c2.jpg,REAL,REAL,MS_COCO,None_Authentic_Photograph,V5-A Spatial,0.011002,0.988998,0.011002,0.988998,REAL,True
DEF_REAL_124,DEF_REAL_124_dd341bd195c2.jpg,REAL,REAL,MS_COCO,None_Authentic_Photograph,V5-B Frequency,0.011144,0.988856,0.011144,0.988856,REAL,True
DEF_REAL_124,DEF_REAL_124_dd341bd195c2.jpg,REAL,REAL,MS_COCO,None_Authentic_Photograph,V5-C Hybrid,0.014624,0.985376,0.014624,0.985376,REAL,True
DEF_REAL_124,DEF_REAL_124_dd341bd195c2.jpg,REAL,REAL,MS_COCO,None_Authentic_Photograph,V5-D Gated Residual,0.003189,0.996811,0.068291,0.931709,REAL,True
DEF_REAL_125,DEF_REAL_125_cf52e17b818c.jpg,REAL,REAL,MS_COCO,None_Authentic_Photograph,V5-A Spatial,0.92051,0.07949,0.92051,0.07949,AI,False
DEF_REAL_125,DEF_REAL_125_cf52e17b818c.jpg,REAL,REAL,MS_COCO,None_Authentic_Photograph,V5-B Frequency,0.09629,0.90371,0.09629,0.90371,REAL,True
DEF_REAL_125,DEF_REAL_125_cf52e17b818c.jpg,REAL,REAL,MS_COCO,None_Authentic_Photograph,V5-C Hybrid,0.952321,0.047679,0.952321,0.047679,AI,False
DEF_REAL_125,DEF_REAL_125_cf52e17b818c.jpg,REAL,REAL,MS_COCO,None_Authentic_Photograph,V5-D Gated Residual,0.002098,0.997902,0.057097,0.942903,REAL,True
DEF_REAL_126,DEF_REAL_126_899310168423.jpg,REAL,REAL,MS_COCO,None_Authentic_Photograph,V5-A Spatial,0.084556,0.915444,0.084556,0.915444,REAL,True
DEF_REAL_126,DEF_REAL_126_899310168423.jpg,REAL,REAL,MS_COCO,None_Authentic_Photograph,V5-B Frequency,0.011795,0.988205,0.011795,0.988205,REAL,True
DEF_REAL_126,DEF_REAL_126_899310168423.jpg,REAL,REAL,MS_COCO,None_Authentic_Photograph,V5-C Hybrid,0.018057,0.981943,0.018057,0.981943,REAL,True
DEF_REAL_126,DEF_REAL_126_899310168423.jpg,REAL,REAL,MS_COCO,None_Authentic_Photograph,V5-D Gated Residual,6.7e-05,0.999933,0.012512,0.987488,REAL,True
DEF_REAL_127,DEF_REAL_127_135c479a59f7.jpg,REAL,REAL,MS_COCO,None_Authentic_Photograph,V5-A Spatial,8e-06,0.999992,8e-06,0.999992,REAL,True
DEF_REAL_127,DEF_REAL_127_135c479a59f7.jpg,REAL,REAL,MS_COCO,None_Authentic_Photograph,V5-B Frequency,3.3e-05,0.999967,3.3e-05,0.999967,REAL,True
DEF_REAL_127,DEF_REAL_127_135c479a59f7.jpg,REAL,REAL,MS_COCO,None_Authentic_Photograph,V5-C Hybrid,0.0,1.0,0.0,1.0,REAL,True
DEF_REAL_127,DEF_REAL_127_135c479a59f7.jpg,REAL,REAL,MS_COCO,None_Authentic_Photograph,V5-D Gated Residual,3.1e-05,0.999969,0.008755,0.991245,REAL,True
DEF_REAL_128,DEF_REAL_128_e8b9980979f4.jpg,REAL,REAL,MS_COCO,None_Authentic_Photograph,V5-A Spatial,0.002763,0.997236,0.002763,0.997236,REAL,True
DEF_REAL_128,DEF_REAL_128_e8b9980979f4.jpg,REAL,REAL,MS_COCO,None_Authentic_Photograph,V5-B Frequency,0.005913,0.994087,0.005913,0.994087,REAL,True
DEF_REAL_128,DEF_REAL_128_e8b9980979f4.jpg,REAL,REAL,MS_COCO,None_Authentic_Photograph,V5-C Hybrid,0.003876,0.996124,0.003876,0.996124,REAL,True
DEF_REAL_128,DEF_REAL_128_e8b9980979f4.jpg,REAL,REAL,MS_COCO,None_Authentic_Photograph,V5-D Gated Residual,0.000216,0.999784,0.021077,0.978923,REAL,True
DEF_REAL_129,DEF_REAL_129_fafd888e1682.jpg,REAL,REAL,MS_COCO,None_Authentic_Photograph,V5-A Spatial,0.196754,0.803246,0.196754,0.803246,REAL,True
DEF_REAL_129,DEF_REAL_129_fafd888e1682.jpg,REAL,REAL,MS_COCO,None_Authentic_Photograph,V5-B Frequency,5e-06,0.999995,5e-06,0.999995,REAL,True
DEF_REAL_129,DEF_REAL_129_fafd888e1682.jpg,REAL,REAL,MS_COCO,None_Authentic_Photograph,V5-C Hybrid,0.064408,0.935592,0.064408,0.935592,REAL,True
DEF_REAL_129,DEF_REAL_129_fafd888e1682.jpg,REAL,REAL,MS_COCO,None_Authentic_Photograph,V5-D Gated Residual,7e-05,0.99993,0.012695,0.987305,REAL,True
DEF_REAL_130,DEF_REAL_130_ebae5d5b50bf.jpg,REAL,REAL,MS_COCO,None_Authentic_Photograph,V5-A Spatial,0.065647,0.934353,0.065647,0.934353,REAL,True
DEF_REAL_130,DEF_REAL_130_ebae5d5b50bf.jpg,REAL,REAL,MS_COCO,None_Authentic_Photograph,V5-B Frequency,5e-06,0.999995,5e-06,0.999995,REAL,True
DEF_REAL_130,DEF_REAL_130_ebae5d5b50bf.jpg,REAL,REAL,MS_COCO,None_Authentic_Photograph,V5-C Hybrid,7e-06,0.999993,7e-06,0.999993,REAL,True
DEF_REAL_130,DEF_REAL_130_ebae5d5b50bf.jpg,REAL,REAL,MS_COCO,None_Authentic_Photograph,V5-D Gated Residual,0.000148,0.999852,0.017803,0.982197,REAL,True
DEF_REAL_131,DEF_REAL_131_855376da0d95.jpg,REAL,REAL,MS_COCO,None_Authentic_Photograph,V5-A Spatial,0.006816,0.993184,0.006816,0.993184,REAL,True
DEF_REAL_131,DEF_REAL_131_855376da0d95.jpg,REAL,REAL,MS_COCO,None_Authentic_Photograph,V5-B Frequency,0.0,1.0,0.0,1.0,REAL,True
DEF_REAL_131,DEF_REAL_131_855376da0d95.jpg,REAL,REAL,MS_COCO,None_Authentic_Photograph,V5-C Hybrid,0.000156,0.999844,0.000156,0.999844,REAL,True
DEF_REAL_131,DEF_REAL_131_855376da0d95.jpg,REAL,REAL,MS_COCO,None_Authentic_Photograph,V5-D Gated Residual,7e-06,0.999993,0.004412,0.995588,REAL,True
DEF_REAL_132,DEF_REAL_132_cc732abf9f2c.jpg,REAL,REAL,MS_COCO,None_Authentic_Photograph,V5-A Spatial,1.0,0.0,1.0,0.0,AI,False
DEF_REAL_132,DEF_REAL_132_cc732abf9f2c.jpg,REAL,REAL,MS_COCO,None_Authentic_Photograph,V5-B Frequency,0.362615,0.637385,0.362615,0.637385,REAL,True
DEF_REAL_132,DEF_REAL_132_cc732abf9f2c.jpg,REAL,REAL,MS_COCO,None_Authentic_Photograph,V5-C Hybrid,1.0,0.0,1.0,0.0,AI,False
DEF_REAL_132,DEF_REAL_132_cc732abf9f2c.jpg,REAL,REAL,MS_COCO,None_Authentic_Photograph,V5-D Gated Residual,0.998395,0.001605,0.949128,0.050872,AI,False
DEF_REAL_133,DEF_REAL_133_a68beba0a90f.jpg,REAL,REAL,MS_COCO,None_Authentic_Photograph,V5-A Spatial,0.003041,0.996959,0.003041,0.996959,REAL,True
DEF_REAL_133,DEF_REAL_133_a68beba0a90f.jpg,REAL,REAL,MS_COCO,None_Authentic_Photograph,V5-B Frequency,0.001317,0.998682,0.001317,0.998682,REAL,True
DEF_REAL_133,DEF_REAL_133_a68beba0a90f.jpg,REAL,REAL,MS_COCO,None_Authentic_Photograph,V5-C Hybrid,0.676141,0.323859,0.676141,0.323859,AI,False
DEF_REAL_133,DEF_REAL_133_a68beba0a90f.jpg,REAL,REAL,MS_COCO,None_Authentic_Photograph,V5-D Gated Residual,0.865523,0.134477,0.699929,0.300071,AI,False
DEF_REAL_134,DEF_REAL_134_a5b857593a92.jpg,REAL,REAL,MS_COCO,None_Authentic_Photograph,V5-A Spatial,0.428852,0.571148,0.428852,0.571148,REAL,True
DEF_REAL_134,DEF_REAL_134_a5b857593a92.jpg,REAL,REAL,MS_COCO,None_Authentic_Photograph,V5-B Frequency,0.0,1.0,0.0,1.0,REAL,True
DEF_REAL_134,DEF_REAL_134_a5b857593a92.jpg,REAL,REAL,MS_COCO,None_Authentic_Photograph,V5-C Hybrid,0.012841,0.987159,0.012841,0.987159,REAL,True
DEF_REAL_134,DEF_REAL_134_a5b857593a92.jpg,REAL,REAL,MS_COCO,None_Authentic_Photograph,V5-D Gated Residual,0.016467,0.983533,0.134662,0.865338,REAL,True
DEF_REAL_135,DEF_REAL_135_3e8c809cf4d1.jpg,REAL,REAL,MS_COCO,None_Authentic_Photograph,V5-A Spatial,0.126626,0.873374,0.126626,0.873374,REAL,True
DEF_REAL_135,DEF_REAL_135_3e8c809cf4d1.jpg,REAL,REAL,MS_COCO,None_Authentic_Photograph,V5-B Frequency,0.195356,0.804644,0.195356,0.804644,REAL,True
DEF_REAL_135,DEF_REAL_135_3e8c809cf4d1.jpg,REAL,REAL,MS_COCO,None_Authentic_Photograph,V5-C Hybrid,2e-06,0.999998,2e-06,0.999998,REAL,True
DEF_REAL_135,DEF_REAL_135_3e8c809cf4d1.jpg,REAL,REAL,MS_COCO,None_Authentic_Photograph,V5-D Gated Residual,2.1e-05,0.999979,0.007398,0.992602,REAL,True
DEF_REAL_136,DEF_REAL_136_e14a8866507c.jpg,REAL,REAL,MS_COCO,None_Authentic_Photograph,V5-A Spatial,0.946947,0.053053,0.946947,0.053053,AI,False
DEF_REAL_136,DEF_REAL_136_e14a8866507c.jpg,REAL,REAL,MS_COCO,None_Authentic_Photograph,V5-B Frequency,0.000857,0.999143,0.000857,0.999143,REAL,True
DEF_REAL_136,DEF_REAL_136_e14a8866507c.jpg,REAL,REAL,MS_COCO,None_Authentic_Photograph,V5-C Hybrid,0.787754,0.212246,0.787754,0.212246,AI,False
DEF_REAL_136,DEF_REAL_136_e14a8866507c.jpg,REAL,REAL,MS_COCO,None_Authentic_Photograph,V5-D Gated Residual,7.1e-05,0.999929,0.012821,0.987179,REAL,True
DEF_REAL_137,DEF_REAL_137_6b8f4fc88fd1.jpg,REAL,REAL,MS_COCO,None_Authentic_Photograph,V5-A Spatial,0.999119,0.000881,0.999119,0.000881,AI,False
DEF_REAL_137,DEF_REAL_137_6b8f4fc88fd1.jpg,REAL,REAL,MS_COCO,None_Authentic_Photograph,V5-B Frequency,0.000919,0.999081,0.000919,0.999081,REAL,True
DEF_REAL_137,DEF_REAL_137_6b8f4fc88fd1.jpg,REAL,REAL,MS_COCO,None_Authentic_Photograph,V5-C Hybrid,0.999775,0.000225,0.999775,0.000225,AI,False
DEF_REAL_137,DEF_REAL_137_6b8f4fc88fd1.jpg,REAL,REAL,MS_COCO,None_Authentic_Photograph,V5-D Gated Residual,0.552876,0.447124,0.524124,0.475876,AI,False
DEF_REAL_138,DEF_REAL_138_76bb10996d1a.jpg,REAL,REAL,MS_COCO,None_Authentic_Photograph,V5-A Spatial,0.00017,0.99983,0.00017,0.99983,REAL,True
DEF_REAL_138,DEF_REAL_138_76bb10996d1a.jpg,REAL,REAL,MS_COCO,None_Authentic_Photograph,V5-B Frequency,0.000338,0.999662,0.000338,0.999662,REAL,True
DEF_REAL_138,DEF_REAL_138_76bb10996d1a.jpg,REAL,REAL,MS_COCO,None_Authentic_Photograph,V5-C Hybrid,0.000267,0.999734,0.000267,0.999734,REAL,True
DEF_REAL_138,DEF_REAL_138_76bb10996d1a.jpg,REAL,REAL,MS_COCO,None_Authentic_Photograph,V5-D Gated Residual,0.001311,0.998689,0.046608,0.953392,REAL,True
DEF_REAL_139,DEF_REAL_139_dd4d1b2d775c.jpg,REAL,REAL,MS_COCO,None_Authentic_Photograph,V5-A Spatial,0.998781,0.001219,0.998781,0.001219,AI,False
DEF_REAL_139,DEF_REAL_139_dd4d1b2d775c.jpg,REAL,REAL,MS_COCO,None_Authentic_Photograph,V5-B Frequency,0.004841,0.995159,0.004841,0.995159,REAL,True
DEF_REAL_139,DEF_REAL_139_dd4d1b2d775c.jpg,REAL,REAL,MS_COCO,None_Authentic_Photograph,V5-C Hybrid,0.450531,0.549469,0.450531,0.549469,REAL,True
DEF_REAL_139,DEF_REAL_139_dd4d1b2d775c.jpg,REAL,REAL,MS_COCO,None_Authentic_Photograph,V5-D Gated Residual,0.014946,0.985054,0.129528,0.870472,REAL,True
DEF_REAL_140,DEF_REAL_140_d8be989c1fb3.jpg,REAL,REAL,MS_COCO,None_Authentic_Photograph,V5-A Spatial,1.0,0.0,1.0,0.0,AI,False
DEF_REAL_140,DEF_REAL_140_d8be989c1fb3.jpg,REAL,REAL,MS_COCO,None_Authentic_Photograph,V5-B Frequency,0.001539,0.998461,0.001539,0.998461,REAL,True
DEF_REAL_140,DEF_REAL_140_d8be989c1fb3.jpg,REAL,REAL,MS_COCO,None_Authentic_Photograph,V5-C Hybrid,0.999943,5.7e-05,0.999943,5.7e-05,AI,False
DEF_REAL_140,DEF_REAL_140_d8be989c1fb3.jpg,REAL,REAL,MS_COCO,None_Authentic_Photograph,V5-D Gated Residual,0.999688,0.000312,0.975189,0.024811,AI,False
DEF_REAL_141,DEF_REAL_141_1c549857fe07.jpg,REAL,REAL,MS_COCO,None_Authentic_Photograph,V5-A Spatial,0.500324,0.499676,0.500324,0.499676,AI,False
DEF_REAL_141,DEF_REAL_141_1c549857fe07.jpg,REAL,REAL,MS_COCO,None_Authentic_Photograph,V5-B Frequency,2.1e-05,0.999979,2.1e-05,0.999979,REAL,True
DEF_REAL_141,DEF_REAL_141_1c549857fe07.jpg,REAL,REAL,MS_COCO,None_Authentic_Photograph,V5-C Hybrid,0.18358,0.81642,0.18358,0.81642,REAL,True
DEF_REAL_141,DEF_REAL_141_1c549857fe07.jpg,REAL,REAL,MS_COCO,None_Authentic_Photograph,V5-D Gated Residual,0.000449,0.999551,0.029135,0.970865,REAL,True
DEF_REAL_142,DEF_REAL_142_92decc6d4740.jpg,REAL,REAL,MS_COCO,None_Authentic_Photograph,V5-A Spatial,1.0,0.0,1.0,0.0,AI,False
DEF_REAL_142,DEF_REAL_142_92decc6d4740.jpg,REAL,REAL,MS_COCO,None_Authentic_Photograph,V5-B Frequency,1e-06,0.999999,1e-06,0.999999,REAL,True
DEF_REAL_142,DEF_REAL_142_92decc6d4740.jpg,REAL,REAL,MS_COCO,None_Authentic_Photograph,V5-C Hybrid,0.787982,0.212018,0.787982,0.212018,AI,False
DEF_REAL_142,DEF_REAL_142_92decc6d4740.jpg,REAL,REAL,MS_COCO,None_Authentic_Photograph,V5-D Gated Residual,0.996051,0.003949,0.925227,0.074773,AI,False
DEF_REAL_143,DEF_REAL_143_8b3583784457.jpg,REAL,REAL,MS_COCO,None_Authentic_Photograph,V5-A Spatial,0.690203,0.309797,0.690203,0.309797,AI,False
DEF_REAL_143,DEF_REAL_143_8b3583784457.jpg,REAL,REAL,MS_COCO,None_Authentic_Photograph,V5-B Frequency,3.1e-05,0.999969,3.1e-05,0.999969,REAL,True
DEF_REAL_143,DEF_REAL_143_8b3583784457.jpg,REAL,REAL,MS_COCO,None_Authentic_Photograph,V5-C Hybrid,0.114317,0.885683,0.114317,0.885683,REAL,True
DEF_REAL_143,DEF_REAL_143_8b3583784457.jpg,REAL,REAL,MS_COCO,None_Authentic_Photograph,V5-D Gated Residual,0.000104,0.999896,0.015177,0.984823,REAL,True
DEF_REAL_144,DEF_REAL_144_4afc00959cf6.jpg,REAL,REAL,MS_COCO,None_Authentic_Photograph,V5-A Spatial,0.000688,0.999312,0.000688,0.999312,REAL,True
DEF_REAL_144,DEF_REAL_144_4afc00959cf6.jpg,REAL,REAL,MS_COCO,None_Authentic_Photograph,V5-B Frequency,0.000118,0.999882,0.000118,0.999882,REAL,True
DEF_REAL_144,DEF_REAL_144_4afc00959cf6.jpg,REAL,REAL,MS_COCO,None_Authentic_Photograph,V5-C Hybrid,1.6e-05,0.999984,1.6e-05,0.999984,REAL,True
DEF_REAL_144,DEF_REAL_144_4afc00959cf6.jpg,REAL,REAL,MS_COCO,None_Authentic_Photograph,V5-D Gated Residual,0.001195,0.998806,0.044753,0.955247,REAL,True
DEF_REAL_145,DEF_REAL_145_9234efde942f.jpg,REAL,REAL,MS_COCO,None_Authentic_Photograph,V5-A Spatial,0.560037,0.439963,0.560037,0.439963,AI,False
DEF_REAL_145,DEF_REAL_145_9234efde942f.jpg,REAL,REAL,MS_COCO,None_Authentic_Photograph,V5-B Frequency,1e-06,0.999999,1e-06,0.999999,REAL,True
DEF_REAL_145,DEF_REAL_145_9234efde942f.jpg,REAL,REAL,MS_COCO,None_Authentic_Photograph,V5-C Hybrid,2e-06,0.999998,2e-06,0.999998,REAL,True
DEF_REAL_145,DEF_REAL_145_9234efde942f.jpg,REAL,REAL,MS_COCO,None_Authentic_Photograph,V5-D Gated Residual,0.000479,0.999521,0.029973,0.970027,REAL,True
DEF_REAL_146,DEF_REAL_146_9d8b13ddcaa6.jpg,REAL,REAL,MS_COCO,None_Authentic_Photograph,V5-A Spatial,0.875681,0.124319,0.875681,0.124319,AI,False
DEF_REAL_146,DEF_REAL_146_9d8b13ddcaa6.jpg,REAL,REAL,MS_COCO,None_Authentic_Photograph,V5-B Frequency,0.853728,0.146272,0.853728,0.146272,AI,False
DEF_REAL_146,DEF_REAL_146_9d8b13ddcaa6.jpg,REAL,REAL,MS_COCO,None_Authentic_Photograph,V5-C Hybrid,0.025173,0.974827,0.025173,0.974827,REAL,True
DEF_REAL_146,DEF_REAL_146_9d8b13ddcaa6.jpg,REAL,REAL,MS_COCO,None_Authentic_Photograph,V5-D Gated Residual,0.991804,0.008196,0.898579,0.101421,AI,False
DEF_REAL_147,DEF_REAL_147_6e9156153c68.jpg,REAL,REAL,MS_COCO,None_Authentic_Photograph,V5-A Spatial,0.00189,0.998111,0.00189,0.998111,REAL,True
DEF_REAL_147,DEF_REAL_147_6e9156153c68.jpg,REAL,REAL,MS_COCO,None_Authentic_Photograph,V5-B Frequency,0.014295,0.985705,0.014295,0.985705,REAL,True
DEF_REAL_147,DEF_REAL_147_6e9156153c68.jpg,REAL,REAL,MS_COCO,None_Authentic_Photograph,V5-C Hybrid,0.013803,0.986197,0.013803,0.986197,REAL,True
DEF_REAL_147,DEF_REAL_147_6e9156153c68.jpg,REAL,REAL,MS_COCO,None_Authentic_Photograph,V5-D Gated Residual,0.000159,0.999841,0.018346,0.981654,REAL,True
DEF_REAL_148,DEF_REAL_148_e2bf467a2675.jpg,REAL,REAL,MS_COCO,None_Authentic_Photograph,V5-A Spatial,0.014361,0.985639,0.014361,0.985639,REAL,True
DEF_REAL_148,DEF_REAL_148_e2bf467a2675.jpg,REAL,REAL,MS_COCO,None_Authentic_Photograph,V5-B Frequency,0.000269,0.999731,0.000269,0.999731,REAL,True
DEF_REAL_148,DEF_REAL_148_e2bf467a2675.jpg,REAL,REAL,MS_COCO,None_Authentic_Photograph,V5-C Hybrid,0.0148,0.9852,0.0148,0.9852,REAL,True
DEF_REAL_148,DEF_REAL_148_e2bf467a2675.jpg,REAL,REAL,MS_COCO,None_Authentic_Photograph,V5-D Gated Residual,0.01774,0.98226,0.138729,0.861271,REAL,True
DEF_REAL_149,DEF_REAL_149_93ba6df57275.jpg,REAL,REAL,MS_COCO,None_Authentic_Photograph,V5-A Spatial,0.165225,0.834775,0.165225,0.834775,REAL,True
DEF_REAL_149,DEF_REAL_149_93ba6df57275.jpg,REAL,REAL,MS_COCO,None_Authentic_Photograph,V5-B Frequency,0.000293,0.999707,0.000293,0.999707,REAL,True
DEF_REAL_149,DEF_REAL_149_93ba6df57275.jpg,REAL,REAL,MS_COCO,None_Authentic_Photograph,V5-C Hybrid,1.7e-05,0.999983,1.7e-05,0.999983,REAL,True
DEF_REAL_149,DEF_REAL_149_93ba6df57275.jpg,REAL,REAL,MS_COCO,None_Authentic_Photograph,V5-D Gated Residual,0.000521,0.999479,0.031117,0.968883,REAL,True
DEF_REAL_150,DEF_REAL_150_a87003671252.jpg,REAL,REAL,MS_COCO,None_Authentic_Photograph,V5-A Spatial,0.634122,0.365878,0.634122,0.365878,AI,False
DEF_REAL_150,DEF_REAL_150_a87003671252.jpg,REAL,REAL,MS_COCO,None_Authentic_Photograph,V5-B Frequency,0.122872,0.877129,0.122872,0.877129,REAL,True
DEF_REAL_150,DEF_REAL_150_a87003671252.jpg,REAL,REAL,MS_COCO,None_Authentic_Photograph,V5-C Hybrid,0.110824,0.889176,0.110824,0.889176,REAL,True
DEF_REAL_150,DEF_REAL_150_a87003671252.jpg,REAL,REAL,MS_COCO,None_Authentic_Photograph,V5-D Gated Residual,0.012578,0.987422,0.120818,0.879182,REAL,True
DEF_REAL_151,DEF_REAL_151_e3e4e46cde59.jpg,REAL,REAL,MS_COCO,None_Authentic_Photograph,V5-A Spatial,0.006679,0.993321,0.006679,0.993321,REAL,True
DEF_REAL_151,DEF_REAL_151_e3e4e46cde59.jpg,REAL,REAL,MS_COCO,None_Authentic_Photograph,V5-B Frequency,0.022893,0.977107,0.022893,0.977107,REAL,True
DEF_REAL_151,DEF_REAL_151_e3e4e46cde59.jpg,REAL,REAL,MS_COCO,None_Authentic_Photograph,V5-C Hybrid,3.2e-05,0.999968,3.2e-05,0.999968,REAL,True
DEF_REAL_151,DEF_REAL_151_e3e4e46cde59.jpg,REAL,REAL,MS_COCO,None_Authentic_Photograph,V5-D Gated Residual,9e-06,0.99999,0.005165,0.994835,REAL,True
DEF_REAL_152,DEF_REAL_152_3ff2accf3f55.jpg,REAL,REAL,MS_COCO,None_Authentic_Photograph,V5-A Spatial,0.028832,0.971168,0.028832,0.971168,REAL,True
DEF_REAL_152,DEF_REAL_152_3ff2accf3f55.jpg,REAL,REAL,MS_COCO,None_Authentic_Photograph,V5-B Frequency,0.020078,0.979922,0.020078,0.979922,REAL,True
DEF_REAL_152,DEF_REAL_152_3ff2accf3f55.jpg,REAL,REAL,MS_COCO,None_Authentic_Photograph,V5-C Hybrid,0.001268,0.998732,0.001268,0.998732,REAL,True
DEF_REAL_152,DEF_REAL_152_3ff2accf3f55.jpg,REAL,REAL,MS_COCO,None_Authentic_Photograph,V5-D Gated Residual,3.5e-05,0.999965,0.009333,0.990667,REAL,True
DEF_REAL_153,DEF_REAL_153_b7744f90bbf8.jpg,REAL,REAL,MS_COCO,None_Authentic_Photograph,V5-A Spatial,3e-06,0.999997,3e-06,0.999997,REAL,True
DEF_REAL_153,DEF_REAL_153_b7744f90bbf8.jpg,REAL,REAL,MS_COCO,None_Authentic_Photograph,V5-B Frequency,6.9e-05,0.999931,6.9e-05,0.999931,REAL,True
DEF_REAL_153,DEF_REAL_153_b7744f90bbf8.jpg,REAL,REAL,MS_COCO,None_Authentic_Photograph,V5-C Hybrid,1.6e-05,0.999984,1.6e-05,0.999984,REAL,True
DEF_REAL_153,DEF_REAL_153_b7744f90bbf8.jpg,REAL,REAL,MS_COCO,None_Authentic_Photograph,V5-D Gated Residual,2.6e-05,0.999974,0.008083,0.991917,REAL,True
DEF_REAL_154,DEF_REAL_154_87dc15a4d94d.jpg,REAL,REAL,MS_COCO,None_Authentic_Photograph,V5-A Spatial,0.985645,0.014355,0.985645,0.014355,AI,False
DEF_REAL_154,DEF_REAL_154_87dc15a4d94d.jpg,REAL,REAL,MS_COCO,None_Authentic_Photograph,V5-B Frequency,0.000598,0.999402,0.000598,0.999402,REAL,True
DEF_REAL_154,DEF_REAL_154_87dc15a4d94d.jpg,REAL,REAL,MS_COCO,None_Authentic_Photograph,V5-C Hybrid,0.002755,0.997245,0.002755,0.997245,REAL,True
DEF_REAL_154,DEF_REAL_154_87dc15a4d94d.jpg,REAL,REAL,MS_COCO,None_Authentic_Photograph,V5-D Gated Residual,0.090935,0.909065,0.259753,0.740247,REAL,True
DEF_REAL_155,DEF_REAL_155_d08960fbca88.jpg,REAL,REAL,MS_COCO,None_Authentic_Photograph,V5-A Spatial,0.966964,0.033036,0.966964,0.033036,AI,False
DEF_REAL_155,DEF_REAL_155_d08960fbca88.jpg,REAL,REAL,MS_COCO,None_Authentic_Photograph,V5-B Frequency,0.000265,0.999735,0.000265,0.999735,REAL,True
DEF_REAL_155,DEF_REAL_155_d08960fbca88.jpg,REAL,REAL,MS_COCO,None_Authentic_Photograph,V5-C Hybrid,0.561878,0.438122,0.561878,0.438122,AI,False
DEF_REAL_155,DEF_REAL_155_d08960fbca88.jpg,REAL,REAL,MS_COCO,None_Authentic_Photograph,V5-D Gated Residual,0.002373,0.997627,0.060193,0.939807,REAL,True
DEF_REAL_156,DEF_REAL_156_51c817e27a75.jpg,REAL,REAL,MS_COCO,None_Authentic_Photograph,V5-A Spatial,0.412476,0.587524,0.412476,0.587524,REAL,True
DEF_REAL_156,DEF_REAL_156_51c817e27a75.jpg,REAL,REAL,MS_COCO,None_Authentic_Photograph,V5-B Frequency,0.000192,0.999808,0.000192,0.999808,REAL,True
DEF_REAL_156,DEF_REAL_156_51c817e27a75.jpg,REAL,REAL,MS_COCO,None_Authentic_Photograph,V5-C Hybrid,0.901499,0.098501,0.901499,0.098501,AI,False
DEF_REAL_156,DEF_REAL_156_51c817e27a75.jpg,REAL,REAL,MS_COCO,None_Authentic_Photograph,V5-D Gated Residual,0.021113,0.978887,0.14866,0.85134,REAL,True
DEF_REAL_157,DEF_REAL_157_0afe385b6c0f.jpg,REAL,REAL,MS_COCO,None_Authentic_Photograph,V5-A Spatial,0.998477,0.001523,0.998477,0.001523,AI,False
DEF_REAL_157,DEF_REAL_157_0afe385b6c0f.jpg,REAL,REAL,MS_COCO,None_Authentic_Photograph,V5-B Frequency,0.000267,0.999733,0.000267,0.999733,REAL,True
DEF_REAL_157,DEF_REAL_157_0afe385b6c0f.jpg,REAL,REAL,MS_COCO,None_Authentic_Photograph,V5-C Hybrid,0.006561,0.993439,0.006561,0.993439,REAL,True
DEF_REAL_157,DEF_REAL_157_0afe385b6c0f.jpg,REAL,REAL,MS_COCO,None_Authentic_Photograph,V5-D Gated Residual,0.001336,0.998664,0.04698,0.95302,REAL,True
DEF_REAL_158,DEF_REAL_158_67c8852fda0e.jpg,REAL,REAL,MS_COCO,None_Authentic_Photograph,V5-A Spatial,0.725695,0.274305,0.725695,0.274305,AI,False
DEF_REAL_158,DEF_REAL_158_67c8852fda0e.jpg,REAL,REAL,MS_COCO,None_Authentic_Photograph,V5-B Frequency,8.8e-05,0.999912,8.8e-05,0.999912,REAL,True
DEF_REAL_158,DEF_REAL_158_67c8852fda0e.jpg,REAL,REAL,MS_COCO,None_Authentic_Photograph,V5-C Hybrid,0.000262,0.999738,0.000262,0.999738,REAL,True
DEF_REAL_158,DEF_REAL_158_67c8852fda0e.jpg,REAL,REAL,MS_COCO,None_Authentic_Photograph,V5-D Gated Residual,0.000138,0.999862,0.017222,0.982778,REAL,True
DEF_REAL_159,DEF_REAL_159_391a5f9c5229.jpg,REAL,REAL,MS_COCO,None_Authentic_Photograph,V5-A Spatial,0.040028,0.959972,0.040028,0.959972,REAL,True
DEF_REAL_159,DEF_REAL_159_391a5f9c5229.jpg,REAL,REAL,MS_COCO,None_Authentic_Photograph,V5-B Frequency,0.988907,0.011093,0.988907,0.011093,AI,False
DEF_REAL_159,DEF_REAL_159_391a5f9c5229.jpg,REAL,REAL,MS_COCO,None_Authentic_Photograph,V5-C Hybrid,0.90547,0.09453,0.90547,0.09453,AI,False
DEF_REAL_159,DEF_REAL_159_391a5f9c5229.jpg,REAL,REAL,MS_COCO,None_Authentic_Photograph,V5-D Gated Residual,0.48144,0.51856,0.491554,0.508446,REAL,True
DEF_REAL_160,DEF_REAL_160_a3b1d68ecc60.jpg,REAL,REAL,MS_COCO,None_Authentic_Photograph,V5-A Spatial,0.917782,0.082218,0.917782,0.082218,AI,False
DEF_REAL_160,DEF_REAL_160_a3b1d68ecc60.jpg,REAL,REAL,MS_COCO,None_Authentic_Photograph,V5-B Frequency,0.002585,0.997415,0.002585,0.997415,REAL,True
DEF_REAL_160,DEF_REAL_160_a3b1d68ecc60.jpg,REAL,REAL,MS_COCO,None_Authentic_Photograph,V5-C Hybrid,0.006873,0.993127,0.006873,0.993127,REAL,True
DEF_REAL_160,DEF_REAL_160_a3b1d68ecc60.jpg,REAL,REAL,MS_COCO,None_Authentic_Photograph,V5-D Gated Residual,0.002645,0.997355,0.063063,0.936937,REAL,True
DEF_REAL_161,DEF_REAL_161_596c2c8b8699.jpg,REAL,REAL,MS_COCO,None_Authentic_Photograph,V5-A Spatial,0.008466,0.991535,0.008466,0.991535,REAL,True
DEF_REAL_161,DEF_REAL_161_596c2c8b8699.jpg,REAL,REAL,MS_COCO,None_Authentic_Photograph,V5-B Frequency,0.000253,0.999747,0.000253,0.999747,REAL,True
DEF_REAL_161,DEF_REAL_161_596c2c8b8699.jpg,REAL,REAL,MS_COCO,None_Authentic_Photograph,V5-C Hybrid,0.002715,0.997285,0.002715,0.997285,REAL,True
DEF_REAL_161,DEF_REAL_161_596c2c8b8699.jpg,REAL,REAL,MS_COCO,None_Authentic_Photograph,V5-D Gated Residual,9.1e-05,0.999909,0.014303,0.985697,REAL,True
DEF_REAL_162,DEF_REAL_162_2d2634977f54.jpg,REAL,REAL,MS_COCO,None_Authentic_Photograph,V5-A Spatial,0.380883,0.619117,0.380883,0.619117,REAL,True
DEF_REAL_162,DEF_REAL_162_2d2634977f54.jpg,REAL,REAL,MS_COCO,None_Authentic_Photograph,V5-B Frequency,0.074582,0.925418,0.074582,0.925418,REAL,True
DEF_REAL_162,DEF_REAL_162_2d2634977f54.jpg,REAL,REAL,MS_COCO,None_Authentic_Photograph,V5-C Hybrid,0.368574,0.631426,0.368574,0.631426,REAL,True
DEF_REAL_162,DEF_REAL_162_2d2634977f54.jpg,REAL,REAL,MS_COCO,None_Authentic_Photograph,V5-D Gated Residual,0.017628,0.982372,0.138376,0.861624,REAL,True
DEF_REAL_163,DEF_REAL_163_f7ae7c75e8e7.jpg,REAL,REAL,MS_COCO,None_Authentic_Photograph,V5-A Spatial,0.081344,0.918656,0.081344,0.918656,REAL,True
DEF_REAL_163,DEF_REAL_163_f7ae7c75e8e7.jpg,REAL,REAL,MS_COCO,None_Authentic_Photograph,V5-B Frequency,0.003142,0.996858,0.003142,0.996858,REAL,True
DEF_REAL_163,DEF_REAL_163_f7ae7c75e8e7.jpg,REAL,REAL,MS_COCO,None_Authentic_Photograph,V5-C Hybrid,0.999991,9e-06,0.999991,9e-06,AI,False
DEF_REAL_163,DEF_REAL_163_f7ae7c75e8e7.jpg,REAL,REAL,MS_COCO,None_Authentic_Photograph,V5-D Gated Residual,0.882979,0.117021,0.714896,0.285104,AI,False
DEF_REAL_164,DEF_REAL_164_88fd3b8fe981.jpg,REAL,REAL,MS_COCO,None_Authentic_Photograph,V5-A Spatial,0.005689,0.994311,0.005689,0.994311,REAL,True
DEF_REAL_164,DEF_REAL_164_88fd3b8fe981.jpg,REAL,REAL,MS_COCO,None_Authentic_Photograph,V5-B Frequency,1.8e-05,0.999982,1.8e-05,0.999982,REAL,True
DEF_REAL_164,DEF_REAL_164_88fd3b8fe981.jpg,REAL,REAL,MS_COCO,None_Authentic_Photograph,V5-C Hybrid,4.1e-05,0.999959,4.1e-05,0.999959,REAL,True
DEF_REAL_164,DEF_REAL_164_88fd3b8fe981.jpg,REAL,REAL,MS_COCO,None_Authentic_Photograph,V5-D Gated Residual,0.000371,0.999629,0.026776,0.973224,REAL,True
DEF_REAL_165,DEF_REAL_165_0c152c9b66f6.jpg,REAL,REAL,MS_COCO,None_Authentic_Photograph,V5-A Spatial,0.001146,0.998854,0.001146,0.998854,REAL,True
DEF_REAL_165,DEF_REAL_165_0c152c9b66f6.jpg,REAL,REAL,MS_COCO,None_Authentic_Photograph,V5-B Frequency,0.044927,0.955073,0.044927,0.955073,REAL,True
DEF_REAL_165,DEF_REAL_165_0c152c9b66f6.jpg,REAL,REAL,MS_COCO,None_Authentic_Photograph,V5-C Hybrid,0.0,1.0,0.0,1.0,REAL,True
DEF_REAL_165,DEF_REAL_165_0c152c9b66f6.jpg,REAL,REAL,MS_COCO,None_Authentic_Photograph,V5-D Gated Residual,0.000289,0.999711,0.023975,0.976025,REAL,True
DEF_REAL_166,DEF_REAL_166_89afb2a881c9.jpg,REAL,REAL,MS_COCO,None_Authentic_Photograph,V5-A Spatial,0.999311,0.000689,0.999311,0.000689,AI,False
DEF_REAL_166,DEF_REAL_166_89afb2a881c9.jpg,REAL,REAL,MS_COCO,None_Authentic_Photograph,V5-B Frequency,0.000725,0.999275,0.000725,0.999275,REAL,True
DEF_REAL_166,DEF_REAL_166_89afb2a881c9.jpg,REAL,REAL,MS_COCO,None_Authentic_Photograph,V5-C Hybrid,0.999635,0.000365,0.999635,0.000365,AI,False
DEF_REAL_166,DEF_REAL_166_89afb2a881c9.jpg,REAL,REAL,MS_COCO,None_Authentic_Photograph,V5-D Gated Residual,0.999858,0.000141,0.982567,0.017433,AI,False
DEF_REAL_167,DEF_REAL_167_95f50b3def6e.jpg,REAL,REAL,MS_COCO,None_Authentic_Photograph,V5-A Spatial,0.989101,0.010899,0.989101,0.010899,AI,False
DEF_REAL_167,DEF_REAL_167_95f50b3def6e.jpg,REAL,REAL,MS_COCO,None_Authentic_Photograph,V5-B Frequency,0.122255,0.877745,0.122255,0.877745,REAL,True
DEF_REAL_167,DEF_REAL_167_95f50b3def6e.jpg,REAL,REAL,MS_COCO,None_Authentic_Photograph,V5-C Hybrid,0.999998,2e-06,0.999998,2e-06,AI,False
DEF_REAL_167,DEF_REAL_167_95f50b3def6e.jpg,REAL,REAL,MS_COCO,None_Authentic_Photograph,V5-D Gated Residual,0.999655,0.000345,0.974057,0.025943,AI,False
DEF_REAL_168,DEF_REAL_168_634edcf6e533.jpg,REAL,REAL,MS_COCO,None_Authentic_Photograph,V5-A Spatial,6.7e-05,0.999933,6.7e-05,0.999933,REAL,True
DEF_REAL_168,DEF_REAL_168_634edcf6e533.jpg,REAL,REAL,MS_COCO,None_Authentic_Photograph,V5-B Frequency,1.1e-05,0.999989,1.1e-05,0.999989,REAL,True
DEF_REAL_168,DEF_REAL_168_634edcf6e533.jpg,REAL,REAL,MS_COCO,None_Authentic_Photograph,V5-C Hybrid,4.1e-05,0.999959,4.1e-05,0.999959,REAL,True
DEF_REAL_168,DEF_REAL_168_634edcf6e533.jpg,REAL,REAL,MS_COCO,None_Authentic_Photograph,V5-D Gated Residual,6.5e-05,0.999935,0.012323,0.987677,REAL,True
DEF_REAL_169,DEF_REAL_169_0b8d48eb582a.jpg,REAL,REAL,MS_COCO,None_Authentic_Photograph,V5-A Spatial,0.476876,0.523124,0.476876,0.523124,REAL,True
DEF_REAL_169,DEF_REAL_169_0b8d48eb582a.jpg,REAL,REAL,MS_COCO,None_Authentic_Photograph,V5-B Frequency,0.000586,0.999413,0.000586,0.999413,REAL,True
DEF_REAL_169,DEF_REAL_169_0b8d48eb582a.jpg,REAL,REAL,MS_COCO,None_Authentic_Photograph,V5-C Hybrid,0.031776,0.968224,0.031776,0.968224,REAL,True
DEF_REAL_169,DEF_REAL_169_0b8d48eb582a.jpg,REAL,REAL,MS_COCO,None_Authentic_Photograph,V5-D Gated Residual,0.135034,0.864966,0.300528,0.699472,REAL,True
DEF_REAL_170,DEF_REAL_170_05b2f6b20253.jpg,REAL,REAL,MS_COCO,None_Authentic_Photograph,V5-A Spatial,0.563679,0.436321,0.563679,0.436321,AI,False
DEF_REAL_170,DEF_REAL_170_05b2f6b20253.jpg,REAL,REAL,MS_COCO,None_Authentic_Photograph,V5-B Frequency,0.099538,0.900462,0.099538,0.900462,REAL,True
DEF_REAL_170,DEF_REAL_170_05b2f6b20253.jpg,REAL,REAL,MS_COCO,None_Authentic_Photograph,V5-C Hybrid,0.685806,0.314194,0.685806,0.314194,AI,False
DEF_REAL_170,DEF_REAL_170_05b2f6b20253.jpg,REAL,REAL,MS_COCO,None_Authentic_Photograph,V5-D Gated Residual,0.000281,0.999719,0.023663,0.976337,REAL,True
DEF_REAL_171,DEF_REAL_171_0af5308a2beb.jpg,REAL,REAL,MS_COCO,None_Authentic_Photograph,V5-A Spatial,0.999474,0.000526,0.999474,0.000526,AI,False
DEF_REAL_171,DEF_REAL_171_0af5308a2beb.jpg,REAL,REAL,MS_COCO,None_Authentic_Photograph,V5-B Frequency,0.921631,0.078369,0.921631,0.078369,AI,False
DEF_REAL_171,DEF_REAL_171_0af5308a2beb.jpg,REAL,REAL,MS_COCO,None_Authentic_Photograph,V5-C Hybrid,0.999925,7.5e-05,0.999925,7.5e-05,AI,False
DEF_REAL_171,DEF_REAL_171_0af5308a2beb.jpg,REAL,REAL,MS_COCO,None_Authentic_Photograph,V5-D Gated Residual,0.999918,8.2e-05,0.986315,0.013685,AI,False
DEF_REAL_172,DEF_REAL_172_a63f620909a4.jpg,REAL,REAL,MS_COCO,None_Authentic_Photograph,V5-A Spatial,0.000677,0.999323,0.000677,0.999323,REAL,True
DEF_REAL_172,DEF_REAL_172_a63f620909a4.jpg,REAL,REAL,MS_COCO,None_Authentic_Photograph,V5-B Frequency,3.2e-05,0.999968,3.2e-05,0.999968,REAL,True
DEF_REAL_172,DEF_REAL_172_a63f620909a4.jpg,REAL,REAL,MS_COCO,None_Authentic_Photograph,V5-C Hybrid,7.9e-05,0.999921,7.9e-05,0.999921,REAL,True
DEF_REAL_172,DEF_REAL_172_a63f620909a4.jpg,REAL,REAL,MS_COCO,None_Authentic_Photograph,V5-D Gated Residual,0.000194,0.999806,0.020095,0.979905,REAL,True
DEF_REAL_173,DEF_REAL_173_08b207f75295.jpg,REAL,REAL,MS_COCO,None_Authentic_Photograph,V5-A Spatial,1.2e-05,0.999988,1.2e-05,0.999988,REAL,True
DEF_REAL_173,DEF_REAL_173_08b207f75295.jpg,REAL,REAL,MS_COCO,None_Authentic_Photograph,V5-B Frequency,0.000401,0.999599,0.000401,0.999599,REAL,True
DEF_REAL_173,DEF_REAL_173_08b207f75295.jpg,REAL,REAL,MS_COCO,None_Authentic_Photograph,V5-C Hybrid,0.586394,0.413606,0.586394,0.413606,AI,False
DEF_REAL_173,DEF_REAL_173_08b207f75295.jpg,REAL,REAL,MS_COCO,None_Authentic_Photograph,V5-D Gated Residual,0.000297,0.999703,0.024269,0.975731,REAL,True
DEF_REAL_174,DEF_REAL_174_795f7d4cfc0f.jpg,REAL,REAL,MS_COCO,None_Authentic_Photograph,V5-A Spatial,0.555743,0.444257,0.555743,0.444257,AI,False
DEF_REAL_174,DEF_REAL_174_795f7d4cfc0f.jpg,REAL,REAL,MS_COCO,None_Authentic_Photograph,V5-B Frequency,0.010398,0.989602,0.010398,0.989602,REAL,True
DEF_REAL_174,DEF_REAL_174_795f7d4cfc0f.jpg,REAL,REAL,MS_COCO,None_Authentic_Photograph,V5-C Hybrid,0.034955,0.965045,0.034955,0.965045,REAL,True
DEF_REAL_174,DEF_REAL_174_795f7d4cfc0f.jpg,REAL,REAL,MS_COCO,None_Authentic_Photograph,V5-D Gated Residual,0.99614,0.00386,0.925949,0.074051,AI,False
DEF_REAL_175,DEF_REAL_175_d48ddc8ba6f2.jpg,REAL,REAL,MS_COCO,None_Authentic_Photograph,V5-A Spatial,0.0,1.0,0.0,1.0,REAL,True
DEF_REAL_175,DEF_REAL_175_d48ddc8ba6f2.jpg,REAL,REAL,MS_COCO,None_Authentic_Photograph,V5-B Frequency,0.977958,0.022042,0.977958,0.022042,AI,False
DEF_REAL_175,DEF_REAL_175_d48ddc8ba6f2.jpg,REAL,REAL,MS_COCO,None_Authentic_Photograph,V5-C Hybrid,0.0,1.0,0.0,1.0,REAL,True
DEF_REAL_175,DEF_REAL_175_d48ddc8ba6f2.jpg,REAL,REAL,MS_COCO,None_Authentic_Photograph,V5-D Gated Residual,3.2e-05,0.999968,0.008907,0.991093,REAL,True
DEF_REAL_176,DEF_REAL_176_7ba50b962b2a.jpg,REAL,REAL,MS_COCO,None_Authentic_Photograph,V5-A Spatial,0.716738,0.283262,0.716738,0.283262,AI,False
DEF_REAL_176,DEF_REAL_176_7ba50b962b2a.jpg,REAL,REAL,MS_COCO,None_Authentic_Photograph,V5-B Frequency,0.033965,0.966035,0.033965,0.966035,REAL,True
DEF_REAL_176,DEF_REAL_176_7ba50b962b2a.jpg,REAL,REAL,MS_COCO,None_Authentic_Photograph,V5-C Hybrid,0.089014,0.910986,0.089014,0.910986,REAL,True
DEF_REAL_176,DEF_REAL_176_7ba50b962b2a.jpg,REAL,REAL,MS_COCO,None_Authentic_Photograph,V5-D Gated Residual,0.000603,0.999397,0.033179,0.966821,REAL,True
DEF_REAL_177,DEF_REAL_177_e00a79e1c8f4.jpg,REAL,REAL,MS_COCO,None_Authentic_Photograph,V5-A Spatial,0.992412,0.007588,0.992412,0.007588,AI,False
DEF_REAL_177,DEF_REAL_177_e00a79e1c8f4.jpg,REAL,REAL,MS_COCO,None_Authentic_Photograph,V5-B Frequency,0.073554,0.926446,0.073554,0.926446,REAL,True
DEF_REAL_177,DEF_REAL_177_e00a79e1c8f4.jpg,REAL,REAL,MS_COCO,None_Authentic_Photograph,V5-C Hybrid,1.0,0.0,1.0,0.0,AI,False
DEF_REAL_177,DEF_REAL_177_e00a79e1c8f4.jpg,REAL,REAL,MS_COCO,None_Authentic_Photograph,V5-D Gated Residual,0.999991,9e-06,0.994924,0.005076,AI,False
DEF_REAL_178,DEF_REAL_178_bec1a737a5a7.jpg,REAL,REAL,MS_COCO,None_Authentic_Photograph,V5-A Spatial,0.382826,0.617174,0.382826,0.617174,REAL,True
DEF_REAL_178,DEF_REAL_178_bec1a737a5a7.jpg,REAL,REAL,MS_COCO,None_Authentic_Photograph,V5-B Frequency,6.4e-05,0.999936,6.4e-05,0.999936,REAL,True
DEF_REAL_178,DEF_REAL_178_bec1a737a5a7.jpg,REAL,REAL,MS_COCO,None_Authentic_Photograph,V5-C Hybrid,0.308888,0.691112,0.308888,0.691112,REAL,True
DEF_REAL_178,DEF_REAL_178_bec1a737a5a7.jpg,REAL,REAL,MS_COCO,None_Authentic_Photograph,V5-D Gated Residual,0.002559,0.997441,0.062177,0.937823,REAL,True
DEF_REAL_179,DEF_REAL_179_e5e7df04127b.jpg,REAL,REAL,MS_COCO,None_Authentic_Photograph,V5-A Spatial,0.121687,0.878313,0.121687,0.878313,REAL,True
DEF_REAL_179,DEF_REAL_179_e5e7df04127b.jpg,REAL,REAL,MS_COCO,None_Authentic_Photograph,V5-B Frequency,4e-05,0.999961,4e-05,0.999961,REAL,True
DEF_REAL_179,DEF_REAL_179_e5e7df04127b.jpg,REAL,REAL,MS_COCO,None_Authentic_Photograph,V5-C Hybrid,0.001862,0.998138,0.001862,0.998138,REAL,True
DEF_REAL_179,DEF_REAL_179_e5e7df04127b.jpg,REAL,REAL,MS_COCO,None_Authentic_Photograph,V5-D Gated Residual,0.000412,0.999588,0.028049,0.971951,REAL,True
DEF_REAL_180,DEF_REAL_180_c549854bd684.jpg,REAL,REAL,MS_COCO,None_Authentic_Photograph,V5-A Spatial,0.000144,0.999856,0.000144,0.999856,REAL,True
DEF_REAL_180,DEF_REAL_180_c549854bd684.jpg,REAL,REAL,MS_COCO,None_Authentic_Photograph,V5-B Frequency,1e-06,0.999999,1e-06,0.999999,REAL,True
DEF_REAL_180,DEF_REAL_180_c549854bd684.jpg,REAL,REAL,MS_COCO,None_Authentic_Photograph,V5-C Hybrid,5e-06,0.999995,5e-06,0.999995,REAL,True
DEF_REAL_180,DEF_REAL_180_c549854bd684.jpg,REAL,REAL,MS_COCO,None_Authentic_Photograph,V5-D Gated Residual,0.000246,0.999754,0.022315,0.977685,REAL,True
DEF_REAL_181,DEF_REAL_181_24d4ed1ed5c1.jpg,REAL,REAL,MS_COCO,None_Authentic_Photograph,V5-A Spatial,0.999985,1.5e-05,0.999985,1.5e-05,AI,False
DEF_REAL_181,DEF_REAL_181_24d4ed1ed5c1.jpg,REAL,REAL,MS_COCO,None_Authentic_Photograph,V5-B Frequency,0.343179,0.656821,0.343179,0.656821,REAL,True
DEF_REAL_181,DEF_REAL_181_24d4ed1ed5c1.jpg,REAL,REAL,MS_COCO,None_Authentic_Photograph,V5-C Hybrid,0.223941,0.776059,0.223941,0.776059,REAL,True
DEF_REAL_181,DEF_REAL_181_24d4ed1ed5c1.jpg,REAL,REAL,MS_COCO,None_Authentic_Photograph,V5-D Gated Residual,0.70318,0.29682,0.596843,0.403157,AI,False
DEF_REAL_182,DEF_REAL_182_e0750a34e0bc.jpg,REAL,REAL,MS_COCO,None_Authentic_Photograph,V5-A Spatial,0.999996,4e-06,0.999996,4e-06,AI,False
DEF_REAL_182,DEF_REAL_182_e0750a34e0bc.jpg,REAL,REAL,MS_COCO,None_Authentic_Photograph,V5-B Frequency,0.086789,0.913211,0.086789,0.913211,REAL,True
DEF_REAL_182,DEF_REAL_182_e0750a34e0bc.jpg,REAL,REAL,MS_COCO,None_Authentic_Photograph,V5-C Hybrid,0.974354,0.025646,0.974354,0.025646,AI,False
DEF_REAL_182,DEF_REAL_182_e0750a34e0bc.jpg,REAL,REAL,MS_COCO,None_Authentic_Photograph,V5-D Gated Residual,0.87135,0.12865,0.704779,0.295221,AI,False
DEF_REAL_183,DEF_REAL_183_598a4639db06.jpg,REAL,REAL,MS_COCO,None_Authentic_Photograph,V5-A Spatial,0.083385,0.916615,0.083385,0.916615,REAL,True
DEF_REAL_183,DEF_REAL_183_598a4639db06.jpg,REAL,REAL,MS_COCO,None_Authentic_Photograph,V5-B Frequency,0.167638,0.832362,0.167638,0.832362,REAL,True
DEF_REAL_183,DEF_REAL_183_598a4639db06.jpg,REAL,REAL,MS_COCO,None_Authentic_Photograph,V5-C Hybrid,0.923004,0.076996,0.923004,0.076996,AI,False
DEF_REAL_183,DEF_REAL_183_598a4639db06.jpg,REAL,REAL,MS_COCO,None_Authentic_Photograph,V5-D Gated Residual,0.358946,0.641054,0.434429,0.565571,REAL,True
DEF_REAL_184,DEF_REAL_184_36b162efade9.jpg,REAL,REAL,MS_COCO,None_Authentic_Photograph,V5-A Spatial,0.871277,0.128723,0.871277,0.128723,AI,False
DEF_REAL_184,DEF_REAL_184_36b162efade9.jpg,REAL,REAL,MS_COCO,None_Authentic_Photograph,V5-B Frequency,0.000101,0.999899,0.000101,0.999899,REAL,True
DEF_REAL_184,DEF_REAL_184_36b162efade9.jpg,REAL,REAL,MS_COCO,None_Authentic_Photograph,V5-C Hybrid,0.000229,0.999771,0.000229,0.999771,REAL,True
DEF_REAL_184,DEF_REAL_184_36b162efade9.jpg,REAL,REAL,MS_COCO,None_Authentic_Photograph,V5-D Gated Residual,0.000701,0.999299,0.035444,0.964556,REAL,True
DEF_REAL_185,DEF_REAL_185_552c78e0ca90.jpg,REAL,REAL,MS_COCO,None_Authentic_Photograph,V5-A Spatial,0.000484,0.999516,0.000484,0.999516,REAL,True
DEF_REAL_185,DEF_REAL_185_552c78e0ca90.jpg,REAL,REAL,MS_COCO,None_Authentic_Photograph,V5-B Frequency,0.002557,0.997443,0.002557,0.997443,REAL,True
DEF_REAL_185,DEF_REAL_185_552c78e0ca90.jpg,REAL,REAL,MS_COCO,None_Authentic_Photograph,V5-C Hybrid,0.999989,1.1e-05,0.999989,1.1e-05,AI,False
DEF_REAL_185,DEF_REAL_185_552c78e0ca90.jpg,REAL,REAL,MS_COCO,None_Authentic_Photograph,V5-D Gated Residual,0.024677,0.975323,0.158085,0.841915,REAL,True
DEF_REAL_186,DEF_REAL_186_90c940336315.jpg,REAL,REAL,MS_COCO,None_Authentic_Photograph,V5-A Spatial,0.018699,0.981301,0.018699,0.981301,REAL,True
DEF_REAL_186,DEF_REAL_186_90c940336315.jpg,REAL,REAL,MS_COCO,None_Authentic_Photograph,V5-B Frequency,0.123983,0.876017,0.123983,0.876017,REAL,True
DEF_REAL_186,DEF_REAL_186_90c940336315.jpg,REAL,REAL,MS_COCO,None_Authentic_Photograph,V5-C Hybrid,0.009576,0.990424,0.009576,0.990424,REAL,True
DEF_REAL_186,DEF_REAL_186_90c940336315.jpg,REAL,REAL,MS_COCO,None_Authentic_Photograph,V5-D Gated Residual,0.000462,0.999538,0.029499,0.970501,REAL,True
DEF_REAL_187,DEF_REAL_187_7ce3a9110626.jpg,REAL,REAL,MS_COCO,None_Authentic_Photograph,V5-A Spatial,0.998471,0.001529,0.998471,0.001529,AI,False
DEF_REAL_187,DEF_REAL_187_7ce3a9110626.jpg,REAL,REAL,MS_COCO,None_Authentic_Photograph,V5-B Frequency,0.529115,0.470884,0.529115,0.470884,AI,False
DEF_REAL_187,DEF_REAL_187_7ce3a9110626.jpg,REAL,REAL,MS_COCO,None_Authentic_Photograph,V5-C Hybrid,0.264143,0.735857,0.264143,0.735857,REAL,True
DEF_REAL_187,DEF_REAL_187_7ce3a9110626.jpg,REAL,REAL,MS_COCO,None_Authentic_Photograph,V5-D Gated Residual,0.058725,0.941275,0.220629,0.779371,REAL,True
DEF_REAL_188,DEF_REAL_188_f3c402b85b9f.jpg,REAL,REAL,MS_COCO,None_Authentic_Photograph,V5-A Spatial,0.94492,0.05508,0.94492,0.05508,AI,False
DEF_REAL_188,DEF_REAL_188_f3c402b85b9f.jpg,REAL,REAL,MS_COCO,None_Authentic_Photograph,V5-B Frequency,0.971048,0.028952,0.971048,0.028952,AI,False
DEF_REAL_188,DEF_REAL_188_f3c402b85b9f.jpg,REAL,REAL,MS_COCO,None_Authentic_Photograph,V5-C Hybrid,0.999993,7e-06,0.999993,7e-06,AI,False
DEF_REAL_188,DEF_REAL_188_f3c402b85b9f.jpg,REAL,REAL,MS_COCO,None_Authentic_Photograph,V5-D Gated Residual,0.999924,7.6e-05,0.986825,0.013175,AI,False
DEF_REAL_189,DEF_REAL_189_05225095c748.jpg,REAL,REAL,MS_COCO,None_Authentic_Photograph,V5-A Spatial,0.00478,0.99522,0.00478,0.99522,REAL,True
DEF_REAL_189,DEF_REAL_189_05225095c748.jpg,REAL,REAL,MS_COCO,None_Authentic_Photograph,V5-B Frequency,0.000111,0.999889,0.000111,0.999889,REAL,True
DEF_REAL_189,DEF_REAL_189_05225095c748.jpg,REAL,REAL,MS_COCO,None_Authentic_Photograph,V5-C Hybrid,2e-06,0.999998,2e-06,0.999998,REAL,True
DEF_REAL_189,DEF_REAL_189_05225095c748.jpg,REAL,REAL,MS_COCO,None_Authentic_Photograph,V5-D Gated Residual,7.4e-05,0.999926,0.01306,0.98694,REAL,True
DEF_REAL_190,DEF_REAL_190_53d266875ca4.jpg,REAL,REAL,MS_COCO,None_Authentic_Photograph,V5-A Spatial,0.346516,0.653484,0.346516,0.653484,REAL,True
DEF_REAL_190,DEF_REAL_190_53d266875ca4.jpg,REAL,REAL,MS_COCO,None_Authentic_Photograph,V5-B Frequency,0.00019,0.99981,0.00019,0.99981,REAL,True
DEF_REAL_190,DEF_REAL_190_53d266875ca4.jpg,REAL,REAL,MS_COCO,None_Authentic_Photograph,V5-C Hybrid,0.026359,0.973641,0.026359,0.973641,REAL,True
DEF_REAL_190,DEF_REAL_190_53d266875ca4.jpg,REAL,REAL,MS_COCO,None_Authentic_Photograph,V5-D Gated Residual,0.000168,0.999832,0.018823,0.981177,REAL,True
DEF_REAL_191,DEF_REAL_191_ed40993d995d.jpg,REAL,REAL,MS_COCO,None_Authentic_Photograph,V5-A Spatial,0.023021,0.976979,0.023021,0.976979,REAL,True
DEF_REAL_191,DEF_REAL_191_ed40993d995d.jpg,REAL,REAL,MS_COCO,None_Authentic_Photograph,V5-B Frequency,0.001024,0.998976,0.001024,0.998976,REAL,True
DEF_REAL_191,DEF_REAL_191_ed40993d995d.jpg,REAL,REAL,MS_COCO,None_Authentic_Photograph,V5-C Hybrid,0.034646,0.965354,0.034646,0.965354,REAL,True
DEF_REAL_191,DEF_REAL_191_ed40993d995d.jpg,REAL,REAL,MS_COCO,None_Authentic_Photograph,V5-D Gated Residual,0.001587,0.998413,0.050617,0.949383,REAL,True
DEF_REAL_192,DEF_REAL_192_c28b28746396.jpg,REAL,REAL,MS_COCO,None_Authentic_Photograph,V5-A Spatial,0.866045,0.133955,0.866045,0.133955,AI,False
DEF_REAL_192,DEF_REAL_192_c28b28746396.jpg,REAL,REAL,MS_COCO,None_Authentic_Photograph,V5-B Frequency,0.000337,0.999663,0.000337,0.999663,REAL,True
DEF_REAL_192,DEF_REAL_192_c28b28746396.jpg,REAL,REAL,MS_COCO,None_Authentic_Photograph,V5-C Hybrid,0.00043,0.99957,0.00043,0.99957,REAL,True
DEF_REAL_192,DEF_REAL_192_c28b28746396.jpg,REAL,REAL,MS_COCO,None_Authentic_Photograph,V5-D Gated Residual,2.2e-05,0.999978,0.007597,0.992403,REAL,True
DEF_REAL_193,DEF_REAL_193_7963f0dca693.jpg,REAL,REAL,MS_COCO,None_Authentic_Photograph,V5-A Spatial,0.003708,0.996292,0.003708,0.996292,REAL,True
DEF_REAL_193,DEF_REAL_193_7963f0dca693.jpg,REAL,REAL,MS_COCO,None_Authentic_Photograph,V5-B Frequency,2.1e-05,0.999979,2.1e-05,0.999979,REAL,True
DEF_REAL_193,DEF_REAL_193_7963f0dca693.jpg,REAL,REAL,MS_COCO,None_Authentic_Photograph,V5-C Hybrid,0.00111,0.99889,0.00111,0.99889,REAL,True
DEF_REAL_193,DEF_REAL_193_7963f0dca693.jpg,REAL,REAL,MS_COCO,None_Authentic_Photograph,V5-D Gated Residual,0.002189,0.997811,0.058151,0.941849,REAL,True
DEF_REAL_194,DEF_REAL_194_0811037e782c.jpg,REAL,REAL,MS_COCO,None_Authentic_Photograph,V5-A Spatial,0.149645,0.850355,0.149645,0.850355,REAL,True
DEF_REAL_194,DEF_REAL_194_0811037e782c.jpg,REAL,REAL,MS_COCO,None_Authentic_Photograph,V5-B Frequency,0.000526,0.999474,0.000526,0.999474,REAL,True
DEF_REAL_194,DEF_REAL_194_0811037e782c.jpg,REAL,REAL,MS_COCO,None_Authentic_Photograph,V5-C Hybrid,0.006711,0.993289,0.006711,0.993289,REAL,True
DEF_REAL_194,DEF_REAL_194_0811037e782c.jpg,REAL,REAL,MS_COCO,None_Authentic_Photograph,V5-D Gated Residual,0.028311,0.971689,0.166817,0.833183,REAL,True
DEF_REAL_195,DEF_REAL_195_955968ad39b0.jpg,REAL,REAL,MS_COCO,None_Authentic_Photograph,V5-A Spatial,0.940705,0.059295,0.940705,0.059295,AI,False
DEF_REAL_195,DEF_REAL_195_955968ad39b0.jpg,REAL,REAL,MS_COCO,None_Authentic_Photograph,V5-B Frequency,0.002587,0.997413,0.002587,0.997413,REAL,True
DEF_REAL_195,DEF_REAL_195_955968ad39b0.jpg,REAL,REAL,MS_COCO,None_Authentic_Photograph,V5-C Hybrid,0.364549,0.635451,0.364549,0.635451,REAL,True
DEF_REAL_195,DEF_REAL_195_955968ad39b0.jpg,REAL,REAL,MS_COCO,None_Authentic_Photograph,V5-D Gated Residual,0.001174,0.998826,0.044411,0.955589,REAL,True
DEF_REAL_196,DEF_REAL_196_c342eb057dc8.jpg,REAL,REAL,MS_COCO,None_Authentic_Photograph,V5-A Spatial,0.074511,0.925489,0.074511,0.925489,REAL,True
DEF_REAL_196,DEF_REAL_196_c342eb057dc8.jpg,REAL,REAL,MS_COCO,None_Authentic_Photograph,V5-B Frequency,0.003154,0.996846,0.003154,0.996846,REAL,True
DEF_REAL_196,DEF_REAL_196_c342eb057dc8.jpg,REAL,REAL,MS_COCO,None_Authentic_Photograph,V5-C Hybrid,0.000361,0.999639,0.000361,0.999639,REAL,True
DEF_REAL_196,DEF_REAL_196_c342eb057dc8.jpg,REAL,REAL,MS_COCO,None_Authentic_Photograph,V5-D Gated Residual,0.001825,0.998175,0.053779,0.946221,REAL,True
DEF_REAL_197,DEF_REAL_197_465b8b8b0388.jpg,REAL,REAL,MS_COCO,None_Authentic_Photograph,V5-A Spatial,0.000819,0.999181,0.000819,0.999181,REAL,True
DEF_REAL_197,DEF_REAL_197_465b8b8b0388.jpg,REAL,REAL,MS_COCO,None_Authentic_Photograph,V5-B Frequency,0.001344,0.998656,0.001344,0.998656,REAL,True
DEF_REAL_197,DEF_REAL_197_465b8b8b0388.jpg,REAL,REAL,MS_COCO,None_Authentic_Photograph,V5-C Hybrid,4e-06,0.999996,4e-06,0.999996,REAL,True
DEF_REAL_197,DEF_REAL_197_465b8b8b0388.jpg,REAL,REAL,MS_COCO,None_Authentic_Photograph,V5-D Gated Residual,3.4e-05,0.999966,0.009158,0.990842,REAL,True
DEF_REAL_198,DEF_REAL_198_678ee242b601.jpg,REAL,REAL,MS_COCO,None_Authentic_Photograph,V5-A Spatial,0.968006,0.031994,0.968006,0.031994,AI,False
DEF_REAL_198,DEF_REAL_198_678ee242b601.jpg,REAL,REAL,MS_COCO,None_Authentic_Photograph,V5-B Frequency,0.951414,0.048586,0.951414,0.048586,AI,False
DEF_REAL_198,DEF_REAL_198_678ee242b601.jpg,REAL,REAL,MS_COCO,None_Authentic_Photograph,V5-C Hybrid,0.192726,0.807274,0.192726,0.807274,REAL,True
DEF_REAL_198,DEF_REAL_198_678ee242b601.jpg,REAL,REAL,MS_COCO,None_Authentic_Photograph,V5-D Gated Residual,0.001228,0.998772,0.045289,0.954711,REAL,True
DEF_REAL_199,DEF_REAL_199_44891da25958.jpg,REAL,REAL,MS_COCO,None_Authentic_Photograph,V5-A Spatial,0.004368,0.995632,0.004368,0.995632,REAL,True
DEF_REAL_199,DEF_REAL_199_44891da25958.jpg,REAL,REAL,MS_COCO,None_Authentic_Photograph,V5-B Frequency,0.004618,0.995382,0.004618,0.995382,REAL,True
DEF_REAL_199,DEF_REAL_199_44891da25958.jpg,REAL,REAL,MS_COCO,None_Authentic_Photograph,V5-C Hybrid,0.611685,0.388315,0.611685,0.388315,AI,False
DEF_REAL_199,DEF_REAL_199_44891da25958.jpg,REAL,REAL,MS_COCO,None_Authentic_Photograph,V5-D Gated Residual,0.000149,0.999851,0.017848,0.982152,REAL,True
DEF_REAL_200,DEF_REAL_200_42eeeafde423.jpg,REAL,REAL,MS_COCO,None_Authentic_Photograph,V5-A Spatial,0.982076,0.017924,0.982076,0.017924,AI,False
DEF_REAL_200,DEF_REAL_200_42eeeafde423.jpg,REAL,REAL,MS_COCO,None_Authentic_Photograph,V5-B Frequency,0.000229,0.999771,0.000229,0.999771,REAL,True
DEF_REAL_200,DEF_REAL_200_42eeeafde423.jpg,REAL,REAL,MS_COCO,None_Authentic_Photograph,V5-C Hybrid,0.995588,0.004412,0.995588,0.004412,AI,False
DEF_REAL_200,DEF_REAL_200_42eeeafde423.jpg,REAL,REAL,MS_COCO,None_Authentic_Photograph,V5-D Gated Residual,0.758058,0.241942,0.627031,0.372969,AI,False
DEF_REAL_201,DEF_REAL_201_af46f65489a0.jpg,REAL,REAL,MS_COCO,None_Authentic_Photograph,V5-A Spatial,0.896061,0.103939,0.896061,0.103939,AI,False
DEF_REAL_201,DEF_REAL_201_af46f65489a0.jpg,REAL,REAL,MS_COCO,None_Authentic_Photograph,V5-B Frequency,0.006479,0.993521,0.006479,0.993521,REAL,True
DEF_REAL_201,DEF_REAL_201_af46f65489a0.jpg,REAL,REAL,MS_COCO,None_Authentic_Photograph,V5-C Hybrid,0.977188,0.022812,0.977188,0.022812,AI,False
DEF_REAL_201,DEF_REAL_201_af46f65489a0.jpg,REAL,REAL,MS_COCO,None_Authentic_Photograph,V5-D Gated Residual,0.012816,0.987184,0.121738,0.878262,REAL,True
DEF_REAL_202,DEF_REAL_202_ad59d018f59e.jpg,REAL,REAL,MS_COCO,None_Authentic_Photograph,V5-A Spatial,0.215649,0.784351,0.215649,0.784351,REAL,True
DEF_REAL_202,DEF_REAL_202_ad59d018f59e.jpg,REAL,REAL,MS_COCO,None_Authentic_Photograph,V5-B Frequency,0.008226,0.991774,0.008226,0.991774,REAL,True
DEF_REAL_202,DEF_REAL_202_ad59d018f59e.jpg,REAL,REAL,MS_COCO,None_Authentic_Photograph,V5-C Hybrid,0.016793,0.983207,0.016793,0.983207,REAL,True
DEF_REAL_202,DEF_REAL_202_ad59d018f59e.jpg,REAL,REAL,MS_COCO,None_Authentic_Photograph,V5-D Gated Residual,0.000297,0.999703,0.024267,0.975733,REAL,True
DEF_REAL_203,DEF_REAL_203_4da76f520c5b.jpg,REAL,REAL,MS_COCO,None_Authentic_Photograph,V5-A Spatial,0.914196,0.085804,0.914196,0.085804,AI,False
DEF_REAL_203,DEF_REAL_203_4da76f520c5b.jpg,REAL,REAL,MS_COCO,None_Authentic_Photograph,V5-B Frequency,0.058075,0.941925,0.058075,0.941925,REAL,True
DEF_REAL_203,DEF_REAL_203_4da76f520c5b.jpg,REAL,REAL,MS_COCO,None_Authentic_Photograph,V5-C Hybrid,0.998668,0.001332,0.998668,0.001332,AI,False
DEF_REAL_203,DEF_REAL_203_4da76f520c5b.jpg,REAL,REAL,MS_COCO,None_Authentic_Photograph,V5-D Gated Residual,0.928615,0.071385,0.76261,0.23739,AI,False
DEF_REAL_204,DEF_REAL_204_e94825886783.jpg,REAL,REAL,MS_COCO,None_Authentic_Photograph,V5-A Spatial,0.000175,0.999825,0.000175,0.999825,REAL,True
DEF_REAL_204,DEF_REAL_204_e94825886783.jpg,REAL,REAL,MS_COCO,None_Authentic_Photograph,V5-B Frequency,0.96908,0.03092,0.96908,0.03092,AI,False
DEF_REAL_204,DEF_REAL_204_e94825886783.jpg,REAL,REAL,MS_COCO,None_Authentic_Photograph,V5-C Hybrid,0.012401,0.987599,0.012401,0.987599,REAL,True
DEF_REAL_204,DEF_REAL_204_e94825886783.jpg,REAL,REAL,MS_COCO,None_Authentic_Photograph,V5-D Gated Residual,0.003199,0.996801,0.068385,0.931615,REAL,True
DEF_REAL_205,DEF_REAL_205_ef6bf2a10b65.jpg,REAL,REAL,MS_COCO,None_Authentic_Photograph,V5-A Spatial,0.998256,0.001744,0.998256,0.001744,AI,False
DEF_REAL_205,DEF_REAL_205_ef6bf2a10b65.jpg,REAL,REAL,MS_COCO,None_Authentic_Photograph,V5-B Frequency,0.009885,0.990115,0.009885,0.990115,REAL,True
DEF_REAL_205,DEF_REAL_205_ef6bf2a10b65.jpg,REAL,REAL,MS_COCO,None_Authentic_Photograph,V5-C Hybrid,0.999996,4e-06,0.999996,4e-06,AI,False
DEF_REAL_205,DEF_REAL_205_ef6bf2a10b65.jpg,REAL,REAL,MS_COCO,None_Authentic_Photograph,V5-D Gated Residual,0.988977,0.011023,0.885485,0.114515,AI,False
DEF_REAL_206,DEF_REAL_206_6152b8fff6f7.jpg,REAL,REAL,MS_COCO,None_Authentic_Photograph,V5-A Spatial,1.8e-05,0.999982,1.8e-05,0.999982,REAL,True
DEF_REAL_206,DEF_REAL_206_6152b8fff6f7.jpg,REAL,REAL,MS_COCO,None_Authentic_Photograph,V5-B Frequency,0.986298,0.013702,0.986298,0.013702,AI,False
DEF_REAL_206,DEF_REAL_206_6152b8fff6f7.jpg,REAL,REAL,MS_COCO,None_Authentic_Photograph,V5-C Hybrid,0.000209,0.999791,0.000209,0.999791,REAL,True
DEF_REAL_206,DEF_REAL_206_6152b8fff6f7.jpg,REAL,REAL,MS_COCO,None_Authentic_Photograph,V5-D Gated Residual,0.000147,0.999853,0.017715,0.982285,REAL,True
DEF_REAL_207,DEF_REAL_207_03b27a817f66.jpg,REAL,REAL,MS_COCO,None_Authentic_Photograph,V5-A Spatial,0.000168,0.999832,0.000168,0.999832,REAL,True
DEF_REAL_207,DEF_REAL_207_03b27a817f66.jpg,REAL,REAL,MS_COCO,None_Authentic_Photograph,V5-B Frequency,0.000142,0.999858,0.000142,0.999858,REAL,True
DEF_REAL_207,DEF_REAL_207_03b27a817f66.jpg,REAL,REAL,MS_COCO,None_Authentic_Photograph,V5-C Hybrid,5e-06,0.999995,5e-06,0.999995,REAL,True
DEF_REAL_207,DEF_REAL_207_03b27a817f66.jpg,REAL,REAL,MS_COCO,None_Authentic_Photograph,V5-D Gated Residual,3e-06,0.999997,0.002933,0.997067,REAL,True
DEF_REAL_208,DEF_REAL_208_6eef606a1fa7.jpg,REAL,REAL,MS_COCO,None_Authentic_Photograph,V5-A Spatial,0.000621,0.999379,0.000621,0.999379,REAL,True
DEF_REAL_208,DEF_REAL_208_6eef606a1fa7.jpg,REAL,REAL,MS_COCO,None_Authentic_Photograph,V5-B Frequency,0.00018,0.99982,0.00018,0.99982,REAL,True
DEF_REAL_208,DEF_REAL_208_6eef606a1fa7.jpg,REAL,REAL,MS_COCO,None_Authentic_Photograph,V5-C Hybrid,0.002824,0.997176,0.002824,0.997176,REAL,True
DEF_REAL_208,DEF_REAL_208_6eef606a1fa7.jpg,REAL,REAL,MS_COCO,None_Authentic_Photograph,V5-D Gated Residual,0.000264,0.999736,0.02302,0.97698,REAL,True
DEF_REAL_209,DEF_REAL_209_82a44a1f6cdc.jpg,REAL,REAL,MS_COCO,None_Authentic_Photograph,V5-A Spatial,0.004779,0.995221,0.004779,0.995221,REAL,True
DEF_REAL_209,DEF_REAL_209_82a44a1f6cdc.jpg,REAL,REAL,MS_COCO,None_Authentic_Photograph,V5-B Frequency,0.00048,0.99952,0.00048,0.99952,REAL,True
DEF_REAL_209,DEF_REAL_209_82a44a1f6cdc.jpg,REAL,REAL,MS_COCO,None_Authentic_Photograph,V5-C Hybrid,2e-06,0.999998,2e-06,0.999998,REAL,True
DEF_REAL_209,DEF_REAL_209_82a44a1f6cdc.jpg,REAL,REAL,MS_COCO,None_Authentic_Photograph,V5-D Gated Residual,7.2e-05,0.999928,0.012871,0.987129,REAL,True
DEF_REAL_210,DEF_REAL_210_d78ddebe9fa9.jpg,REAL,REAL,MS_COCO,None_Authentic_Photograph,V5-A Spatial,0.990583,0.009417,0.990583,0.009417,AI,False
DEF_REAL_210,DEF_REAL_210_d78ddebe9fa9.jpg,REAL,REAL,MS_COCO,None_Authentic_Photograph,V5-B Frequency,0.000188,0.999812,0.000188,0.999812,REAL,True
DEF_REAL_210,DEF_REAL_210_d78ddebe9fa9.jpg,REAL,REAL,MS_COCO,None_Authentic_Photograph,V5-C Hybrid,0.998987,0.001013,0.998987,0.001013,AI,False
DEF_REAL_210,DEF_REAL_210_d78ddebe9fa9.jpg,REAL,REAL,MS_COCO,None_Authentic_Photograph,V5-D Gated Residual,0.99909,0.00091,0.960245,0.039755,AI,False
DEF_REAL_211,DEF_REAL_211_c0bbb9ec75b6.jpg,REAL,REAL,MS_COCO,None_Authentic_Photograph,V5-A Spatial,3e-05,0.99997,3e-05,0.99997,REAL,True
DEF_REAL_211,DEF_REAL_211_c0bbb9ec75b6.jpg,REAL,REAL,MS_COCO,None_Authentic_Photograph,V5-B Frequency,0.00054,0.99946,0.00054,0.99946,REAL,True
DEF_REAL_211,DEF_REAL_211_c0bbb9ec75b6.jpg,REAL,REAL,MS_COCO,None_Authentic_Photograph,V5-C Hybrid,0.0,1.0,0.0,1.0,REAL,True
DEF_REAL_211,DEF_REAL_211_c0bbb9ec75b6.jpg,REAL,REAL,MS_COCO,None_Authentic_Photograph,V5-D Gated Residual,0.000133,0.999867,0.016931,0.983069,REAL,True
DEF_REAL_212,DEF_REAL_212_1adbc81bafdf.jpg,REAL,REAL,MS_COCO,None_Authentic_Photograph,V5-A Spatial,0.032749,0.967251,0.032749,0.967251,REAL,True
DEF_REAL_212,DEF_REAL_212_1adbc81bafdf.jpg,REAL,REAL,MS_COCO,None_Authentic_Photograph,V5-B Frequency,0.000348,0.999652,0.000348,0.999652,REAL,True
DEF_REAL_212,DEF_REAL_212_1adbc81bafdf.jpg,REAL,REAL,MS_COCO,None_Authentic_Photograph,V5-C Hybrid,0.003743,0.996257,0.003743,0.996257,REAL,True
DEF_REAL_212,DEF_REAL_212_1adbc81bafdf.jpg,REAL,REAL,MS_COCO,None_Authentic_Photograph,V5-D Gated Residual,0.000597,0.999403,0.033026,0.966974,REAL,True
DEF_REAL_213,DEF_REAL_213_0adff1628815.jpg,REAL,REAL,MS_COCO,None_Authentic_Photograph,V5-A Spatial,3.5e-05,0.999965,3.5e-05,0.999965,REAL,True
DEF_REAL_213,DEF_REAL_213_0adff1628815.jpg,REAL,REAL,MS_COCO,None_Authentic_Photograph,V5-B Frequency,4.2e-05,0.999958,4.2e-05,0.999958,REAL,True
DEF_REAL_213,DEF_REAL_213_0adff1628815.jpg,REAL,REAL,MS_COCO,None_Authentic_Photograph,V5-C Hybrid,0.001704,0.998296,0.001704,0.998296,REAL,True
DEF_REAL_213,DEF_REAL_213_0adff1628815.jpg,REAL,REAL,MS_COCO,None_Authentic_Photograph,V5-D Gated Residual,8.3e-05,0.999917,0.013767,0.986233,REAL,True
DEF_REAL_214,DEF_REAL_214_a404d5d3b903.jpg,REAL,REAL,MS_COCO,None_Authentic_Photograph,V5-A Spatial,0.999999,1e-06,0.999999,1e-06,AI,False
DEF_REAL_214,DEF_REAL_214_a404d5d3b903.jpg,REAL,REAL,MS_COCO,None_Authentic_Photograph,V5-B Frequency,0.001414,0.998586,0.001414,0.998586,REAL,True
DEF_REAL_214,DEF_REAL_214_a404d5d3b903.jpg,REAL,REAL,MS_COCO,None_Authentic_Photograph,V5-C Hybrid,0.999929,7.1e-05,0.999929,7.1e-05,AI,False
DEF_REAL_214,DEF_REAL_214_a404d5d3b903.jpg,REAL,REAL,MS_COCO,None_Authentic_Photograph,V5-D Gated Residual,0.812597,0.187403,0.660897,0.339103,AI,False
DEF_REAL_215,DEF_REAL_215_89e14b6e5323.jpg,REAL,REAL,MS_COCO,None_Authentic_Photograph,V5-A Spatial,1e-06,0.999999,1e-06,0.999999,REAL,True
DEF_REAL_215,DEF_REAL_215_89e14b6e5323.jpg,REAL,REAL,MS_COCO,None_Authentic_Photograph,V5-B Frequency,0.45276,0.54724,0.45276,0.54724,REAL,True
DEF_REAL_215,DEF_REAL_215_89e14b6e5323.jpg,REAL,REAL,MS_COCO,None_Authentic_Photograph,V5-C Hybrid,0.00189,0.99811,0.00189,0.99811,REAL,True
DEF_REAL_215,DEF_REAL_215_89e14b6e5323.jpg,REAL,REAL,MS_COCO,None_Authentic_Photograph,V5-D Gated Residual,0.20666,0.79334,0.351628,0.648372,REAL,True
DEF_REAL_216,DEF_REAL_216_2d84776eef1a.jpg,REAL,REAL,MS_COCO,None_Authentic_Photograph,V5-A Spatial,0.681176,0.318824,0.681176,0.318824,AI,False
DEF_REAL_216,DEF_REAL_216_2d84776eef1a.jpg,REAL,REAL,MS_COCO,None_Authentic_Photograph,V5-B Frequency,0.004301,0.995699,0.004301,0.995699,REAL,True
DEF_REAL_216,DEF_REAL_216_2d84776eef1a.jpg,REAL,REAL,MS_COCO,None_Authentic_Photograph,V5-C Hybrid,0.158368,0.841632,0.158368,0.841632,REAL,True
DEF_REAL_216,DEF_REAL_216_2d84776eef1a.jpg,REAL,REAL,MS_COCO,None_Authentic_Photograph,V5-D Gated Residual,0.000156,0.999844,0.018228,0.981772,REAL,True
DEF_REAL_217,DEF_REAL_217_d39079049000.jpg,REAL,REAL,MS_COCO,None_Authentic_Photograph,V5-A Spatial,0.996836,0.003164,0.996836,0.003164,AI,False
DEF_REAL_217,DEF_REAL_217_d39079049000.jpg,REAL,REAL,MS_COCO,None_Authentic_Photograph,V5-B Frequency,0.005904,0.994096,0.005904,0.994096,REAL,True
DEF_REAL_217,DEF_REAL_217_d39079049000.jpg,REAL,REAL,MS_COCO,None_Authentic_Photograph,V5-C Hybrid,0.989843,0.010157,0.989843,0.010157,AI,False
DEF_REAL_217,DEF_REAL_217_d39079049000.jpg,REAL,REAL,MS_COCO,None_Authentic_Photograph,V5-D Gated Residual,0.700963,0.299037,0.595682,0.404318,AI,False
DEF_REAL_218,DEF_REAL_218_ec3990196ea5.jpg,REAL,REAL,MS_COCO,None_Authentic_Photograph,V5-A Spatial,0.779868,0.220132,0.779868,0.220132,AI,False
DEF_REAL_218,DEF_REAL_218_ec3990196ea5.jpg,REAL,REAL,MS_COCO,None_Authentic_Photograph,V5-B Frequency,0.002962,0.997038,0.002962,0.997038,REAL,True
DEF_REAL_218,DEF_REAL_218_ec3990196ea5.jpg,REAL,REAL,MS_COCO,None_Authentic_Photograph,V5-C Hybrid,0.998469,0.001531,0.998469,0.001531,AI,False
DEF_REAL_218,DEF_REAL_218_ec3990196ea5.jpg,REAL,REAL,MS_COCO,None_Authentic_Photograph,V5-D Gated Residual,0.531729,0.468271,0.514448,0.485552,AI,False
DEF_REAL_219,DEF_REAL_219_7db39209fb8a.jpg,REAL,REAL,MS_COCO,None_Authentic_Photograph,V5-A Spatial,0.999883,0.000117,0.999883,0.000117,AI,False
DEF_REAL_219,DEF_REAL_219_7db39209fb8a.jpg,REAL,REAL,MS_COCO,None_Authentic_Photograph,V5-B Frequency,0.000905,0.999095,0.000905,0.999095,REAL,True
DEF_REAL_219,DEF_REAL_219_7db39209fb8a.jpg,REAL,REAL,MS_COCO,None_Authentic_Photograph,V5-C Hybrid,0.952274,0.047726,0.952274,0.047726,AI,False
DEF_REAL_219,DEF_REAL_219_7db39209fb8a.jpg,REAL,REAL,MS_COCO,None_Authentic_Photograph,V5-D Gated Residual,0.990228,0.009772,0.890981,0.109019,AI,False
DEF_REAL_220,DEF_REAL_220_59c5a1b8c701.jpg,REAL,REAL,MS_COCO,None_Authentic_Photograph,V5-A Spatial,0.002286,0.997714,0.002286,0.997714,REAL,True
DEF_REAL_220,DEF_REAL_220_59c5a1b8c701.jpg,REAL,REAL,MS_COCO,None_Authentic_Photograph,V5-B Frequency,0.874819,0.125181,0.874819,0.125181,AI,False
DEF_REAL_220,DEF_REAL_220_59c5a1b8c701.jpg,REAL,REAL,MS_COCO,None_Authentic_Photograph,V5-C Hybrid,0.001396,0.998604,0.001396,0.998604,REAL,True
DEF_REAL_220,DEF_REAL_220_59c5a1b8c701.jpg,REAL,REAL,MS_COCO,None_Authentic_Photograph,V5-D Gated Residual,0.002685,0.997315,0.063461,0.936539,REAL,True
DEF_REAL_221,DEF_REAL_221_70f959c95e2a.jpg,REAL,REAL,MS_COCO,None_Authentic_Photograph,V5-A Spatial,0.996898,0.003102,0.996898,0.003102,AI,False
DEF_REAL_221,DEF_REAL_221_70f959c95e2a.jpg,REAL,REAL,MS_COCO,None_Authentic_Photograph,V5-B Frequency,0.051424,0.948576,0.051424,0.948576,REAL,True
DEF_REAL_221,DEF_REAL_221_70f959c95e2a.jpg,REAL,REAL,MS_COCO,None_Authentic_Photograph,V5-C Hybrid,0.022684,0.977316,0.022684,0.977316,REAL,True
DEF_REAL_221,DEF_REAL_221_70f959c95e2a.jpg,REAL,REAL,MS_COCO,None_Authentic_Photograph,V5-D Gated Residual,0.881498,0.118502,0.713573,0.286427,AI,False
DEF_REAL_222,DEF_REAL_222_912504b98ce4.jpg,REAL,REAL,MS_COCO,None_Authentic_Photograph,V5-A Spatial,0.005563,0.994437,0.005563,0.994437,REAL,True
DEF_REAL_222,DEF_REAL_222_912504b98ce4.jpg,REAL,REAL,MS_COCO,None_Authentic_Photograph,V5-B Frequency,0.853021,0.146979,0.853021,0.146979,AI,False
DEF_REAL_222,DEF_REAL_222_912504b98ce4.jpg,REAL,REAL,MS_COCO,None_Authentic_Photograph,V5-C Hybrid,0.000556,0.999444,0.000556,0.999444,REAL,True
DEF_REAL_222,DEF_REAL_222_912504b98ce4.jpg,REAL,REAL,MS_COCO,None_Authentic_Photograph,V5-D Gated Residual,0.004135,0.995865,0.076235,0.923765,REAL,True
DEF_REAL_223,DEF_REAL_223_1c0bfe42f208.jpg,REAL,REAL,MS_COCO,None_Authentic_Photograph,V5-A Spatial,7e-06,0.999993,7e-06,0.999993,REAL,True
DEF_REAL_223,DEF_REAL_223_1c0bfe42f208.jpg,REAL,REAL,MS_COCO,None_Authentic_Photograph,V5-B Frequency,0.781095,0.218905,0.781095,0.218905,AI,False
DEF_REAL_223,DEF_REAL_223_1c0bfe42f208.jpg,REAL,REAL,MS_COCO,None_Authentic_Photograph,V5-C Hybrid,0.002399,0.997601,0.002399,0.997601,REAL,True
DEF_REAL_223,DEF_REAL_223_1c0bfe42f208.jpg,REAL,REAL,MS_COCO,None_Authentic_Photograph,V5-D Gated Residual,0.034181,0.965819,0.179478,0.820521,REAL,True
DEF_REAL_224,DEF_REAL_224_5f3ac6d3c3b2.jpg,REAL,REAL,MS_COCO,None_Authentic_Photograph,V5-A Spatial,0.797754,0.202246,0.797754,0.202246,AI,False
DEF_REAL_224,DEF_REAL_224_5f3ac6d3c3b2.jpg,REAL,REAL,MS_COCO,None_Authentic_Photograph,V5-B Frequency,0.000754,0.999246,0.000754,0.999246,REAL,True
DEF_REAL_224,DEF_REAL_224_5f3ac6d3c3b2.jpg,REAL,REAL,MS_COCO,None_Authentic_Photograph,V5-C Hybrid,0.839102,0.160898,0.839102,0.160898,AI,False
DEF_REAL_224,DEF_REAL_224_5f3ac6d3c3b2.jpg,REAL,REAL,MS_COCO,None_Authentic_Photograph,V5-D Gated Residual,0.001203,0.998797,0.044886,0.955114,REAL,True
DEF_REAL_225,DEF_REAL_225_7c404a413ae1.jpg,REAL,REAL,MS_COCO,None_Authentic_Photograph,V5-A Spatial,0.179257,0.820742,0.179257,0.820742,REAL,True
DEF_REAL_225,DEF_REAL_225_7c404a413ae1.jpg,REAL,REAL,MS_COCO,None_Authentic_Photograph,V5-B Frequency,6.6e-05,0.999934,6.6e-05,0.999934,REAL,True
DEF_REAL_225,DEF_REAL_225_7c404a413ae1.jpg,REAL,REAL,MS_COCO,None_Authentic_Photograph,V5-C Hybrid,0.008756,0.991244,0.008756,0.991244,REAL,True
DEF_REAL_225,DEF_REAL_225_7c404a413ae1.jpg,REAL,REAL,MS_COCO,None_Authentic_Photograph,V5-D Gated Residual,0.0,1.0,0.000844,0.999156,REAL,True
DEF_REAL_226,DEF_REAL_226_6834aa010e39.jpg,REAL,REAL,MS_COCO,None_Authentic_Photograph,V5-A Spatial,0.0,1.0,0.0,1.0,REAL,True
DEF_REAL_226,DEF_REAL_226_6834aa010e39.jpg,REAL,REAL,MS_COCO,None_Authentic_Photograph,V5-B Frequency,0.736176,0.263824,0.736176,0.263824,AI,False
DEF_REAL_226,DEF_REAL_226_6834aa010e39.jpg,REAL,REAL,MS_COCO,None_Authentic_Photograph,V5-C Hybrid,1.4e-05,0.999986,1.4e-05,0.999986,REAL,True
DEF_REAL_226,DEF_REAL_226_6834aa010e39.jpg,REAL,REAL,MS_COCO,None_Authentic_Photograph,V5-D Gated Residual,0.000205,0.999795,0.020592,0.979408,REAL,True
DEF_REAL_227,DEF_REAL_227_342fab096395.jpg,REAL,REAL,MS_COCO,None_Authentic_Photograph,V5-A Spatial,0.011976,0.988024,0.011976,0.988024,REAL,True
DEF_REAL_227,DEF_REAL_227_342fab096395.jpg,REAL,REAL,MS_COCO,None_Authentic_Photograph,V5-B Frequency,0.008444,0.991556,0.008444,0.991556,REAL,True
DEF_REAL_227,DEF_REAL_227_342fab096395.jpg,REAL,REAL,MS_COCO,None_Authentic_Photograph,V5-C Hybrid,0.134095,0.865905,0.134095,0.865905,REAL,True
DEF_REAL_227,DEF_REAL_227_342fab096395.jpg,REAL,REAL,MS_COCO,None_Authentic_Photograph,V5-D Gated Residual,0.009165,0.990835,0.106191,0.893809,REAL,True
DEF_REAL_228,DEF_REAL_228_83138031ccbd.jpg,REAL,REAL,MS_COCO,None_Authentic_Photograph,V5-A Spatial,0.997225,0.002775,0.997225,0.002775,AI,False
DEF_REAL_228,DEF_REAL_228_83138031ccbd.jpg,REAL,REAL,MS_COCO,None_Authentic_Photograph,V5-B Frequency,5.2e-05,0.999948,5.2e-05,0.999948,REAL,True
DEF_REAL_228,DEF_REAL_228_83138031ccbd.jpg,REAL,REAL,MS_COCO,None_Authentic_Photograph,V5-C Hybrid,0.99468,0.00532,0.99468,0.00532,AI,False
DEF_REAL_228,DEF_REAL_228_83138031ccbd.jpg,REAL,REAL,MS_COCO,None_Authentic_Photograph,V5-D Gated Residual,0.005602,0.994398,0.086605,0.913395,REAL,True
DEF_REAL_229,DEF_REAL_229_362e9c65b1b2.jpg,REAL,REAL,MS_COCO,None_Authentic_Photograph,V5-A Spatial,0.033315,0.966685,0.033315,0.966685,REAL,True
DEF_REAL_229,DEF_REAL_229_362e9c65b1b2.jpg,REAL,REAL,MS_COCO,None_Authentic_Photograph,V5-B Frequency,0.008312,0.991688,0.008312,0.991688,REAL,True
DEF_REAL_229,DEF_REAL_229_362e9c65b1b2.jpg,REAL,REAL,MS_COCO,None_Authentic_Photograph,V5-C Hybrid,0.000162,0.999838,0.000162,0.999838,REAL,True
DEF_REAL_229,DEF_REAL_229_362e9c65b1b2.jpg,REAL,REAL,MS_COCO,None_Authentic_Photograph,V5-D Gated Residual,0.030796,0.969204,0.172371,0.827629,REAL,True
DEF_REAL_230,DEF_REAL_230_d5f0a6570c41.jpg,REAL,REAL,MS_COCO,None_Authentic_Photograph,V5-A Spatial,0.998718,0.001282,0.998718,0.001282,AI,False
DEF_REAL_230,DEF_REAL_230_d5f0a6570c41.jpg,REAL,REAL,MS_COCO,None_Authentic_Photograph,V5-B Frequency,0.558063,0.441937,0.558063,0.441937,AI,False
DEF_REAL_230,DEF_REAL_230_d5f0a6570c41.jpg,REAL,REAL,MS_COCO,None_Authentic_Photograph,V5-C Hybrid,1.0,0.0,1.0,0.0,AI,False
DEF_REAL_230,DEF_REAL_230_d5f0a6570c41.jpg,REAL,REAL,MS_COCO,None_Authentic_Photograph,V5-D Gated Residual,0.793725,0.206275,0.648616,0.351384,AI,False
DEF_REAL_231,DEF_REAL_231_83e2bbba679e.jpg,REAL,REAL,MS_COCO,None_Authentic_Photograph,V5-A Spatial,4e-06,0.999996,4e-06,0.999996,REAL,True
DEF_REAL_231,DEF_REAL_231_83e2bbba679e.jpg,REAL,REAL,MS_COCO,None_Authentic_Photograph,V5-B Frequency,0.015728,0.984272,0.015728,0.984272,REAL,True
DEF_REAL_231,DEF_REAL_231_83e2bbba679e.jpg,REAL,REAL,MS_COCO,None_Authentic_Photograph,V5-C Hybrid,0.000185,0.999815,0.000185,0.999815,REAL,True
DEF_REAL_231,DEF_REAL_231_83e2bbba679e.jpg,REAL,REAL,MS_COCO,None_Authentic_Photograph,V5-D Gated Residual,0.000102,0.999898,0.01503,0.98497,REAL,True
DEF_REAL_232,DEF_REAL_232_169d6f751669.jpg,REAL,REAL,MS_COCO,None_Authentic_Photograph,V5-A Spatial,0.578896,0.421104,0.578896,0.421104,AI,False
DEF_REAL_232,DEF_REAL_232_169d6f751669.jpg,REAL,REAL,MS_COCO,None_Authentic_Photograph,V5-B Frequency,0.000226,0.999775,0.000226,0.999775,REAL,True
DEF_REAL_232,DEF_REAL_232_169d6f751669.jpg,REAL,REAL,MS_COCO,None_Authentic_Photograph,V5-C Hybrid,0.904498,0.095502,0.904498,0.095502,AI,False
DEF_REAL_232,DEF_REAL_232_169d6f751669.jpg,REAL,REAL,MS_COCO,None_Authentic_Photograph,V5-D Gated Residual,1.9e-05,0.999981,0.007002,0.992998,REAL,True
DEF_REAL_233,DEF_REAL_233_c47e4f80aa32.jpg,REAL,REAL,MS_COCO,None_Authentic_Photograph,V5-A Spatial,0.941612,0.058389,0.941612,0.058389,AI,False
DEF_REAL_233,DEF_REAL_233_c47e4f80aa32.jpg,REAL,REAL,MS_COCO,None_Authentic_Photograph,V5-B Frequency,0.000371,0.999629,0.000371,0.999629,REAL,True
DEF_REAL_233,DEF_REAL_233_c47e4f80aa32.jpg,REAL,REAL,MS_COCO,None_Authentic_Photograph,V5-C Hybrid,0.005452,0.994548,0.005452,0.994548,REAL,True
DEF_REAL_233,DEF_REAL_233_c47e4f80aa32.jpg,REAL,REAL,MS_COCO,None_Authentic_Photograph,V5-D Gated Residual,0.005125,0.994875,0.083435,0.916565,REAL,True
DEF_REAL_234,DEF_REAL_234_668442d7ff34.jpg,REAL,REAL,MS_COCO,None_Authentic_Photograph,V5-A Spatial,0.848411,0.151589,0.848411,0.151589,AI,False
DEF_REAL_234,DEF_REAL_234_668442d7ff34.jpg,REAL,REAL,MS_COCO,None_Authentic_Photograph,V5-B Frequency,0.000826,0.999174,0.000826,0.999174,REAL,True
DEF_REAL_234,DEF_REAL_234_668442d7ff34.jpg,REAL,REAL,MS_COCO,None_Authentic_Photograph,V5-C Hybrid,0.999585,0.000415,0.999585,0.000415,AI,False
DEF_REAL_234,DEF_REAL_234_668442d7ff34.jpg,REAL,REAL,MS_COCO,None_Authentic_Photograph,V5-D Gated Residual,0.648229,0.351771,0.569068,0.430932,AI,False
DEF_REAL_235,DEF_REAL_235_f441eda04508.jpg,REAL,REAL,MS_COCO,None_Authentic_Photograph,V5-A Spatial,0.002002,0.997998,0.002002,0.997998,REAL,True
DEF_REAL_235,DEF_REAL_235_f441eda04508.jpg,REAL,REAL,MS_COCO,None_Authentic_Photograph,V5-B Frequency,2.1e-05,0.999979,2.1e-05,0.999979,REAL,True
DEF_REAL_235,DEF_REAL_235_f441eda04508.jpg,REAL,REAL,MS_COCO,None_Authentic_Photograph,V5-C Hybrid,2e-05,0.99998,2e-05,0.99998,REAL,True
DEF_REAL_235,DEF_REAL_235_f441eda04508.jpg,REAL,REAL,MS_COCO,None_Authentic_Photograph,V5-D Gated Residual,0.000293,0.999707,0.024102,0.975898,REAL,True
DEF_REAL_236,DEF_REAL_236_c77e41071cdc.jpg,REAL,REAL,MS_COCO,None_Authentic_Photograph,V5-A Spatial,0.998908,0.001092,0.998908,0.001092,AI,False
DEF_REAL_236,DEF_REAL_236_c77e41071cdc.jpg,REAL,REAL,MS_COCO,None_Authentic_Photograph,V5-B Frequency,0.001352,0.998648,0.001352,0.998648,REAL,True
DEF_REAL_236,DEF_REAL_236_c77e41071cdc.jpg,REAL,REAL,MS_COCO,None_Authentic_Photograph,V5-C Hybrid,0.016515,0.983485,0.016515,0.983485,REAL,True
DEF_REAL_236,DEF_REAL_236_c77e41071cdc.jpg,REAL,REAL,MS_COCO,None_Authentic_Photograph,V5-D Gated Residual,0.207708,0.792292,0.35229,0.64771,REAL,True
DEF_REAL_237,DEF_REAL_237_56442c48a609.jpg,REAL,REAL,MS_COCO,None_Authentic_Photograph,V5-A Spatial,0.666766,0.333234,0.666766,0.333234,AI,False
DEF_REAL_237,DEF_REAL_237_56442c48a609.jpg,REAL,REAL,MS_COCO,None_Authentic_Photograph,V5-B Frequency,0.0547,0.9453,0.0547,0.9453,REAL,True
DEF_REAL_237,DEF_REAL_237_56442c48a609.jpg,REAL,REAL,MS_COCO,None_Authentic_Photograph,V5-C Hybrid,0.838682,0.161318,0.838682,0.161318,AI,False
DEF_REAL_237,DEF_REAL_237_56442c48a609.jpg,REAL,REAL,MS_COCO,None_Authentic_Photograph,V5-D Gated Residual,0.028641,0.971359,0.167573,0.832427,REAL,True
DEF_REAL_238,DEF_REAL_238_7a6e9fd9a333.jpg,REAL,REAL,MS_COCO,None_Authentic_Photograph,V5-A Spatial,0.005868,0.994132,0.005868,0.994132,REAL,True
DEF_REAL_238,DEF_REAL_238_7a6e9fd9a333.jpg,REAL,REAL,MS_COCO,None_Authentic_Photograph,V5-B Frequency,0.000143,0.999857,0.000143,0.999857,REAL,True
DEF_REAL_238,DEF_REAL_238_7a6e9fd9a333.jpg,REAL,REAL,MS_COCO,None_Authentic_Photograph,V5-C Hybrid,0.000745,0.999255,0.000745,0.999255,REAL,True
DEF_REAL_238,DEF_REAL_238_7a6e9fd9a333.jpg,REAL,REAL,MS_COCO,None_Authentic_Photograph,V5-D Gated Residual,0.003604,0.996396,0.07193,0.92807,REAL,True
DEF_REAL_239,DEF_REAL_239_77462bf82b89.jpg,REAL,REAL,MS_COCO,None_Authentic_Photograph,V5-A Spatial,0.059426,0.940574,0.059426,0.940574,REAL,True
DEF_REAL_239,DEF_REAL_239_77462bf82b89.jpg,REAL,REAL,MS_COCO,None_Authentic_Photograph,V5-B Frequency,0.000855,0.999145,0.000855,0.999145,REAL,True
DEF_REAL_239,DEF_REAL_239_77462bf82b89.jpg,REAL,REAL,MS_COCO,None_Authentic_Photograph,V5-C Hybrid,0.01176,0.98824,0.01176,0.98824,REAL,True
DEF_REAL_239,DEF_REAL_239_77462bf82b89.jpg,REAL,REAL,MS_COCO,None_Authentic_Photograph,V5-D Gated Residual,0.001302,0.998698,0.046454,0.953546,REAL,True
DEF_REAL_240,DEF_REAL_240_37749aba8379.jpg,REAL,REAL,MS_COCO,None_Authentic_Photograph,V5-A Spatial,0.000232,0.999768,0.000232,0.999768,REAL,True
DEF_REAL_240,DEF_REAL_240_37749aba8379.jpg,REAL,REAL,MS_COCO,None_Authentic_Photograph,V5-B Frequency,0.023128,0.976872,0.023128,0.976872,REAL,True
DEF_REAL_240,DEF_REAL_240_37749aba8379.jpg,REAL,REAL,MS_COCO,None_Authentic_Photograph,V5-C Hybrid,2e-06,0.999998,2e-06,0.999998,REAL,True
DEF_REAL_240,DEF_REAL_240_37749aba8379.jpg,REAL,REAL,MS_COCO,None_Authentic_Photograph,V5-D Gated Residual,5e-06,0.999995,0.003703,0.996297,REAL,True
DEF_REAL_241,DEF_REAL_241_1ee7d2c46f63.jpg,REAL,REAL,MS_COCO,None_Authentic_Photograph,V5-A Spatial,7.8e-05,0.999922,7.8e-05,0.999922,REAL,True
DEF_REAL_241,DEF_REAL_241_1ee7d2c46f63.jpg,REAL,REAL,MS_COCO,None_Authentic_Photograph,V5-B Frequency,9.5e-05,0.999905,9.5e-05,0.999905,REAL,True
DEF_REAL_241,DEF_REAL_241_1ee7d2c46f63.jpg,REAL,REAL,MS_COCO,None_Authentic_Photograph,V5-C Hybrid,0.0,1.0,0.0,1.0,REAL,True
DEF_REAL_241,DEF_REAL_241_1ee7d2c46f63.jpg,REAL,REAL,MS_COCO,None_Authentic_Photograph,V5-D Gated Residual,1e-06,0.999999,0.002,0.998,REAL,True
DEF_REAL_242,DEF_REAL_242_801f69933a39.jpg,REAL,REAL,MS_COCO,None_Authentic_Photograph,V5-A Spatial,0.017215,0.982785,0.017215,0.982785,REAL,True
DEF_REAL_242,DEF_REAL_242_801f69933a39.jpg,REAL,REAL,MS_COCO,None_Authentic_Photograph,V5-B Frequency,0.000119,0.999881,0.000119,0.999881,REAL,True
DEF_REAL_242,DEF_REAL_242_801f69933a39.jpg,REAL,REAL,MS_COCO,None_Authentic_Photograph,V5-C Hybrid,0.931384,0.068616,0.931384,0.068616,AI,False
DEF_REAL_242,DEF_REAL_242_801f69933a39.jpg,REAL,REAL,MS_COCO,None_Authentic_Photograph,V5-D Gated Residual,0.016257,0.983743,0.133969,0.866031,REAL,True
DEF_REAL_243,DEF_REAL_243_e9cb49c16ef4.jpg,REAL,REAL,MS_COCO,None_Authentic_Photograph,V5-A Spatial,3.6e-05,0.999964,3.6e-05,0.999964,REAL,True
DEF_REAL_243,DEF_REAL_243_e9cb49c16ef4.jpg,REAL,REAL,MS_COCO,None_Authentic_Photograph,V5-B Frequency,0.000463,0.999537,0.000463,0.999537,REAL,True
DEF_REAL_243,DEF_REAL_243_e9cb49c16ef4.jpg,REAL,REAL,MS_COCO,None_Authentic_Photograph,V5-C Hybrid,7e-06,0.999993,7e-06,0.999993,REAL,True
DEF_REAL_243,DEF_REAL_243_e9cb49c16ef4.jpg,REAL,REAL,MS_COCO,None_Authentic_Photograph,V5-D Gated Residual,0.000174,0.999826,0.019147,0.980853,REAL,True
DEF_REAL_244,DEF_REAL_244_26bd61216041.jpg,REAL,REAL,MS_COCO,None_Authentic_Photograph,V5-A Spatial,0.0,1.0,0.0,1.0,REAL,True
DEF_REAL_244,DEF_REAL_244_26bd61216041.jpg,REAL,REAL,MS_COCO,None_Authentic_Photograph,V5-B Frequency,0.068617,0.931383,0.068617,0.931383,REAL,True
DEF_REAL_244,DEF_REAL_244_26bd61216041.jpg,REAL,REAL,MS_COCO,None_Authentic_Photograph,V5-C Hybrid,0.0,1.0,0.0,1.0,REAL,True
DEF_REAL_244,DEF_REAL_244_26bd61216041.jpg,REAL,REAL,MS_COCO,None_Authentic_Photograph,V5-D Gated Residual,0.0,1.0,0.0004,0.9996,REAL,True
DEF_REAL_245,DEF_REAL_245_402c41833e59.jpg,REAL,REAL,MS_COCO,None_Authentic_Photograph,V5-A Spatial,0.998863,0.001137,0.998863,0.001137,AI,False
DEF_REAL_245,DEF_REAL_245_402c41833e59.jpg,REAL,REAL,MS_COCO,None_Authentic_Photograph,V5-B Frequency,0.00445,0.99555,0.00445,0.99555,REAL,True
DEF_REAL_245,DEF_REAL_245_402c41833e59.jpg,REAL,REAL,MS_COCO,None_Authentic_Photograph,V5-C Hybrid,0.991844,0.008156,0.991844,0.008156,AI,False
DEF_REAL_245,DEF_REAL_245_402c41833e59.jpg,REAL,REAL,MS_COCO,None_Authentic_Photograph,V5-D Gated Residual,0.999651,0.000349,0.973936,0.026064,AI,False
DEF_REAL_246,DEF_REAL_246_598f808bedde.jpg,REAL,REAL,MS_COCO,None_Authentic_Photograph,V5-A Spatial,0.010048,0.989953,0.010048,0.989953,REAL,True
DEF_REAL_246,DEF_REAL_246_598f808bedde.jpg,REAL,REAL,MS_COCO,None_Authentic_Photograph,V5-B Frequency,2e-06,0.999997,2e-06,0.999997,REAL,True
DEF_REAL_246,DEF_REAL_246_598f808bedde.jpg,REAL,REAL,MS_COCO,None_Authentic_Photograph,V5-C Hybrid,0.001379,0.998621,0.001379,0.998621,REAL,True
DEF_REAL_246,DEF_REAL_246_598f808bedde.jpg,REAL,REAL,MS_COCO,None_Authentic_Photograph,V5-D Gated Residual,2.6e-05,0.999974,0.008123,0.991877,REAL,True
DEF_REAL_247,DEF_REAL_247_a286f70c24c9.jpg,REAL,REAL,MS_COCO,None_Authentic_Photograph,V5-A Spatial,0.987896,0.012104,0.987896,0.012104,AI,False
DEF_REAL_247,DEF_REAL_247_a286f70c24c9.jpg,REAL,REAL,MS_COCO,None_Authentic_Photograph,V5-B Frequency,0.500812,0.499188,0.500812,0.499188,AI,False
DEF_REAL_247,DEF_REAL_247_a286f70c24c9.jpg,REAL,REAL,MS_COCO,None_Authentic_Photograph,V5-C Hybrid,7e-06,0.999993,7e-06,0.999993,REAL,True
DEF_REAL_247,DEF_REAL_247_a286f70c24c9.jpg,REAL,REAL,MS_COCO,None_Authentic_Photograph,V5-D Gated Residual,0.006804,0.993196,0.093907,0.906093,REAL,True
DEF_REAL_248,DEF_REAL_248_e16d5f248a1b.jpg,REAL,REAL,MS_COCO,None_Authentic_Photograph,V5-A Spatial,0.280559,0.719441,0.280559,0.719441,REAL,True
DEF_REAL_248,DEF_REAL_248_e16d5f248a1b.jpg,REAL,REAL,MS_COCO,None_Authentic_Photograph,V5-B Frequency,6e-05,0.99994,6e-05,0.99994,REAL,True
DEF_REAL_248,DEF_REAL_248_e16d5f248a1b.jpg,REAL,REAL,MS_COCO,None_Authentic_Photograph,V5-C Hybrid,3e-05,0.99997,3e-05,0.99997,REAL,True
DEF_REAL_248,DEF_REAL_248_e16d5f248a1b.jpg,REAL,REAL,MS_COCO,None_Authentic_Photograph,V5-D Gated Residual,0.000171,0.999829,0.018963,0.981037,REAL,True
DEF_REAL_249,DEF_REAL_249_944162863821.jpg,REAL,REAL,MS_COCO,None_Authentic_Photograph,V5-A Spatial,0.975805,0.024195,0.975805,0.024195,AI,False
DEF_REAL_249,DEF_REAL_249_944162863821.jpg,REAL,REAL,MS_COCO,None_Authentic_Photograph,V5-B Frequency,0.98991,0.01009,0.98991,0.01009,AI,False
DEF_REAL_249,DEF_REAL_249_944162863821.jpg,REAL,REAL,MS_COCO,None_Authentic_Photograph,V5-C Hybrid,0.999471,0.000529,0.999471,0.000529,AI,False
DEF_REAL_249,DEF_REAL_249_944162863821.jpg,REAL,REAL,MS_COCO,None_Authentic_Photograph,V5-D Gated Residual,0.96884,0.03116,0.826841,0.173159,AI,False
DEF_REAL_250,DEF_REAL_250_4dac941d8e52.jpg,REAL,REAL,MS_COCO,None_Authentic_Photograph,V5-A Spatial,0.998548,0.001452,0.998548,0.001452,AI,False
DEF_REAL_250,DEF_REAL_250_4dac941d8e52.jpg,REAL,REAL,MS_COCO,None_Authentic_Photograph,V5-B Frequency,0.016304,0.983696,0.016304,0.983696,REAL,True
DEF_REAL_250,DEF_REAL_250_4dac941d8e52.jpg,REAL,REAL,MS_COCO,None_Authentic_Photograph,V5-C Hybrid,0.308141,0.691859,0.308141,0.691859,REAL,True
DEF_REAL_250,DEF_REAL_250_4dac941d8e52.jpg,REAL,REAL,MS_COCO,None_Authentic_Photograph,V5-D Gated Residual,0.74219,0.25781,0.617979,0.382021,AI,False
DEF_REAL_251,DEF_REAL_251_b1415bae2962.jpg,REAL,REAL,MS_COCO,None_Authentic_Photograph,V5-A Spatial,1.0,0.0,1.0,0.0,AI,False
DEF_REAL_251,DEF_REAL_251_b1415bae2962.jpg,REAL,REAL,MS_COCO,None_Authentic_Photograph,V5-B Frequency,0.348591,0.651409,0.348591,0.651409,REAL,True
DEF_REAL_251,DEF_REAL_251_b1415bae2962.jpg,REAL,REAL,MS_COCO,None_Authentic_Photograph,V5-C Hybrid,1.0,0.0,1.0,0.0,AI,False
DEF_REAL_251,DEF_REAL_251_b1415bae2962.jpg,REAL,REAL,MS_COCO,None_Authentic_Photograph,V5-D Gated Residual,0.99987,0.00013,0.983205,0.016795,AI,False
DEF_REAL_252,DEF_REAL_252_d697fe9af023.jpg,REAL,REAL,MS_COCO,None_Authentic_Photograph,V5-A Spatial,0.746865,0.253135,0.746865,0.253135,AI,False
DEF_REAL_252,DEF_REAL_252_d697fe9af023.jpg,REAL,REAL,MS_COCO,None_Authentic_Photograph,V5-B Frequency,0.954458,0.045542,0.954458,0.045542,AI,False
DEF_REAL_252,DEF_REAL_252_d697fe9af023.jpg,REAL,REAL,MS_COCO,None_Authentic_Photograph,V5-C Hybrid,0.995996,0.004004,0.995996,0.004004,AI,False
DEF_REAL_252,DEF_REAL_252_d697fe9af023.jpg,REAL,REAL,MS_COCO,None_Authentic_Photograph,V5-D Gated Residual,0.224789,0.77521,0.362824,0.637176,REAL,True
DEF_REAL_253,DEF_REAL_253_e2cb9b4414e8.jpg,REAL,REAL,MS_COCO,None_Authentic_Photograph,V5-A Spatial,0.998187,0.001813,0.998187,0.001813,AI,False
DEF_REAL_253,DEF_REAL_253_e2cb9b4414e8.jpg,REAL,REAL,MS_COCO,None_Authentic_Photograph,V5-B Frequency,0.005931,0.994069,0.005931,0.994069,REAL,True
DEF_REAL_253,DEF_REAL_253_e2cb9b4414e8.jpg,REAL,REAL,MS_COCO,None_Authentic_Photograph,V5-C Hybrid,0.107488,0.892512,0.107488,0.892512,REAL,True
DEF_REAL_253,DEF_REAL_253_e2cb9b4414e8.jpg,REAL,REAL,MS_COCO,None_Authentic_Photograph,V5-D Gated Residual,9.6e-05,0.999904,0.014685,0.985315,REAL,True
DEF_REAL_254,DEF_REAL_254_5a359debebc6.jpg,REAL,REAL,MS_COCO,None_Authentic_Photograph,V5-A Spatial,0.082565,0.917435,0.082565,0.917435,REAL,True
DEF_REAL_254,DEF_REAL_254_5a359debebc6.jpg,REAL,REAL,MS_COCO,None_Authentic_Photograph,V5-B Frequency,0.931541,0.068459,0.931541,0.068459,AI,False
DEF_REAL_254,DEF_REAL_254_5a359debebc6.jpg,REAL,REAL,MS_COCO,None_Authentic_Photograph,V5-C Hybrid,0.999999,1e-06,0.999999,1e-06,AI,False
DEF_REAL_254,DEF_REAL_254_5a359debebc6.jpg,REAL,REAL,MS_COCO,None_Authentic_Photograph,V5-D Gated Residual,0.996301,0.003699,0.927271,0.072729,AI,False
DEF_REAL_255,DEF_REAL_255_1afe173738dd.jpg,REAL,REAL,MS_COCO,None_Authentic_Photograph,V5-A Spatial,0.999799,0.000201,0.999799,0.000201,AI,False
DEF_REAL_255,DEF_REAL_255_1afe173738dd.jpg,REAL,REAL,MS_COCO,None_Authentic_Photograph,V5-B Frequency,0.990427,0.009573,0.990427,0.009573,AI,False
DEF_REAL_255,DEF_REAL_255_1afe173738dd.jpg,REAL,REAL,MS_COCO,None_Authentic_Photograph,V5-C Hybrid,0.999983,1.7e-05,0.999983,1.7e-05,AI,False
DEF_REAL_255,DEF_REAL_255_1afe173738dd.jpg,REAL,REAL,MS_COCO,None_Authentic_Photograph,V5-D Gated Residual,0.376865,0.623135,0.443061,0.556939,REAL,True
DEF_REAL_256,DEF_REAL_256_d420e29671f6.jpg,REAL,REAL,MS_COCO,None_Authentic_Photograph,V5-A Spatial,0.998047,0.001953,0.998047,0.001953,AI,False
DEF_REAL_256,DEF_REAL_256_d420e29671f6.jpg,REAL,REAL,MS_COCO,None_Authentic_Photograph,V5-B Frequency,0.000628,0.999372,0.000628,0.999372,REAL,True
DEF_REAL_256,DEF_REAL_256_d420e29671f6.jpg,REAL,REAL,MS_COCO,None_Authentic_Photograph,V5-C Hybrid,0.613405,0.386595,0.613405,0.386595,AI,False
DEF_REAL_256,DEF_REAL_256_d420e29671f6.jpg,REAL,REAL,MS_COCO,None_Authentic_Photograph,V5-D Gated Residual,0.00795,0.99205,0.100155,0.899845,REAL,True
DEF_REAL_257,DEF_REAL_257_b12668ac9c50.jpg,REAL,REAL,MS_COCO,None_Authentic_Photograph,V5-A Spatial,0.999938,6.2e-05,0.999938,6.2e-05,AI,False
DEF_REAL_257,DEF_REAL_257_b12668ac9c50.jpg,REAL,REAL,MS_COCO,None_Authentic_Photograph,V5-B Frequency,0.997299,0.002701,0.997299,0.002701,AI,False
DEF_REAL_257,DEF_REAL_257_b12668ac9c50.jpg,REAL,REAL,MS_COCO,None_Authentic_Photograph,V5-C Hybrid,0.994484,0.005516,0.994484,0.005516,AI,False
DEF_REAL_257,DEF_REAL_257_b12668ac9c50.jpg,REAL,REAL,MS_COCO,None_Authentic_Photograph,V5-D Gated Residual,0.077642,0.922357,0.244948,0.755052,REAL,True
DEF_REAL_258,DEF_REAL_258_dda841daf79f.jpg,REAL,REAL,MS_COCO,None_Authentic_Photograph,V5-A Spatial,0.494256,0.505744,0.494256,0.505744,REAL,True
DEF_REAL_258,DEF_REAL_258_dda841daf79f.jpg,REAL,REAL,MS_COCO,None_Authentic_Photograph,V5-B Frequency,0.001162,0.998838,0.001162,0.998838,REAL,True
DEF_REAL_258,DEF_REAL_258_dda841daf79f.jpg,REAL,REAL,MS_COCO,None_Authentic_Photograph,V5-C Hybrid,0.001911,0.998089,0.001911,0.998089,REAL,True
DEF_REAL_258,DEF_REAL_258_dda841daf79f.jpg,REAL,REAL,MS_COCO,None_Authentic_Photograph,V5-D Gated Residual,1.4e-05,0.999986,0.006187,0.993813,REAL,True
DEF_REAL_259,DEF_REAL_259_39976818c572.jpg,REAL,REAL,MS_COCO,None_Authentic_Photograph,V5-A Spatial,0.998178,0.001822,0.998178,0.001822,AI,False
DEF_REAL_259,DEF_REAL_259_39976818c572.jpg,REAL,REAL,MS_COCO,None_Authentic_Photograph,V5-B Frequency,0.001293,0.998707,0.001293,0.998707,REAL,True
DEF_REAL_259,DEF_REAL_259_39976818c572.jpg,REAL,REAL,MS_COCO,None_Authentic_Photograph,V5-C Hybrid,0.999931,6.9e-05,0.999931,6.9e-05,AI,False
DEF_REAL_259,DEF_REAL_259_39976818c572.jpg,REAL,REAL,MS_COCO,None_Authentic_Photograph,V5-D Gated Residual,0.986665,0.013335,0.876292,0.123708,AI,False
DEF_REAL_260,DEF_REAL_260_70d94aafd467.jpg,REAL,REAL,MS_COCO,None_Authentic_Photograph,V5-A Spatial,0.000403,0.999597,0.000403,0.999597,REAL,True
DEF_REAL_260,DEF_REAL_260_70d94aafd467.jpg,REAL,REAL,MS_COCO,None_Authentic_Photograph,V5-B Frequency,9.5e-05,0.999905,9.5e-05,0.999905,REAL,True
DEF_REAL_260,DEF_REAL_260_70d94aafd467.jpg,REAL,REAL,MS_COCO,None_Authentic_Photograph,V5-C Hybrid,0.00646,0.99354,0.00646,0.99354,REAL,True
DEF_REAL_260,DEF_REAL_260_70d94aafd467.jpg,REAL,REAL,MS_COCO,None_Authentic_Photograph,V5-D Gated Residual,0.628138,0.371862,0.559335,0.440665,AI,False
DEF_REAL_261,DEF_REAL_261_18ad69d22149.jpg,REAL,REAL,MS_COCO,None_Authentic_Photograph,V5-A Spatial,0.954853,0.045147,0.954853,0.045147,AI,False
DEF_REAL_261,DEF_REAL_261_18ad69d22149.jpg,REAL,REAL,MS_COCO,None_Authentic_Photograph,V5-B Frequency,9.7e-05,0.999903,9.7e-05,0.999903,REAL,True
DEF_REAL_261,DEF_REAL_261_18ad69d22149.jpg,REAL,REAL,MS_COCO,None_Authentic_Photograph,V5-C Hybrid,0.846349,0.153651,0.846349,0.153651,AI,False
DEF_REAL_261,DEF_REAL_261_18ad69d22149.jpg,REAL,REAL,MS_COCO,None_Authentic_Photograph,V5-D Gated Residual,0.004558,0.995442,0.079428,0.920572,REAL,True
DEF_REAL_262,DEF_REAL_262_dea4f5cce37a.jpg,REAL,REAL,MS_COCO,None_Authentic_Photograph,V5-A Spatial,3e-06,0.999997,3e-06,0.999997,REAL,True
DEF_REAL_262,DEF_REAL_262_dea4f5cce37a.jpg,REAL,REAL,MS_COCO,None_Authentic_Photograph,V5-B Frequency,0.262397,0.737603,0.262397,0.737603,REAL,True
DEF_REAL_262,DEF_REAL_262_dea4f5cce37a.jpg,REAL,REAL,MS_COCO,None_Authentic_Photograph,V5-C Hybrid,0.000339,0.999661,0.000339,0.999661,REAL,True
DEF_REAL_262,DEF_REAL_262_dea4f5cce37a.jpg,REAL,REAL,MS_COCO,None_Authentic_Photograph,V5-D Gated Residual,0.000627,0.999373,0.03375,0.96625,REAL,True
DEF_REAL_263,DEF_REAL_263_37bcdc2c7814.jpg,REAL,REAL,MS_COCO,None_Authentic_Photograph,V5-A Spatial,0.003043,0.996957,0.003043,0.996957,REAL,True
DEF_REAL_263,DEF_REAL_263_37bcdc2c7814.jpg,REAL,REAL,MS_COCO,None_Authentic_Photograph,V5-B Frequency,0.982764,0.017236,0.982764,0.017236,AI,False
DEF_REAL_263,DEF_REAL_263_37bcdc2c7814.jpg,REAL,REAL,MS_COCO,None_Authentic_Photograph,V5-C Hybrid,0.00115,0.99885,0.00115,0.99885,REAL,True
DEF_REAL_263,DEF_REAL_263_37bcdc2c7814.jpg,REAL,REAL,MS_COCO,None_Authentic_Photograph,V5-D Gated Residual,0.000176,0.999824,0.019223,0.980777,REAL,True
DEF_REAL_264,DEF_REAL_264_374fd823418d.jpg,REAL,REAL,MS_COCO,None_Authentic_Photograph,V5-A Spatial,0.000168,0.999832,0.000168,0.999832,REAL,True
DEF_REAL_264,DEF_REAL_264_374fd823418d.jpg,REAL,REAL,MS_COCO,None_Authentic_Photograph,V5-B Frequency,0.002146,0.997853,0.002146,0.997853,REAL,True
DEF_REAL_264,DEF_REAL_264_374fd823418d.jpg,REAL,REAL,MS_COCO,None_Authentic_Photograph,V5-C Hybrid,6e-05,0.99994,6e-05,0.99994,REAL,True
DEF_REAL_264,DEF_REAL_264_374fd823418d.jpg,REAL,REAL,MS_COCO,None_Authentic_Photograph,V5-D Gated Residual,0.002013,0.997987,0.056094,0.943906,REAL,True
DEF_REAL_265,DEF_REAL_265_6b6acdcbf8ee.jpg,REAL,REAL,MS_COCO,None_Authentic_Photograph,V5-A Spatial,0.939637,0.060362,0.939637,0.060362,AI,False
DEF_REAL_265,DEF_REAL_265_6b6acdcbf8ee.jpg,REAL,REAL,MS_COCO,None_Authentic_Photograph,V5-B Frequency,0.010096,0.989904,0.010096,0.989904,REAL,True
DEF_REAL_265,DEF_REAL_265_6b6acdcbf8ee.jpg,REAL,REAL,MS_COCO,None_Authentic_Photograph,V5-C Hybrid,0.993277,0.006723,0.993277,0.006723,AI,False
DEF_REAL_265,DEF_REAL_265_6b6acdcbf8ee.jpg,REAL,REAL,MS_COCO,None_Authentic_Photograph,V5-D Gated Residual,0.969964,0.030036,0.829295,0.170705,AI,False
DEF_REAL_266,DEF_REAL_266_8210ac8712a4.jpg,REAL,REAL,MS_COCO,None_Authentic_Photograph,V5-A Spatial,0.000432,0.999568,0.000432,0.999568,REAL,True
DEF_REAL_266,DEF_REAL_266_8210ac8712a4.jpg,REAL,REAL,MS_COCO,None_Authentic_Photograph,V5-B Frequency,1.6e-05,0.999984,1.6e-05,0.999984,REAL,True
DEF_REAL_266,DEF_REAL_266_8210ac8712a4.jpg,REAL,REAL,MS_COCO,None_Authentic_Photograph,V5-C Hybrid,0.0,1.0,0.0,1.0,REAL,True
DEF_REAL_266,DEF_REAL_266_8210ac8712a4.jpg,REAL,REAL,MS_COCO,None_Authentic_Photograph,V5-D Gated Residual,1.1e-05,0.999989,0.00543,0.99457,REAL,True
DEF_REAL_267,DEF_REAL_267_28518e60b02e.jpg,REAL,REAL,MS_COCO,None_Authentic_Photograph,V5-A Spatial,0.920678,0.079322,0.920678,0.079322,AI,False
DEF_REAL_267,DEF_REAL_267_28518e60b02e.jpg,REAL,REAL,MS_COCO,None_Authentic_Photograph,V5-B Frequency,0.017307,0.982693,0.017307,0.982693,REAL,True
DEF_REAL_267,DEF_REAL_267_28518e60b02e.jpg,REAL,REAL,MS_COCO,None_Authentic_Photograph,V5-C Hybrid,0.600071,0.399929,0.600071,0.399929,AI,False
DEF_REAL_267,DEF_REAL_267_28518e60b02e.jpg,REAL,REAL,MS_COCO,None_Authentic_Photograph,V5-D Gated Residual,1.9e-05,0.999981,0.007114,0.992886,REAL,True
DEF_REAL_268,DEF_REAL_268_1a0ad727e705.jpg,REAL,REAL,MS_COCO,None_Authentic_Photograph,V5-A Spatial,0.991377,0.008623,0.991377,0.008623,AI,False
DEF_REAL_268,DEF_REAL_268_1a0ad727e705.jpg,REAL,REAL,MS_COCO,None_Authentic_Photograph,V5-B Frequency,0.937353,0.062647,0.937353,0.062647,AI,False
DEF_REAL_268,DEF_REAL_268_1a0ad727e705.jpg,REAL,REAL,MS_COCO,None_Authentic_Photograph,V5-C Hybrid,0.016871,0.983129,0.016871,0.983129,REAL,True
DEF_REAL_268,DEF_REAL_268_1a0ad727e705.jpg,REAL,REAL,MS_COCO,None_Authentic_Photograph,V5-D Gated Residual,0.011778,0.988222,0.11764,0.88236,REAL,True
DEF_REAL_269,DEF_REAL_269_67b6115e6e88.jpg,REAL,REAL,MS_COCO,None_Authentic_Photograph,V5-A Spatial,0.005869,0.994131,0.005869,0.994131,REAL,True
DEF_REAL_269,DEF_REAL_269_67b6115e6e88.jpg,REAL,REAL,MS_COCO,None_Authentic_Photograph,V5-B Frequency,0.200149,0.799851,0.200149,0.799851,REAL,True
DEF_REAL_269,DEF_REAL_269_67b6115e6e88.jpg,REAL,REAL,MS_COCO,None_Authentic_Photograph,V5-C Hybrid,0.000461,0.999539,0.000461,0.999539,REAL,True
DEF_REAL_269,DEF_REAL_269_67b6115e6e88.jpg,REAL,REAL,MS_COCO,None_Authentic_Photograph,V5-D Gated Residual,0.243976,0.756024,0.374146,0.625854,REAL,True
DEF_REAL_270,DEF_REAL_270_8033071fe0f5.jpg,REAL,REAL,MS_COCO,None_Authentic_Photograph,V5-A Spatial,0.02899,0.97101,0.02899,0.97101,REAL,True
DEF_REAL_270,DEF_REAL_270_8033071fe0f5.jpg,REAL,REAL,MS_COCO,None_Authentic_Photograph,V5-B Frequency,0.04948,0.95052,0.04948,0.95052,REAL,True
DEF_REAL_270,DEF_REAL_270_8033071fe0f5.jpg,REAL,REAL,MS_COCO,None_Authentic_Photograph,V5-C Hybrid,0.002552,0.997448,0.002552,0.997448,REAL,True
DEF_REAL_270,DEF_REAL_270_8033071fe0f5.jpg,REAL,REAL,MS_COCO,None_Authentic_Photograph,V5-D Gated Residual,0.000871,0.999129,0.038983,0.961017,REAL,True
DEF_REAL_271,DEF_REAL_271_22fe0628ce51.jpg,REAL,REAL,MS_COCO,None_Authentic_Photograph,V5-A Spatial,0.032671,0.967329,0.032671,0.967329,REAL,True
DEF_REAL_271,DEF_REAL_271_22fe0628ce51.jpg,REAL,REAL,MS_COCO,None_Authentic_Photograph,V5-B Frequency,0.000809,0.999191,0.000809,0.999191,REAL,True
DEF_REAL_271,DEF_REAL_271_22fe0628ce51.jpg,REAL,REAL,MS_COCO,None_Authentic_Photograph,V5-C Hybrid,0.00752,0.99248,0.00752,0.99248,REAL,True
DEF_REAL_271,DEF_REAL_271_22fe0628ce51.jpg,REAL,REAL,MS_COCO,None_Authentic_Photograph,V5-D Gated Residual,0.00033,0.99967,0.025423,0.974577,REAL,True
DEF_REAL_272,DEF_REAL_272_277e81ee8b3e.jpg,REAL,REAL,MS_COCO,None_Authentic_Photograph,V5-A Spatial,0.991618,0.008382,0.991618,0.008382,AI,False
DEF_REAL_272,DEF_REAL_272_277e81ee8b3e.jpg,REAL,REAL,MS_COCO,None_Authentic_Photograph,V5-B Frequency,0.144625,0.855375,0.144625,0.855375,REAL,True
DEF_REAL_272,DEF_REAL_272_277e81ee8b3e.jpg,REAL,REAL,MS_COCO,None_Authentic_Photograph,V5-C Hybrid,0.008397,0.991603,0.008397,0.991603,REAL,True
DEF_REAL_272,DEF_REAL_272_277e81ee8b3e.jpg,REAL,REAL,MS_COCO,None_Authentic_Photograph,V5-D Gated Residual,0.017302,0.982698,0.137351,0.862649,REAL,True
DEF_REAL_273,DEF_REAL_273_fb3cbc6ee047.jpg,REAL,REAL,MS_COCO,None_Authentic_Photograph,V5-A Spatial,0.038027,0.961973,0.038027,0.961973,REAL,True
DEF_REAL_273,DEF_REAL_273_fb3cbc6ee047.jpg,REAL,REAL,MS_COCO,None_Authentic_Photograph,V5-B Frequency,0.541077,0.458923,0.541077,0.458923,AI,False
DEF_REAL_273,DEF_REAL_273_fb3cbc6ee047.jpg,REAL,REAL,MS_COCO,None_Authentic_Photograph,V5-C Hybrid,0.008071,0.991929,0.008071,0.991929,REAL,True
DEF_REAL_273,DEF_REAL_273_fb3cbc6ee047.jpg,REAL,REAL,MS_COCO,None_Authentic_Photograph,V5-D Gated Residual,0.223019,0.776981,0.361753,0.638247,REAL,True
DEF_REAL_274,DEF_REAL_274_c87d1e64be39.jpg,REAL,REAL,MS_COCO,None_Authentic_Photograph,V5-A Spatial,0.107242,0.892758,0.107242,0.892758,REAL,True
DEF_REAL_274,DEF_REAL_274_c87d1e64be39.jpg,REAL,REAL,MS_COCO,None_Authentic_Photograph,V5-B Frequency,0.064205,0.935795,0.064205,0.935795,REAL,True
DEF_REAL_274,DEF_REAL_274_c87d1e64be39.jpg,REAL,REAL,MS_COCO,None_Authentic_Photograph,V5-C Hybrid,4.5e-05,0.999955,4.5e-05,0.999955,REAL,True
DEF_REAL_274,DEF_REAL_274_c87d1e64be39.jpg,REAL,REAL,MS_COCO,None_Authentic_Photograph,V5-D Gated Residual,0.000147,0.999853,0.017722,0.982278,REAL,True
DEF_REAL_275,DEF_REAL_275_d4ac6870eec7.jpg,REAL,REAL,MS_COCO,None_Authentic_Photograph,V5-A Spatial,0.999973,2.7e-05,0.999973,2.7e-05,AI,False
DEF_REAL_275,DEF_REAL_275_d4ac6870eec7.jpg,REAL,REAL,MS_COCO,None_Authentic_Photograph,V5-B Frequency,0.00516,0.99484,0.00516,0.99484,REAL,True
DEF_REAL_275,DEF_REAL_275_d4ac6870eec7.jpg,REAL,REAL,MS_COCO,None_Authentic_Photograph,V5-C Hybrid,0.999868,0.000132,0.999868,0.000132,AI,False
DEF_REAL_275,DEF_REAL_275_d4ac6870eec7.jpg,REAL,REAL,MS_COCO,None_Authentic_Photograph,V5-D Gated Residual,0.992078,0.007922,0.899992,0.100008,AI,False
DEF_REAL_276,DEF_REAL_276_d48bcde522f5.jpg,REAL,REAL,MS_COCO,None_Authentic_Photograph,V5-A Spatial,0.997311,0.002689,0.997311,0.002689,AI,False
DEF_REAL_276,DEF_REAL_276_d48bcde522f5.jpg,REAL,REAL,MS_COCO,None_Authentic_Photograph,V5-B Frequency,0.001116,0.998884,0.001116,0.998884,REAL,True
DEF_REAL_276,DEF_REAL_276_d48bcde522f5.jpg,REAL,REAL,MS_COCO,None_Authentic_Photograph,V5-C Hybrid,6.8e-05,0.999932,6.8e-05,0.999932,REAL,True
DEF_REAL_276,DEF_REAL_276_d48bcde522f5.jpg,REAL,REAL,MS_COCO,None_Authentic_Photograph,V5-D Gated Residual,0.000149,0.999851,0.017842,0.982158,REAL,True
DEF_REAL_277,DEF_REAL_277_1777ffbf450d.jpg,REAL,REAL,MS_COCO,None_Authentic_Photograph,V5-A Spatial,0.443315,0.556685,0.443315,0.556685,REAL,True
DEF_REAL_277,DEF_REAL_277_1777ffbf450d.jpg,REAL,REAL,MS_COCO,None_Authentic_Photograph,V5-B Frequency,0.000853,0.999147,0.000853,0.999147,REAL,True
DEF_REAL_277,DEF_REAL_277_1777ffbf450d.jpg,REAL,REAL,MS_COCO,None_Authentic_Photograph,V5-C Hybrid,0.000291,0.999709,0.000291,0.999709,REAL,True
DEF_REAL_277,DEF_REAL_277_1777ffbf450d.jpg,REAL,REAL,MS_COCO,None_Authentic_Photograph,V5-D Gated Residual,0.036626,0.963374,0.184325,0.815675,REAL,True
DEF_REAL_278,DEF_REAL_278_d68060ad9c4b.jpg,REAL,REAL,MS_COCO,None_Authentic_Photograph,V5-A Spatial,0.100945,0.899055,0.100945,0.899055,REAL,True
DEF_REAL_278,DEF_REAL_278_d68060ad9c4b.jpg,REAL,REAL,MS_COCO,None_Authentic_Photograph,V5-B Frequency,0.001457,0.998543,0.001457,0.998543,REAL,True
DEF_REAL_278,DEF_REAL_278_d68060ad9c4b.jpg,REAL,REAL,MS_COCO,None_Authentic_Photograph,V5-C Hybrid,0.01211,0.98789,0.01211,0.98789,REAL,True
DEF_REAL_278,DEF_REAL_278_d68060ad9c4b.jpg,REAL,REAL,MS_COCO,None_Authentic_Photograph,V5-D Gated Residual,0.010143,0.989857,0.110692,0.889308,REAL,True
DEF_REAL_279,DEF_REAL_279_7157f9227a29.jpg,REAL,REAL,MS_COCO,None_Authentic_Photograph,V5-A Spatial,0.006926,0.993074,0.006926,0.993074,REAL,True
DEF_REAL_279,DEF_REAL_279_7157f9227a29.jpg,REAL,REAL,MS_COCO,None_Authentic_Photograph,V5-B Frequency,0.004458,0.995542,0.004458,0.995542,REAL,True
DEF_REAL_279,DEF_REAL_279_7157f9227a29.jpg,REAL,REAL,MS_COCO,None_Authentic_Photograph,V5-C Hybrid,0.000273,0.999727,0.000273,0.999727,REAL,True
DEF_REAL_279,DEF_REAL_279_7157f9227a29.jpg,REAL,REAL,MS_COCO,None_Authentic_Photograph,V5-D Gated Residual,0.077222,0.922778,0.244453,0.755547,REAL,True
DEF_REAL_280,DEF_REAL_280_ae7cd892aa5a.jpg,REAL,REAL,MS_COCO,None_Authentic_Photograph,V5-A Spatial,0.003352,0.996648,0.003352,0.996648,REAL,True
DEF_REAL_280,DEF_REAL_280_ae7cd892aa5a.jpg,REAL,REAL,MS_COCO,None_Authentic_Photograph,V5-B Frequency,0.000601,0.999399,0.000601,0.999399,REAL,True
DEF_REAL_280,DEF_REAL_280_ae7cd892aa5a.jpg,REAL,REAL,MS_COCO,None_Authentic_Photograph,V5-C Hybrid,0.008327,0.991673,0.008327,0.991673,REAL,True
DEF_REAL_280,DEF_REAL_280_ae7cd892aa5a.jpg,REAL,REAL,MS_COCO,None_Authentic_Photograph,V5-D Gated Residual,0.000163,0.999837,0.018582,0.981418,REAL,True
DEF_REAL_281,DEF_REAL_281_c587637424e5.jpg,REAL,REAL,MS_COCO,None_Authentic_Photograph,V5-A Spatial,0.881215,0.118785,0.881215,0.118785,AI,False
DEF_REAL_281,DEF_REAL_281_c587637424e5.jpg,REAL,REAL,MS_COCO,None_Authentic_Photograph,V5-B Frequency,0.000884,0.999116,0.000884,0.999116,REAL,True
DEF_REAL_281,DEF_REAL_281_c587637424e5.jpg,REAL,REAL,MS_COCO,None_Authentic_Photograph,V5-C Hybrid,0.001216,0.998784,0.001216,0.998784,REAL,True
DEF_REAL_281,DEF_REAL_281_c587637424e5.jpg,REAL,REAL,MS_COCO,None_Authentic_Photograph,V5-D Gated Residual,0.005087,0.994913,0.083177,0.916823,REAL,True
DEF_REAL_282,DEF_REAL_282_712c5c4ddfd9.jpg,REAL,REAL,MS_COCO,None_Authentic_Photograph,V5-A Spatial,5.7e-05,0.999943,5.7e-05,0.999943,REAL,True
DEF_REAL_282,DEF_REAL_282_712c5c4ddfd9.jpg,REAL,REAL,MS_COCO,None_Authentic_Photograph,V5-B Frequency,0.000335,0.999665,0.000335,0.999665,REAL,True
DEF_REAL_282,DEF_REAL_282_712c5c4ddfd9.jpg,REAL,REAL,MS_COCO,None_Authentic_Photograph,V5-C Hybrid,0.000347,0.999653,0.000347,0.999653,REAL,True
DEF_REAL_282,DEF_REAL_282_712c5c4ddfd9.jpg,REAL,REAL,MS_COCO,None_Authentic_Photograph,V5-D Gated Residual,0.008814,0.991186,0.104498,0.895502,REAL,True
DEF_REAL_283,DEF_REAL_283_a3aecab9aef4.jpg,REAL,REAL,MS_COCO,None_Authentic_Photograph,V5-A Spatial,0.999694,0.000306,0.999694,0.000306,AI,False
DEF_REAL_283,DEF_REAL_283_a3aecab9aef4.jpg,REAL,REAL,MS_COCO,None_Authentic_Photograph,V5-B Frequency,0.002665,0.997335,0.002665,0.997335,REAL,True
DEF_REAL_283,DEF_REAL_283_a3aecab9aef4.jpg,REAL,REAL,MS_COCO,None_Authentic_Photograph,V5-C Hybrid,0.975602,0.024398,0.975602,0.024398,AI,False
DEF_REAL_283,DEF_REAL_283_a3aecab9aef4.jpg,REAL,REAL,MS_COCO,None_Authentic_Photograph,V5-D Gated Residual,0.998684,0.001316,0.953326,0.046674,AI,False
DEF_REAL_284,DEF_REAL_284_6b456678d497.jpg,REAL,REAL,MS_COCO,None_Authentic_Photograph,V5-A Spatial,0.07757,0.92243,0.07757,0.92243,REAL,True
DEF_REAL_284,DEF_REAL_284_6b456678d497.jpg,REAL,REAL,MS_COCO,None_Authentic_Photograph,V5-B Frequency,0.25067,0.74933,0.25067,0.74933,REAL,True
DEF_REAL_284,DEF_REAL_284_6b456678d497.jpg,REAL,REAL,MS_COCO,None_Authentic_Photograph,V5-C Hybrid,0.997932,0.002068,0.997932,0.002068,AI,False
DEF_REAL_284,DEF_REAL_284_6b456678d497.jpg,REAL,REAL,MS_COCO,None_Authentic_Photograph,V5-D Gated Residual,0.89723,0.10277,0.728226,0.271774,AI,False
DEF_REAL_285,DEF_REAL_285_390a279faeb0.jpg,REAL,REAL,MS_COCO,None_Authentic_Photograph,V5-A Spatial,0.997923,0.002077,0.997923,0.002077,AI,False
DEF_REAL_285,DEF_REAL_285_390a279faeb0.jpg,REAL,REAL,MS_COCO,None_Authentic_Photograph,V5-B Frequency,6.4e-05,0.999936,6.4e-05,0.999936,REAL,True
DEF_REAL_285,DEF_REAL_285_390a279faeb0.jpg,REAL,REAL,MS_COCO,None_Authentic_Photograph,V5-C Hybrid,0.885953,0.114047,0.885953,0.114047,AI,False
DEF_REAL_285,DEF_REAL_285_390a279faeb0.jpg,REAL,REAL,MS_COCO,None_Authentic_Photograph,V5-D Gated Residual,0.055934,0.944066,0.216616,0.783385,REAL,True
DEF_REAL_286,DEF_REAL_286_65d5c9b5af7a.jpg,REAL,REAL,MS_COCO,None_Authentic_Photograph,V5-A Spatial,0.000706,0.999294,0.000706,0.999294,REAL,True
DEF_REAL_286,DEF_REAL_286_65d5c9b5af7a.jpg,REAL,REAL,MS_COCO,None_Authentic_Photograph,V5-B Frequency,0.980006,0.019994,0.980006,0.019994,AI,False
DEF_REAL_286,DEF_REAL_286_65d5c9b5af7a.jpg,REAL,REAL,MS_COCO,None_Authentic_Photograph,V5-C Hybrid,0.000872,0.999128,0.000872,0.999128,REAL,True
DEF_REAL_286,DEF_REAL_286_65d5c9b5af7a.jpg,REAL,REAL,MS_COCO,None_Authentic_Photograph,V5-D Gated Residual,0.000206,0.999794,0.020628,0.979372,REAL,True
DEF_REAL_287,DEF_REAL_287_d86aba0c7e9b.jpg,REAL,REAL,MS_COCO,None_Authentic_Photograph,V5-A Spatial,0.999867,0.000133,0.999867,0.000133,AI,False
DEF_REAL_287,DEF_REAL_287_d86aba0c7e9b.jpg,REAL,REAL,MS_COCO,None_Authentic_Photograph,V5-B Frequency,0.016481,0.983519,0.016481,0.983519,REAL,True
DEF_REAL_287,DEF_REAL_287_d86aba0c7e9b.jpg,REAL,REAL,MS_COCO,None_Authentic_Photograph,V5-C Hybrid,0.678964,0.321036,0.678964,0.321036,AI,False
DEF_REAL_287,DEF_REAL_287_d86aba0c7e9b.jpg,REAL,REAL,MS_COCO,None_Authentic_Photograph,V5-D Gated Residual,0.215223,0.784777,0.356982,0.643018,REAL,True
DEF_REAL_288,DEF_REAL_288_50b30fd8220c.jpg,REAL,REAL,MS_COCO,None_Authentic_Photograph,V5-A Spatial,0.010679,0.989321,0.010679,0.989321,REAL,True
DEF_REAL_288,DEF_REAL_288_50b30fd8220c.jpg,REAL,REAL,MS_COCO,None_Authentic_Photograph,V5-B Frequency,0.000143,0.999857,0.000143,0.999857,REAL,True
DEF_REAL_288,DEF_REAL_288_50b30fd8220c.jpg,REAL,REAL,MS_COCO,None_Authentic_Photograph,V5-C Hybrid,0.004048,0.995952,0.004048,0.995952,REAL,True
DEF_REAL_288,DEF_REAL_288_50b30fd8220c.jpg,REAL,REAL,MS_COCO,None_Authentic_Photograph,V5-D Gated Residual,0.001432,0.998568,0.048426,0.951574,REAL,True
DEF_REAL_289,DEF_REAL_289_527a701fca72.jpg,REAL,REAL,MS_COCO,None_Authentic_Photograph,V5-A Spatial,0.001191,0.998809,0.001191,0.998809,REAL,True
DEF_REAL_289,DEF_REAL_289_527a701fca72.jpg,REAL,REAL,MS_COCO,None_Authentic_Photograph,V5-B Frequency,7e-06,0.999993,7e-06,0.999993,REAL,True
DEF_REAL_289,DEF_REAL_289_527a701fca72.jpg,REAL,REAL,MS_COCO,None_Authentic_Photograph,V5-C Hybrid,1e-06,0.999999,1e-06,0.999999,REAL,True
DEF_REAL_289,DEF_REAL_289_527a701fca72.jpg,REAL,REAL,MS_COCO,None_Authentic_Photograph,V5-D Gated Residual,9e-06,0.999991,0.00495,0.99505,REAL,True
DEF_REAL_290,DEF_REAL_290_897c820442b7.jpg,REAL,REAL,MS_COCO,None_Authentic_Photograph,V5-A Spatial,0.050526,0.949474,0.050526,0.949474,REAL,True
DEF_REAL_290,DEF_REAL_290_897c820442b7.jpg,REAL,REAL,MS_COCO,None_Authentic_Photograph,V5-B Frequency,0.598059,0.401941,0.598059,0.401941,AI,False
DEF_REAL_290,DEF_REAL_290_897c820442b7.jpg,REAL,REAL,MS_COCO,None_Authentic_Photograph,V5-C Hybrid,1e-06,0.999999,1e-06,0.999999,REAL,True
DEF_REAL_290,DEF_REAL_290_897c820442b7.jpg,REAL,REAL,MS_COCO,None_Authentic_Photograph,V5-D Gated Residual,5e-06,0.999995,0.003722,0.996278,REAL,True
DEF_REAL_291,DEF_REAL_291_d5e85f0f9773.jpg,REAL,REAL,MS_COCO,None_Authentic_Photograph,V5-A Spatial,0.997465,0.002535,0.997465,0.002535,AI,False
DEF_REAL_291,DEF_REAL_291_d5e85f0f9773.jpg,REAL,REAL,MS_COCO,None_Authentic_Photograph,V5-B Frequency,1.2e-05,0.999987,1.2e-05,0.999987,REAL,True
DEF_REAL_291,DEF_REAL_291_d5e85f0f9773.jpg,REAL,REAL,MS_COCO,None_Authentic_Photograph,V5-C Hybrid,0.91086,0.08914,0.91086,0.08914,AI,False
DEF_REAL_291,DEF_REAL_291_d5e85f0f9773.jpg,REAL,REAL,MS_COCO,None_Authentic_Photograph,V5-D Gated Residual,0.275519,0.724481,0.391794,0.608206,REAL,True
DEF_REAL_292,DEF_REAL_292_461089c85643.jpg,REAL,REAL,MS_COCO,None_Authentic_Photograph,V5-A Spatial,0.001875,0.998125,0.001875,0.998125,REAL,True
DEF_REAL_292,DEF_REAL_292_461089c85643.jpg,REAL,REAL,MS_COCO,None_Authentic_Photograph,V5-B Frequency,0.001681,0.998319,0.001681,0.998319,REAL,True
DEF_REAL_292,DEF_REAL_292_461089c85643.jpg,REAL,REAL,MS_COCO,None_Authentic_Photograph,V5-C Hybrid,1e-06,0.999999,1e-06,0.999999,REAL,True
DEF_REAL_292,DEF_REAL_292_461089c85643.jpg,REAL,REAL,MS_COCO,None_Authentic_Photograph,V5-D Gated Residual,0.755225,0.244775,0.625393,0.374607,AI,False
DEF_REAL_293,DEF_REAL_293_fdec61f85396.jpg,REAL,REAL,MS_COCO,None_Authentic_Photograph,V5-A Spatial,0.223768,0.776232,0.223768,0.776232,REAL,True
DEF_REAL_293,DEF_REAL_293_fdec61f85396.jpg,REAL,REAL,MS_COCO,None_Authentic_Photograph,V5-B Frequency,0.002671,0.997329,0.002671,0.997329,REAL,True
DEF_REAL_293,DEF_REAL_293_fdec61f85396.jpg,REAL,REAL,MS_COCO,None_Authentic_Photograph,V5-C Hybrid,5.7e-05,0.999943,5.7e-05,0.999943,REAL,True
DEF_REAL_293,DEF_REAL_293_fdec61f85396.jpg,REAL,REAL,MS_COCO,None_Authentic_Photograph,V5-D Gated Residual,0.000682,0.999318,0.035031,0.964969,REAL,True
DEF_REAL_294,DEF_REAL_294_2d5319534fd7.jpg,REAL,REAL,MS_COCO,None_Authentic_Photograph,V5-A Spatial,0.992954,0.007046,0.992954,0.007046,AI,False
DEF_REAL_294,DEF_REAL_294_2d5319534fd7.jpg,REAL,REAL,MS_COCO,None_Authentic_Photograph,V5-B Frequency,0.227439,0.772561,0.227439,0.772561,REAL,True
DEF_REAL_294,DEF_REAL_294_2d5319534fd7.jpg,REAL,REAL,MS_COCO,None_Authentic_Photograph,V5-C Hybrid,0.314933,0.685067,0.314933,0.685067,REAL,True
DEF_REAL_294,DEF_REAL_294_2d5319534fd7.jpg,REAL,REAL,MS_COCO,None_Authentic_Photograph,V5-D Gated Residual,0.05153,0.94847,0.210001,0.789999,REAL,True
DEF_REAL_295,DEF_REAL_295_217ba40ddc57.jpg,REAL,REAL,MS_COCO,None_Authentic_Photograph,V5-A Spatial,0.923858,0.076142,0.923858,0.076142,AI,False
DEF_REAL_295,DEF_REAL_295_217ba40ddc57.jpg,REAL,REAL,MS_COCO,None_Authentic_Photograph,V5-B Frequency,0.000398,0.999602,0.000398,0.999602,REAL,True
DEF_REAL_295,DEF_REAL_295_217ba40ddc57.jpg,REAL,REAL,MS_COCO,None_Authentic_Photograph,V5-C Hybrid,0.998738,0.001262,0.998738,0.001262,AI,False
DEF_REAL_295,DEF_REAL_295_217ba40ddc57.jpg,REAL,REAL,MS_COCO,None_Authentic_Photograph,V5-D Gated Residual,0.99149,0.008511,0.896995,0.103005,AI,False
DEF_REAL_296,DEF_REAL_296_b04f103c2e15.jpg,REAL,REAL,MS_COCO,None_Authentic_Photograph,V5-A Spatial,0.511132,0.488868,0.511132,0.488868,AI,False
DEF_REAL_296,DEF_REAL_296_b04f103c2e15.jpg,REAL,REAL,MS_COCO,None_Authentic_Photograph,V5-B Frequency,0.000199,0.999801,0.000199,0.999801,REAL,True
DEF_REAL_296,DEF_REAL_296_b04f103c2e15.jpg,REAL,REAL,MS_COCO,None_Authentic_Photograph,V5-C Hybrid,0.000637,0.999363,0.000637,0.999363,REAL,True
DEF_REAL_296,DEF_REAL_296_b04f103c2e15.jpg,REAL,REAL,MS_COCO,None_Authentic_Photograph,V5-D Gated Residual,0.000182,0.999818,0.01949,0.98051,REAL,True
DEF_REAL_297,DEF_REAL_297_2ed31acdfb13.jpg,REAL,REAL,MS_COCO,None_Authentic_Photograph,V5-A Spatial,0.022618,0.977382,0.022618,0.977382,REAL,True
DEF_REAL_297,DEF_REAL_297_2ed31acdfb13.jpg,REAL,REAL,MS_COCO,None_Authentic_Photograph,V5-B Frequency,0.003017,0.996983,0.003017,0.996983,REAL,True
DEF_REAL_297,DEF_REAL_297_2ed31acdfb13.jpg,REAL,REAL,MS_COCO,None_Authentic_Photograph,V5-C Hybrid,0.993756,0.006244,0.993756,0.006244,AI,False
DEF_REAL_297,DEF_REAL_297_2ed31acdfb13.jpg,REAL,REAL,MS_COCO,None_Authentic_Photograph,V5-D Gated Residual,0.028483,0.971517,0.167211,0.832789,REAL,True
DEF_REAL_298,DEF_REAL_298_7cec207f2f11.jpg,REAL,REAL,MS_COCO,None_Authentic_Photograph,V5-A Spatial,0.986939,0.013061,0.986939,0.013061,AI,False
DEF_REAL_298,DEF_REAL_298_7cec207f2f11.jpg,REAL,REAL,MS_COCO,None_Authentic_Photograph,V5-B Frequency,0.151917,0.848083,0.151917,0.848083,REAL,True
DEF_REAL_298,DEF_REAL_298_7cec207f2f11.jpg,REAL,REAL,MS_COCO,None_Authentic_Photograph,V5-C Hybrid,3e-06,0.999997,3e-06,0.999997,REAL,True
DEF_REAL_298,DEF_REAL_298_7cec207f2f11.jpg,REAL,REAL,MS_COCO,None_Authentic_Photograph,V5-D Gated Residual,0.086323,0.913677,0.254788,0.745212,REAL,True
DEF_REAL_299,DEF_REAL_299_077935a1c2e3.jpg,REAL,REAL,MS_COCO,None_Authentic_Photograph,V5-A Spatial,0.125824,0.874176,0.125824,0.874176,REAL,True
DEF_REAL_299,DEF_REAL_299_077935a1c2e3.jpg,REAL,REAL,MS_COCO,None_Authentic_Photograph,V5-B Frequency,0.211029,0.788971,0.211029,0.788971,REAL,True
DEF_REAL_299,DEF_REAL_299_077935a1c2e3.jpg,REAL,REAL,MS_COCO,None_Authentic_Photograph,V5-C Hybrid,0.94381,0.05619,0.94381,0.05619,AI,False
DEF_REAL_299,DEF_REAL_299_077935a1c2e3.jpg,REAL,REAL,MS_COCO,None_Authentic_Photograph,V5-D Gated Residual,0.000309,0.999691,0.024703,0.975297,REAL,True
DEF_REAL_300,DEF_REAL_300_9e64cc526368.jpg,REAL,REAL,MS_COCO,None_Authentic_Photograph,V5-A Spatial,0.999987,1.3e-05,0.999987,1.3e-05,AI,False
DEF_REAL_300,DEF_REAL_300_9e64cc526368.jpg,REAL,REAL,MS_COCO,None_Authentic_Photograph,V5-B Frequency,0.602199,0.397801,0.602199,0.397801,AI,False
DEF_REAL_300,DEF_REAL_300_9e64cc526368.jpg,REAL,REAL,MS_COCO,None_Authentic_Photograph,V5-C Hybrid,0.999998,2e-06,0.999998,2e-06,AI,False
DEF_REAL_300,DEF_REAL_300_9e64cc526368.jpg,REAL,REAL,MS_COCO,None_Authentic_Photograph,V5-D Gated Residual,0.993116,0.006884,0.905638,0.094362,AI,False
DEF_REAL_301,DEF_REAL_301_e9f148833ef6.jpg,REAL,REAL,MS_COCO,None_Authentic_Photograph,V5-A Spatial,0.997439,0.002561,0.997439,0.002561,AI,False
DEF_REAL_301,DEF_REAL_301_e9f148833ef6.jpg,REAL,REAL,MS_COCO,None_Authentic_Photograph,V5-B Frequency,0.003359,0.996641,0.003359,0.996641,REAL,True
DEF_REAL_301,DEF_REAL_301_e9f148833ef6.jpg,REAL,REAL,MS_COCO,None_Authentic_Photograph,V5-C Hybrid,0.999085,0.000915,0.999085,0.000915,AI,False
DEF_REAL_301,DEF_REAL_301_e9f148833ef6.jpg,REAL,REAL,MS_COCO,None_Authentic_Photograph,V5-D Gated Residual,0.713126,0.286874,0.602099,0.397901,AI,False
DEF_REAL_302,DEF_REAL_302_8ef6896a3be7.jpg,REAL,REAL,MS_COCO,None_Authentic_Photograph,V5-A Spatial,0.262543,0.737457,0.262543,0.737457,REAL,True
DEF_REAL_302,DEF_REAL_302_8ef6896a3be7.jpg,REAL,REAL,MS_COCO,None_Authentic_Photograph,V5-B Frequency,0.000219,0.999781,0.000219,0.999781,REAL,True
DEF_REAL_302,DEF_REAL_302_8ef6896a3be7.jpg,REAL,REAL,MS_COCO,None_Authentic_Photograph,V5-C Hybrid,0.032084,0.967916,0.032084,0.967916,REAL,True
DEF_REAL_302,DEF_REAL_302_8ef6896a3be7.jpg,REAL,REAL,MS_COCO,None_Authentic_Photograph,V5-D Gated Residual,0.000878,0.999122,0.039121,0.960879,REAL,True
DEF_REAL_303,DEF_REAL_303_6ed2966401ab.jpg,REAL,REAL,MS_COCO,None_Authentic_Photograph,V5-A Spatial,0.000279,0.999721,0.000279,0.999721,REAL,True
DEF_REAL_303,DEF_REAL_303_6ed2966401ab.jpg,REAL,REAL,MS_COCO,None_Authentic_Photograph,V5-B Frequency,0.000104,0.999896,0.000104,0.999896,REAL,True
DEF_REAL_303,DEF_REAL_303_6ed2966401ab.jpg,REAL,REAL,MS_COCO,None_Authentic_Photograph,V5-C Hybrid,0.000199,0.999801,0.000199,0.999801,REAL,True
DEF_REAL_303,DEF_REAL_303_6ed2966401ab.jpg,REAL,REAL,MS_COCO,None_Authentic_Photograph,V5-D Gated Residual,2e-05,0.99998,0.007219,0.992781,REAL,True
DEF_REAL_304,DEF_REAL_304_4859288a6537.jpg,REAL,REAL,MS_COCO,None_Authentic_Photograph,V5-A Spatial,0.00428,0.99572,0.00428,0.99572,REAL,True
DEF_REAL_304,DEF_REAL_304_4859288a6537.jpg,REAL,REAL,MS_COCO,None_Authentic_Photograph,V5-B Frequency,0.005572,0.994428,0.005572,0.994428,REAL,True
DEF_REAL_304,DEF_REAL_304_4859288a6537.jpg,REAL,REAL,MS_COCO,None_Authentic_Photograph,V5-C Hybrid,0.000138,0.999862,0.000138,0.999862,REAL,True
DEF_REAL_304,DEF_REAL_304_4859288a6537.jpg,REAL,REAL,MS_COCO,None_Authentic_Photograph,V5-D Gated Residual,0.001222,0.998778,0.045199,0.954801,REAL,True
DEF_REAL_305,DEF_REAL_305_9e690f6e66b0.jpg,REAL,REAL,MS_COCO,None_Authentic_Photograph,V5-A Spatial,0.588216,0.411784,0.588216,0.411784,AI,False
DEF_REAL_305,DEF_REAL_305_9e690f6e66b0.jpg,REAL,REAL,MS_COCO,None_Authentic_Photograph,V5-B Frequency,0.001266,0.998734,0.001266,0.998734,REAL,True
DEF_REAL_305,DEF_REAL_305_9e690f6e66b0.jpg,REAL,REAL,MS_COCO,None_Authentic_Photograph,V5-C Hybrid,0.996461,0.003539,0.996461,0.003539,AI,False
DEF_REAL_305,DEF_REAL_305_9e690f6e66b0.jpg,REAL,REAL,MS_COCO,None_Authentic_Photograph,V5-D Gated Residual,0.02025,0.97975,0.146222,0.853778,REAL,True
DEF_REAL_306,DEF_REAL_306_860ee3e404ea.jpg,REAL,REAL,MS_COCO,None_Authentic_Photograph,V5-A Spatial,2.2e-05,0.999978,2.2e-05,0.999978,REAL,True
DEF_REAL_306,DEF_REAL_306_860ee3e404ea.jpg,REAL,REAL,MS_COCO,None_Authentic_Photograph,V5-B Frequency,0.0006,0.9994,0.0006,0.9994,REAL,True
DEF_REAL_306,DEF_REAL_306_860ee3e404ea.jpg,REAL,REAL,MS_COCO,None_Authentic_Photograph,V5-C Hybrid,0.0,1.0,0.0,1.0,REAL,True
DEF_REAL_306,DEF_REAL_306_860ee3e404ea.jpg,REAL,REAL,MS_COCO,None_Authentic_Photograph,V5-D Gated Residual,0.000109,0.999891,0.015523,0.984477,REAL,True
DEF_REAL_307,DEF_REAL_307_f0f19d4c1a40.jpg,REAL,REAL,MS_COCO,None_Authentic_Photograph,V5-A Spatial,0.050554,0.949446,0.050554,0.949446,REAL,True
DEF_REAL_307,DEF_REAL_307_f0f19d4c1a40.jpg,REAL,REAL,MS_COCO,None_Authentic_Photograph,V5-B Frequency,0.001311,0.998689,0.001311,0.998689,REAL,True
DEF_REAL_307,DEF_REAL_307_f0f19d4c1a40.jpg,REAL,REAL,MS_COCO,None_Authentic_Photograph,V5-C Hybrid,0.855268,0.144732,0.855268,0.144732,AI,False
DEF_REAL_307,DEF_REAL_307_f0f19d4c1a40.jpg,REAL,REAL,MS_COCO,None_Authentic_Photograph,V5-D Gated Residual,0.002441,0.997559,0.060933,0.939067,REAL,True
DEF_REAL_308,DEF_REAL_308_e155e943c0c2.jpg,REAL,REAL,MS_COCO,None_Authentic_Photograph,V5-A Spatial,0.003087,0.996913,0.003087,0.996913,REAL,True
DEF_REAL_308,DEF_REAL_308_e155e943c0c2.jpg,REAL,REAL,MS_COCO,None_Authentic_Photograph,V5-B Frequency,1.2e-05,0.999988,1.2e-05,0.999988,REAL,True
DEF_REAL_308,DEF_REAL_308_e155e943c0c2.jpg,REAL,REAL,MS_COCO,None_Authentic_Photograph,V5-C Hybrid,1.2e-05,0.999988,1.2e-05,0.999988,REAL,True
DEF_REAL_308,DEF_REAL_308_e155e943c0c2.jpg,REAL,REAL,MS_COCO,None_Authentic_Photograph,V5-D Gated Residual,0.00018,0.99982,0.019402,0.980598,REAL,True
DEF_REAL_309,DEF_REAL_309_182f2e665bb3.jpg,REAL,REAL,MS_COCO,None_Authentic_Photograph,V5-A Spatial,0.995671,0.004329,0.995671,0.004329,AI,False
DEF_REAL_309,DEF_REAL_309_182f2e665bb3.jpg,REAL,REAL,MS_COCO,None_Authentic_Photograph,V5-B Frequency,9.5e-05,0.999905,9.5e-05,0.999905,REAL,True
DEF_REAL_309,DEF_REAL_309_182f2e665bb3.jpg,REAL,REAL,MS_COCO,None_Authentic_Photograph,V5-C Hybrid,0.064714,0.935286,0.064714,0.935286,REAL,True
DEF_REAL_309,DEF_REAL_309_182f2e665bb3.jpg,REAL,REAL,MS_COCO,None_Authentic_Photograph,V5-D Gated Residual,0.001988,0.998012,0.055787,0.944212,REAL,True
DEF_REAL_310,DEF_REAL_310_ee0bed21f822.jpg,REAL,REAL,MS_COCO,None_Authentic_Photograph,V5-A Spatial,0.573427,0.426573,0.573427,0.426573,AI,False
DEF_REAL_310,DEF_REAL_310_ee0bed21f822.jpg,REAL,REAL,MS_COCO,None_Authentic_Photograph,V5-B Frequency,1.4e-05,0.999986,1.4e-05,0.999986,REAL,True
DEF_REAL_310,DEF_REAL_310_ee0bed21f822.jpg,REAL,REAL,MS_COCO,None_Authentic_Photograph,V5-C Hybrid,0.999969,3.1e-05,0.999969,3.1e-05,AI,False
DEF_REAL_310,DEF_REAL_310_ee0bed21f822.jpg,REAL,REAL,MS_COCO,None_Authentic_Photograph,V5-D Gated Residual,0.011477,0.988523,0.116409,0.883591,REAL,True
DEF_REAL_311,DEF_REAL_311_e565e55dc6b2.jpg,REAL,REAL,MS_COCO,None_Authentic_Photograph,V5-A Spatial,0.889147,0.110853,0.889147,0.110853,AI,False
DEF_REAL_311,DEF_REAL_311_e565e55dc6b2.jpg,REAL,REAL,MS_COCO,None_Authentic_Photograph,V5-B Frequency,0.038037,0.961963,0.038037,0.961963,REAL,True
DEF_REAL_311,DEF_REAL_311_e565e55dc6b2.jpg,REAL,REAL,MS_COCO,None_Authentic_Photograph,V5-C Hybrid,0.004789,0.995211,0.004789,0.995211,REAL,True
DEF_REAL_311,DEF_REAL_311_e565e55dc6b2.jpg,REAL,REAL,MS_COCO,None_Authentic_Photograph,V5-D Gated Residual,5e-06,0.999995,0.004014,0.995986,REAL,True
DEF_REAL_312,DEF_REAL_312_f9df4c100b35.jpg,REAL,REAL,MS_COCO,None_Authentic_Photograph,V5-A Spatial,0.0157,0.9843,0.0157,0.9843,REAL,True
DEF_REAL_312,DEF_REAL_312_f9df4c100b35.jpg,REAL,REAL,MS_COCO,None_Authentic_Photograph,V5-B Frequency,5e-06,0.999995,5e-06,0.999995,REAL,True
DEF_REAL_312,DEF_REAL_312_f9df4c100b35.jpg,REAL,REAL,MS_COCO,None_Authentic_Photograph,V5-C Hybrid,5.7e-05,0.999943,5.7e-05,0.999943,REAL,True
DEF_REAL_312,DEF_REAL_312_f9df4c100b35.jpg,REAL,REAL,MS_COCO,None_Authentic_Photograph,V5-D Gated Residual,0.000253,0.999747,0.022601,0.977399,REAL,True
DEF_REAL_313,DEF_REAL_313_a8dd21d7f328.jpg,REAL,REAL,MS_COCO,None_Authentic_Photograph,V5-A Spatial,0.103591,0.896409,0.103591,0.896409,REAL,True
DEF_REAL_313,DEF_REAL_313_a8dd21d7f328.jpg,REAL,REAL,MS_COCO,None_Authentic_Photograph,V5-B Frequency,0.000123,0.999877,0.000123,0.999877,REAL,True
DEF_REAL_313,DEF_REAL_313_a8dd21d7f328.jpg,REAL,REAL,MS_COCO,None_Authentic_Photograph,V5-C Hybrid,0.640735,0.359265,0.640735,0.359265,AI,False
DEF_REAL_313,DEF_REAL_313_a8dd21d7f328.jpg,REAL,REAL,MS_COCO,None_Authentic_Photograph,V5-D Gated Residual,0.009928,0.990072,0.109726,0.890274,REAL,True
DEF_REAL_314,DEF_REAL_314_1ed73bc34844.jpg,REAL,REAL,MS_COCO,None_Authentic_Photograph,V5-A Spatial,0.999805,0.000195,0.999805,0.000195,AI,False
DEF_REAL_314,DEF_REAL_314_1ed73bc34844.jpg,REAL,REAL,MS_COCO,None_Authentic_Photograph,V5-B Frequency,0.045466,0.954534,0.045466,0.954534,REAL,True
DEF_REAL_314,DEF_REAL_314_1ed73bc34844.jpg,REAL,REAL,MS_COCO,None_Authentic_Photograph,V5-C Hybrid,0.170468,0.829532,0.170468,0.829532,REAL,True
DEF_REAL_314,DEF_REAL_314_1ed73bc34844.jpg,REAL,REAL,MS_COCO,None_Authentic_Photograph,V5-D Gated Residual,0.91122,0.08878,0.742546,0.257454,AI,False
DEF_REAL_315,DEF_REAL_315_6039f18a7bc3.jpg,REAL,REAL,MS_COCO,None_Authentic_Photograph,V5-A Spatial,0.000432,0.999568,0.000432,0.999568,REAL,True
DEF_REAL_315,DEF_REAL_315_6039f18a7bc3.jpg,REAL,REAL,MS_COCO,None_Authentic_Photograph,V5-B Frequency,1.9e-05,0.999982,1.9e-05,0.999982,REAL,True
DEF_REAL_315,DEF_REAL_315_6039f18a7bc3.jpg,REAL,REAL,MS_COCO,None_Authentic_Photograph,V5-C Hybrid,9e-06,0.999991,9e-06,0.999991,REAL,True
DEF_REAL_315,DEF_REAL_315_6039f18a7bc3.jpg,REAL,REAL,MS_COCO,None_Authentic_Photograph,V5-D Gated Residual,4.7e-05,0.999953,0.010602,0.989398,REAL,True
DEF_REAL_316,DEF_REAL_316_f5e48eb4c575.jpg,REAL,REAL,MS_COCO,None_Authentic_Photograph,V5-A Spatial,0.929985,0.070015,0.929985,0.070015,AI,False
DEF_REAL_316,DEF_REAL_316_f5e48eb4c575.jpg,REAL,REAL,MS_COCO,None_Authentic_Photograph,V5-B Frequency,0.00924,0.99076,0.00924,0.99076,REAL,True
DEF_REAL_316,DEF_REAL_316_f5e48eb4c575.jpg,REAL,REAL,MS_COCO,None_Authentic_Photograph,V5-C Hybrid,5.3e-05,0.999947,5.3e-05,0.999947,REAL,True
DEF_REAL_316,DEF_REAL_316_f5e48eb4c575.jpg,REAL,REAL,MS_COCO,None_Authentic_Photograph,V5-D Gated Residual,0.050419,0.949581,0.208274,0.791726,REAL,True
DEF_REAL_317,DEF_REAL_317_097a04301b1d.jpg,REAL,REAL,MS_COCO,None_Authentic_Photograph,V5-A Spatial,0.0,1.0,0.0,1.0,REAL,True
DEF_REAL_317,DEF_REAL_317_097a04301b1d.jpg,REAL,REAL,MS_COCO,None_Authentic_Photograph,V5-B Frequency,0.072008,0.927992,0.072008,0.927992,REAL,True
DEF_REAL_317,DEF_REAL_317_097a04301b1d.jpg,REAL,REAL,MS_COCO,None_Authentic_Photograph,V5-C Hybrid,0.0,1.0,0.0,1.0,REAL,True
DEF_REAL_317,DEF_REAL_317_097a04301b1d.jpg,REAL,REAL,MS_COCO,None_Authentic_Photograph,V5-D Gated Residual,0.000165,0.999835,0.018673,0.981327,REAL,True
DEF_REAL_318,DEF_REAL_318_49df39ceff09.jpg,REAL,REAL,MS_COCO,None_Authentic_Photograph,V5-A Spatial,0.998682,0.001318,0.998682,0.001318,AI,False
DEF_REAL_318,DEF_REAL_318_49df39ceff09.jpg,REAL,REAL,MS_COCO,None_Authentic_Photograph,V5-B Frequency,0.000162,0.999838,0.000162,0.999838,REAL,True
DEF_REAL_318,DEF_REAL_318_49df39ceff09.jpg,REAL,REAL,MS_COCO,None_Authentic_Photograph,V5-C Hybrid,0.281235,0.718765,0.281235,0.718765,REAL,True
DEF_REAL_318,DEF_REAL_318_49df39ceff09.jpg,REAL,REAL,MS_COCO,None_Authentic_Photograph,V5-D Gated Residual,0.006645,0.993355,0.092991,0.907009,REAL,True
DEF_REAL_319,DEF_REAL_319_c8dda64f2d3b.jpg,REAL,REAL,MS_COCO,None_Authentic_Photograph,V5-A Spatial,0.999936,6.4e-05,0.999936,6.4e-05,AI,False
DEF_REAL_319,DEF_REAL_319_c8dda64f2d3b.jpg,REAL,REAL,MS_COCO,None_Authentic_Photograph,V5-B Frequency,0.107179,0.892821,0.107179,0.892821,REAL,True
DEF_REAL_319,DEF_REAL_319_c8dda64f2d3b.jpg,REAL,REAL,MS_COCO,None_Authentic_Photograph,V5-C Hybrid,0.385687,0.614313,0.385687,0.614313,REAL,True
DEF_REAL_319,DEF_REAL_319_c8dda64f2d3b.jpg,REAL,REAL,MS_COCO,None_Authentic_Photograph,V5-D Gated Residual,0.871303,0.128697,0.704739,0.295261,AI,False
DEF_REAL_320,DEF_REAL_320_9b173d1b8f1d.jpg,REAL,REAL,MS_COCO,None_Authentic_Photograph,V5-A Spatial,0.098614,0.901386,0.098614,0.901386,REAL,True
DEF_REAL_320,DEF_REAL_320_9b173d1b8f1d.jpg,REAL,REAL,MS_COCO,None_Authentic_Photograph,V5-B Frequency,0.006773,0.993227,0.006773,0.993227,REAL,True
DEF_REAL_320,DEF_REAL_320_9b173d1b8f1d.jpg,REAL,REAL,MS_COCO,None_Authentic_Photograph,V5-C Hybrid,0.999941,5.9e-05,0.999941,5.9e-05,AI,False
DEF_REAL_320,DEF_REAL_320_9b173d1b8f1d.jpg,REAL,REAL,MS_COCO,None_Authentic_Photograph,V5-D Gated Residual,0.049849,0.950151,0.207376,0.792624,REAL,True
DEF_REAL_321,DEF_REAL_321_a8ede3450a33.jpg,REAL,REAL,MS_COCO,None_Authentic_Photograph,V5-A Spatial,0.945136,0.054864,0.945136,0.054864,AI,False
DEF_REAL_321,DEF_REAL_321_a8ede3450a33.jpg,REAL,REAL,MS_COCO,None_Authentic_Photograph,V5-B Frequency,0.0,1.0,0.0,1.0,REAL,True
DEF_REAL_321,DEF_REAL_321_a8ede3450a33.jpg,REAL,REAL,MS_COCO,None_Authentic_Photograph,V5-C Hybrid,0.004836,0.995164,0.004836,0.995164,REAL,True
DEF_REAL_321,DEF_REAL_321_a8ede3450a33.jpg,REAL,REAL,MS_COCO,None_Authentic_Photograph,V5-D Gated Residual,6e-06,0.999994,0.004292,0.995708,REAL,True
DEF_REAL_322,DEF_REAL_322_a1dae001d693.jpg,REAL,REAL,MS_COCO,None_Authentic_Photograph,V5-A Spatial,0.859731,0.140269,0.859731,0.140269,AI,False
DEF_REAL_322,DEF_REAL_322_a1dae001d693.jpg,REAL,REAL,MS_COCO,None_Authentic_Photograph,V5-B Frequency,0.454451,0.545549,0.454451,0.545549,REAL,True
DEF_REAL_322,DEF_REAL_322_a1dae001d693.jpg,REAL,REAL,MS_COCO,None_Authentic_Photograph,V5-C Hybrid,0.961981,0.038019,0.961981,0.038019,AI,False
DEF_REAL_322,DEF_REAL_322_a1dae001d693.jpg,REAL,REAL,MS_COCO,None_Authentic_Photograph,V5-D Gated Residual,0.618445,0.381555,0.554701,0.445299,AI,False
DEF_REAL_323,DEF_REAL_323_8a3de5a37ed5.jpg,REAL,REAL,MS_COCO,None_Authentic_Photograph,V5-A Spatial,0.00148,0.99852,0.00148,0.99852,REAL,True
DEF_REAL_323,DEF_REAL_323_8a3de5a37ed5.jpg,REAL,REAL,MS_COCO,None_Authentic_Photograph,V5-B Frequency,0.000954,0.999046,0.000954,0.999046,REAL,True
DEF_REAL_323,DEF_REAL_323_8a3de5a37ed5.jpg,REAL,REAL,MS_COCO,None_Authentic_Photograph,V5-C Hybrid,7e-06,0.999993,7e-06,0.999993,REAL,True
DEF_REAL_323,DEF_REAL_323_8a3de5a37ed5.jpg,REAL,REAL,MS_COCO,None_Authentic_Photograph,V5-D Gated Residual,0.000274,0.999726,0.023403,0.976597,REAL,True
DEF_REAL_324,DEF_REAL_324_ed0980861308.jpg,REAL,REAL,MS_COCO,None_Authentic_Photograph,V5-A Spatial,0.931919,0.068081,0.931919,0.068081,AI,False
DEF_REAL_324,DEF_REAL_324_ed0980861308.jpg,REAL,REAL,MS_COCO,None_Authentic_Photograph,V5-B Frequency,2e-06,0.999998,2e-06,0.999998,REAL,True
DEF_REAL_324,DEF_REAL_324_ed0980861308.jpg,REAL,REAL,MS_COCO,None_Authentic_Photograph,V5-C Hybrid,0.000299,0.999701,0.000299,0.999701,REAL,True
DEF_REAL_324,DEF_REAL_324_ed0980861308.jpg,REAL,REAL,MS_COCO,None_Authentic_Photograph,V5-D Gated Residual,0.001707,0.998293,0.052248,0.947752,REAL,True
DEF_REAL_325,DEF_REAL_325_77529d20fee8.jpg,REAL,REAL,MS_COCO,None_Authentic_Photograph,V5-A Spatial,0.457581,0.542419,0.457581,0.542419,REAL,True
DEF_REAL_325,DEF_REAL_325_77529d20fee8.jpg,REAL,REAL,MS_COCO,None_Authentic_Photograph,V5-B Frequency,0.000604,0.999395,0.000604,0.999395,REAL,True
DEF_REAL_325,DEF_REAL_325_77529d20fee8.jpg,REAL,REAL,MS_COCO,None_Authentic_Photograph,V5-C Hybrid,0.067601,0.932399,0.067601,0.932399,REAL,True
DEF_REAL_325,DEF_REAL_325_77529d20fee8.jpg,REAL,REAL,MS_COCO,None_Authentic_Photograph,V5-D Gated Residual,0.008565,0.991435,0.103278,0.896722,REAL,True
DEF_REAL_326,DEF_REAL_326_496904364001.jpg,REAL,REAL,MS_COCO,None_Authentic_Photograph,V5-A Spatial,1.0,0.0,1.0,0.0,AI,False
DEF_REAL_326,DEF_REAL_326_496904364001.jpg,REAL,REAL,MS_COCO,None_Authentic_Photograph,V5-B Frequency,0.976838,0.023162,0.976838,0.023162,AI,False
DEF_REAL_326,DEF_REAL_326_496904364001.jpg,REAL,REAL,MS_COCO,None_Authentic_Photograph,V5-C Hybrid,1.0,0.0,1.0,0.0,AI,False
DEF_REAL_326,DEF_REAL_326_496904364001.jpg,REAL,REAL,MS_COCO,None_Authentic_Photograph,V5-D Gated Residual,0.999364,0.000636,0.966025,0.033975,AI,False
DEF_REAL_327,DEF_REAL_327_3186b55e1b05.jpg,REAL,REAL,MS_COCO,None_Authentic_Photograph,V5-A Spatial,0.938058,0.061941,0.938058,0.061941,AI,False
DEF_REAL_327,DEF_REAL_327_3186b55e1b05.jpg,REAL,REAL,MS_COCO,None_Authentic_Photograph,V5-B Frequency,0.03025,0.96975,0.03025,0.96975,REAL,True
DEF_REAL_327,DEF_REAL_327_3186b55e1b05.jpg,REAL,REAL,MS_COCO,None_Authentic_Photograph,V5-C Hybrid,0.995417,0.004583,0.995417,0.004583,AI,False
DEF_REAL_327,DEF_REAL_327_3186b55e1b05.jpg,REAL,REAL,MS_COCO,None_Authentic_Photograph,V5-D Gated Residual,0.592349,0.407651,0.542393,0.457607,AI,False
DEF_REAL_328,DEF_REAL_328_131d7c4f7809.jpg,REAL,REAL,MS_COCO,None_Authentic_Photograph,V5-A Spatial,0.00301,0.99699,0.00301,0.99699,REAL,True
DEF_REAL_328,DEF_REAL_328_131d7c4f7809.jpg,REAL,REAL,MS_COCO,None_Authentic_Photograph,V5-B Frequency,0.00023,0.99977,0.00023,0.99977,REAL,True
DEF_REAL_328,DEF_REAL_328_131d7c4f7809.jpg,REAL,REAL,MS_COCO,None_Authentic_Photograph,V5-C Hybrid,0.003069,0.996931,0.003069,0.996931,REAL,True
DEF_REAL_328,DEF_REAL_328_131d7c4f7809.jpg,REAL,REAL,MS_COCO,None_Authentic_Photograph,V5-D Gated Residual,0.001624,0.998376,0.05113,0.94887,REAL,True
DEF_REAL_329,DEF_REAL_329_c6b3d4177e35.jpg,REAL,REAL,MS_COCO,None_Authentic_Photograph,V5-A Spatial,0.253546,0.746454,0.253546,0.746454,REAL,True
DEF_REAL_329,DEF_REAL_329_c6b3d4177e35.jpg,REAL,REAL,MS_COCO,None_Authentic_Photograph,V5-B Frequency,6.8e-05,0.999932,6.8e-05,0.999932,REAL,True
DEF_REAL_329,DEF_REAL_329_c6b3d4177e35.jpg,REAL,REAL,MS_COCO,None_Authentic_Photograph,V5-C Hybrid,0.998337,0.001663,0.998337,0.001663,AI,False
DEF_REAL_329,DEF_REAL_329_c6b3d4177e35.jpg,REAL,REAL,MS_COCO,None_Authentic_Photograph,V5-D Gated Residual,0.000957,0.999043,0.040626,0.959374,REAL,True
DEF_REAL_330,DEF_REAL_330_9296c4ce5d96.jpg,REAL,REAL,MS_COCO,None_Authentic_Photograph,V5-A Spatial,0.102218,0.897782,0.102218,0.897782,REAL,True
DEF_REAL_330,DEF_REAL_330_9296c4ce5d96.jpg,REAL,REAL,MS_COCO,None_Authentic_Photograph,V5-B Frequency,0.001955,0.998045,0.001955,0.998045,REAL,True
DEF_REAL_330,DEF_REAL_330_9296c4ce5d96.jpg,REAL,REAL,MS_COCO,None_Authentic_Photograph,V5-C Hybrid,0.001682,0.998318,0.001682,0.998318,REAL,True
DEF_REAL_330,DEF_REAL_330_9296c4ce5d96.jpg,REAL,REAL,MS_COCO,None_Authentic_Photograph,V5-D Gated Residual,0.000629,0.999371,0.033805,0.966195,REAL,True
DEF_REAL_331,DEF_REAL_331_e49505d94f56.jpg,REAL,REAL,MS_COCO,None_Authentic_Photograph,V5-A Spatial,0.975445,0.024555,0.975445,0.024555,AI,False
DEF_REAL_331,DEF_REAL_331_e49505d94f56.jpg,REAL,REAL,MS_COCO,None_Authentic_Photograph,V5-B Frequency,0.008629,0.991371,0.008629,0.991371,REAL,True
DEF_REAL_331,DEF_REAL_331_e49505d94f56.jpg,REAL,REAL,MS_COCO,None_Authentic_Photograph,V5-C Hybrid,0.97155,0.02845,0.97155,0.02845,AI,False
DEF_REAL_331,DEF_REAL_331_e49505d94f56.jpg,REAL,REAL,MS_COCO,None_Authentic_Photograph,V5-D Gated Residual,0.990977,0.009023,0.894491,0.105509,AI,False
DEF_REAL_332,DEF_REAL_332_1588fa230d7a.jpg,REAL,REAL,MS_COCO,None_Authentic_Photograph,V5-A Spatial,0.999969,3.1e-05,0.999969,3.1e-05,AI,False
DEF_REAL_332,DEF_REAL_332_1588fa230d7a.jpg,REAL,REAL,MS_COCO,None_Authentic_Photograph,V5-B Frequency,9.6e-05,0.999904,9.6e-05,0.999904,REAL,True
DEF_REAL_332,DEF_REAL_332_1588fa230d7a.jpg,REAL,REAL,MS_COCO,None_Authentic_Photograph,V5-C Hybrid,0.98227,0.01773,0.98227,0.01773,AI,False
DEF_REAL_332,DEF_REAL_332_1588fa230d7a.jpg,REAL,REAL,MS_COCO,None_Authentic_Photograph,V5-D Gated Residual,0.000918,0.999082,0.039905,0.960095,REAL,True
DEF_REAL_333,DEF_REAL_333_52693f93cdf1.jpg,REAL,REAL,MS_COCO,None_Authentic_Photograph,V5-A Spatial,0.688721,0.311279,0.688721,0.311279,AI,False
DEF_REAL_333,DEF_REAL_333_52693f93cdf1.jpg,REAL,REAL,MS_COCO,None_Authentic_Photograph,V5-B Frequency,2e-05,0.99998,2e-05,0.99998,REAL,True
DEF_REAL_333,DEF_REAL_333_52693f93cdf1.jpg,REAL,REAL,MS_COCO,None_Authentic_Photograph,V5-C Hybrid,0.504825,0.495175,0.504825,0.495175,AI,False
DEF_REAL_333,DEF_REAL_333_52693f93cdf1.jpg,REAL,REAL,MS_COCO,None_Authentic_Photograph,V5-D Gated Residual,0.902142,0.097859,0.733098,0.266902,AI,False
DEF_REAL_334,DEF_REAL_334_e61fd1847b00.jpg,REAL,REAL,MS_COCO,None_Authentic_Photograph,V5-A Spatial,0.934478,0.065522,0.934478,0.065522,AI,False
DEF_REAL_334,DEF_REAL_334_e61fd1847b00.jpg,REAL,REAL,MS_COCO,None_Authentic_Photograph,V5-B Frequency,0.000453,0.999547,0.000453,0.999547,REAL,True
DEF_REAL_334,DEF_REAL_334_e61fd1847b00.jpg,REAL,REAL,MS_COCO,None_Authentic_Photograph,V5-C Hybrid,0.634267,0.365733,0.634267,0.365733,AI,False
DEF_REAL_334,DEF_REAL_334_e61fd1847b00.jpg,REAL,REAL,MS_COCO,None_Authentic_Photograph,V5-D Gated Residual,0.995042,0.004958,0.917714,0.082286,AI,False
DEF_REAL_335,DEF_REAL_335_5e754b481c40.jpg,REAL,REAL,MS_COCO,None_Authentic_Photograph,V5-A Spatial,0.967024,0.032976,0.967024,0.032976,AI,False
DEF_REAL_335,DEF_REAL_335_5e754b481c40.jpg,REAL,REAL,MS_COCO,None_Authentic_Photograph,V5-B Frequency,0.267353,0.732647,0.267353,0.732647,REAL,True
DEF_REAL_335,DEF_REAL_335_5e754b481c40.jpg,REAL,REAL,MS_COCO,None_Authentic_Photograph,V5-C Hybrid,0.935341,0.064659,0.935341,0.064659,AI,False
DEF_REAL_335,DEF_REAL_335_5e754b481c40.jpg,REAL,REAL,MS_COCO,None_Authentic_Photograph,V5-D Gated Residual,0.964,0.036,0.816895,0.183105,AI,False
DEF_REAL_336,DEF_REAL_336_8cd892384a8f.jpg,REAL,REAL,MS_COCO,None_Authentic_Photograph,V5-A Spatial,0.001473,0.998527,0.001473,0.998527,REAL,True
DEF_REAL_336,DEF_REAL_336_8cd892384a8f.jpg,REAL,REAL,MS_COCO,None_Authentic_Photograph,V5-B Frequency,0.024689,0.975311,0.024689,0.975311,REAL,True
DEF_REAL_336,DEF_REAL_336_8cd892384a8f.jpg,REAL,REAL,MS_COCO,None_Authentic_Photograph,V5-C Hybrid,0.000593,0.999407,0.000593,0.999407,REAL,True
DEF_REAL_336,DEF_REAL_336_8cd892384a8f.jpg,REAL,REAL,MS_COCO,None_Authentic_Photograph,V5-D Gated Residual,0.000163,0.999837,0.018597,0.981403,REAL,True
DEF_REAL_337,DEF_REAL_337_1ea9ba102e6c.jpg,REAL,REAL,MS_COCO,None_Authentic_Photograph,V5-A Spatial,0.000481,0.999519,0.000481,0.999519,REAL,True
DEF_REAL_337,DEF_REAL_337_1ea9ba102e6c.jpg,REAL,REAL,MS_COCO,None_Authentic_Photograph,V5-B Frequency,0.000752,0.999248,0.000752,0.999248,REAL,True
DEF_REAL_337,DEF_REAL_337_1ea9ba102e6c.jpg,REAL,REAL,MS_COCO,None_Authentic_Photograph,V5-C Hybrid,5e-06,0.999995,5e-06,0.999995,REAL,True
DEF_REAL_337,DEF_REAL_337_1ea9ba102e6c.jpg,REAL,REAL,MS_COCO,None_Authentic_Photograph,V5-D Gated Residual,0.181794,0.818206,0.335314,0.664686,REAL,True
DEF_REAL_338,DEF_REAL_338_cd46afb9dd44.jpg,REAL,REAL,MS_COCO,None_Authentic_Photograph,V5-A Spatial,0.001223,0.998777,0.001223,0.998777,REAL,True
DEF_REAL_338,DEF_REAL_338_cd46afb9dd44.jpg,REAL,REAL,MS_COCO,None_Authentic_Photograph,V5-B Frequency,0.00029,0.99971,0.00029,0.99971,REAL,True
DEF_REAL_338,DEF_REAL_338_cd46afb9dd44.jpg,REAL,REAL,MS_COCO,None_Authentic_Photograph,V5-C Hybrid,7.5e-05,0.999925,7.5e-05,0.999925,REAL,True
DEF_REAL_338,DEF_REAL_338_cd46afb9dd44.jpg,REAL,REAL,MS_COCO,None_Authentic_Photograph,V5-D Gated Residual,0.001022,0.998978,0.041814,0.958186,REAL,True
DEF_REAL_339,DEF_REAL_339_1b90c12c9a45.jpg,REAL,REAL,MS_COCO,None_Authentic_Photograph,V5-A Spatial,0.588277,0.411723,0.588277,0.411723,AI,False
DEF_REAL_339,DEF_REAL_339_1b90c12c9a45.jpg,REAL,REAL,MS_COCO,None_Authentic_Photograph,V5-B Frequency,0.000263,0.999737,0.000263,0.999737,REAL,True
DEF_REAL_339,DEF_REAL_339_1b90c12c9a45.jpg,REAL,REAL,MS_COCO,None_Authentic_Photograph,V5-C Hybrid,0.000663,0.999337,0.000663,0.999337,REAL,True
DEF_REAL_339,DEF_REAL_339_1b90c12c9a45.jpg,REAL,REAL,MS_COCO,None_Authentic_Photograph,V5-D Gated Residual,0.182222,0.817778,0.335606,0.664394,REAL,True
DEF_REAL_340,DEF_REAL_340_7d33d2562776.jpg,REAL,REAL,MS_COCO,None_Authentic_Photograph,V5-A Spatial,0.747998,0.252002,0.747998,0.252002,AI,False
DEF_REAL_340,DEF_REAL_340_7d33d2562776.jpg,REAL,REAL,MS_COCO,None_Authentic_Photograph,V5-B Frequency,0.028606,0.971394,0.028606,0.971394,REAL,True
DEF_REAL_340,DEF_REAL_340_7d33d2562776.jpg,REAL,REAL,MS_COCO,None_Authentic_Photograph,V5-C Hybrid,0.005199,0.994801,0.005199,0.994801,REAL,True
DEF_REAL_340,DEF_REAL_340_7d33d2562776.jpg,REAL,REAL,MS_COCO,None_Authentic_Photograph,V5-D Gated Residual,0.094123,0.905877,0.263088,0.736912,REAL,True
DEF_REAL_341,DEF_REAL_341_d2ae64be68df.jpg,REAL,REAL,MS_COCO,None_Authentic_Photograph,V5-A Spatial,0.008009,0.991991,0.008009,0.991991,REAL,True
DEF_REAL_341,DEF_REAL_341_d2ae64be68df.jpg,REAL,REAL,MS_COCO,None_Authentic_Photograph,V5-B Frequency,0.383157,0.616843,0.383157,0.616843,REAL,True
DEF_REAL_341,DEF_REAL_341_d2ae64be68df.jpg,REAL,REAL,MS_COCO,None_Authentic_Photograph,V5-C Hybrid,0.411976,0.588024,0.411976,0.588024,REAL,True
DEF_REAL_341,DEF_REAL_341_d2ae64be68df.jpg,REAL,REAL,MS_COCO,None_Authentic_Photograph,V5-D Gated Residual,0.000406,0.999594,0.027881,0.972119,REAL,True
DEF_REAL_342,DEF_REAL_342_667054349a9a.jpg,REAL,REAL,MS_COCO,None_Authentic_Photograph,V5-A Spatial,0.626265,0.373735,0.626265,0.373735,AI,False
DEF_REAL_342,DEF_REAL_342_667054349a9a.jpg,REAL,REAL,MS_COCO,None_Authentic_Photograph,V5-B Frequency,0.000409,0.999591,0.000409,0.999591,REAL,True
DEF_REAL_342,DEF_REAL_342_667054349a9a.jpg,REAL,REAL,MS_COCO,None_Authentic_Photograph,V5-C Hybrid,0.213387,0.786613,0.213387,0.786613,REAL,True
DEF_REAL_342,DEF_REAL_342_667054349a9a.jpg,REAL,REAL,MS_COCO,None_Authentic_Photograph,V5-D Gated Residual,0.04497,0.95503,0.199409,0.800591,REAL,True
DEF_REAL_343,DEF_REAL_343_c49688fa011e.jpg,REAL,REAL,MS_COCO,None_Authentic_Photograph,V5-A Spatial,0.995276,0.004724,0.995276,0.004724,AI,False
DEF_REAL_343,DEF_REAL_343_c49688fa011e.jpg,REAL,REAL,MS_COCO,None_Authentic_Photograph,V5-B Frequency,0.156177,0.843823,0.156177,0.843823,REAL,True
DEF_REAL_343,DEF_REAL_343_c49688fa011e.jpg,REAL,REAL,MS_COCO,None_Authentic_Photograph,V5-C Hybrid,0.999978,2.2e-05,0.999978,2.2e-05,AI,False
DEF_REAL_343,DEF_REAL_343_c49688fa011e.jpg,REAL,REAL,MS_COCO,None_Authentic_Photograph,V5-D Gated Residual,0.229227,0.770773,0.365488,0.634512,REAL,True
DEF_REAL_344,DEF_REAL_344_f626c9fc9125.jpg,REAL,REAL,MS_COCO,None_Authentic_Photograph,V5-A Spatial,0.999145,0.000855,0.999145,0.000855,AI,False
DEF_REAL_344,DEF_REAL_344_f626c9fc9125.jpg,REAL,REAL,MS_COCO,None_Authentic_Photograph,V5-B Frequency,9e-06,0.999991,9e-06,0.999991,REAL,True
DEF_REAL_344,DEF_REAL_344_f626c9fc9125.jpg,REAL,REAL,MS_COCO,None_Authentic_Photograph,V5-C Hybrid,0.008652,0.991348,0.008652,0.991348,REAL,True
DEF_REAL_344,DEF_REAL_344_f626c9fc9125.jpg,REAL,REAL,MS_COCO,None_Authentic_Photograph,V5-D Gated Residual,0.126656,0.873344,0.293529,0.706471,REAL,True
DEF_REAL_345,DEF_REAL_345_2a5becef1df1.jpg,REAL,REAL,MS_COCO,None_Authentic_Photograph,V5-A Spatial,0.0,1.0,0.0,1.0,REAL,True
DEF_REAL_345,DEF_REAL_345_2a5becef1df1.jpg,REAL,REAL,MS_COCO,None_Authentic_Photograph,V5-B Frequency,0.004867,0.995133,0.004867,0.995133,REAL,True
DEF_REAL_345,DEF_REAL_345_2a5becef1df1.jpg,REAL,REAL,MS_COCO,None_Authentic_Photograph,V5-C Hybrid,0.000349,0.999651,0.000349,0.999651,REAL,True
DEF_REAL_345,DEF_REAL_345_2a5becef1df1.jpg,REAL,REAL,MS_COCO,None_Authentic_Photograph,V5-D Gated Residual,1e-06,0.999999,0.002057,0.997943,REAL,True
DEF_REAL_346,DEF_REAL_346_a46327da1b60.jpg,REAL,REAL,MS_COCO,None_Authentic_Photograph,V5-A Spatial,0.999037,0.000963,0.999037,0.000963,AI,False
DEF_REAL_346,DEF_REAL_346_a46327da1b60.jpg,REAL,REAL,MS_COCO,None_Authentic_Photograph,V5-B Frequency,0.000123,0.999877,0.000123,0.999877,REAL,True
DEF_REAL_346,DEF_REAL_346_a46327da1b60.jpg,REAL,REAL,MS_COCO,None_Authentic_Photograph,V5-C Hybrid,1.0,0.0,1.0,0.0,AI,False
DEF_REAL_346,DEF_REAL_346_a46327da1b60.jpg,REAL,REAL,MS_COCO,None_Authentic_Photograph,V5-D Gated Residual,0.998558,0.001442,0.951434,0.048566,AI,False
DEF_REAL_347,DEF_REAL_347_9534d78e196d.jpg,REAL,REAL,MS_COCO,None_Authentic_Photograph,V5-A Spatial,0.00014,0.99986,0.00014,0.99986,REAL,True
DEF_REAL_347,DEF_REAL_347_9534d78e196d.jpg,REAL,REAL,MS_COCO,None_Authentic_Photograph,V5-B Frequency,0.006106,0.993894,0.006106,0.993894,REAL,True
DEF_REAL_347,DEF_REAL_347_9534d78e196d.jpg,REAL,REAL,MS_COCO,None_Authentic_Photograph,V5-C Hybrid,3.2e-05,0.999968,3.2e-05,0.999968,REAL,True
DEF_REAL_347,DEF_REAL_347_9534d78e196d.jpg,REAL,REAL,MS_COCO,None_Authentic_Photograph,V5-D Gated Residual,0.000179,0.999821,0.019379,0.980621,REAL,True
DEF_REAL_348,DEF_REAL_348_cb9dfa48dc55.jpg,REAL,REAL,MS_COCO,None_Authentic_Photograph,V5-A Spatial,0.903288,0.096712,0.903288,0.096712,AI,False
DEF_REAL_348,DEF_REAL_348_cb9dfa48dc55.jpg,REAL,REAL,MS_COCO,None_Authentic_Photograph,V5-B Frequency,0.010027,0.989973,0.010027,0.989973,REAL,True
DEF_REAL_348,DEF_REAL_348_cb9dfa48dc55.jpg,REAL,REAL,MS_COCO,None_Authentic_Photograph,V5-C Hybrid,1.0,0.0,1.0,0.0,AI,False
DEF_REAL_348,DEF_REAL_348_cb9dfa48dc55.jpg,REAL,REAL,MS_COCO,None_Authentic_Photograph,V5-D Gated Residual,0.996111,0.003889,0.925715,0.074285,AI,False
DEF_REAL_349,DEF_REAL_349_0173c37accb0.jpg,REAL,REAL,MS_COCO,None_Authentic_Photograph,V5-A Spatial,0.998904,0.001096,0.998904,0.001096,AI,False
DEF_REAL_349,DEF_REAL_349_0173c37accb0.jpg,REAL,REAL,MS_COCO,None_Authentic_Photograph,V5-B Frequency,0.00888,0.99112,0.00888,0.99112,REAL,True
DEF_REAL_349,DEF_REAL_349_0173c37accb0.jpg,REAL,REAL,MS_COCO,None_Authentic_Photograph,V5-C Hybrid,0.525415,0.474585,0.525415,0.474585,AI,False
DEF_REAL_349,DEF_REAL_349_0173c37accb0.jpg,REAL,REAL,MS_COCO,None_Authentic_Photograph,V5-D Gated Residual,0.963462,0.036538,0.815845,0.184155,AI,False
DEF_REAL_350,DEF_REAL_350_d11edb0227d0.jpg,REAL,REAL,MS_COCO,None_Authentic_Photograph,V5-A Spatial,0.0,1.0,0.0,1.0,REAL,True
DEF_REAL_350,DEF_REAL_350_d11edb0227d0.jpg,REAL,REAL,MS_COCO,None_Authentic_Photograph,V5-B Frequency,0.000113,0.999887,0.000113,0.999887,REAL,True
DEF_REAL_350,DEF_REAL_350_d11edb0227d0.jpg,REAL,REAL,MS_COCO,None_Authentic_Photograph,V5-C Hybrid,0.006201,0.993799,0.006201,0.993799,REAL,True
DEF_REAL_350,DEF_REAL_350_d11edb0227d0.jpg,REAL,REAL,MS_COCO,None_Authentic_Photograph,V5-D Gated Residual,0.002374,0.997626,0.060205,0.939795,REAL,True
DEF_REAL_351,DEF_REAL_351_0e04ed7d2c47.jpg,REAL,REAL,MS_COCO,None_Authentic_Photograph,V5-A Spatial,0.23552,0.76448,0.23552,0.76448,REAL,True
DEF_REAL_351,DEF_REAL_351_0e04ed7d2c47.jpg,REAL,REAL,MS_COCO,None_Authentic_Photograph,V5-B Frequency,2.1e-05,0.999979,2.1e-05,0.999979,REAL,True
DEF_REAL_351,DEF_REAL_351_0e04ed7d2c47.jpg,REAL,REAL,MS_COCO,None_Authentic_Photograph,V5-C Hybrid,0.555253,0.444747,0.555253,0.444747,AI,False
DEF_REAL_351,DEF_REAL_351_0e04ed7d2c47.jpg,REAL,REAL,MS_COCO,None_Authentic_Photograph,V5-D Gated Residual,0.001187,0.998813,0.044626,0.955374,REAL,True
DEF_REAL_352,DEF_REAL_352_86c371f3153c.jpg,REAL,REAL,MS_COCO,None_Authentic_Photograph,V5-A Spatial,0.027654,0.972346,0.027654,0.972346,REAL,True
DEF_REAL_352,DEF_REAL_352_86c371f3153c.jpg,REAL,REAL,MS_COCO,None_Authentic_Photograph,V5-B Frequency,4e-06,0.999996,4e-06,0.999996,REAL,True
DEF_REAL_352,DEF_REAL_352_86c371f3153c.jpg,REAL,REAL,MS_COCO,None_Authentic_Photograph,V5-C Hybrid,0.2743,0.7257,0.2743,0.7257,REAL,True
DEF_REAL_352,DEF_REAL_352_86c371f3153c.jpg,REAL,REAL,MS_COCO,None_Authentic_Photograph,V5-D Gated Residual,0.431737,0.568263,0.468794,0.531206,REAL,True
DEF_REAL_353,DEF_REAL_353_e70bbeac46bc.jpg,REAL,REAL,MS_COCO,None_Authentic_Photograph,V5-A Spatial,1e-06,0.999999,1e-06,0.999999,REAL,True
DEF_REAL_353,DEF_REAL_353_e70bbeac46bc.jpg,REAL,REAL,MS_COCO,None_Authentic_Photograph,V5-B Frequency,0.005898,0.994102,0.005898,0.994102,REAL,True
DEF_REAL_353,DEF_REAL_353_e70bbeac46bc.jpg,REAL,REAL,MS_COCO,None_Authentic_Photograph,V5-C Hybrid,9e-06,0.999991,9e-06,0.999991,REAL,True
DEF_REAL_353,DEF_REAL_353_e70bbeac46bc.jpg,REAL,REAL,MS_COCO,None_Authentic_Photograph,V5-D Gated Residual,8e-05,0.99992,0.013535,0.986465,REAL,True
DEF_REAL_354,DEF_REAL_354_c009db114ab4.jpg,REAL,REAL,MS_COCO,None_Authentic_Photograph,V5-A Spatial,0.094045,0.905955,0.094045,0.905955,REAL,True
DEF_REAL_354,DEF_REAL_354_c009db114ab4.jpg,REAL,REAL,MS_COCO,None_Authentic_Photograph,V5-B Frequency,0.006637,0.993363,0.006637,0.993363,REAL,True
DEF_REAL_354,DEF_REAL_354_c009db114ab4.jpg,REAL,REAL,MS_COCO,None_Authentic_Photograph,V5-C Hybrid,0.00014,0.99986,0.00014,0.99986,REAL,True
DEF_REAL_354,DEF_REAL_354_c009db114ab4.jpg,REAL,REAL,MS_COCO,None_Authentic_Photograph,V5-D Gated Residual,7.9e-05,0.999921,0.013401,0.986599,REAL,True
DEF_REAL_355,DEF_REAL_355_c76c7011c105.jpg,REAL,REAL,MS_COCO,None_Authentic_Photograph,V5-A Spatial,0.000914,0.999086,0.000914,0.999086,REAL,True
DEF_REAL_355,DEF_REAL_355_c76c7011c105.jpg,REAL,REAL,MS_COCO,None_Authentic_Photograph,V5-B Frequency,0.255288,0.744712,0.255288,0.744712,REAL,True
DEF_REAL_355,DEF_REAL_355_c76c7011c105.jpg,REAL,REAL,MS_COCO,None_Authentic_Photograph,V5-C Hybrid,9.9e-05,0.999901,9.9e-05,0.999901,REAL,True
DEF_REAL_355,DEF_REAL_355_c76c7011c105.jpg,REAL,REAL,MS_COCO,None_Authentic_Photograph,V5-D Gated Residual,0.011139,0.988861,0.115002,0.884998,REAL,True
DEF_REAL_356,DEF_REAL_356_ca93de7dac55.jpg,REAL,REAL,MS_COCO,None_Authentic_Photograph,V5-A Spatial,0.005754,0.994245,0.005754,0.994245,REAL,True
DEF_REAL_356,DEF_REAL_356_ca93de7dac55.jpg,REAL,REAL,MS_COCO,None_Authentic_Photograph,V5-B Frequency,0.001149,0.998851,0.001149,0.998851,REAL,True
DEF_REAL_356,DEF_REAL_356_ca93de7dac55.jpg,REAL,REAL,MS_COCO,None_Authentic_Photograph,V5-C Hybrid,0.952361,0.047639,0.952361,0.047639,AI,False
DEF_REAL_356,DEF_REAL_356_ca93de7dac55.jpg,REAL,REAL,MS_COCO,None_Authentic_Photograph,V5-D Gated Residual,0.000287,0.999713,0.023902,0.976098,REAL,True
DEF_REAL_357,DEF_REAL_357_bf1b4ca71357.jpg,REAL,REAL,MS_COCO,None_Authentic_Photograph,V5-A Spatial,0.988439,0.011561,0.988439,0.011561,AI,False
DEF_REAL_357,DEF_REAL_357_bf1b4ca71357.jpg,REAL,REAL,MS_COCO,None_Authentic_Photograph,V5-B Frequency,0.004097,0.995903,0.004097,0.995903,REAL,True
DEF_REAL_357,DEF_REAL_357_bf1b4ca71357.jpg,REAL,REAL,MS_COCO,None_Authentic_Photograph,V5-C Hybrid,0.999989,1.1e-05,0.999989,1.1e-05,AI,False
DEF_REAL_357,DEF_REAL_357_bf1b4ca71357.jpg,REAL,REAL,MS_COCO,None_Authentic_Photograph,V5-D Gated Residual,0.997754,0.002246,0.941204,0.058796,AI,False
DEF_REAL_358,DEF_REAL_358_f88e55ad9e9a.jpg,REAL,REAL,MS_COCO,None_Authentic_Photograph,V5-A Spatial,0.844614,0.155386,0.844614,0.155386,AI,False
DEF_REAL_358,DEF_REAL_358_f88e55ad9e9a.jpg,REAL,REAL,MS_COCO,None_Authentic_Photograph,V5-B Frequency,3.9e-05,0.999961,3.9e-05,0.999961,REAL,True
DEF_REAL_358,DEF_REAL_358_f88e55ad9e9a.jpg,REAL,REAL,MS_COCO,None_Authentic_Photograph,V5-C Hybrid,0.123283,0.876717,0.123283,0.876717,REAL,True
DEF_REAL_358,DEF_REAL_358_f88e55ad9e9a.jpg,REAL,REAL,MS_COCO,None_Authentic_Photograph,V5-D Gated Residual,0.0027,0.9973,0.063618,0.936382,REAL,True
DEF_REAL_359,DEF_REAL_359_9851f1aee46f.jpg,REAL,REAL,MS_COCO,None_Authentic_Photograph,V5-A Spatial,0.708299,0.291701,0.708299,0.291701,AI,False
DEF_REAL_359,DEF_REAL_359_9851f1aee46f.jpg,REAL,REAL,MS_COCO,None_Authentic_Photograph,V5-B Frequency,0.01119,0.98881,0.01119,0.98881,REAL,True
DEF_REAL_359,DEF_REAL_359_9851f1aee46f.jpg,REAL,REAL,MS_COCO,None_Authentic_Photograph,V5-C Hybrid,0.004102,0.995898,0.004102,0.995898,REAL,True
DEF_REAL_359,DEF_REAL_359_9851f1aee46f.jpg,REAL,REAL,MS_COCO,None_Authentic_Photograph,V5-D Gated Residual,9.9e-05,0.999901,0.014859,0.985141,REAL,True
DEF_REAL_360,DEF_REAL_360_57d4fe043187.jpg,REAL,REAL,MS_COCO,None_Authentic_Photograph,V5-A Spatial,0.033614,0.966386,0.033614,0.966386,REAL,True
DEF_REAL_360,DEF_REAL_360_57d4fe043187.jpg,REAL,REAL,MS_COCO,None_Authentic_Photograph,V5-B Frequency,0.000179,0.999821,0.000179,0.999821,REAL,True
DEF_REAL_360,DEF_REAL_360_57d4fe043187.jpg,REAL,REAL,MS_COCO,None_Authentic_Photograph,V5-C Hybrid,0.031673,0.968327,0.031673,0.968327,REAL,True
DEF_REAL_360,DEF_REAL_360_57d4fe043187.jpg,REAL,REAL,MS_COCO,None_Authentic_Photograph,V5-D Gated Residual,0.151946,0.848054,0.313861,0.686139,REAL,True
DEF_REAL_361,DEF_REAL_361_c6c28e073dfd.jpg,REAL,REAL,MS_COCO,None_Authentic_Photograph,V5-A Spatial,0.999999,1e-06,0.999999,1e-06,AI,False
DEF_REAL_361,DEF_REAL_361_c6c28e073dfd.jpg,REAL,REAL,MS_COCO,None_Authentic_Photograph,V5-B Frequency,0.999823,0.000177,0.999823,0.000177,AI,False
DEF_REAL_361,DEF_REAL_361_c6c28e073dfd.jpg,REAL,REAL,MS_COCO,None_Authentic_Photograph,V5-C Hybrid,1.0,0.0,1.0,0.0,AI,False
DEF_REAL_361,DEF_REAL_361_c6c28e073dfd.jpg,REAL,REAL,MS_COCO,None_Authentic_Photograph,V5-D Gated Residual,0.999203,0.000797,0.962502,0.037498,AI,False
DEF_REAL_362,DEF_REAL_362_2966fb38360a.jpg,REAL,REAL,MS_COCO,None_Authentic_Photograph,V5-A Spatial,7.4e-05,0.999926,7.4e-05,0.999926,REAL,True
DEF_REAL_362,DEF_REAL_362_2966fb38360a.jpg,REAL,REAL,MS_COCO,None_Authentic_Photograph,V5-B Frequency,0.049155,0.950845,0.049155,0.950845,REAL,True
DEF_REAL_362,DEF_REAL_362_2966fb38360a.jpg,REAL,REAL,MS_COCO,None_Authentic_Photograph,V5-C Hybrid,1e-05,0.99999,1e-05,0.99999,REAL,True
DEF_REAL_362,DEF_REAL_362_2966fb38360a.jpg,REAL,REAL,MS_COCO,None_Authentic_Photograph,V5-D Gated Residual,0.000275,0.999725,0.02345,0.97655,REAL,True
DEF_REAL_363,DEF_REAL_363_5c39168fff59.jpg,REAL,REAL,MS_COCO,None_Authentic_Photograph,V5-A Spatial,0.804968,0.195032,0.804968,0.195032,AI,False
DEF_REAL_363,DEF_REAL_363_5c39168fff59.jpg,REAL,REAL,MS_COCO,None_Authentic_Photograph,V5-B Frequency,0.001663,0.998337,0.001663,0.998337,REAL,True
DEF_REAL_363,DEF_REAL_363_5c39168fff59.jpg,REAL,REAL,MS_COCO,None_Authentic_Photograph,V5-C Hybrid,0.998682,0.001318,0.998682,0.001318,AI,False
DEF_REAL_363,DEF_REAL_363_5c39168fff59.jpg,REAL,REAL,MS_COCO,None_Authentic_Photograph,V5-D Gated Residual,0.002457,0.997543,0.061105,0.938895,REAL,True
DEF_REAL_364,DEF_REAL_364_285ddd1e12ea.jpg,REAL,REAL,MS_COCO,None_Authentic_Photograph,V5-A Spatial,0.409139,0.590861,0.409139,0.590861,REAL,True
DEF_REAL_364,DEF_REAL_364_285ddd1e12ea.jpg,REAL,REAL,MS_COCO,None_Authentic_Photograph,V5-B Frequency,0.000361,0.999639,0.000361,0.999639,REAL,True
DEF_REAL_364,DEF_REAL_364_285ddd1e12ea.jpg,REAL,REAL,MS_COCO,None_Authentic_Photograph,V5-C Hybrid,0.098601,0.901399,0.098601,0.901399,REAL,True
DEF_REAL_364,DEF_REAL_364_285ddd1e12ea.jpg,REAL,REAL,MS_COCO,None_Authentic_Photograph,V5-D Gated Residual,0.048737,0.951264,0.205607,0.794393,REAL,True
DEF_REAL_365,DEF_REAL_365_f95176aacb46.jpg,REAL,REAL,MS_COCO,None_Authentic_Photograph,V5-A Spatial,0.774903,0.225097,0.774903,0.225097,AI,False
DEF_REAL_365,DEF_REAL_365_f95176aacb46.jpg,REAL,REAL,MS_COCO,None_Authentic_Photograph,V5-B Frequency,0.004758,0.995242,0.004758,0.995242,REAL,True
DEF_REAL_365,DEF_REAL_365_f95176aacb46.jpg,REAL,REAL,MS_COCO,None_Authentic_Photograph,V5-C Hybrid,0.998049,0.001951,0.998049,0.001951,AI,False
DEF_REAL_365,DEF_REAL_365_f95176aacb46.jpg,REAL,REAL,MS_COCO,None_Authentic_Photograph,V5-D Gated Residual,0.222587,0.777413,0.361491,0.638509,REAL,True
DEF_REAL_366,DEF_REAL_366_40d399504106.jpg,REAL,REAL,MS_COCO,None_Authentic_Photograph,V5-A Spatial,0.057821,0.942179,0.057821,0.942179,REAL,True
DEF_REAL_366,DEF_REAL_366_40d399504106.jpg,REAL,REAL,MS_COCO,None_Authentic_Photograph,V5-B Frequency,0.011681,0.988319,0.011681,0.988319,REAL,True
DEF_REAL_366,DEF_REAL_366_40d399504106.jpg,REAL,REAL,MS_COCO,None_Authentic_Photograph,V5-C Hybrid,5.9e-05,0.999941,5.9e-05,0.999941,REAL,True
DEF_REAL_366,DEF_REAL_366_40d399504106.jpg,REAL,REAL,MS_COCO,None_Authentic_Photograph,V5-D Gated Residual,3.9e-05,0.999961,0.009755,0.990245,REAL,True
DEF_REAL_367,DEF_REAL_367_d5fbe18db423.jpg,REAL,REAL,MS_COCO,None_Authentic_Photograph,V5-A Spatial,0.996256,0.003744,0.996256,0.003744,AI,False
DEF_REAL_367,DEF_REAL_367_d5fbe18db423.jpg,REAL,REAL,MS_COCO,None_Authentic_Photograph,V5-B Frequency,0.00503,0.99497,0.00503,0.99497,REAL,True
DEF_REAL_367,DEF_REAL_367_d5fbe18db423.jpg,REAL,REAL,MS_COCO,None_Authentic_Photograph,V5-C Hybrid,0.120458,0.879542,0.120458,0.879542,REAL,True
DEF_REAL_367,DEF_REAL_367_d5fbe18db423.jpg,REAL,REAL,MS_COCO,None_Authentic_Photograph,V5-D Gated Residual,0.008937,0.991063,0.105097,0.894903,REAL,True
DEF_REAL_368,DEF_REAL_368_28898eb5527a.jpg,REAL,REAL,MS_COCO,None_Authentic_Photograph,V5-A Spatial,0.001486,0.998514,0.001486,0.998514,REAL,True
DEF_REAL_368,DEF_REAL_368_28898eb5527a.jpg,REAL,REAL,MS_COCO,None_Authentic_Photograph,V5-B Frequency,0.001964,0.998036,0.001964,0.998036,REAL,True
DEF_REAL_368,DEF_REAL_368_28898eb5527a.jpg,REAL,REAL,MS_COCO,None_Authentic_Photograph,V5-C Hybrid,1e-06,0.999999,1e-06,0.999999,REAL,True
DEF_REAL_368,DEF_REAL_368_28898eb5527a.jpg,REAL,REAL,MS_COCO,None_Authentic_Photograph,V5-D Gated Residual,0.000199,0.999801,0.020286,0.979714,REAL,True
DEF_REAL_369,DEF_REAL_369_b2202821cee2.jpg,REAL,REAL,MS_COCO,None_Authentic_Photograph,V5-A Spatial,4.2e-05,0.999958,4.2e-05,0.999958,REAL,True
DEF_REAL_369,DEF_REAL_369_b2202821cee2.jpg,REAL,REAL,MS_COCO,None_Authentic_Photograph,V5-B Frequency,0.212614,0.787386,0.212614,0.787386,REAL,True
DEF_REAL_369,DEF_REAL_369_b2202821cee2.jpg,REAL,REAL,MS_COCO,None_Authentic_Photograph,V5-C Hybrid,0.000134,0.999866,0.000134,0.999866,REAL,True
DEF_REAL_369,DEF_REAL_369_b2202821cee2.jpg,REAL,REAL,MS_COCO,None_Authentic_Photograph,V5-D Gated Residual,0.000503,0.999497,0.030631,0.969369,REAL,True
DEF_REAL_370,DEF_REAL_370_e00b078b6a81.jpg,REAL,REAL,MS_COCO,None_Authentic_Photograph,V5-A Spatial,0.99971,0.00029,0.99971,0.00029,AI,False
DEF_REAL_370,DEF_REAL_370_e00b078b6a81.jpg,REAL,REAL,MS_COCO,None_Authentic_Photograph,V5-B Frequency,0.900453,0.099547,0.900453,0.099547,AI,False
DEF_REAL_370,DEF_REAL_370_e00b078b6a81.jpg,REAL,REAL,MS_COCO,None_Authentic_Photograph,V5-C Hybrid,0.989551,0.010449,0.989551,0.010449,AI,False
DEF_REAL_370,DEF_REAL_370_e00b078b6a81.jpg,REAL,REAL,MS_COCO,None_Authentic_Photograph,V5-D Gated Residual,0.666354,0.333646,0.578022,0.421978,AI,False
DEF_REAL_371,DEF_REAL_371_a04ae077d78a.jpg,REAL,REAL,MS_COCO,None_Authentic_Photograph,V5-A Spatial,0.993128,0.006872,0.993128,0.006872,AI,False
DEF_REAL_371,DEF_REAL_371_a04ae077d78a.jpg,REAL,REAL,MS_COCO,None_Authentic_Photograph,V5-B Frequency,0.997945,0.002055,0.997945,0.002055,AI,False
DEF_REAL_371,DEF_REAL_371_a04ae077d78a.jpg,REAL,REAL,MS_COCO,None_Authentic_Photograph,V5-C Hybrid,0.997133,0.002867,0.997133,0.002867,AI,False
DEF_REAL_371,DEF_REAL_371_a04ae077d78a.jpg,REAL,REAL,MS_COCO,None_Authentic_Photograph,V5-D Gated Residual,0.929988,0.070012,0.764326,0.235674,AI,False
DEF_REAL_372,DEF_REAL_372_c1f83a4528f1.jpg,REAL,REAL,MS_COCO,None_Authentic_Photograph,V5-A Spatial,0.000193,0.999807,0.000193,0.999807,REAL,True
DEF_REAL_372,DEF_REAL_372_c1f83a4528f1.jpg,REAL,REAL,MS_COCO,None_Authentic_Photograph,V5-B Frequency,0.039131,0.960869,0.039131,0.960869,REAL,True
DEF_REAL_372,DEF_REAL_372_c1f83a4528f1.jpg,REAL,REAL,MS_COCO,None_Authentic_Photograph,V5-C Hybrid,1e-06,0.999999,1e-06,0.999999,REAL,True
DEF_REAL_372,DEF_REAL_372_c1f83a4528f1.jpg,REAL,REAL,MS_COCO,None_Authentic_Photograph,V5-D Gated Residual,0.001187,0.998813,0.044627,0.955373,REAL,True
DEF_REAL_373,DEF_REAL_373_b06afc00ab59.jpg,REAL,REAL,MS_COCO,None_Authentic_Photograph,V5-A Spatial,0.994925,0.005075,0.994925,0.005075,AI,False
DEF_REAL_373,DEF_REAL_373_b06afc00ab59.jpg,REAL,REAL,MS_COCO,None_Authentic_Photograph,V5-B Frequency,0.970091,0.029909,0.970091,0.029909,AI,False
DEF_REAL_373,DEF_REAL_373_b06afc00ab59.jpg,REAL,REAL,MS_COCO,None_Authentic_Photograph,V5-C Hybrid,0.998381,0.001619,0.998381,0.001619,AI,False
DEF_REAL_373,DEF_REAL_373_b06afc00ab59.jpg,REAL,REAL,MS_COCO,None_Authentic_Photograph,V5-D Gated Residual,0.962373,0.037627,0.813751,0.186249,AI,False
DEF_REAL_374,DEF_REAL_374_e7df70e6c546.jpg,REAL,REAL,MS_COCO,None_Authentic_Photograph,V5-A Spatial,0.884905,0.115095,0.884905,0.115095,AI,False
DEF_REAL_374,DEF_REAL_374_e7df70e6c546.jpg,REAL,REAL,MS_COCO,None_Authentic_Photograph,V5-B Frequency,6.3e-05,0.999937,6.3e-05,0.999937,REAL,True
DEF_REAL_374,DEF_REAL_374_e7df70e6c546.jpg,REAL,REAL,MS_COCO,None_Authentic_Photograph,V5-C Hybrid,0.999917,8.3e-05,0.999917,8.3e-05,AI,False
DEF_REAL_374,DEF_REAL_374_e7df70e6c546.jpg,REAL,REAL,MS_COCO,None_Authentic_Photograph,V5-D Gated Residual,0.976392,0.023608,0.844643,0.155357,AI,False
DEF_REAL_375,DEF_REAL_375_b03efe6d4557.jpg,REAL,REAL,MS_COCO,None_Authentic_Photograph,V5-A Spatial,0.282797,0.717203,0.282797,0.717203,REAL,True
DEF_REAL_375,DEF_REAL_375_b03efe6d4557.jpg,REAL,REAL,MS_COCO,None_Authentic_Photograph,V5-B Frequency,0.999849,0.000151,0.999849,0.000151,AI,False
DEF_REAL_375,DEF_REAL_375_b03efe6d4557.jpg,REAL,REAL,MS_COCO,None_Authentic_Photograph,V5-C Hybrid,1e-06,0.999999,1e-06,0.999999,REAL,True
DEF_REAL_375,DEF_REAL_375_b03efe6d4557.jpg,REAL,REAL,MS_COCO,None_Authentic_Photograph,V5-D Gated Residual,0.086711,0.913289,0.255213,0.744787,REAL,True
DEF_REAL_376,DEF_REAL_376_5cdb8ce75b23.jpg,REAL,REAL,MS_COCO,None_Authentic_Photograph,V5-A Spatial,3e-06,0.999997,3e-06,0.999997,REAL,True
DEF_REAL_376,DEF_REAL_376_5cdb8ce75b23.jpg,REAL,REAL,MS_COCO,None_Authentic_Photograph,V5-B Frequency,0.025264,0.974736,0.025264,0.974736,REAL,True
DEF_REAL_376,DEF_REAL_376_5cdb8ce75b23.jpg,REAL,REAL,MS_COCO,None_Authentic_Photograph,V5-C Hybrid,3e-06,0.999997,3e-06,0.999997,REAL,True
DEF_REAL_376,DEF_REAL_376_5cdb8ce75b23.jpg,REAL,REAL,MS_COCO,None_Authentic_Photograph,V5-D Gated Residual,3.1e-05,0.999969,0.008847,0.991153,REAL,True
DEF_REAL_377,DEF_REAL_377_4e075500e2c8.jpg,REAL,REAL,MS_COCO,None_Authentic_Photograph,V5-A Spatial,0.981412,0.018588,0.981412,0.018588,AI,False
DEF_REAL_377,DEF_REAL_377_4e075500e2c8.jpg,REAL,REAL,MS_COCO,None_Authentic_Photograph,V5-B Frequency,0.999229,0.000771,0.999229,0.000771,AI,False
DEF_REAL_377,DEF_REAL_377_4e075500e2c8.jpg,REAL,REAL,MS_COCO,None_Authentic_Photograph,V5-C Hybrid,0.999267,0.000733,0.999267,0.000733,AI,False
DEF_REAL_377,DEF_REAL_377_4e075500e2c8.jpg,REAL,REAL,MS_COCO,None_Authentic_Photograph,V5-D Gated Residual,0.998603,0.001397,0.952103,0.047897,AI,False
DEF_REAL_378,DEF_REAL_378_b7ef4bfbf922.jpg,REAL,REAL,MS_COCO,None_Authentic_Photograph,V5-A Spatial,0.994854,0.005146,0.994854,0.005146,AI,False
DEF_REAL_378,DEF_REAL_378_b7ef4bfbf922.jpg,REAL,REAL,MS_COCO,None_Authentic_Photograph,V5-B Frequency,0.000176,0.999824,0.000176,0.999824,REAL,True
DEF_REAL_378,DEF_REAL_378_b7ef4bfbf922.jpg,REAL,REAL,MS_COCO,None_Authentic_Photograph,V5-C Hybrid,0.992339,0.007661,0.992339,0.007661,AI,False
DEF_REAL_378,DEF_REAL_378_b7ef4bfbf922.jpg,REAL,REAL,MS_COCO,None_Authentic_Photograph,V5-D Gated Residual,0.993995,0.006005,0.910847,0.089153,AI,False
DEF_REAL_379,DEF_REAL_379_47b40acf47e7.jpg,REAL,REAL,MS_COCO,None_Authentic_Photograph,V5-A Spatial,0.992397,0.007603,0.992397,0.007603,AI,False
DEF_REAL_379,DEF_REAL_379_47b40acf47e7.jpg,REAL,REAL,MS_COCO,None_Authentic_Photograph,V5-B Frequency,0.0598,0.9402,0.0598,0.9402,REAL,True
DEF_REAL_379,DEF_REAL_379_47b40acf47e7.jpg,REAL,REAL,MS_COCO,None_Authentic_Photograph,V5-C Hybrid,0.998262,0.001738,0.998262,0.001738,AI,False
DEF_REAL_379,DEF_REAL_379_47b40acf47e7.jpg,REAL,REAL,MS_COCO,None_Authentic_Photograph,V5-D Gated Residual,0.980293,0.019707,0.855344,0.144656,AI,False
DEF_REAL_380,DEF_REAL_380_83798c0a43e9.jpg,REAL,REAL,MS_COCO,None_Authentic_Photograph,V5-A Spatial,0.097068,0.902932,0.097068,0.902932,REAL,True
DEF_REAL_380,DEF_REAL_380_83798c0a43e9.jpg,REAL,REAL,MS_COCO,None_Authentic_Photograph,V5-B Frequency,0.002334,0.997666,0.002334,0.997666,REAL,True
DEF_REAL_380,DEF_REAL_380_83798c0a43e9.jpg,REAL,REAL,MS_COCO,None_Authentic_Photograph,V5-C Hybrid,0.046725,0.953275,0.046725,0.953275,REAL,True
DEF_REAL_380,DEF_REAL_380_83798c0a43e9.jpg,REAL,REAL,MS_COCO,None_Authentic_Photograph,V5-D Gated Residual,0.782178,0.217823,0.641417,0.358583,AI,False
DEF_REAL_381,DEF_REAL_381_beb211892bab.jpg,REAL,REAL,MS_COCO,None_Authentic_Photograph,V5-A Spatial,0.82663,0.17337,0.82663,0.17337,AI,False
DEF_REAL_381,DEF_REAL_381_beb211892bab.jpg,REAL,REAL,MS_COCO,None_Authentic_Photograph,V5-B Frequency,0.003839,0.996161,0.003839,0.996161,REAL,True
DEF_REAL_381,DEF_REAL_381_beb211892bab.jpg,REAL,REAL,MS_COCO,None_Authentic_Photograph,V5-C Hybrid,1.1e-05,0.999989,1.1e-05,0.999989,REAL,True
DEF_REAL_381,DEF_REAL_381_beb211892bab.jpg,REAL,REAL,MS_COCO,None_Authentic_Photograph,V5-D Gated Residual,0.000111,0.999889,0.015614,0.984386,REAL,True
DEF_REAL_382,DEF_REAL_382_60796f34021f.jpg,REAL,REAL,MS_COCO,None_Authentic_Photograph,V5-A Spatial,0.999998,2e-06,0.999998,2e-06,AI,False
DEF_REAL_382,DEF_REAL_382_60796f34021f.jpg,REAL,REAL,MS_COCO,None_Authentic_Photograph,V5-B Frequency,0.002848,0.997152,0.002848,0.997152,REAL,True
DEF_REAL_382,DEF_REAL_382_60796f34021f.jpg,REAL,REAL,MS_COCO,None_Authentic_Photograph,V5-C Hybrid,0.855773,0.144227,0.855773,0.144227,AI,False
DEF_REAL_382,DEF_REAL_382_60796f34021f.jpg,REAL,REAL,MS_COCO,None_Authentic_Photograph,V5-D Gated Residual,0.981286,0.018714,0.858287,0.141713,AI,False
DEF_REAL_383,DEF_REAL_383_617f0a26b1a8.jpg,REAL,REAL,MS_COCO,None_Authentic_Photograph,V5-A Spatial,0.149459,0.850541,0.149459,0.850541,REAL,True
DEF_REAL_383,DEF_REAL_383_617f0a26b1a8.jpg,REAL,REAL,MS_COCO,None_Authentic_Photograph,V5-B Frequency,0.000484,0.999516,0.000484,0.999516,REAL,True
DEF_REAL_383,DEF_REAL_383_617f0a26b1a8.jpg,REAL,REAL,MS_COCO,None_Authentic_Photograph,V5-C Hybrid,0.635158,0.364842,0.635158,0.364842,AI,False
DEF_REAL_383,DEF_REAL_383_617f0a26b1a8.jpg,REAL,REAL,MS_COCO,None_Authentic_Photograph,V5-D Gated Residual,0.003573,0.996427,0.071667,0.928333,REAL,True
DEF_REAL_384,DEF_REAL_384_7b819677a5c6.jpg,REAL,REAL,MS_COCO,None_Authentic_Photograph,V5-A Spatial,0.999995,5e-06,0.999995,5e-06,AI,False
DEF_REAL_384,DEF_REAL_384_7b819677a5c6.jpg,REAL,REAL,MS_COCO,None_Authentic_Photograph,V5-B Frequency,0.969993,0.030007,0.969993,0.030007,AI,False
DEF_REAL_384,DEF_REAL_384_7b819677a5c6.jpg,REAL,REAL,MS_COCO,None_Authentic_Photograph,V5-C Hybrid,0.99989,0.00011,0.99989,0.00011,AI,False
DEF_REAL_384,DEF_REAL_384_7b819677a5c6.jpg,REAL,REAL,MS_COCO,None_Authentic_Photograph,V5-D Gated Residual,0.999345,0.000655,0.9656,0.0344,AI,False
DEF_REAL_385,DEF_REAL_385_80c2fcdca737.jpg,REAL,REAL,MS_COCO,None_Authentic_Photograph,V5-A Spatial,0.000143,0.999857,0.000143,0.999857,REAL,True
DEF_REAL_385,DEF_REAL_385_80c2fcdca737.jpg,REAL,REAL,MS_COCO,None_Authentic_Photograph,V5-B Frequency,0.080754,0.919246,0.080754,0.919246,REAL,True
DEF_REAL_385,DEF_REAL_385_80c2fcdca737.jpg,REAL,REAL,MS_COCO,None_Authentic_Photograph,V5-C Hybrid,1.1e-05,0.999989,1.1e-05,0.999989,REAL,True
DEF_REAL_385,DEF_REAL_385_80c2fcdca737.jpg,REAL,REAL,MS_COCO,None_Authentic_Photograph,V5-D Gated Residual,0.699163,0.300837,0.594743,0.405257,AI,False
DEF_REAL_386,DEF_REAL_386_4ae16be8bd3c.jpg,REAL,REAL,MS_COCO,None_Authentic_Photograph,V5-A Spatial,0.005057,0.994943,0.005057,0.994943,REAL,True
DEF_REAL_386,DEF_REAL_386_4ae16be8bd3c.jpg,REAL,REAL,MS_COCO,None_Authentic_Photograph,V5-B Frequency,4e-06,0.999996,4e-06,0.999996,REAL,True
DEF_REAL_386,DEF_REAL_386_4ae16be8bd3c.jpg,REAL,REAL,MS_COCO,None_Authentic_Photograph,V5-C Hybrid,0.001106,0.998894,0.001106,0.998894,REAL,True
DEF_REAL_386,DEF_REAL_386_4ae16be8bd3c.jpg,REAL,REAL,MS_COCO,None_Authentic_Photograph,V5-D Gated Residual,3.3e-05,0.999967,0.009099,0.990901,REAL,True
DEF_REAL_387,DEF_REAL_387_6ba29eeb5696.jpg,REAL,REAL,MS_COCO,None_Authentic_Photograph,V5-A Spatial,0.998854,0.001146,0.998854,0.001146,AI,False
DEF_REAL_387,DEF_REAL_387_6ba29eeb5696.jpg,REAL,REAL,MS_COCO,None_Authentic_Photograph,V5-B Frequency,0.332336,0.667664,0.332336,0.667664,REAL,True
DEF_REAL_387,DEF_REAL_387_6ba29eeb5696.jpg,REAL,REAL,MS_COCO,None_Authentic_Photograph,V5-C Hybrid,0.0,1.0,0.0,1.0,REAL,True
DEF_REAL_387,DEF_REAL_387_6ba29eeb5696.jpg,REAL,REAL,MS_COCO,None_Authentic_Photograph,V5-D Gated Residual,0.999917,8.3e-05,0.986291,0.013709,AI,False
DEF_REAL_388,DEF_REAL_388_81b4cc0da9c4.jpg,REAL,REAL,MS_COCO,None_Authentic_Photograph,V5-A Spatial,8e-06,0.999992,8e-06,0.999992,REAL,True
DEF_REAL_388,DEF_REAL_388_81b4cc0da9c4.jpg,REAL,REAL,MS_COCO,None_Authentic_Photograph,V5-B Frequency,0.013866,0.986134,0.013866,0.986134,REAL,True
DEF_REAL_388,DEF_REAL_388_81b4cc0da9c4.jpg,REAL,REAL,MS_COCO,None_Authentic_Photograph,V5-C Hybrid,0.0,1.0,0.0,1.0,REAL,True
DEF_REAL_388,DEF_REAL_388_81b4cc0da9c4.jpg,REAL,REAL,MS_COCO,None_Authentic_Photograph,V5-D Gated Residual,1e-06,0.999999,0.001998,0.998002,REAL,True
DEF_REAL_389,DEF_REAL_389_63fd80aa63b4.jpg,REAL,REAL,MS_COCO,None_Authentic_Photograph,V5-A Spatial,1.0,0.0,1.0,0.0,AI,False
DEF_REAL_389,DEF_REAL_389_63fd80aa63b4.jpg,REAL,REAL,MS_COCO,None_Authentic_Photograph,V5-B Frequency,0.010579,0.989421,0.010579,0.989421,REAL,True
DEF_REAL_389,DEF_REAL_389_63fd80aa63b4.jpg,REAL,REAL,MS_COCO,None_Authentic_Photograph,V5-C Hybrid,1.0,0.0,1.0,0.0,AI,False
DEF_REAL_389,DEF_REAL_389_63fd80aa63b4.jpg,REAL,REAL,MS_COCO,None_Authentic_Photograph,V5-D Gated Residual,0.999994,6e-06,0.995846,0.004154,AI,False
DEF_REAL_390,DEF_REAL_390_17b490f752b8.jpg,REAL,REAL,MS_COCO,None_Authentic_Photograph,V5-A Spatial,0.99281,0.00719,0.99281,0.00719,AI,False
DEF_REAL_390,DEF_REAL_390_17b490f752b8.jpg,REAL,REAL,MS_COCO,None_Authentic_Photograph,V5-B Frequency,5e-06,0.999995,5e-06,0.999995,REAL,True
DEF_REAL_390,DEF_REAL_390_17b490f752b8.jpg,REAL,REAL,MS_COCO,None_Authentic_Photograph,V5-C Hybrid,0.076085,0.923915,0.076085,0.923915,REAL,True
DEF_REAL_390,DEF_REAL_390_17b490f752b8.jpg,REAL,REAL,MS_COCO,None_Authentic_Photograph,V5-D Gated Residual,0.002494,0.997506,0.061494,0.938506,REAL,True
DEF_REAL_391,DEF_REAL_391_50fb9c330132.jpg,REAL,REAL,MS_COCO,None_Authentic_Photograph,V5-A Spatial,0.062642,0.937358,0.062642,0.937358,REAL,True
DEF_REAL_391,DEF_REAL_391_50fb9c330132.jpg,REAL,REAL,MS_COCO,None_Authentic_Photograph,V5-B Frequency,0.000592,0.999408,0.000592,0.999408,REAL,True
DEF_REAL_391,DEF_REAL_391_50fb9c330132.jpg,REAL,REAL,MS_COCO,None_Authentic_Photograph,V5-C Hybrid,0.005225,0.994775,0.005225,0.994775,REAL,True
DEF_REAL_391,DEF_REAL_391_50fb9c330132.jpg,REAL,REAL,MS_COCO,None_Authentic_Photograph,V5-D Gated Residual,4.6e-05,0.999954,0.010561,0.989439,REAL,True
DEF_REAL_392,DEF_REAL_392_38c077aefa06.jpg,REAL,REAL,MS_COCO,None_Authentic_Photograph,V5-A Spatial,0.999999,1e-06,0.999999,1e-06,AI,False
DEF_REAL_392,DEF_REAL_392_38c077aefa06.jpg,REAL,REAL,MS_COCO,None_Authentic_Photograph,V5-B Frequency,0.021988,0.978012,0.021988,0.978012,REAL,True
DEF_REAL_392,DEF_REAL_392_38c077aefa06.jpg,REAL,REAL,MS_COCO,None_Authentic_Photograph,V5-C Hybrid,0.988432,0.011568,0.988432,0.011568,AI,False
DEF_REAL_392,DEF_REAL_392_38c077aefa06.jpg,REAL,REAL,MS_COCO,None_Authentic_Photograph,V5-D Gated Residual,0.998426,0.001574,0.949561,0.050439,AI,False
DEF_REAL_393,DEF_REAL_393_1ce9d06f6a7c.jpg,REAL,REAL,MS_COCO,None_Authentic_Photograph,V5-A Spatial,0.999942,5.8e-05,0.999942,5.8e-05,AI,False
DEF_REAL_393,DEF_REAL_393_1ce9d06f6a7c.jpg,REAL,REAL,MS_COCO,None_Authentic_Photograph,V5-B Frequency,0.001189,0.998811,0.001189,0.998811,REAL,True
DEF_REAL_393,DEF_REAL_393_1ce9d06f6a7c.jpg,REAL,REAL,MS_COCO,None_Authentic_Photograph,V5-C Hybrid,0.984041,0.015959,0.984041,0.015959,AI,False
DEF_REAL_393,DEF_REAL_393_1ce9d06f6a7c.jpg,REAL,REAL,MS_COCO,None_Authentic_Photograph,V5-D Gated Residual,0.135433,0.864568,0.300854,0.699146,REAL,True
DEF_REAL_394,DEF_REAL_394_43e14c9873dc.jpg,REAL,REAL,MS_COCO,None_Authentic_Photograph,V5-A Spatial,0.999334,0.000666,0.999334,0.000666,AI,False
DEF_REAL_394,DEF_REAL_394_43e14c9873dc.jpg,REAL,REAL,MS_COCO,None_Authentic_Photograph,V5-B Frequency,0.999978,2.2e-05,0.999978,2.2e-05,AI,False
DEF_REAL_394,DEF_REAL_394_43e14c9873dc.jpg,REAL,REAL,MS_COCO,None_Authentic_Photograph,V5-C Hybrid,0.49278,0.50722,0.49278,0.50722,REAL,True
DEF_REAL_394,DEF_REAL_394_43e14c9873dc.jpg,REAL,REAL,MS_COCO,None_Authentic_Photograph,V5-D Gated Residual,0.961083,0.038918,0.811322,0.188678,AI,False
DEF_REAL_395,DEF_REAL_395_ffb30ae4291c.jpg,REAL,REAL,MS_COCO,None_Authentic_Photograph,V5-A Spatial,0.998686,0.001315,0.998686,0.001315,AI,False
DEF_REAL_395,DEF_REAL_395_ffb30ae4291c.jpg,REAL,REAL,MS_COCO,None_Authentic_Photograph,V5-B Frequency,0.03243,0.96757,0.03243,0.96757,REAL,True
DEF_REAL_395,DEF_REAL_395_ffb30ae4291c.jpg,REAL,REAL,MS_COCO,None_Authentic_Photograph,V5-C Hybrid,0.000213,0.999787,0.000213,0.999787,REAL,True
DEF_REAL_395,DEF_REAL_395_ffb30ae4291c.jpg,REAL,REAL,MS_COCO,None_Authentic_Photograph,V5-D Gated Residual,0.050618,0.949382,0.208584,0.791416,REAL,True
DEF_REAL_396,DEF_REAL_396_7276f58b95e6.jpg,REAL,REAL,MS_COCO,None_Authentic_Photograph,V5-A Spatial,0.999993,7e-06,0.999993,7e-06,AI,False
DEF_REAL_396,DEF_REAL_396_7276f58b95e6.jpg,REAL,REAL,MS_COCO,None_Authentic_Photograph,V5-B Frequency,4.5e-05,0.999955,4.5e-05,0.999955,REAL,True
DEF_REAL_396,DEF_REAL_396_7276f58b95e6.jpg,REAL,REAL,MS_COCO,None_Authentic_Photograph,V5-C Hybrid,0.438626,0.561374,0.438626,0.561374,REAL,True
DEF_REAL_396,DEF_REAL_396_7276f58b95e6.jpg,REAL,REAL,MS_COCO,None_Authentic_Photograph,V5-D Gated Residual,0.999969,3.1e-05,0.991128,0.008872,AI,False
DEF_REAL_397,DEF_REAL_397_6d58e3883348.jpg,REAL,REAL,MS_COCO,None_Authentic_Photograph,V5-A Spatial,0.997147,0.002853,0.997147,0.002853,AI,False
DEF_REAL_397,DEF_REAL_397_6d58e3883348.jpg,REAL,REAL,MS_COCO,None_Authentic_Photograph,V5-B Frequency,0.414789,0.585211,0.414789,0.585211,REAL,True
DEF_REAL_397,DEF_REAL_397_6d58e3883348.jpg,REAL,REAL,MS_COCO,None_Authentic_Photograph,V5-C Hybrid,0.998445,0.001555,0.998445,0.001555,AI,False
DEF_REAL_397,DEF_REAL_397_6d58e3883348.jpg,REAL,REAL,MS_COCO,None_Authentic_Photograph,V5-D Gated Residual,0.954867,0.045133,0.800317,0.199683,AI,False
DEF_REAL_398,DEF_REAL_398_256539ff8288.jpg,REAL,REAL,MS_COCO,None_Authentic_Photograph,V5-A Spatial,0.091832,0.908168,0.091832,0.908168,REAL,True
DEF_REAL_398,DEF_REAL_398_256539ff8288.jpg,REAL,REAL,MS_COCO,None_Authentic_Photograph,V5-B Frequency,1e-06,0.999999,1e-06,0.999999,REAL,True
DEF_REAL_398,DEF_REAL_398_256539ff8288.jpg,REAL,REAL,MS_COCO,None_Authentic_Photograph,V5-C Hybrid,0.013358,0.986642,0.013358,0.986642,REAL,True
DEF_REAL_398,DEF_REAL_398_256539ff8288.jpg,REAL,REAL,MS_COCO,None_Authentic_Photograph,V5-D Gated Residual,7.3e-05,0.999927,0.012959,0.987041,REAL,True
DEF_REAL_399,DEF_REAL_399_988f581b5eaa.jpg,REAL,REAL,MS_COCO,None_Authentic_Photograph,V5-A Spatial,0.204021,0.795979,0.204021,0.795979,REAL,True
DEF_REAL_399,DEF_REAL_399_988f581b5eaa.jpg,REAL,REAL,MS_COCO,None_Authentic_Photograph,V5-B Frequency,0.446558,0.553442,0.446558,0.553442,REAL,True
DEF_REAL_399,DEF_REAL_399_988f581b5eaa.jpg,REAL,REAL,MS_COCO,None_Authentic_Photograph,V5-C Hybrid,0.863048,0.136952,0.863048,0.136952,AI,False
DEF_REAL_399,DEF_REAL_399_988f581b5eaa.jpg,REAL,REAL,MS_COCO,None_Authentic_Photograph,V5-D Gated Residual,0.042606,0.957394,0.195339,0.804661,REAL,True
DEF_REAL_400,DEF_REAL_400_bf77ada06b67.jpg,REAL,REAL,MS_COCO,None_Authentic_Photograph,V5-A Spatial,0.001497,0.998503,0.001497,0.998503,REAL,True
DEF_REAL_400,DEF_REAL_400_bf77ada06b67.jpg,REAL,REAL,MS_COCO,None_Authentic_Photograph,V5-B Frequency,0.698282,0.301718,0.698282,0.301718,AI,False
DEF_REAL_400,DEF_REAL_400_bf77ada06b67.jpg,REAL,REAL,MS_COCO,None_Authentic_Photograph,V5-C Hybrid,0.0,1.0,0.0,1.0,REAL,True
DEF_REAL_400,DEF_REAL_400_bf77ada06b67.jpg,REAL,REAL,MS_COCO,None_Authentic_Photograph,V5-D Gated Residual,0.00056,0.99944,0.032122,0.967878,REAL,True
DEF_SD3_001,DEF_SD3_001_73da751a73ae.jpg,AI,SD3,Defactify_SD3,Stable_Diffusion_3,V5-A Spatial,1.0,0.0,1.0,0.0,AI,True
DEF_SD3_001,DEF_SD3_001_73da751a73ae.jpg,AI,SD3,Defactify_SD3,Stable_Diffusion_3,V5-B Frequency,0.0,1.0,0.0,1.0,REAL,False
DEF_SD3_001,DEF_SD3_001_73da751a73ae.jpg,AI,SD3,Defactify_SD3,Stable_Diffusion_3,V5-C Hybrid,0.99999,1e-05,0.99999,1e-05,AI,True
DEF_SD3_001,DEF_SD3_001_73da751a73ae.jpg,AI,SD3,Defactify_SD3,Stable_Diffusion_3,V5-D Gated Residual,0.999907,9.2e-05,0.985588,0.014412,AI,True
DEF_SD3_002,DEF_SD3_002_3130e4880ce3.jpg,AI,SD3,Defactify_SD3,Stable_Diffusion_3,V5-A Spatial,0.999621,0.000379,0.999621,0.000379,AI,True
DEF_SD3_002,DEF_SD3_002_3130e4880ce3.jpg,AI,SD3,Defactify_SD3,Stable_Diffusion_3,V5-B Frequency,0.001481,0.998519,0.001481,0.998519,REAL,False
DEF_SD3_002,DEF_SD3_002_3130e4880ce3.jpg,AI,SD3,Defactify_SD3,Stable_Diffusion_3,V5-C Hybrid,0.999951,4.9e-05,0.999951,4.9e-05,AI,True
DEF_SD3_002,DEF_SD3_002_3130e4880ce3.jpg,AI,SD3,Defactify_SD3,Stable_Diffusion_3,V5-D Gated Residual,0.99969,0.00031,0.975274,0.024726,AI,True
DEF_SD3_003,DEF_SD3_003_853fe2738de1.jpg,AI,SD3,Defactify_SD3,Stable_Diffusion_3,V5-A Spatial,1.0,0.0,1.0,0.0,AI,True
DEF_SD3_003,DEF_SD3_003_853fe2738de1.jpg,AI,SD3,Defactify_SD3,Stable_Diffusion_3,V5-B Frequency,3e-06,0.999997,3e-06,0.999997,REAL,False
DEF_SD3_003,DEF_SD3_003_853fe2738de1.jpg,AI,SD3,Defactify_SD3,Stable_Diffusion_3,V5-C Hybrid,0.999132,0.000868,0.999132,0.000868,AI,True
DEF_SD3_003,DEF_SD3_003_853fe2738de1.jpg,AI,SD3,Defactify_SD3,Stable_Diffusion_3,V5-D Gated Residual,0.999537,0.000463,0.970476,0.029524,AI,True
DEF_SD3_004,DEF_SD3_004_7ca31fef8a1a.jpg,AI,SD3,Defactify_SD3,Stable_Diffusion_3,V5-A Spatial,0.999825,0.000175,0.999825,0.000175,AI,True
DEF_SD3_004,DEF_SD3_004_7ca31fef8a1a.jpg,AI,SD3,Defactify_SD3,Stable_Diffusion_3,V5-B Frequency,0.840889,0.159111,0.840889,0.159111,AI,True
DEF_SD3_004,DEF_SD3_004_7ca31fef8a1a.jpg,AI,SD3,Defactify_SD3,Stable_Diffusion_3,V5-C Hybrid,0.04332,0.95668,0.04332,0.95668,REAL,False
DEF_SD3_004,DEF_SD3_004_7ca31fef8a1a.jpg,AI,SD3,Defactify_SD3,Stable_Diffusion_3,V5-D Gated Residual,0.999939,6.1e-05,0.988019,0.011981,AI,True
DEF_SD3_005,DEF_SD3_005_93d38997e36e.jpg,AI,SD3,Defactify_SD3,Stable_Diffusion_3,V5-A Spatial,0.993239,0.006761,0.993239,0.006761,AI,True
DEF_SD3_005,DEF_SD3_005_93d38997e36e.jpg,AI,SD3,Defactify_SD3,Stable_Diffusion_3,V5-B Frequency,6.9e-05,0.999931,6.9e-05,0.999931,REAL,False
DEF_SD3_005,DEF_SD3_005_93d38997e36e.jpg,AI,SD3,Defactify_SD3,Stable_Diffusion_3,V5-C Hybrid,0.122086,0.877914,0.122086,0.877914,REAL,False
DEF_SD3_005,DEF_SD3_005_93d38997e36e.jpg,AI,SD3,Defactify_SD3,Stable_Diffusion_3,V5-D Gated Residual,0.000714,0.999286,0.03575,0.96425,REAL,False
DEF_SD3_006,DEF_SD3_006_b22ec65aa302.jpg,AI,SD3,Defactify_SD3,Stable_Diffusion_3,V5-A Spatial,1.0,0.0,1.0,0.0,AI,True
DEF_SD3_006,DEF_SD3_006_b22ec65aa302.jpg,AI,SD3,Defactify_SD3,Stable_Diffusion_3,V5-B Frequency,0.007066,0.992934,0.007066,0.992934,REAL,False
DEF_SD3_006,DEF_SD3_006_b22ec65aa302.jpg,AI,SD3,Defactify_SD3,Stable_Diffusion_3,V5-C Hybrid,0.999956,4.4e-05,0.999956,4.4e-05,AI,True
DEF_SD3_006,DEF_SD3_006_b22ec65aa302.jpg,AI,SD3,Defactify_SD3,Stable_Diffusion_3,V5-D Gated Residual,0.996989,0.003011,0.93336,0.06664,AI,True
DEF_SD3_007,DEF_SD3_007_89c1eed58122.jpg,AI,SD3,Defactify_SD3,Stable_Diffusion_3,V5-A Spatial,0.004854,0.995146,0.004854,0.995146,REAL,False
DEF_SD3_007,DEF_SD3_007_89c1eed58122.jpg,AI,SD3,Defactify_SD3,Stable_Diffusion_3,V5-B Frequency,0.000469,0.999531,0.000469,0.999531,REAL,False
DEF_SD3_007,DEF_SD3_007_89c1eed58122.jpg,AI,SD3,Defactify_SD3,Stable_Diffusion_3,V5-C Hybrid,0.058252,0.941748,0.058252,0.941748,REAL,False
DEF_SD3_007,DEF_SD3_007_89c1eed58122.jpg,AI,SD3,Defactify_SD3,Stable_Diffusion_3,V5-D Gated Residual,0.006404,0.993596,0.091569,0.908431,REAL,False
DEF_SD3_008,DEF_SD3_008_d2a827fa5658.jpg,AI,SD3,Defactify_SD3,Stable_Diffusion_3,V5-A Spatial,0.589908,0.410092,0.589908,0.410092,AI,True
DEF_SD3_008,DEF_SD3_008_d2a827fa5658.jpg,AI,SD3,Defactify_SD3,Stable_Diffusion_3,V5-B Frequency,0.999536,0.000464,0.999536,0.000464,AI,True
DEF_SD3_008,DEF_SD3_008_d2a827fa5658.jpg,AI,SD3,Defactify_SD3,Stable_Diffusion_3,V5-C Hybrid,0.99872,0.00128,0.99872,0.00128,AI,True
DEF_SD3_008,DEF_SD3_008_d2a827fa5658.jpg,AI,SD3,Defactify_SD3,Stable_Diffusion_3,V5-D Gated Residual,0.018326,0.981674,0.140535,0.859465,REAL,False
DEF_SD3_009,DEF_SD3_009_2cbd84d26e83.jpg,AI,SD3,Defactify_SD3,Stable_Diffusion_3,V5-A Spatial,0.332292,0.667708,0.332292,0.667708,REAL,False
DEF_SD3_009,DEF_SD3_009_2cbd84d26e83.jpg,AI,SD3,Defactify_SD3,Stable_Diffusion_3,V5-B Frequency,2.4e-05,0.999976,2.4e-05,0.999976,REAL,False
DEF_SD3_009,DEF_SD3_009_2cbd84d26e83.jpg,AI,SD3,Defactify_SD3,Stable_Diffusion_3,V5-C Hybrid,0.005644,0.994356,0.005644,0.994356,REAL,False
DEF_SD3_009,DEF_SD3_009_2cbd84d26e83.jpg,AI,SD3,Defactify_SD3,Stable_Diffusion_3,V5-D Gated Residual,0.039729,0.960271,0.190178,0.809822,REAL,False
DEF_SD3_010,DEF_SD3_010_e506cc8a4e1f.jpg,AI,SD3,Defactify_SD3,Stable_Diffusion_3,V5-A Spatial,0.483402,0.516598,0.483402,0.516598,REAL,False
DEF_SD3_010,DEF_SD3_010_e506cc8a4e1f.jpg,AI,SD3,Defactify_SD3,Stable_Diffusion_3,V5-B Frequency,0.000733,0.999267,0.000733,0.999267,REAL,False
DEF_SD3_010,DEF_SD3_010_e506cc8a4e1f.jpg,AI,SD3,Defactify_SD3,Stable_Diffusion_3,V5-C Hybrid,1e-06,0.999999,1e-06,0.999999,REAL,False
DEF_SD3_010,DEF_SD3_010_e506cc8a4e1f.jpg,AI,SD3,Defactify_SD3,Stable_Diffusion_3,V5-D Gated Residual,0.003188,0.996812,0.068283,0.931717,REAL,False
DEF_SD3_011,DEF_SD3_011_d953ed25c16c.jpg,AI,SD3,Defactify_SD3,Stable_Diffusion_3,V5-A Spatial,1.0,0.0,1.0,0.0,AI,True
DEF_SD3_011,DEF_SD3_011_d953ed25c16c.jpg,AI,SD3,Defactify_SD3,Stable_Diffusion_3,V5-B Frequency,0.992509,0.00749,0.992509,0.00749,AI,True
DEF_SD3_011,DEF_SD3_011_d953ed25c16c.jpg,AI,SD3,Defactify_SD3,Stable_Diffusion_3,V5-C Hybrid,0.999887,0.000113,0.999887,0.000113,AI,True
DEF_SD3_011,DEF_SD3_011_d953ed25c16c.jpg,AI,SD3,Defactify_SD3,Stable_Diffusion_3,V5-D Gated Residual,0.0,1.0,0.000807,0.999193,REAL,False
DEF_SD3_012,DEF_SD3_012_5664ea1ef1a4.jpg,AI,SD3,Defactify_SD3,Stable_Diffusion_3,V5-A Spatial,0.998944,0.001057,0.998944,0.001057,AI,True
DEF_SD3_012,DEF_SD3_012_5664ea1ef1a4.jpg,AI,SD3,Defactify_SD3,Stable_Diffusion_3,V5-B Frequency,3.1e-05,0.999969,3.1e-05,0.999969,REAL,False
DEF_SD3_012,DEF_SD3_012_5664ea1ef1a4.jpg,AI,SD3,Defactify_SD3,Stable_Diffusion_3,V5-C Hybrid,0.994945,0.005055,0.994945,0.005055,AI,True
DEF_SD3_012,DEF_SD3_012_5664ea1ef1a4.jpg,AI,SD3,Defactify_SD3,Stable_Diffusion_3,V5-D Gated Residual,0.000549,0.999451,0.031839,0.968161,REAL,False
DEF_SD3_013,DEF_SD3_013_8b9136b71fa6.jpg,AI,SD3,Defactify_SD3,Stable_Diffusion_3,V5-A Spatial,1.0,0.0,1.0,0.0,AI,True
DEF_SD3_013,DEF_SD3_013_8b9136b71fa6.jpg,AI,SD3,Defactify_SD3,Stable_Diffusion_3,V5-B Frequency,1.3e-05,0.999987,1.3e-05,0.999987,REAL,False
DEF_SD3_013,DEF_SD3_013_8b9136b71fa6.jpg,AI,SD3,Defactify_SD3,Stable_Diffusion_3,V5-C Hybrid,0.999686,0.000314,0.999686,0.000314,AI,True
DEF_SD3_013,DEF_SD3_013_8b9136b71fa6.jpg,AI,SD3,Defactify_SD3,Stable_Diffusion_3,V5-D Gated Residual,0.999997,3e-06,0.997078,0.002922,AI,True
DEF_SD3_014,DEF_SD3_014_f300cec65b04.jpg,AI,SD3,Defactify_SD3,Stable_Diffusion_3,V5-A Spatial,0.999998,2e-06,0.999998,2e-06,AI,True
DEF_SD3_014,DEF_SD3_014_f300cec65b04.jpg,AI,SD3,Defactify_SD3,Stable_Diffusion_3,V5-B Frequency,1e-06,0.999999,1e-06,0.999999,REAL,False
DEF_SD3_014,DEF_SD3_014_f300cec65b04.jpg,AI,SD3,Defactify_SD3,Stable_Diffusion_3,V5-C Hybrid,0.810093,0.189907,0.810093,0.189907,AI,True
DEF_SD3_014,DEF_SD3_014_f300cec65b04.jpg,AI,SD3,Defactify_SD3,Stable_Diffusion_3,V5-D Gated Residual,0.994932,0.005068,0.91695,0.08305,AI,True
DEF_SD3_015,DEF_SD3_015_47f7a59a1d7b.jpg,AI,SD3,Defactify_SD3,Stable_Diffusion_3,V5-A Spatial,0.99529,0.00471,0.99529,0.00471,AI,True
DEF_SD3_015,DEF_SD3_015_47f7a59a1d7b.jpg,AI,SD3,Defactify_SD3,Stable_Diffusion_3,V5-B Frequency,4.1e-05,0.999959,4.1e-05,0.999959,REAL,False
DEF_SD3_015,DEF_SD3_015_47f7a59a1d7b.jpg,AI,SD3,Defactify_SD3,Stable_Diffusion_3,V5-C Hybrid,0.000793,0.999207,0.000793,0.999207,REAL,False
DEF_SD3_015,DEF_SD3_015_47f7a59a1d7b.jpg,AI,SD3,Defactify_SD3,Stable_Diffusion_3,V5-D Gated Residual,0.020183,0.979817,0.146031,0.853969,REAL,False
DEF_SD3_016,DEF_SD3_016_41e2732bbd78.jpg,AI,SD3,Defactify_SD3,Stable_Diffusion_3,V5-A Spatial,0.999976,2.4e-05,0.999976,2.4e-05,AI,True
DEF_SD3_016,DEF_SD3_016_41e2732bbd78.jpg,AI,SD3,Defactify_SD3,Stable_Diffusion_3,V5-B Frequency,0.937101,0.062899,0.937101,0.062899,AI,True
DEF_SD3_016,DEF_SD3_016_41e2732bbd78.jpg,AI,SD3,Defactify_SD3,Stable_Diffusion_3,V5-C Hybrid,0.993538,0.006462,0.993538,0.006462,AI,True
DEF_SD3_016,DEF_SD3_016_41e2732bbd78.jpg,AI,SD3,Defactify_SD3,Stable_Diffusion_3,V5-D Gated Residual,0.975823,0.024177,0.843182,0.156818,AI,True
DEF_SD3_017,DEF_SD3_017_447ea8e9d929.jpg,AI,SD3,Defactify_SD3,Stable_Diffusion_3,V5-A Spatial,1.0,0.0,1.0,0.0,AI,True
DEF_SD3_017,DEF_SD3_017_447ea8e9d929.jpg,AI,SD3,Defactify_SD3,Stable_Diffusion_3,V5-B Frequency,0.000129,0.999871,0.000129,0.999871,REAL,False
DEF_SD3_017,DEF_SD3_017_447ea8e9d929.jpg,AI,SD3,Defactify_SD3,Stable_Diffusion_3,V5-C Hybrid,0.896853,0.103147,0.896853,0.103147,AI,True
DEF_SD3_017,DEF_SD3_017_447ea8e9d929.jpg,AI,SD3,Defactify_SD3,Stable_Diffusion_3,V5-D Gated Residual,0.998575,0.001425,0.95168,0.04832,AI,True
DEF_SD3_018,DEF_SD3_018_7f753cd995db.jpg,AI,SD3,Defactify_SD3,Stable_Diffusion_3,V5-A Spatial,0.984355,0.015645,0.984355,0.015645,AI,True
DEF_SD3_018,DEF_SD3_018_7f753cd995db.jpg,AI,SD3,Defactify_SD3,Stable_Diffusion_3,V5-B Frequency,6.5e-05,0.999935,6.5e-05,0.999935,REAL,False
DEF_SD3_018,DEF_SD3_018_7f753cd995db.jpg,AI,SD3,Defactify_SD3,Stable_Diffusion_3,V5-C Hybrid,0.985776,0.014224,0.985776,0.014224,AI,True
DEF_SD3_018,DEF_SD3_018_7f753cd995db.jpg,AI,SD3,Defactify_SD3,Stable_Diffusion_3,V5-D Gated Residual,0.999716,0.000284,0.976209,0.023791,AI,True
DEF_SD3_019,DEF_SD3_019_dafdbfbbced9.jpg,AI,SD3,Defactify_SD3,Stable_Diffusion_3,V5-A Spatial,0.999882,0.000118,0.999882,0.000118,AI,True
DEF_SD3_019,DEF_SD3_019_dafdbfbbced9.jpg,AI,SD3,Defactify_SD3,Stable_Diffusion_3,V5-B Frequency,2.4e-05,0.999976,2.4e-05,0.999976,REAL,False
DEF_SD3_019,DEF_SD3_019_dafdbfbbced9.jpg,AI,SD3,Defactify_SD3,Stable_Diffusion_3,V5-C Hybrid,0.16629,0.83371,0.16629,0.83371,REAL,False
DEF_SD3_019,DEF_SD3_019_dafdbfbbced9.jpg,AI,SD3,Defactify_SD3,Stable_Diffusion_3,V5-D Gated Residual,0.999946,5.4e-05,0.988695,0.011305,AI,True
DEF_SD3_020,DEF_SD3_020_a79161a3bd3d.jpg,AI,SD3,Defactify_SD3,Stable_Diffusion_3,V5-A Spatial,0.910764,0.089236,0.910764,0.089236,AI,True
DEF_SD3_020,DEF_SD3_020_a79161a3bd3d.jpg,AI,SD3,Defactify_SD3,Stable_Diffusion_3,V5-B Frequency,0.001275,0.998725,0.001275,0.998725,REAL,False
DEF_SD3_020,DEF_SD3_020_a79161a3bd3d.jpg,AI,SD3,Defactify_SD3,Stable_Diffusion_3,V5-C Hybrid,0.998153,0.001847,0.998153,0.001847,AI,True
DEF_SD3_020,DEF_SD3_020_a79161a3bd3d.jpg,AI,SD3,Defactify_SD3,Stable_Diffusion_3,V5-D Gated Residual,0.000482,0.999518,0.030057,0.969943,REAL,False
DEF_SD3_021,DEF_SD3_021_4741e7ce455d.jpg,AI,SD3,Defactify_SD3,Stable_Diffusion_3,V5-A Spatial,0.999904,9.6e-05,0.999904,9.6e-05,AI,True
DEF_SD3_021,DEF_SD3_021_4741e7ce455d.jpg,AI,SD3,Defactify_SD3,Stable_Diffusion_3,V5-B Frequency,4.4e-05,0.999956,4.4e-05,0.999956,REAL,False
DEF_SD3_021,DEF_SD3_021_4741e7ce455d.jpg,AI,SD3,Defactify_SD3,Stable_Diffusion_3,V5-C Hybrid,0.993157,0.006843,0.993157,0.006843,AI,True
DEF_SD3_021,DEF_SD3_021_4741e7ce455d.jpg,AI,SD3,Defactify_SD3,Stable_Diffusion_3,V5-D Gated Residual,6e-06,0.999994,0.00416,0.99584,REAL,False
DEF_SD3_022,DEF_SD3_022_1afbc4650b56.jpg,AI,SD3,Defactify_SD3,Stable_Diffusion_3,V5-A Spatial,0.999996,4e-06,0.999996,4e-06,AI,True
DEF_SD3_022,DEF_SD3_022_1afbc4650b56.jpg,AI,SD3,Defactify_SD3,Stable_Diffusion_3,V5-B Frequency,0.001903,0.998097,0.001903,0.998097,REAL,False
DEF_SD3_022,DEF_SD3_022_1afbc4650b56.jpg,AI,SD3,Defactify_SD3,Stable_Diffusion_3,V5-C Hybrid,0.998873,0.001127,0.998873,0.001127,AI,True
DEF_SD3_022,DEF_SD3_022_1afbc4650b56.jpg,AI,SD3,Defactify_SD3,Stable_Diffusion_3,V5-D Gated Residual,0.996128,0.003872,0.925851,0.074149,AI,True
DEF_SD3_023,DEF_SD3_023_a2d85e52cc06.jpg,AI,SD3,Defactify_SD3,Stable_Diffusion_3,V5-A Spatial,1.0,0.0,1.0,0.0,AI,True
DEF_SD3_023,DEF_SD3_023_a2d85e52cc06.jpg,AI,SD3,Defactify_SD3,Stable_Diffusion_3,V5-B Frequency,0.000337,0.999663,0.000337,0.999663,REAL,False
DEF_SD3_023,DEF_SD3_023_a2d85e52cc06.jpg,AI,SD3,Defactify_SD3,Stable_Diffusion_3,V5-C Hybrid,0.999933,6.7e-05,0.999933,6.7e-05,AI,True
DEF_SD3_023,DEF_SD3_023_a2d85e52cc06.jpg,AI,SD3,Defactify_SD3,Stable_Diffusion_3,V5-D Gated Residual,0.999999,1e-06,0.998235,0.001765,AI,True
DEF_SD3_024,DEF_SD3_024_128bdb51799b.jpg,AI,SD3,Defactify_SD3,Stable_Diffusion_3,V5-A Spatial,1.0,0.0,1.0,0.0,AI,True
DEF_SD3_024,DEF_SD3_024_128bdb51799b.jpg,AI,SD3,Defactify_SD3,Stable_Diffusion_3,V5-B Frequency,0.137811,0.862189,0.137811,0.862189,REAL,False
DEF_SD3_024,DEF_SD3_024_128bdb51799b.jpg,AI,SD3,Defactify_SD3,Stable_Diffusion_3,V5-C Hybrid,0.95733,0.04267,0.95733,0.04267,AI,True
DEF_SD3_024,DEF_SD3_024_128bdb51799b.jpg,AI,SD3,Defactify_SD3,Stable_Diffusion_3,V5-D Gated Residual,0.99876,0.00124,0.954512,0.045488,AI,True
DEF_SD3_025,DEF_SD3_025_65addbdef607.jpg,AI,SD3,Defactify_SD3,Stable_Diffusion_3,V5-A Spatial,0.999988,1.2e-05,0.999988,1.2e-05,AI,True
DEF_SD3_025,DEF_SD3_025_65addbdef607.jpg,AI,SD3,Defactify_SD3,Stable_Diffusion_3,V5-B Frequency,0.187789,0.812212,0.187789,0.812212,REAL,False
DEF_SD3_025,DEF_SD3_025_65addbdef607.jpg,AI,SD3,Defactify_SD3,Stable_Diffusion_3,V5-C Hybrid,0.804393,0.195607,0.804393,0.195607,AI,True
DEF_SD3_025,DEF_SD3_025_65addbdef607.jpg,AI,SD3,Defactify_SD3,Stable_Diffusion_3,V5-D Gated Residual,0.995218,0.004782,0.918952,0.081048,AI,True
DEF_SD3_026,DEF_SD3_026_68f8fad3b389.jpg,AI,SD3,Defactify_SD3,Stable_Diffusion_3,V5-A Spatial,0.999994,6e-06,0.999994,6e-06,AI,True
DEF_SD3_026,DEF_SD3_026_68f8fad3b389.jpg,AI,SD3,Defactify_SD3,Stable_Diffusion_3,V5-B Frequency,4.5e-05,0.999955,4.5e-05,0.999955,REAL,False
DEF_SD3_026,DEF_SD3_026_68f8fad3b389.jpg,AI,SD3,Defactify_SD3,Stable_Diffusion_3,V5-C Hybrid,0.988545,0.011455,0.988545,0.011455,AI,True
DEF_SD3_026,DEF_SD3_026_68f8fad3b389.jpg,AI,SD3,Defactify_SD3,Stable_Diffusion_3,V5-D Gated Residual,0.554639,0.445361,0.524933,0.475067,AI,True
DEF_SD3_027,DEF_SD3_027_0b22fdecfa1c.jpg,AI,SD3,Defactify_SD3,Stable_Diffusion_3,V5-A Spatial,0.000803,0.999197,0.000803,0.999197,REAL,False
DEF_SD3_027,DEF_SD3_027_0b22fdecfa1c.jpg,AI,SD3,Defactify_SD3,Stable_Diffusion_3,V5-B Frequency,4.7e-05,0.999953,4.7e-05,0.999953,REAL,False
DEF_SD3_027,DEF_SD3_027_0b22fdecfa1c.jpg,AI,SD3,Defactify_SD3,Stable_Diffusion_3,V5-C Hybrid,0.000576,0.999424,0.000576,0.999424,REAL,False
DEF_SD3_027,DEF_SD3_027_0b22fdecfa1c.jpg,AI,SD3,Defactify_SD3,Stable_Diffusion_3,V5-D Gated Residual,0.004047,0.995953,0.075551,0.924449,REAL,False
DEF_SD3_028,DEF_SD3_028_d56ad724abe8.jpg,AI,SD3,Defactify_SD3,Stable_Diffusion_3,V5-A Spatial,0.78691,0.21309,0.78691,0.21309,AI,True
DEF_SD3_028,DEF_SD3_028_d56ad724abe8.jpg,AI,SD3,Defactify_SD3,Stable_Diffusion_3,V5-B Frequency,0.521137,0.478863,0.521137,0.478863,AI,True
DEF_SD3_028,DEF_SD3_028_d56ad724abe8.jpg,AI,SD3,Defactify_SD3,Stable_Diffusion_3,V5-C Hybrid,0.842115,0.157885,0.842115,0.157885,AI,True
DEF_SD3_028,DEF_SD3_028_d56ad724abe8.jpg,AI,SD3,Defactify_SD3,Stable_Diffusion_3,V5-D Gated Residual,0.000325,0.999675,0.025266,0.974734,REAL,False
DEF_SD3_029,DEF_SD3_029_30a29a210f48.jpg,AI,SD3,Defactify_SD3,Stable_Diffusion_3,V5-A Spatial,0.999975,2.5e-05,0.999975,2.5e-05,AI,True
DEF_SD3_029,DEF_SD3_029_30a29a210f48.jpg,AI,SD3,Defactify_SD3,Stable_Diffusion_3,V5-B Frequency,0.0,1.0,0.0,1.0,REAL,False
DEF_SD3_029,DEF_SD3_029_30a29a210f48.jpg,AI,SD3,Defactify_SD3,Stable_Diffusion_3,V5-C Hybrid,0.999992,8e-06,0.999992,8e-06,AI,True
DEF_SD3_029,DEF_SD3_029_30a29a210f48.jpg,AI,SD3,Defactify_SD3,Stable_Diffusion_3,V5-D Gated Residual,0.999736,0.000264,0.976975,0.023025,AI,True
DEF_SD3_030,DEF_SD3_030_9f99623c719d.jpg,AI,SD3,Defactify_SD3,Stable_Diffusion_3,V5-A Spatial,1.0,0.0,1.0,0.0,AI,True
DEF_SD3_030,DEF_SD3_030_9f99623c719d.jpg,AI,SD3,Defactify_SD3,Stable_Diffusion_3,V5-B Frequency,0.202639,0.797361,0.202639,0.797361,REAL,False
DEF_SD3_030,DEF_SD3_030_9f99623c719d.jpg,AI,SD3,Defactify_SD3,Stable_Diffusion_3,V5-C Hybrid,0.999988,1.2e-05,0.999988,1.2e-05,AI,True
DEF_SD3_030,DEF_SD3_030_9f99623c719d.jpg,AI,SD3,Defactify_SD3,Stable_Diffusion_3,V5-D Gated Residual,0.999999,1e-06,0.998012,0.001988,AI,True
DEF_SD3_031,DEF_SD3_031_1adfb73588e2.jpg,AI,SD3,Defactify_SD3,Stable_Diffusion_3,V5-A Spatial,0.898852,0.101148,0.898852,0.101148,AI,True
DEF_SD3_031,DEF_SD3_031_1adfb73588e2.jpg,AI,SD3,Defactify_SD3,Stable_Diffusion_3,V5-B Frequency,0.002007,0.997993,0.002007,0.997993,REAL,False
DEF_SD3_031,DEF_SD3_031_1adfb73588e2.jpg,AI,SD3,Defactify_SD3,Stable_Diffusion_3,V5-C Hybrid,0.237274,0.762726,0.237274,0.762726,REAL,False
DEF_SD3_031,DEF_SD3_031_1adfb73588e2.jpg,AI,SD3,Defactify_SD3,Stable_Diffusion_3,V5-D Gated Residual,0.322763,0.677237,0.416511,0.583489,REAL,False
DEF_SD3_032,DEF_SD3_032_3ce6eb674a74.jpg,AI,SD3,Defactify_SD3,Stable_Diffusion_3,V5-A Spatial,0.999998,2e-06,0.999998,2e-06,AI,True
DEF_SD3_032,DEF_SD3_032_3ce6eb674a74.jpg,AI,SD3,Defactify_SD3,Stable_Diffusion_3,V5-B Frequency,1e-05,0.99999,1e-05,0.99999,REAL,False
DEF_SD3_032,DEF_SD3_032_3ce6eb674a74.jpg,AI,SD3,Defactify_SD3,Stable_Diffusion_3,V5-C Hybrid,0.049299,0.950701,0.049299,0.950701,REAL,False
DEF_SD3_032,DEF_SD3_032_3ce6eb674a74.jpg,AI,SD3,Defactify_SD3,Stable_Diffusion_3,V5-D Gated Residual,0.000893,0.999107,0.039426,0.960574,REAL,False
DEF_SD3_033,DEF_SD3_033_8aa6e25c3015.jpg,AI,SD3,Defactify_SD3,Stable_Diffusion_3,V5-A Spatial,0.999929,7.1e-05,0.999929,7.1e-05,AI,True
DEF_SD3_033,DEF_SD3_033_8aa6e25c3015.jpg,AI,SD3,Defactify_SD3,Stable_Diffusion_3,V5-B Frequency,0.000284,0.999716,0.000284,0.999716,REAL,False
DEF_SD3_033,DEF_SD3_033_8aa6e25c3015.jpg,AI,SD3,Defactify_SD3,Stable_Diffusion_3,V5-C Hybrid,0.401941,0.598059,0.401941,0.598059,REAL,False
DEF_SD3_033,DEF_SD3_033_8aa6e25c3015.jpg,AI,SD3,Defactify_SD3,Stable_Diffusion_3,V5-D Gated Residual,0.001443,0.998557,0.048586,0.951414,REAL,False
DEF_SD3_034,DEF_SD3_034_da4ade688f45.jpg,AI,SD3,Defactify_SD3,Stable_Diffusion_3,V5-A Spatial,0.041089,0.958911,0.041089,0.958911,REAL,False
DEF_SD3_034,DEF_SD3_034_da4ade688f45.jpg,AI,SD3,Defactify_SD3,Stable_Diffusion_3,V5-B Frequency,0.756827,0.243173,0.756827,0.243173,AI,True
DEF_SD3_034,DEF_SD3_034_da4ade688f45.jpg,AI,SD3,Defactify_SD3,Stable_Diffusion_3,V5-C Hybrid,0.001024,0.998976,0.001024,0.998976,REAL,False
DEF_SD3_034,DEF_SD3_034_da4ade688f45.jpg,AI,SD3,Defactify_SD3,Stable_Diffusion_3,V5-D Gated Residual,0.001296,0.998704,0.046364,0.953636,REAL,False
DEF_SD3_035,DEF_SD3_035_9eff1eef067f.jpg,AI,SD3,Defactify_SD3,Stable_Diffusion_3,V5-A Spatial,1.0,0.0,1.0,0.0,AI,True
DEF_SD3_035,DEF_SD3_035_9eff1eef067f.jpg,AI,SD3,Defactify_SD3,Stable_Diffusion_3,V5-B Frequency,0.002011,0.997989,0.002011,0.997989,REAL,False
DEF_SD3_035,DEF_SD3_035_9eff1eef067f.jpg,AI,SD3,Defactify_SD3,Stable_Diffusion_3,V5-C Hybrid,1.0,0.0,1.0,0.0,AI,True
DEF_SD3_035,DEF_SD3_035_9eff1eef067f.jpg,AI,SD3,Defactify_SD3,Stable_Diffusion_3,V5-D Gated Residual,0.999944,5.6e-05,0.988455,0.011545,AI,True
DEF_SD3_036,DEF_SD3_036_d1572433eacd.jpg,AI,SD3,Defactify_SD3,Stable_Diffusion_3,V5-A Spatial,0.969543,0.030457,0.969543,0.030457,AI,True
DEF_SD3_036,DEF_SD3_036_d1572433eacd.jpg,AI,SD3,Defactify_SD3,Stable_Diffusion_3,V5-B Frequency,0.263698,0.736302,0.263698,0.736302,REAL,False
DEF_SD3_036,DEF_SD3_036_d1572433eacd.jpg,AI,SD3,Defactify_SD3,Stable_Diffusion_3,V5-C Hybrid,0.999909,9.1e-05,0.999909,9.1e-05,AI,True
DEF_SD3_036,DEF_SD3_036_d1572433eacd.jpg,AI,SD3,Defactify_SD3,Stable_Diffusion_3,V5-D Gated Residual,0.999957,4.3e-05,0.989761,0.010239,AI,True
DEF_SD3_037,DEF_SD3_037_2b617e049bbd.jpg,AI,SD3,Defactify_SD3,Stable_Diffusion_3,V5-A Spatial,0.999999,1e-06,0.999999,1e-06,AI,True
DEF_SD3_037,DEF_SD3_037_2b617e049bbd.jpg,AI,SD3,Defactify_SD3,Stable_Diffusion_3,V5-B Frequency,4e-06,0.999996,4e-06,0.999996,REAL,False
DEF_SD3_037,DEF_SD3_037_2b617e049bbd.jpg,AI,SD3,Defactify_SD3,Stable_Diffusion_3,V5-C Hybrid,0.087412,0.912588,0.087412,0.912588,REAL,False
DEF_SD3_037,DEF_SD3_037_2b617e049bbd.jpg,AI,SD3,Defactify_SD3,Stable_Diffusion_3,V5-D Gated Residual,0.000479,0.999521,0.029993,0.970007,REAL,False
DEF_SD3_038,DEF_SD3_038_a3a7e6d68988.jpg,AI,SD3,Defactify_SD3,Stable_Diffusion_3,V5-A Spatial,0.969742,0.030258,0.969742,0.030258,AI,True
DEF_SD3_038,DEF_SD3_038_a3a7e6d68988.jpg,AI,SD3,Defactify_SD3,Stable_Diffusion_3,V5-B Frequency,5.7e-05,0.999943,5.7e-05,0.999943,REAL,False
DEF_SD3_038,DEF_SD3_038_a3a7e6d68988.jpg,AI,SD3,Defactify_SD3,Stable_Diffusion_3,V5-C Hybrid,0.012064,0.987936,0.012064,0.987936,REAL,False
DEF_SD3_038,DEF_SD3_038_a3a7e6d68988.jpg,AI,SD3,Defactify_SD3,Stable_Diffusion_3,V5-D Gated Residual,0.260134,0.739866,0.383322,0.616678,REAL,False
DEF_SD3_039,DEF_SD3_039_e757599cb7d3.jpg,AI,SD3,Defactify_SD3,Stable_Diffusion_3,V5-A Spatial,0.028458,0.971542,0.028458,0.971542,REAL,False
DEF_SD3_039,DEF_SD3_039_e757599cb7d3.jpg,AI,SD3,Defactify_SD3,Stable_Diffusion_3,V5-B Frequency,2.1e-05,0.999979,2.1e-05,0.999979,REAL,False
DEF_SD3_039,DEF_SD3_039_e757599cb7d3.jpg,AI,SD3,Defactify_SD3,Stable_Diffusion_3,V5-C Hybrid,0.005481,0.994519,0.005481,0.994519,REAL,False
DEF_SD3_039,DEF_SD3_039_e757599cb7d3.jpg,AI,SD3,Defactify_SD3,Stable_Diffusion_3,V5-D Gated Residual,0.012831,0.987169,0.121795,0.878205,REAL,False
DEF_SD3_040,DEF_SD3_040_1acbc84bdd6e.jpg,AI,SD3,Defactify_SD3,Stable_Diffusion_3,V5-A Spatial,0.999544,0.000456,0.999544,0.000456,AI,True
DEF_SD3_040,DEF_SD3_040_1acbc84bdd6e.jpg,AI,SD3,Defactify_SD3,Stable_Diffusion_3,V5-B Frequency,1.8e-05,0.999982,1.8e-05,0.999982,REAL,False
DEF_SD3_040,DEF_SD3_040_1acbc84bdd6e.jpg,AI,SD3,Defactify_SD3,Stable_Diffusion_3,V5-C Hybrid,0.275736,0.724264,0.275736,0.724264,REAL,False
DEF_SD3_040,DEF_SD3_040_1acbc84bdd6e.jpg,AI,SD3,Defactify_SD3,Stable_Diffusion_3,V5-D Gated Residual,0.62736,0.37264,0.558962,0.441038,AI,True
DEF_SD3_041,DEF_SD3_041_ba5dc6e9167e.jpg,AI,SD3,Defactify_SD3,Stable_Diffusion_3,V5-A Spatial,1.0,0.0,1.0,0.0,AI,True
DEF_SD3_041,DEF_SD3_041_ba5dc6e9167e.jpg,AI,SD3,Defactify_SD3,Stable_Diffusion_3,V5-B Frequency,0.000288,0.999713,0.000288,0.999713,REAL,False
DEF_SD3_041,DEF_SD3_041_ba5dc6e9167e.jpg,AI,SD3,Defactify_SD3,Stable_Diffusion_3,V5-C Hybrid,0.999142,0.000858,0.999142,0.000858,AI,True
DEF_SD3_041,DEF_SD3_041_ba5dc6e9167e.jpg,AI,SD3,Defactify_SD3,Stable_Diffusion_3,V5-D Gated Residual,0.999984,1.6e-05,0.993517,0.006483,AI,True
DEF_SD3_042,DEF_SD3_042_f184e70f7744.jpg,AI,SD3,Defactify_SD3,Stable_Diffusion_3,V5-A Spatial,0.999961,3.9e-05,0.999961,3.9e-05,AI,True
DEF_SD3_042,DEF_SD3_042_f184e70f7744.jpg,AI,SD3,Defactify_SD3,Stable_Diffusion_3,V5-B Frequency,0.000431,0.999569,0.000431,0.999569,REAL,False
DEF_SD3_042,DEF_SD3_042_f184e70f7744.jpg,AI,SD3,Defactify_SD3,Stable_Diffusion_3,V5-C Hybrid,0.949402,0.050598,0.949402,0.050598,AI,True
DEF_SD3_042,DEF_SD3_042_f184e70f7744.jpg,AI,SD3,Defactify_SD3,Stable_Diffusion_3,V5-D Gated Residual,0.993129,0.006871,0.905714,0.094286,AI,True
DEF_SD3_043,DEF_SD3_043_5526a3dea9b7.jpg,AI,SD3,Defactify_SD3,Stable_Diffusion_3,V5-A Spatial,0.999514,0.000486,0.999514,0.000486,AI,True
DEF_SD3_043,DEF_SD3_043_5526a3dea9b7.jpg,AI,SD3,Defactify_SD3,Stable_Diffusion_3,V5-B Frequency,0.001629,0.998371,0.001629,0.998371,REAL,False
DEF_SD3_043,DEF_SD3_043_5526a3dea9b7.jpg,AI,SD3,Defactify_SD3,Stable_Diffusion_3,V5-C Hybrid,0.424756,0.575244,0.424756,0.575244,REAL,False
DEF_SD3_043,DEF_SD3_043_5526a3dea9b7.jpg,AI,SD3,Defactify_SD3,Stable_Diffusion_3,V5-D Gated Residual,0.746853,0.253147,0.620609,0.379391,AI,True
DEF_SD3_044,DEF_SD3_044_4c667b2165d8.jpg,AI,SD3,Defactify_SD3,Stable_Diffusion_3,V5-A Spatial,1.0,0.0,1.0,0.0,AI,True
DEF_SD3_044,DEF_SD3_044_4c667b2165d8.jpg,AI,SD3,Defactify_SD3,Stable_Diffusion_3,V5-B Frequency,0.787386,0.212614,0.787386,0.212614,AI,True
DEF_SD3_044,DEF_SD3_044_4c667b2165d8.jpg,AI,SD3,Defactify_SD3,Stable_Diffusion_3,V5-C Hybrid,1.0,0.0,1.0,0.0,AI,True
DEF_SD3_044,DEF_SD3_044_4c667b2165d8.jpg,AI,SD3,Defactify_SD3,Stable_Diffusion_3,V5-D Gated Residual,0.999999,1e-06,0.99792,0.00208,AI,True
DEF_SD3_045,DEF_SD3_045_e0e2fe513cc7.jpg,AI,SD3,Defactify_SD3,Stable_Diffusion_3,V5-A Spatial,0.999437,0.000563,0.999437,0.000563,AI,True
DEF_SD3_045,DEF_SD3_045_e0e2fe513cc7.jpg,AI,SD3,Defactify_SD3,Stable_Diffusion_3,V5-B Frequency,0.605417,0.394583,0.605417,0.394583,AI,True
DEF_SD3_045,DEF_SD3_045_e0e2fe513cc7.jpg,AI,SD3,Defactify_SD3,Stable_Diffusion_3,V5-C Hybrid,0.689535,0.310465,0.689535,0.310465,AI,True
DEF_SD3_045,DEF_SD3_045_e0e2fe513cc7.jpg,AI,SD3,Defactify_SD3,Stable_Diffusion_3,V5-D Gated Residual,0.153433,0.846567,0.314989,0.685011,REAL,False
DEF_SD3_046,DEF_SD3_046_a37751056b86.jpg,AI,SD3,Defactify_SD3,Stable_Diffusion_3,V5-A Spatial,1.0,0.0,1.0,0.0,AI,True
DEF_SD3_046,DEF_SD3_046_a37751056b86.jpg,AI,SD3,Defactify_SD3,Stable_Diffusion_3,V5-B Frequency,0.002074,0.997926,0.002074,0.997926,REAL,False
DEF_SD3_046,DEF_SD3_046_a37751056b86.jpg,AI,SD3,Defactify_SD3,Stable_Diffusion_3,V5-C Hybrid,0.999978,2.2e-05,0.999978,2.2e-05,AI,True
DEF_SD3_046,DEF_SD3_046_a37751056b86.jpg,AI,SD3,Defactify_SD3,Stable_Diffusion_3,V5-D Gated Residual,0.813854,0.186146,0.66174,0.33826,AI,True
DEF_SD3_047,DEF_SD3_047_b9f4e113828f.jpg,AI,SD3,Defactify_SD3,Stable_Diffusion_3,V5-A Spatial,0.883483,0.116517,0.883483,0.116517,AI,True
DEF_SD3_047,DEF_SD3_047_b9f4e113828f.jpg,AI,SD3,Defactify_SD3,Stable_Diffusion_3,V5-B Frequency,2e-06,0.999997,2e-06,0.999997,REAL,False
DEF_SD3_047,DEF_SD3_047_b9f4e113828f.jpg,AI,SD3,Defactify_SD3,Stable_Diffusion_3,V5-C Hybrid,0.749431,0.250569,0.749431,0.250569,AI,True
DEF_SD3_047,DEF_SD3_047_b9f4e113828f.jpg,AI,SD3,Defactify_SD3,Stable_Diffusion_3,V5-D Gated Residual,0.997603,0.002397,0.939541,0.060459,AI,True
DEF_SD3_048,DEF_SD3_048_cefd4b3305ef.jpg,AI,SD3,Defactify_SD3,Stable_Diffusion_3,V5-A Spatial,0.956619,0.043381,0.956619,0.043381,AI,True
DEF_SD3_048,DEF_SD3_048_cefd4b3305ef.jpg,AI,SD3,Defactify_SD3,Stable_Diffusion_3,V5-B Frequency,0.018374,0.981626,0.018374,0.981626,REAL,False
DEF_SD3_048,DEF_SD3_048_cefd4b3305ef.jpg,AI,SD3,Defactify_SD3,Stable_Diffusion_3,V5-C Hybrid,0.079408,0.920592,0.079408,0.920592,REAL,False
DEF_SD3_048,DEF_SD3_048_cefd4b3305ef.jpg,AI,SD3,Defactify_SD3,Stable_Diffusion_3,V5-D Gated Residual,0.001305,0.998695,0.046505,0.953496,REAL,False
DEF_SD3_049,DEF_SD3_049_49915abaeebf.jpg,AI,SD3,Defactify_SD3,Stable_Diffusion_3,V5-A Spatial,0.999967,3.3e-05,0.999967,3.3e-05,AI,True
DEF_SD3_049,DEF_SD3_049_49915abaeebf.jpg,AI,SD3,Defactify_SD3,Stable_Diffusion_3,V5-B Frequency,3.3e-05,0.999967,3.3e-05,0.999967,REAL,False
DEF_SD3_049,DEF_SD3_049_49915abaeebf.jpg,AI,SD3,Defactify_SD3,Stable_Diffusion_3,V5-C Hybrid,0.985131,0.014869,0.985131,0.014869,AI,True
DEF_SD3_049,DEF_SD3_049_49915abaeebf.jpg,AI,SD3,Defactify_SD3,Stable_Diffusion_3,V5-D Gated Residual,0.999239,0.000761,0.963238,0.036762,AI,True
DEF_SD3_050,DEF_SD3_050_97db20695f50.jpg,AI,SD3,Defactify_SD3,Stable_Diffusion_3,V5-A Spatial,0.999975,2.5e-05,0.999975,2.5e-05,AI,True
DEF_SD3_050,DEF_SD3_050_97db20695f50.jpg,AI,SD3,Defactify_SD3,Stable_Diffusion_3,V5-B Frequency,0.941506,0.058494,0.941506,0.058494,AI,True
DEF_SD3_050,DEF_SD3_050_97db20695f50.jpg,AI,SD3,Defactify_SD3,Stable_Diffusion_3,V5-C Hybrid,0.314839,0.685161,0.314839,0.685161,REAL,False
DEF_SD3_050,DEF_SD3_050_97db20695f50.jpg,AI,SD3,Defactify_SD3,Stable_Diffusion_3,V5-D Gated Residual,0.996119,0.003881,0.925774,0.074226,AI,True
DEF_SD3_051,DEF_SD3_051_6139d11ded0c.jpg,AI,SD3,Defactify_SD3,Stable_Diffusion_3,V5-A Spatial,0.778774,0.221226,0.778774,0.221226,AI,True
DEF_SD3_051,DEF_SD3_051_6139d11ded0c.jpg,AI,SD3,Defactify_SD3,Stable_Diffusion_3,V5-B Frequency,1e-06,0.999999,1e-06,0.999999,REAL,False
DEF_SD3_051,DEF_SD3_051_6139d11ded0c.jpg,AI,SD3,Defactify_SD3,Stable_Diffusion_3,V5-C Hybrid,0.000143,0.999857,0.000143,0.999857,REAL,False
DEF_SD3_051,DEF_SD3_051_6139d11ded0c.jpg,AI,SD3,Defactify_SD3,Stable_Diffusion_3,V5-D Gated Residual,0.000161,0.999839,0.018456,0.981544,REAL,False
DEF_SD3_052,DEF_SD3_052_eaf4c9076adf.jpg,AI,SD3,Defactify_SD3,Stable_Diffusion_3,V5-A Spatial,0.956679,0.043321,0.956679,0.043321,AI,True
DEF_SD3_052,DEF_SD3_052_eaf4c9076adf.jpg,AI,SD3,Defactify_SD3,Stable_Diffusion_3,V5-B Frequency,0.000513,0.999487,0.000513,0.999487,REAL,False
DEF_SD3_052,DEF_SD3_052_eaf4c9076adf.jpg,AI,SD3,Defactify_SD3,Stable_Diffusion_3,V5-C Hybrid,0.588011,0.411989,0.588011,0.411989,AI,True
DEF_SD3_052,DEF_SD3_052_eaf4c9076adf.jpg,AI,SD3,Defactify_SD3,Stable_Diffusion_3,V5-D Gated Residual,0.001667,0.998333,0.051707,0.948293,REAL,False
DEF_SD3_053,DEF_SD3_053_4f98ba2b72e2.jpg,AI,SD3,Defactify_SD3,Stable_Diffusion_3,V5-A Spatial,0.803033,0.196967,0.803033,0.196967,AI,True
DEF_SD3_053,DEF_SD3_053_4f98ba2b72e2.jpg,AI,SD3,Defactify_SD3,Stable_Diffusion_3,V5-B Frequency,0.000136,0.999864,0.000136,0.999864,REAL,False
DEF_SD3_053,DEF_SD3_053_4f98ba2b72e2.jpg,AI,SD3,Defactify_SD3,Stable_Diffusion_3,V5-C Hybrid,0.042761,0.957239,0.042761,0.957239,REAL,False
DEF_SD3_053,DEF_SD3_053_4f98ba2b72e2.jpg,AI,SD3,Defactify_SD3,Stable_Diffusion_3,V5-D Gated Residual,0.062718,0.937282,0.226156,0.773844,REAL,False
DEF_SD3_054,DEF_SD3_054_e9dd07a67c93.jpg,AI,SD3,Defactify_SD3,Stable_Diffusion_3,V5-A Spatial,0.980384,0.019616,0.980384,0.019616,AI,True
DEF_SD3_054,DEF_SD3_054_e9dd07a67c93.jpg,AI,SD3,Defactify_SD3,Stable_Diffusion_3,V5-B Frequency,5.3e-05,0.999947,5.3e-05,0.999947,REAL,False
DEF_SD3_054,DEF_SD3_054_e9dd07a67c93.jpg,AI,SD3,Defactify_SD3,Stable_Diffusion_3,V5-C Hybrid,0.000606,0.999394,0.000606,0.999394,REAL,False
DEF_SD3_054,DEF_SD3_054_e9dd07a67c93.jpg,AI,SD3,Defactify_SD3,Stable_Diffusion_3,V5-D Gated Residual,0.0021,0.9979,0.057117,0.942883,REAL,False
DEF_SD3_055,DEF_SD3_055_4767898dd438.jpg,AI,SD3,Defactify_SD3,Stable_Diffusion_3,V5-A Spatial,0.999109,0.000891,0.999109,0.000891,AI,True
DEF_SD3_055,DEF_SD3_055_4767898dd438.jpg,AI,SD3,Defactify_SD3,Stable_Diffusion_3,V5-B Frequency,0.000263,0.999737,0.000263,0.999737,REAL,False
DEF_SD3_055,DEF_SD3_055_4767898dd438.jpg,AI,SD3,Defactify_SD3,Stable_Diffusion_3,V5-C Hybrid,0.001148,0.998852,0.001148,0.998852,REAL,False
DEF_SD3_055,DEF_SD3_055_4767898dd438.jpg,AI,SD3,Defactify_SD3,Stable_Diffusion_3,V5-D Gated Residual,0.006611,0.993389,0.092791,0.907209,REAL,False
DEF_SD3_056,DEF_SD3_056_7f3008af7160.jpg,AI,SD3,Defactify_SD3,Stable_Diffusion_3,V5-A Spatial,0.999997,3e-06,0.999997,3e-06,AI,True
DEF_SD3_056,DEF_SD3_056_7f3008af7160.jpg,AI,SD3,Defactify_SD3,Stable_Diffusion_3,V5-B Frequency,0.148723,0.851277,0.148723,0.851277,REAL,False
DEF_SD3_056,DEF_SD3_056_7f3008af7160.jpg,AI,SD3,Defactify_SD3,Stable_Diffusion_3,V5-C Hybrid,0.999994,6e-06,0.999994,6e-06,AI,True
DEF_SD3_056,DEF_SD3_056_7f3008af7160.jpg,AI,SD3,Defactify_SD3,Stable_Diffusion_3,V5-D Gated Residual,0.999954,4.6e-05,0.989502,0.010498,AI,True
DEF_SD3_057,DEF_SD3_057_48dbcb0223b9.jpg,AI,SD3,Defactify_SD3,Stable_Diffusion_3,V5-A Spatial,0.999997,3e-06,0.999997,3e-06,AI,True
DEF_SD3_057,DEF_SD3_057_48dbcb0223b9.jpg,AI,SD3,Defactify_SD3,Stable_Diffusion_3,V5-B Frequency,0.155981,0.844019,0.155981,0.844019,REAL,False
DEF_SD3_057,DEF_SD3_057_48dbcb0223b9.jpg,AI,SD3,Defactify_SD3,Stable_Diffusion_3,V5-C Hybrid,0.999999,1e-06,0.999999,1e-06,AI,True
DEF_SD3_057,DEF_SD3_057_48dbcb0223b9.jpg,AI,SD3,Defactify_SD3,Stable_Diffusion_3,V5-D Gated Residual,0.999849,0.000151,0.982031,0.017969,AI,True
DEF_SD3_058,DEF_SD3_058_fcfa0e8cbd64.jpg,AI,SD3,Defactify_SD3,Stable_Diffusion_3,V5-A Spatial,1.0,0.0,1.0,0.0,AI,True
DEF_SD3_058,DEF_SD3_058_fcfa0e8cbd64.jpg,AI,SD3,Defactify_SD3,Stable_Diffusion_3,V5-B Frequency,8e-06,0.999992,8e-06,0.999992,REAL,False
DEF_SD3_058,DEF_SD3_058_fcfa0e8cbd64.jpg,AI,SD3,Defactify_SD3,Stable_Diffusion_3,V5-C Hybrid,0.652819,0.347181,0.652819,0.347181,AI,True
DEF_SD3_058,DEF_SD3_058_fcfa0e8cbd64.jpg,AI,SD3,Defactify_SD3,Stable_Diffusion_3,V5-D Gated Residual,0.473075,0.526925,0.487743,0.512257,REAL,False
DEF_SD3_059,DEF_SD3_059_0f7e5d33d9cf.jpg,AI,SD3,Defactify_SD3,Stable_Diffusion_3,V5-A Spatial,0.999551,0.000449,0.999551,0.000449,AI,True
DEF_SD3_059,DEF_SD3_059_0f7e5d33d9cf.jpg,AI,SD3,Defactify_SD3,Stable_Diffusion_3,V5-B Frequency,0.000503,0.999497,0.000503,0.999497,REAL,False
DEF_SD3_059,DEF_SD3_059_0f7e5d33d9cf.jpg,AI,SD3,Defactify_SD3,Stable_Diffusion_3,V5-C Hybrid,0.000258,0.999742,0.000258,0.999742,REAL,False
DEF_SD3_059,DEF_SD3_059_0f7e5d33d9cf.jpg,AI,SD3,Defactify_SD3,Stable_Diffusion_3,V5-D Gated Residual,0.002645,0.997355,0.063056,0.936944,REAL,False
DEF_SD3_060,DEF_SD3_060_91b3cb2dfdc5.jpg,AI,SD3,Defactify_SD3,Stable_Diffusion_3,V5-A Spatial,0.996621,0.003379,0.996621,0.003379,AI,True
DEF_SD3_060,DEF_SD3_060_91b3cb2dfdc5.jpg,AI,SD3,Defactify_SD3,Stable_Diffusion_3,V5-B Frequency,1.5e-05,0.999985,1.5e-05,0.999985,REAL,False
DEF_SD3_060,DEF_SD3_060_91b3cb2dfdc5.jpg,AI,SD3,Defactify_SD3,Stable_Diffusion_3,V5-C Hybrid,0.000152,0.999848,0.000152,0.999848,REAL,False
DEF_SD3_060,DEF_SD3_060_91b3cb2dfdc5.jpg,AI,SD3,Defactify_SD3,Stable_Diffusion_3,V5-D Gated Residual,0.000631,0.999369,0.033859,0.966141,REAL,False
DEF_SD3_061,DEF_SD3_061_6413bf5a44cc.jpg,AI,SD3,Defactify_SD3,Stable_Diffusion_3,V5-A Spatial,0.311705,0.688294,0.311705,0.688294,REAL,False
DEF_SD3_061,DEF_SD3_061_6413bf5a44cc.jpg,AI,SD3,Defactify_SD3,Stable_Diffusion_3,V5-B Frequency,0.130125,0.869875,0.130125,0.869875,REAL,False
DEF_SD3_061,DEF_SD3_061_6413bf5a44cc.jpg,AI,SD3,Defactify_SD3,Stable_Diffusion_3,V5-C Hybrid,0.002991,0.997009,0.002991,0.997009,REAL,False
DEF_SD3_061,DEF_SD3_061_6413bf5a44cc.jpg,AI,SD3,Defactify_SD3,Stable_Diffusion_3,V5-D Gated Residual,0.016467,0.983533,0.13466,0.86534,REAL,False
DEF_SD3_062,DEF_SD3_062_c89047d7d0d2.jpg,AI,SD3,Defactify_SD3,Stable_Diffusion_3,V5-A Spatial,0.9999,0.0001,0.9999,0.0001,AI,True
DEF_SD3_062,DEF_SD3_062_c89047d7d0d2.jpg,AI,SD3,Defactify_SD3,Stable_Diffusion_3,V5-B Frequency,0.012625,0.987375,0.012625,0.987375,REAL,False
DEF_SD3_062,DEF_SD3_062_c89047d7d0d2.jpg,AI,SD3,Defactify_SD3,Stable_Diffusion_3,V5-C Hybrid,0.981255,0.018745,0.981255,0.018745,AI,True
DEF_SD3_062,DEF_SD3_062_c89047d7d0d2.jpg,AI,SD3,Defactify_SD3,Stable_Diffusion_3,V5-D Gated Residual,0.905181,0.094819,0.736195,0.263805,AI,True
DEF_SD3_063,DEF_SD3_063_9c7176c333d3.jpg,AI,SD3,Defactify_SD3,Stable_Diffusion_3,V5-A Spatial,0.006831,0.993169,0.006831,0.993169,REAL,False
DEF_SD3_063,DEF_SD3_063_9c7176c333d3.jpg,AI,SD3,Defactify_SD3,Stable_Diffusion_3,V5-B Frequency,0.00629,0.99371,0.00629,0.99371,REAL,False
DEF_SD3_063,DEF_SD3_063_9c7176c333d3.jpg,AI,SD3,Defactify_SD3,Stable_Diffusion_3,V5-C Hybrid,0.163651,0.836349,0.163651,0.836349,REAL,False
DEF_SD3_063,DEF_SD3_063_9c7176c333d3.jpg,AI,SD3,Defactify_SD3,Stable_Diffusion_3,V5-D Gated Residual,0.990019,0.009981,0.890033,0.109967,AI,True
DEF_SD3_064,DEF_SD3_064_8a18b5a5568f.jpg,AI,SD3,Defactify_SD3,Stable_Diffusion_3,V5-A Spatial,1.0,0.0,1.0,0.0,AI,True
DEF_SD3_064,DEF_SD3_064_8a18b5a5568f.jpg,AI,SD3,Defactify_SD3,Stable_Diffusion_3,V5-B Frequency,0.014065,0.985935,0.014065,0.985935,REAL,False
DEF_SD3_064,DEF_SD3_064_8a18b5a5568f.jpg,AI,SD3,Defactify_SD3,Stable_Diffusion_3,V5-C Hybrid,1.0,1e-06,1.0,1e-06,AI,True
DEF_SD3_064,DEF_SD3_064_8a18b5a5568f.jpg,AI,SD3,Defactify_SD3,Stable_Diffusion_3,V5-D Gated Residual,0.99998,2e-05,0.992776,0.007224,AI,True
DEF_SD3_065,DEF_SD3_065_3d7028763d28.jpg,AI,SD3,Defactify_SD3,Stable_Diffusion_3,V5-A Spatial,0.995007,0.004993,0.995007,0.004993,AI,True
DEF_SD3_065,DEF_SD3_065_3d7028763d28.jpg,AI,SD3,Defactify_SD3,Stable_Diffusion_3,V5-B Frequency,6.6e-05,0.999934,6.6e-05,0.999934,REAL,False
DEF_SD3_065,DEF_SD3_065_3d7028763d28.jpg,AI,SD3,Defactify_SD3,Stable_Diffusion_3,V5-C Hybrid,0.038399,0.961601,0.038399,0.961601,REAL,False
DEF_SD3_065,DEF_SD3_065_3d7028763d28.jpg,AI,SD3,Defactify_SD3,Stable_Diffusion_3,V5-D Gated Residual,0.347285,0.652715,0.428732,0.571268,REAL,False
DEF_SD3_066,DEF_SD3_066_d1bee2eb6d26.jpg,AI,SD3,Defactify_SD3,Stable_Diffusion_3,V5-A Spatial,1.0,0.0,1.0,0.0,AI,True
DEF_SD3_066,DEF_SD3_066_d1bee2eb6d26.jpg,AI,SD3,Defactify_SD3,Stable_Diffusion_3,V5-B Frequency,4.9e-05,0.999951,4.9e-05,0.999951,REAL,False
DEF_SD3_066,DEF_SD3_066_d1bee2eb6d26.jpg,AI,SD3,Defactify_SD3,Stable_Diffusion_3,V5-C Hybrid,0.999997,3e-06,0.999997,3e-06,AI,True
DEF_SD3_066,DEF_SD3_066_d1bee2eb6d26.jpg,AI,SD3,Defactify_SD3,Stable_Diffusion_3,V5-D Gated Residual,0.999933,6.7e-05,0.987537,0.012463,AI,True
DEF_SD3_067,DEF_SD3_067_33c72f258dae.jpg,AI,SD3,Defactify_SD3,Stable_Diffusion_3,V5-A Spatial,1.0,0.0,1.0,0.0,AI,True
DEF_SD3_067,DEF_SD3_067_33c72f258dae.jpg,AI,SD3,Defactify_SD3,Stable_Diffusion_3,V5-B Frequency,0.746755,0.253246,0.746755,0.253246,AI,True
DEF_SD3_067,DEF_SD3_067_33c72f258dae.jpg,AI,SD3,Defactify_SD3,Stable_Diffusion_3,V5-C Hybrid,0.999854,0.000146,0.999854,0.000146,AI,True
DEF_SD3_067,DEF_SD3_067_33c72f258dae.jpg,AI,SD3,Defactify_SD3,Stable_Diffusion_3,V5-D Gated Residual,0.79167,0.20833,0.647319,0.352681,AI,True
DEF_SD3_068,DEF_SD3_068_497a54684909.jpg,AI,SD3,Defactify_SD3,Stable_Diffusion_3,V5-A Spatial,0.999999,1e-06,0.999999,1e-06,AI,True
DEF_SD3_068,DEF_SD3_068_497a54684909.jpg,AI,SD3,Defactify_SD3,Stable_Diffusion_3,V5-B Frequency,0.898002,0.101998,0.898002,0.101998,AI,True
DEF_SD3_068,DEF_SD3_068_497a54684909.jpg,AI,SD3,Defactify_SD3,Stable_Diffusion_3,V5-C Hybrid,0.995697,0.004303,0.995697,0.004303,AI,True
DEF_SD3_068,DEF_SD3_068_497a54684909.jpg,AI,SD3,Defactify_SD3,Stable_Diffusion_3,V5-D Gated Residual,0.211151,0.788849,0.354451,0.645549,REAL,False
DEF_SD3_069,DEF_SD3_069_efd55cf43836.jpg,AI,SD3,Defactify_SD3,Stable_Diffusion_3,V5-A Spatial,0.256178,0.743822,0.256178,0.743822,REAL,False
DEF_SD3_069,DEF_SD3_069_efd55cf43836.jpg,AI,SD3,Defactify_SD3,Stable_Diffusion_3,V5-B Frequency,0.00017,0.99983,0.00017,0.99983,REAL,False
DEF_SD3_069,DEF_SD3_069_efd55cf43836.jpg,AI,SD3,Defactify_SD3,Stable_Diffusion_3,V5-C Hybrid,0.00989,0.99011,0.00989,0.99011,REAL,False
DEF_SD3_069,DEF_SD3_069_efd55cf43836.jpg,AI,SD3,Defactify_SD3,Stable_Diffusion_3,V5-D Gated Residual,0.034529,0.965471,0.180181,0.819819,REAL,False
DEF_SD3_070,DEF_SD3_070_4110d0ba8967.jpg,AI,SD3,Defactify_SD3,Stable_Diffusion_3,V5-A Spatial,0.998151,0.001849,0.998151,0.001849,AI,True
DEF_SD3_070,DEF_SD3_070_4110d0ba8967.jpg,AI,SD3,Defactify_SD3,Stable_Diffusion_3,V5-B Frequency,1e-05,0.99999,1e-05,0.99999,REAL,False
DEF_SD3_070,DEF_SD3_070_4110d0ba8967.jpg,AI,SD3,Defactify_SD3,Stable_Diffusion_3,V5-C Hybrid,0.45786,0.54214,0.45786,0.54214,REAL,False
DEF_SD3_070,DEF_SD3_070_4110d0ba8967.jpg,AI,SD3,Defactify_SD3,Stable_Diffusion_3,V5-D Gated Residual,0.001169,0.998831,0.044342,0.955658,REAL,False
DEF_SD3_071,DEF_SD3_071_a95d37f18515.jpg,AI,SD3,Defactify_SD3,Stable_Diffusion_3,V5-A Spatial,0.684384,0.315616,0.684384,0.315616,AI,True
DEF_SD3_071,DEF_SD3_071_a95d37f18515.jpg,AI,SD3,Defactify_SD3,Stable_Diffusion_3,V5-B Frequency,2.1e-05,0.999979,2.1e-05,0.999979,REAL,False
DEF_SD3_071,DEF_SD3_071_a95d37f18515.jpg,AI,SD3,Defactify_SD3,Stable_Diffusion_3,V5-C Hybrid,0.999517,0.000483,0.999517,0.000483,AI,True
DEF_SD3_071,DEF_SD3_071_a95d37f18515.jpg,AI,SD3,Defactify_SD3,Stable_Diffusion_3,V5-D Gated Residual,0.022632,0.977368,0.152794,0.847206,REAL,False
DEF_SD3_072,DEF_SD3_072_d6840386aef4.jpg,AI,SD3,Defactify_SD3,Stable_Diffusion_3,V5-A Spatial,1.0,0.0,1.0,0.0,AI,True
DEF_SD3_072,DEF_SD3_072_d6840386aef4.jpg,AI,SD3,Defactify_SD3,Stable_Diffusion_3,V5-B Frequency,0.98791,0.01209,0.98791,0.01209,AI,True
DEF_SD3_072,DEF_SD3_072_d6840386aef4.jpg,AI,SD3,Defactify_SD3,Stable_Diffusion_3,V5-C Hybrid,1.0,0.0,1.0,0.0,AI,True
DEF_SD3_072,DEF_SD3_072_d6840386aef4.jpg,AI,SD3,Defactify_SD3,Stable_Diffusion_3,V5-D Gated Residual,1.0,0.0,0.999632,0.000368,AI,True
DEF_SD3_073,DEF_SD3_073_bfa92a7f6224.jpg,AI,SD3,Defactify_SD3,Stable_Diffusion_3,V5-A Spatial,0.999945,5.5e-05,0.999945,5.5e-05,AI,True
DEF_SD3_073,DEF_SD3_073_bfa92a7f6224.jpg,AI,SD3,Defactify_SD3,Stable_Diffusion_3,V5-B Frequency,6.6e-05,0.999934,6.6e-05,0.999934,REAL,False
DEF_SD3_073,DEF_SD3_073_bfa92a7f6224.jpg,AI,SD3,Defactify_SD3,Stable_Diffusion_3,V5-C Hybrid,0.980292,0.019708,0.980292,0.019708,AI,True
DEF_SD3_073,DEF_SD3_073_bfa92a7f6224.jpg,AI,SD3,Defactify_SD3,Stable_Diffusion_3,V5-D Gated Residual,0.001527,0.998473,0.049782,0.950218,REAL,False
DEF_SD3_074,DEF_SD3_074_97059b672275.jpg,AI,SD3,Defactify_SD3,Stable_Diffusion_3,V5-A Spatial,1.0,0.0,1.0,0.0,AI,True
DEF_SD3_074,DEF_SD3_074_97059b672275.jpg,AI,SD3,Defactify_SD3,Stable_Diffusion_3,V5-B Frequency,0.00057,0.99943,0.00057,0.99943,REAL,False
DEF_SD3_074,DEF_SD3_074_97059b672275.jpg,AI,SD3,Defactify_SD3,Stable_Diffusion_3,V5-C Hybrid,0.999889,0.000111,0.999889,0.000111,AI,True
DEF_SD3_074,DEF_SD3_074_97059b672275.jpg,AI,SD3,Defactify_SD3,Stable_Diffusion_3,V5-D Gated Residual,0.999876,0.000124,0.983554,0.016446,AI,True
DEF_SD3_075,DEF_SD3_075_47b2987ec4f7.jpg,AI,SD3,Defactify_SD3,Stable_Diffusion_3,V5-A Spatial,0.75975,0.24025,0.75975,0.24025,AI,True
DEF_SD3_075,DEF_SD3_075_47b2987ec4f7.jpg,AI,SD3,Defactify_SD3,Stable_Diffusion_3,V5-B Frequency,0.004664,0.995336,0.004664,0.995336,REAL,False
DEF_SD3_075,DEF_SD3_075_47b2987ec4f7.jpg,AI,SD3,Defactify_SD3,Stable_Diffusion_3,V5-C Hybrid,0.054251,0.945749,0.054251,0.945749,REAL,False
DEF_SD3_075,DEF_SD3_075_47b2987ec4f7.jpg,AI,SD3,Defactify_SD3,Stable_Diffusion_3,V5-D Gated Residual,0.001934,0.998066,0.055128,0.944872,REAL,False
DEF_SD3_076,DEF_SD3_076_02f8a8c0b1cb.jpg,AI,SD3,Defactify_SD3,Stable_Diffusion_3,V5-A Spatial,0.999999,1e-06,0.999999,1e-06,AI,True
DEF_SD3_076,DEF_SD3_076_02f8a8c0b1cb.jpg,AI,SD3,Defactify_SD3,Stable_Diffusion_3,V5-B Frequency,0.143371,0.856629,0.143371,0.856629,REAL,False
DEF_SD3_076,DEF_SD3_076_02f8a8c0b1cb.jpg,AI,SD3,Defactify_SD3,Stable_Diffusion_3,V5-C Hybrid,0.997412,0.002588,0.997412,0.002588,AI,True
DEF_SD3_076,DEF_SD3_076_02f8a8c0b1cb.jpg,AI,SD3,Defactify_SD3,Stable_Diffusion_3,V5-D Gated Residual,0.998197,0.001803,0.946503,0.053497,AI,True
DEF_SD3_077,DEF_SD3_077_74bd2e6605b7.jpg,AI,SD3,Defactify_SD3,Stable_Diffusion_3,V5-A Spatial,0.999962,3.8e-05,0.999962,3.8e-05,AI,True
DEF_SD3_077,DEF_SD3_077_74bd2e6605b7.jpg,AI,SD3,Defactify_SD3,Stable_Diffusion_3,V5-B Frequency,0.973312,0.026688,0.973312,0.026688,AI,True
DEF_SD3_077,DEF_SD3_077_74bd2e6605b7.jpg,AI,SD3,Defactify_SD3,Stable_Diffusion_3,V5-C Hybrid,0.999865,0.000135,0.999865,0.000135,AI,True
DEF_SD3_077,DEF_SD3_077_74bd2e6605b7.jpg,AI,SD3,Defactify_SD3,Stable_Diffusion_3,V5-D Gated Residual,0.99998,2e-05,0.9928,0.0072,AI,True
DEF_SD3_078,DEF_SD3_078_7030f73de9cd.jpg,AI,SD3,Defactify_SD3,Stable_Diffusion_3,V5-A Spatial,0.999845,0.000155,0.999845,0.000155,AI,True
DEF_SD3_078,DEF_SD3_078_7030f73de9cd.jpg,AI,SD3,Defactify_SD3,Stable_Diffusion_3,V5-B Frequency,1e-06,0.999999,1e-06,0.999999,REAL,False
DEF_SD3_078,DEF_SD3_078_7030f73de9cd.jpg,AI,SD3,Defactify_SD3,Stable_Diffusion_3,V5-C Hybrid,0.999999,1e-06,0.999999,1e-06,AI,True
DEF_SD3_078,DEF_SD3_078_7030f73de9cd.jpg,AI,SD3,Defactify_SD3,Stable_Diffusion_3,V5-D Gated Residual,0.999947,5.3e-05,0.988737,0.011263,AI,True
DEF_SD3_079,DEF_SD3_079_dc9b8925bcc6.jpg,AI,SD3,Defactify_SD3,Stable_Diffusion_3,V5-A Spatial,0.963182,0.036818,0.963182,0.036818,AI,True
DEF_SD3_079,DEF_SD3_079_dc9b8925bcc6.jpg,AI,SD3,Defactify_SD3,Stable_Diffusion_3,V5-B Frequency,0.05885,0.94115,0.05885,0.94115,REAL,False
DEF_SD3_079,DEF_SD3_079_dc9b8925bcc6.jpg,AI,SD3,Defactify_SD3,Stable_Diffusion_3,V5-C Hybrid,0.999982,1.8e-05,0.999982,1.8e-05,AI,True
DEF_SD3_079,DEF_SD3_079_dc9b8925bcc6.jpg,AI,SD3,Defactify_SD3,Stable_Diffusion_3,V5-D Gated Residual,0.987595,0.012405,0.879856,0.120144,AI,True
DEF_SD3_080,DEF_SD3_080_e8062dc53f52.jpg,AI,SD3,Defactify_SD3,Stable_Diffusion_3,V5-A Spatial,0.994797,0.005203,0.994797,0.005203,AI,True
DEF_SD3_080,DEF_SD3_080_e8062dc53f52.jpg,AI,SD3,Defactify_SD3,Stable_Diffusion_3,V5-B Frequency,0.137338,0.862661,0.137338,0.862661,REAL,False
DEF_SD3_080,DEF_SD3_080_e8062dc53f52.jpg,AI,SD3,Defactify_SD3,Stable_Diffusion_3,V5-C Hybrid,0.039883,0.960117,0.039883,0.960117,REAL,False
DEF_SD3_080,DEF_SD3_080_e8062dc53f52.jpg,AI,SD3,Defactify_SD3,Stable_Diffusion_3,V5-D Gated Residual,5.6e-05,0.999944,0.011542,0.988458,REAL,False
DEF_SD3_081,DEF_SD3_081_4edee890b8a3.jpg,AI,SD3,Defactify_SD3,Stable_Diffusion_3,V5-A Spatial,0.979334,0.020666,0.979334,0.020666,AI,True
DEF_SD3_081,DEF_SD3_081_4edee890b8a3.jpg,AI,SD3,Defactify_SD3,Stable_Diffusion_3,V5-B Frequency,1.5e-05,0.999985,1.5e-05,0.999985,REAL,False
DEF_SD3_081,DEF_SD3_081_4edee890b8a3.jpg,AI,SD3,Defactify_SD3,Stable_Diffusion_3,V5-C Hybrid,0.000285,0.999715,0.000285,0.999715,REAL,False
DEF_SD3_081,DEF_SD3_081_4edee890b8a3.jpg,AI,SD3,Defactify_SD3,Stable_Diffusion_3,V5-D Gated Residual,0.457971,0.542029,0.480846,0.519154,REAL,False
DEF_SD3_082,DEF_SD3_082_9f364eef8378.jpg,AI,SD3,Defactify_SD3,Stable_Diffusion_3,V5-A Spatial,0.985652,0.014348,0.985652,0.014348,AI,True
DEF_SD3_082,DEF_SD3_082_9f364eef8378.jpg,AI,SD3,Defactify_SD3,Stable_Diffusion_3,V5-B Frequency,0.000567,0.999433,0.000567,0.999433,REAL,False
DEF_SD3_082,DEF_SD3_082_9f364eef8378.jpg,AI,SD3,Defactify_SD3,Stable_Diffusion_3,V5-C Hybrid,0.914515,0.085485,0.914515,0.085485,AI,True
DEF_SD3_082,DEF_SD3_082_9f364eef8378.jpg,AI,SD3,Defactify_SD3,Stable_Diffusion_3,V5-D Gated Residual,0.996926,0.003074,0.932762,0.067238,AI,True
DEF_SD3_083,DEF_SD3_083_0734aa718637.jpg,AI,SD3,Defactify_SD3,Stable_Diffusion_3,V5-A Spatial,1.0,0.0,1.0,0.0,AI,True
DEF_SD3_083,DEF_SD3_083_0734aa718637.jpg,AI,SD3,Defactify_SD3,Stable_Diffusion_3,V5-B Frequency,0.89869,0.10131,0.89869,0.10131,AI,True
DEF_SD3_083,DEF_SD3_083_0734aa718637.jpg,AI,SD3,Defactify_SD3,Stable_Diffusion_3,V5-C Hybrid,1.0,0.0,1.0,0.0,AI,True
DEF_SD3_083,DEF_SD3_083_0734aa718637.jpg,AI,SD3,Defactify_SD3,Stable_Diffusion_3,V5-D Gated Residual,1.0,0.0,0.998869,0.001131,AI,True
DEF_SD3_084,DEF_SD3_084_9a92585d92ed.jpg,AI,SD3,Defactify_SD3,Stable_Diffusion_3,V5-A Spatial,0.999994,6e-06,0.999994,6e-06,AI,True
DEF_SD3_084,DEF_SD3_084_9a92585d92ed.jpg,AI,SD3,Defactify_SD3,Stable_Diffusion_3,V5-B Frequency,0.001134,0.998866,0.001134,0.998866,REAL,False
DEF_SD3_084,DEF_SD3_084_9a92585d92ed.jpg,AI,SD3,Defactify_SD3,Stable_Diffusion_3,V5-C Hybrid,0.989419,0.010581,0.989419,0.010581,AI,True
DEF_SD3_084,DEF_SD3_084_9a92585d92ed.jpg,AI,SD3,Defactify_SD3,Stable_Diffusion_3,V5-D Gated Residual,0.996771,0.003229,0.931345,0.068655,AI,True
DEF_SD3_085,DEF_SD3_085_d4e8b81c0e64.jpg,AI,SD3,Defactify_SD3,Stable_Diffusion_3,V5-A Spatial,1.0,0.0,1.0,0.0,AI,True
DEF_SD3_085,DEF_SD3_085_d4e8b81c0e64.jpg,AI,SD3,Defactify_SD3,Stable_Diffusion_3,V5-B Frequency,0.002232,0.997768,0.002232,0.997768,REAL,False
DEF_SD3_085,DEF_SD3_085_d4e8b81c0e64.jpg,AI,SD3,Defactify_SD3,Stable_Diffusion_3,V5-C Hybrid,0.99977,0.00023,0.99977,0.00023,AI,True
DEF_SD3_085,DEF_SD3_085_d4e8b81c0e64.jpg,AI,SD3,Defactify_SD3,Stable_Diffusion_3,V5-D Gated Residual,0.999999,1e-06,0.998293,0.001707,AI,True
DEF_SD3_086,DEF_SD3_086_221c5562fa72.jpg,AI,SD3,Defactify_SD3,Stable_Diffusion_3,V5-A Spatial,1.0,0.0,1.0,0.0,AI,True
DEF_SD3_086,DEF_SD3_086_221c5562fa72.jpg,AI,SD3,Defactify_SD3,Stable_Diffusion_3,V5-B Frequency,0.003129,0.996871,0.003129,0.996871,REAL,False
DEF_SD3_086,DEF_SD3_086_221c5562fa72.jpg,AI,SD3,Defactify_SD3,Stable_Diffusion_3,V5-C Hybrid,1.0,0.0,1.0,0.0,AI,True
DEF_SD3_086,DEF_SD3_086_221c5562fa72.jpg,AI,SD3,Defactify_SD3,Stable_Diffusion_3,V5-D Gated Residual,0.999836,0.000164,0.981355,0.018645,AI,True
DEF_SD3_087,DEF_SD3_087_955b2785fb1f.jpg,AI,SD3,Defactify_SD3,Stable_Diffusion_3,V5-A Spatial,0.837279,0.162721,0.837279,0.162721,AI,True
DEF_SD3_087,DEF_SD3_087_955b2785fb1f.jpg,AI,SD3,Defactify_SD3,Stable_Diffusion_3,V5-B Frequency,2.4e-05,0.999976,2.4e-05,0.999976,REAL,False
DEF_SD3_087,DEF_SD3_087_955b2785fb1f.jpg,AI,SD3,Defactify_SD3,Stable_Diffusion_3,V5-C Hybrid,1.1e-05,0.999989,1.1e-05,0.999989,REAL,False
DEF_SD3_087,DEF_SD3_087_955b2785fb1f.jpg,AI,SD3,Defactify_SD3,Stable_Diffusion_3,V5-D Gated Residual,0.03319,0.96681,0.177447,0.822553,REAL,False
DEF_SD3_088,DEF_SD3_088_e2cc23d50df2.jpg,AI,SD3,Defactify_SD3,Stable_Diffusion_3,V5-A Spatial,0.999768,0.000232,0.999768,0.000232,AI,True
DEF_SD3_088,DEF_SD3_088_e2cc23d50df2.jpg,AI,SD3,Defactify_SD3,Stable_Diffusion_3,V5-B Frequency,0.019264,0.980736,0.019264,0.980736,REAL,False
DEF_SD3_088,DEF_SD3_088_e2cc23d50df2.jpg,AI,SD3,Defactify_SD3,Stable_Diffusion_3,V5-C Hybrid,0.926359,0.073641,0.926359,0.073641,AI,True
DEF_SD3_088,DEF_SD3_088_e2cc23d50df2.jpg,AI,SD3,Defactify_SD3,Stable_Diffusion_3,V5-D Gated Residual,0.589466,0.410534,0.541046,0.458954,AI,True
DEF_SD3_089,DEF_SD3_089_3d7e79c36e11.jpg,AI,SD3,Defactify_SD3,Stable_Diffusion_3,V5-A Spatial,0.760132,0.239868,0.760132,0.239868,AI,True
DEF_SD3_089,DEF_SD3_089_3d7e79c36e11.jpg,AI,SD3,Defactify_SD3,Stable_Diffusion_3,V5-B Frequency,0.00096,0.99904,0.00096,0.99904,REAL,False
DEF_SD3_089,DEF_SD3_089_3d7e79c36e11.jpg,AI,SD3,Defactify_SD3,Stable_Diffusion_3,V5-C Hybrid,0.984157,0.015843,0.984157,0.015843,AI,True
DEF_SD3_089,DEF_SD3_089_3d7e79c36e11.jpg,AI,SD3,Defactify_SD3,Stable_Diffusion_3,V5-D Gated Residual,0.997453,0.002547,0.937948,0.062052,AI,True
DEF_SD3_090,DEF_SD3_090_efc1fc9caae6.jpg,AI,SD3,Defactify_SD3,Stable_Diffusion_3,V5-A Spatial,1.0,0.0,1.0,0.0,AI,True
DEF_SD3_090,DEF_SD3_090_efc1fc9caae6.jpg,AI,SD3,Defactify_SD3,Stable_Diffusion_3,V5-B Frequency,6.7e-05,0.999933,6.7e-05,0.999933,REAL,False
DEF_SD3_090,DEF_SD3_090_efc1fc9caae6.jpg,AI,SD3,Defactify_SD3,Stable_Diffusion_3,V5-C Hybrid,0.644524,0.355476,0.644524,0.355476,AI,True
DEF_SD3_090,DEF_SD3_090_efc1fc9caae6.jpg,AI,SD3,Defactify_SD3,Stable_Diffusion_3,V5-D Gated Residual,0.999936,6.4e-05,0.987815,0.012185,AI,True
DEF_SD3_091,DEF_SD3_091_3844561c5995.jpg,AI,SD3,Defactify_SD3,Stable_Diffusion_3,V5-A Spatial,0.999998,2e-06,0.999998,2e-06,AI,True
DEF_SD3_091,DEF_SD3_091_3844561c5995.jpg,AI,SD3,Defactify_SD3,Stable_Diffusion_3,V5-B Frequency,0.522246,0.477754,0.522246,0.477754,AI,True
DEF_SD3_091,DEF_SD3_091_3844561c5995.jpg,AI,SD3,Defactify_SD3,Stable_Diffusion_3,V5-C Hybrid,0.99999,1e-05,0.99999,1e-05,AI,True
DEF_SD3_091,DEF_SD3_091_3844561c5995.jpg,AI,SD3,Defactify_SD3,Stable_Diffusion_3,V5-D Gated Residual,0.995995,0.004005,0.924784,0.075216,AI,True
DEF_SD3_092,DEF_SD3_092_9ae678ec07a1.jpg,AI,SD3,Defactify_SD3,Stable_Diffusion_3,V5-A Spatial,0.995047,0.004953,0.995047,0.004953,AI,True
DEF_SD3_092,DEF_SD3_092_9ae678ec07a1.jpg,AI,SD3,Defactify_SD3,Stable_Diffusion_3,V5-B Frequency,9e-06,0.999991,9e-06,0.999991,REAL,False
DEF_SD3_092,DEF_SD3_092_9ae678ec07a1.jpg,AI,SD3,Defactify_SD3,Stable_Diffusion_3,V5-C Hybrid,0.00036,0.99964,0.00036,0.99964,REAL,False
DEF_SD3_092,DEF_SD3_092_9ae678ec07a1.jpg,AI,SD3,Defactify_SD3,Stable_Diffusion_3,V5-D Gated Residual,0.003272,0.996728,0.069042,0.930957,REAL,False
DEF_SD3_093,DEF_SD3_093_508f37180b22.jpg,AI,SD3,Defactify_SD3,Stable_Diffusion_3,V5-A Spatial,0.999904,9.6e-05,0.999904,9.6e-05,AI,True
DEF_SD3_093,DEF_SD3_093_508f37180b22.jpg,AI,SD3,Defactify_SD3,Stable_Diffusion_3,V5-B Frequency,0.022636,0.977364,0.022636,0.977364,REAL,False
DEF_SD3_093,DEF_SD3_093_508f37180b22.jpg,AI,SD3,Defactify_SD3,Stable_Diffusion_3,V5-C Hybrid,0.743388,0.256612,0.743388,0.256612,AI,True
DEF_SD3_093,DEF_SD3_093_508f37180b22.jpg,AI,SD3,Defactify_SD3,Stable_Diffusion_3,V5-D Gated Residual,0.883621,0.116379,0.715474,0.284526,AI,True
DEF_SD3_094,DEF_SD3_094_cd245ec31143.jpg,AI,SD3,Defactify_SD3,Stable_Diffusion_3,V5-A Spatial,0.645769,0.354231,0.645769,0.354231,AI,True
DEF_SD3_094,DEF_SD3_094_cd245ec31143.jpg,AI,SD3,Defactify_SD3,Stable_Diffusion_3,V5-B Frequency,0.017503,0.982497,0.017503,0.982497,REAL,False
DEF_SD3_094,DEF_SD3_094_cd245ec31143.jpg,AI,SD3,Defactify_SD3,Stable_Diffusion_3,V5-C Hybrid,0.115089,0.884911,0.115089,0.884911,REAL,False
DEF_SD3_094,DEF_SD3_094_cd245ec31143.jpg,AI,SD3,Defactify_SD3,Stable_Diffusion_3,V5-D Gated Residual,0.120292,0.879708,0.288012,0.711988,REAL,False
DEF_SD3_095,DEF_SD3_095_763a9757181d.jpg,AI,SD3,Defactify_SD3,Stable_Diffusion_3,V5-A Spatial,0.999782,0.000218,0.999782,0.000218,AI,True
DEF_SD3_095,DEF_SD3_095_763a9757181d.jpg,AI,SD3,Defactify_SD3,Stable_Diffusion_3,V5-B Frequency,0.900748,0.099252,0.900748,0.099252,AI,True
DEF_SD3_095,DEF_SD3_095_763a9757181d.jpg,AI,SD3,Defactify_SD3,Stable_Diffusion_3,V5-C Hybrid,0.975185,0.024815,0.975185,0.024815,AI,True
DEF_SD3_095,DEF_SD3_095_763a9757181d.jpg,AI,SD3,Defactify_SD3,Stable_Diffusion_3,V5-D Gated Residual,0.998904,0.001096,0.956899,0.043101,AI,True
DEF_SD3_096,DEF_SD3_096_13d6818cc5bf.jpg,AI,SD3,Defactify_SD3,Stable_Diffusion_3,V5-A Spatial,0.624795,0.375205,0.624795,0.375205,AI,True
DEF_SD3_096,DEF_SD3_096_13d6818cc5bf.jpg,AI,SD3,Defactify_SD3,Stable_Diffusion_3,V5-B Frequency,0.0,1.0,0.0,1.0,REAL,False
DEF_SD3_096,DEF_SD3_096_13d6818cc5bf.jpg,AI,SD3,Defactify_SD3,Stable_Diffusion_3,V5-C Hybrid,0.01008,0.98992,0.01008,0.98992,REAL,False
DEF_SD3_096,DEF_SD3_096_13d6818cc5bf.jpg,AI,SD3,Defactify_SD3,Stable_Diffusion_3,V5-D Gated Residual,0.000105,0.999894,0.015289,0.984711,REAL,False
DEF_SD3_097,DEF_SD3_097_b84c7fb1673c.jpg,AI,SD3,Defactify_SD3,Stable_Diffusion_3,V5-A Spatial,0.921854,0.078146,0.921854,0.078146,AI,True
DEF_SD3_097,DEF_SD3_097_b84c7fb1673c.jpg,AI,SD3,Defactify_SD3,Stable_Diffusion_3,V5-B Frequency,0.013059,0.986941,0.013059,0.986941,REAL,False
DEF_SD3_097,DEF_SD3_097_b84c7fb1673c.jpg,AI,SD3,Defactify_SD3,Stable_Diffusion_3,V5-C Hybrid,0.005925,0.994075,0.005925,0.994075,REAL,False
DEF_SD3_097,DEF_SD3_097_b84c7fb1673c.jpg,AI,SD3,Defactify_SD3,Stable_Diffusion_3,V5-D Gated Residual,0.044469,0.955531,0.198558,0.801442,REAL,False
DEF_SD3_098,DEF_SD3_098_b90a3233c880.jpg,AI,SD3,Defactify_SD3,Stable_Diffusion_3,V5-A Spatial,0.999641,0.000359,0.999641,0.000359,AI,True
DEF_SD3_098,DEF_SD3_098_b90a3233c880.jpg,AI,SD3,Defactify_SD3,Stable_Diffusion_3,V5-B Frequency,0.626793,0.373207,0.626793,0.373207,AI,True
DEF_SD3_098,DEF_SD3_098_b90a3233c880.jpg,AI,SD3,Defactify_SD3,Stable_Diffusion_3,V5-C Hybrid,0.934628,0.065372,0.934628,0.065372,AI,True
DEF_SD3_098,DEF_SD3_098_b90a3233c880.jpg,AI,SD3,Defactify_SD3,Stable_Diffusion_3,V5-D Gated Residual,0.999608,0.000392,0.972565,0.027435,AI,True
DEF_SD3_099,DEF_SD3_099_f054e42bcb9e.jpg,AI,SD3,Defactify_SD3,Stable_Diffusion_3,V5-A Spatial,1.0,0.0,1.0,0.0,AI,True
DEF_SD3_099,DEF_SD3_099_f054e42bcb9e.jpg,AI,SD3,Defactify_SD3,Stable_Diffusion_3,V5-B Frequency,1.6e-05,0.999984,1.6e-05,0.999984,REAL,False
DEF_SD3_099,DEF_SD3_099_f054e42bcb9e.jpg,AI,SD3,Defactify_SD3,Stable_Diffusion_3,V5-C Hybrid,0.999954,4.6e-05,0.999954,4.6e-05,AI,True
DEF_SD3_099,DEF_SD3_099_f054e42bcb9e.jpg,AI,SD3,Defactify_SD3,Stable_Diffusion_3,V5-D Gated Residual,0.999965,3.5e-05,0.990667,0.009333,AI,True
DEF_SD3_100,DEF_SD3_100_cf8537678c8f.jpg,AI,SD3,Defactify_SD3,Stable_Diffusion_3,V5-A Spatial,0.992065,0.007935,0.992065,0.007935,AI,True
DEF_SD3_100,DEF_SD3_100_cf8537678c8f.jpg,AI,SD3,Defactify_SD3,Stable_Diffusion_3,V5-B Frequency,0.034635,0.965365,0.034635,0.965365,REAL,False
DEF_SD3_100,DEF_SD3_100_cf8537678c8f.jpg,AI,SD3,Defactify_SD3,Stable_Diffusion_3,V5-C Hybrid,0.977947,0.022053,0.977947,0.022053,AI,True
DEF_SD3_100,DEF_SD3_100_cf8537678c8f.jpg,AI,SD3,Defactify_SD3,Stable_Diffusion_3,V5-D Gated Residual,0.999848,0.000152,0.982012,0.017988,AI,True
DEF_MIDJOURNEY_V6_001,DEF_MIDJOURNEY_V6_001_c7c0a2a15ab9.jpg,AI,MIDJOURNEY_V6,Defactify_Midjourney_v6,Midjourney_v6,V5-A Spatial,0.99936,0.00064,0.99936,0.00064,AI,True
DEF_MIDJOURNEY_V6_001,DEF_MIDJOURNEY_V6_001_c7c0a2a15ab9.jpg,AI,MIDJOURNEY_V6,Defactify_Midjourney_v6,Midjourney_v6,V5-B Frequency,0.969064,0.030936,0.969064,0.030936,AI,True
DEF_MIDJOURNEY_V6_001,DEF_MIDJOURNEY_V6_001_c7c0a2a15ab9.jpg,AI,MIDJOURNEY_V6,Defactify_Midjourney_v6,Midjourney_v6,V5-C Hybrid,0.964184,0.035816,0.964184,0.035816,AI,True
DEF_MIDJOURNEY_V6_001,DEF_MIDJOURNEY_V6_001_c7c0a2a15ab9.jpg,AI,MIDJOURNEY_V6,Defactify_Midjourney_v6,Midjourney_v6,V5-D Gated Residual,0.998331,0.001669,0.948267,0.051733,AI,True
DEF_MIDJOURNEY_V6_002,DEF_MIDJOURNEY_V6_002_add96b61aa7f.jpg,AI,MIDJOURNEY_V6,Defactify_Midjourney_v6,Midjourney_v6,V5-A Spatial,0.999931,6.9e-05,0.999931,6.9e-05,AI,True
DEF_MIDJOURNEY_V6_002,DEF_MIDJOURNEY_V6_002_add96b61aa7f.jpg,AI,MIDJOURNEY_V6,Defactify_Midjourney_v6,Midjourney_v6,V5-B Frequency,0.649526,0.350474,0.649526,0.350474,AI,True
DEF_MIDJOURNEY_V6_002,DEF_MIDJOURNEY_V6_002_add96b61aa7f.jpg,AI,MIDJOURNEY_V6,Defactify_Midjourney_v6,Midjourney_v6,V5-C Hybrid,0.999969,3.1e-05,0.999969,3.1e-05,AI,True
DEF_MIDJOURNEY_V6_002,DEF_MIDJOURNEY_V6_002_add96b61aa7f.jpg,AI,MIDJOURNEY_V6,Defactify_Midjourney_v6,Midjourney_v6,V5-D Gated Residual,0.998132,0.001868,0.945687,0.054313,AI,True
DEF_MIDJOURNEY_V6_003,DEF_MIDJOURNEY_V6_003_0d320729e955.jpg,AI,MIDJOURNEY_V6,Defactify_Midjourney_v6,Midjourney_v6,V5-A Spatial,0.996351,0.003649,0.996351,0.003649,AI,True
DEF_MIDJOURNEY_V6_003,DEF_MIDJOURNEY_V6_003_0d320729e955.jpg,AI,MIDJOURNEY_V6,Defactify_Midjourney_v6,Midjourney_v6,V5-B Frequency,0.281506,0.718494,0.281506,0.718494,REAL,False
DEF_MIDJOURNEY_V6_003,DEF_MIDJOURNEY_V6_003_0d320729e955.jpg,AI,MIDJOURNEY_V6,Defactify_Midjourney_v6,Midjourney_v6,V5-C Hybrid,0.057866,0.942134,0.057866,0.942134,REAL,False
DEF_MIDJOURNEY_V6_003,DEF_MIDJOURNEY_V6_003_0d320729e955.jpg,AI,MIDJOURNEY_V6,Defactify_Midjourney_v6,Midjourney_v6,V5-D Gated Residual,0.071233,0.928767,0.237202,0.762798,REAL,False
DEF_MIDJOURNEY_V6_004,DEF_MIDJOURNEY_V6_004_97ef3ebb620f.jpg,AI,MIDJOURNEY_V6,Defactify_Midjourney_v6,Midjourney_v6,V5-A Spatial,0.999653,0.000347,0.999653,0.000347,AI,True
DEF_MIDJOURNEY_V6_004,DEF_MIDJOURNEY_V6_004_97ef3ebb620f.jpg,AI,MIDJOURNEY_V6,Defactify_Midjourney_v6,Midjourney_v6,V5-B Frequency,0.999919,8.1e-05,0.999919,8.1e-05,AI,True
DEF_MIDJOURNEY_V6_004,DEF_MIDJOURNEY_V6_004_97ef3ebb620f.jpg,AI,MIDJOURNEY_V6,Defactify_Midjourney_v6,Midjourney_v6,V5-C Hybrid,0.999998,2e-06,0.999998,2e-06,AI,True
DEF_MIDJOURNEY_V6_004,DEF_MIDJOURNEY_V6_004_97ef3ebb620f.jpg,AI,MIDJOURNEY_V6,Defactify_Midjourney_v6,Midjourney_v6,V5-D Gated Residual,0.99955,0.00045,0.970823,0.029177,AI,True
DEF_MIDJOURNEY_V6_005,DEF_MIDJOURNEY_V6_005_d158abe0f610.jpg,AI,MIDJOURNEY_V6,Defactify_Midjourney_v6,Midjourney_v6,V5-A Spatial,0.999974,2.6e-05,0.999974,2.6e-05,AI,True
DEF_MIDJOURNEY_V6_005,DEF_MIDJOURNEY_V6_005_d158abe0f610.jpg,AI,MIDJOURNEY_V6,Defactify_Midjourney_v6,Midjourney_v6,V5-B Frequency,0.109193,0.890807,0.109193,0.890807,REAL,False
DEF_MIDJOURNEY_V6_005,DEF_MIDJOURNEY_V6_005_d158abe0f610.jpg,AI,MIDJOURNEY_V6,Defactify_Midjourney_v6,Midjourney_v6,V5-C Hybrid,0.992981,0.007019,0.992981,0.007019,AI,True
DEF_MIDJOURNEY_V6_005,DEF_MIDJOURNEY_V6_005_d158abe0f610.jpg,AI,MIDJOURNEY_V6,Defactify_Midjourney_v6,Midjourney_v6,V5-D Gated Residual,0.167029,0.832971,0.324994,0.675006,REAL,False
DEF_MIDJOURNEY_V6_006,DEF_MIDJOURNEY_V6_006_083abb530afd.jpg,AI,MIDJOURNEY_V6,Defactify_Midjourney_v6,Midjourney_v6,V5-A Spatial,0.980363,0.019637,0.980363,0.019637,AI,True
DEF_MIDJOURNEY_V6_006,DEF_MIDJOURNEY_V6_006_083abb530afd.jpg,AI,MIDJOURNEY_V6,Defactify_Midjourney_v6,Midjourney_v6,V5-B Frequency,0.050144,0.949856,0.050144,0.949856,REAL,False
DEF_MIDJOURNEY_V6_006,DEF_MIDJOURNEY_V6_006_083abb530afd.jpg,AI,MIDJOURNEY_V6,Defactify_Midjourney_v6,Midjourney_v6,V5-C Hybrid,0.945532,0.054468,0.945532,0.054468,AI,True
DEF_MIDJOURNEY_V6_006,DEF_MIDJOURNEY_V6_006_083abb530afd.jpg,AI,MIDJOURNEY_V6,Defactify_Midjourney_v6,Midjourney_v6,V5-D Gated Residual,0.976531,0.023469,0.845004,0.154996,AI,True
DEF_MIDJOURNEY_V6_007,DEF_MIDJOURNEY_V6_007_730822f206a7.jpg,AI,MIDJOURNEY_V6,Defactify_Midjourney_v6,Midjourney_v6,V5-A Spatial,0.441306,0.558694,0.441306,0.558694,REAL,False
DEF_MIDJOURNEY_V6_007,DEF_MIDJOURNEY_V6_007_730822f206a7.jpg,AI,MIDJOURNEY_V6,Defactify_Midjourney_v6,Midjourney_v6,V5-B Frequency,0.080308,0.919691,0.080308,0.919691,REAL,False
DEF_MIDJOURNEY_V6_007,DEF_MIDJOURNEY_V6_007_730822f206a7.jpg,AI,MIDJOURNEY_V6,Defactify_Midjourney_v6,Midjourney_v6,V5-C Hybrid,0.999997,3e-06,0.999997,3e-06,AI,True
DEF_MIDJOURNEY_V6_007,DEF_MIDJOURNEY_V6_007_730822f206a7.jpg,AI,MIDJOURNEY_V6,Defactify_Midjourney_v6,Midjourney_v6,V5-D Gated Residual,0.991131,0.008869,0.895231,0.104769,AI,True
DEF_MIDJOURNEY_V6_008,DEF_MIDJOURNEY_V6_008_6fb65e6caab1.jpg,AI,MIDJOURNEY_V6,Defactify_Midjourney_v6,Midjourney_v6,V5-A Spatial,0.651443,0.348557,0.651443,0.348557,AI,True
DEF_MIDJOURNEY_V6_008,DEF_MIDJOURNEY_V6_008_6fb65e6caab1.jpg,AI,MIDJOURNEY_V6,Defactify_Midjourney_v6,Midjourney_v6,V5-B Frequency,0.004467,0.995533,0.004467,0.995533,REAL,False
DEF_MIDJOURNEY_V6_008,DEF_MIDJOURNEY_V6_008_6fb65e6caab1.jpg,AI,MIDJOURNEY_V6,Defactify_Midjourney_v6,Midjourney_v6,V5-C Hybrid,0.515783,0.484217,0.515783,0.484217,AI,True
DEF_MIDJOURNEY_V6_008,DEF_MIDJOURNEY_V6_008_6fb65e6caab1.jpg,AI,MIDJOURNEY_V6,Defactify_Midjourney_v6,Midjourney_v6,V5-D Gated Residual,0.969231,0.030769,0.827688,0.172312,AI,True
DEF_MIDJOURNEY_V6_009,DEF_MIDJOURNEY_V6_009_9af6740477cc.jpg,AI,MIDJOURNEY_V6,Defactify_Midjourney_v6,Midjourney_v6,V5-A Spatial,0.999034,0.000966,0.999034,0.000966,AI,True
DEF_MIDJOURNEY_V6_009,DEF_MIDJOURNEY_V6_009_9af6740477cc.jpg,AI,MIDJOURNEY_V6,Defactify_Midjourney_v6,Midjourney_v6,V5-B Frequency,0.999851,0.000149,0.999851,0.000149,AI,True
DEF_MIDJOURNEY_V6_009,DEF_MIDJOURNEY_V6_009_9af6740477cc.jpg,AI,MIDJOURNEY_V6,Defactify_Midjourney_v6,Midjourney_v6,V5-C Hybrid,0.876709,0.123291,0.876709,0.123291,AI,True
DEF_MIDJOURNEY_V6_009,DEF_MIDJOURNEY_V6_009_9af6740477cc.jpg,AI,MIDJOURNEY_V6,Defactify_Midjourney_v6,Midjourney_v6,V5-D Gated Residual,0.994271,0.005729,0.912579,0.087421,AI,True
DEF_MIDJOURNEY_V6_010,DEF_MIDJOURNEY_V6_010_879a944042b5.jpg,AI,MIDJOURNEY_V6,Defactify_Midjourney_v6,Midjourney_v6,V5-A Spatial,0.80357,0.19643,0.80357,0.19643,AI,True
DEF_MIDJOURNEY_V6_010,DEF_MIDJOURNEY_V6_010_879a944042b5.jpg,AI,MIDJOURNEY_V6,Defactify_Midjourney_v6,Midjourney_v6,V5-B Frequency,0.007584,0.992416,0.007584,0.992416,REAL,False
DEF_MIDJOURNEY_V6_010,DEF_MIDJOURNEY_V6_010_879a944042b5.jpg,AI,MIDJOURNEY_V6,Defactify_Midjourney_v6,Midjourney_v6,V5-C Hybrid,0.017199,0.982801,0.017199,0.982801,REAL,False
DEF_MIDJOURNEY_V6_010,DEF_MIDJOURNEY_V6_010_879a944042b5.jpg,AI,MIDJOURNEY_V6,Defactify_Midjourney_v6,Midjourney_v6,V5-D Gated Residual,0.641381,0.358619,0.56573,0.43427,AI,True
DEF_MIDJOURNEY_V6_011,DEF_MIDJOURNEY_V6_011_d7ca7f17e17f.jpg,AI,MIDJOURNEY_V6,Defactify_Midjourney_v6,Midjourney_v6,V5-A Spatial,0.998637,0.001363,0.998637,0.001363,AI,True
DEF_MIDJOURNEY_V6_011,DEF_MIDJOURNEY_V6_011_d7ca7f17e17f.jpg,AI,MIDJOURNEY_V6,Defactify_Midjourney_v6,Midjourney_v6,V5-B Frequency,0.735177,0.264823,0.735177,0.264823,AI,True
DEF_MIDJOURNEY_V6_011,DEF_MIDJOURNEY_V6_011_d7ca7f17e17f.jpg,AI,MIDJOURNEY_V6,Defactify_Midjourney_v6,Midjourney_v6,V5-C Hybrid,0.999721,0.000279,0.999721,0.000279,AI,True
DEF_MIDJOURNEY_V6_011,DEF_MIDJOURNEY_V6_011_d7ca7f17e17f.jpg,AI,MIDJOURNEY_V6,Defactify_Midjourney_v6,Midjourney_v6,V5-D Gated Residual,0.999392,0.000608,0.966704,0.033296,AI,True
DEF_MIDJOURNEY_V6_012,DEF_MIDJOURNEY_V6_012_f5ff12e8f65e.jpg,AI,MIDJOURNEY_V6,Defactify_Midjourney_v6,Midjourney_v6,V5-A Spatial,0.970925,0.029075,0.970925,0.029075,AI,True
DEF_MIDJOURNEY_V6_012,DEF_MIDJOURNEY_V6_012_f5ff12e8f65e.jpg,AI,MIDJOURNEY_V6,Defactify_Midjourney_v6,Midjourney_v6,V5-B Frequency,0.033517,0.966483,0.033517,0.966483,REAL,False
DEF_MIDJOURNEY_V6_012,DEF_MIDJOURNEY_V6_012_f5ff12e8f65e.jpg,AI,MIDJOURNEY_V6,Defactify_Midjourney_v6,Midjourney_v6,V5-C Hybrid,0.999999,1e-06,0.999999,1e-06,AI,True
DEF_MIDJOURNEY_V6_012,DEF_MIDJOURNEY_V6_012_f5ff12e8f65e.jpg,AI,MIDJOURNEY_V6,Defactify_Midjourney_v6,Midjourney_v6,V5-D Gated Residual,0.999865,0.000135,0.982947,0.017053,AI,True
DEF_MIDJOURNEY_V6_013,DEF_MIDJOURNEY_V6_013_380cfee4a37b.jpg,AI,MIDJOURNEY_V6,Defactify_Midjourney_v6,Midjourney_v6,V5-A Spatial,0.999429,0.000571,0.999429,0.000571,AI,True
DEF_MIDJOURNEY_V6_013,DEF_MIDJOURNEY_V6_013_380cfee4a37b.jpg,AI,MIDJOURNEY_V6,Defactify_Midjourney_v6,Midjourney_v6,V5-B Frequency,0.020465,0.979535,0.020465,0.979535,REAL,False
DEF_MIDJOURNEY_V6_013,DEF_MIDJOURNEY_V6_013_380cfee4a37b.jpg,AI,MIDJOURNEY_V6,Defactify_Midjourney_v6,Midjourney_v6,V5-C Hybrid,0.999969,3.1e-05,0.999969,3.1e-05,AI,True
DEF_MIDJOURNEY_V6_013,DEF_MIDJOURNEY_V6_013_380cfee4a37b.jpg,AI,MIDJOURNEY_V6,Defactify_Midjourney_v6,Midjourney_v6,V5-D Gated Residual,0.995059,0.004941,0.917833,0.082167,AI,True
DEF_MIDJOURNEY_V6_014,DEF_MIDJOURNEY_V6_014_4ec52b95df46.jpg,AI,MIDJOURNEY_V6,Defactify_Midjourney_v6,Midjourney_v6,V5-A Spatial,0.99999,1.1e-05,0.99999,1.1e-05,AI,True
DEF_MIDJOURNEY_V6_014,DEF_MIDJOURNEY_V6_014_4ec52b95df46.jpg,AI,MIDJOURNEY_V6,Defactify_Midjourney_v6,Midjourney_v6,V5-B Frequency,0.019093,0.980907,0.019093,0.980907,REAL,False
DEF_MIDJOURNEY_V6_014,DEF_MIDJOURNEY_V6_014_4ec52b95df46.jpg,AI,MIDJOURNEY_V6,Defactify_Midjourney_v6,Midjourney_v6,V5-C Hybrid,1.0,0.0,1.0,0.0,AI,True
DEF_MIDJOURNEY_V6_014,DEF_MIDJOURNEY_V6_014_4ec52b95df46.jpg,AI,MIDJOURNEY_V6,Defactify_Midjourney_v6,Midjourney_v6,V5-D Gated Residual,0.991959,0.008041,0.899374,0.100626,AI,True
DEF_MIDJOURNEY_V6_015,DEF_MIDJOURNEY_V6_015_7da3016f2110.jpg,AI,MIDJOURNEY_V6,Defactify_Midjourney_v6,Midjourney_v6,V5-A Spatial,0.999859,0.000141,0.999859,0.000141,AI,True
DEF_MIDJOURNEY_V6_015,DEF_MIDJOURNEY_V6_015_7da3016f2110.jpg,AI,MIDJOURNEY_V6,Defactify_Midjourney_v6,Midjourney_v6,V5-B Frequency,0.190245,0.809755,0.190245,0.809755,REAL,False
DEF_MIDJOURNEY_V6_015,DEF_MIDJOURNEY_V6_015_7da3016f2110.jpg,AI,MIDJOURNEY_V6,Defactify_Midjourney_v6,Midjourney_v6,V5-C Hybrid,0.000561,0.999439,0.000561,0.999439,REAL,False
DEF_MIDJOURNEY_V6_015,DEF_MIDJOURNEY_V6_015_7da3016f2110.jpg,AI,MIDJOURNEY_V6,Defactify_Midjourney_v6,Midjourney_v6,V5-D Gated Residual,0.667463,0.332537,0.578575,0.421425,AI,True
DEF_MIDJOURNEY_V6_016,DEF_MIDJOURNEY_V6_016_2a8d1e173343.jpg,AI,MIDJOURNEY_V6,Defactify_Midjourney_v6,Midjourney_v6,V5-A Spatial,0.99989,0.00011,0.99989,0.00011,AI,True
DEF_MIDJOURNEY_V6_016,DEF_MIDJOURNEY_V6_016_2a8d1e173343.jpg,AI,MIDJOURNEY_V6,Defactify_Midjourney_v6,Midjourney_v6,V5-B Frequency,0.988374,0.011626,0.988374,0.011626,AI,True
DEF_MIDJOURNEY_V6_016,DEF_MIDJOURNEY_V6_016_2a8d1e173343.jpg,AI,MIDJOURNEY_V6,Defactify_Midjourney_v6,Midjourney_v6,V5-C Hybrid,1.0,0.0,1.0,0.0,AI,True
DEF_MIDJOURNEY_V6_016,DEF_MIDJOURNEY_V6_016_2a8d1e173343.jpg,AI,MIDJOURNEY_V6,Defactify_Midjourney_v6,Midjourney_v6,V5-D Gated Residual,0.99901,0.00099,0.958765,0.041235,AI,True
DEF_MIDJOURNEY_V6_017,DEF_MIDJOURNEY_V6_017_7cbca3516256.jpg,AI,MIDJOURNEY_V6,Defactify_Midjourney_v6,Midjourney_v6,V5-A Spatial,0.999627,0.000373,0.999627,0.000373,AI,True
DEF_MIDJOURNEY_V6_017,DEF_MIDJOURNEY_V6_017_7cbca3516256.jpg,AI,MIDJOURNEY_V6,Defactify_Midjourney_v6,Midjourney_v6,V5-B Frequency,0.733503,0.266497,0.733503,0.266497,AI,True
DEF_MIDJOURNEY_V6_017,DEF_MIDJOURNEY_V6_017_7cbca3516256.jpg,AI,MIDJOURNEY_V6,Defactify_Midjourney_v6,Midjourney_v6,V5-C Hybrid,0.999925,7.5e-05,0.999925,7.5e-05,AI,True
DEF_MIDJOURNEY_V6_017,DEF_MIDJOURNEY_V6_017_7cbca3516256.jpg,AI,MIDJOURNEY_V6,Defactify_Midjourney_v6,Midjourney_v6,V5-D Gated Residual,0.998764,0.001236,0.95457,0.04543,AI,True
DEF_MIDJOURNEY_V6_018,DEF_MIDJOURNEY_V6_018_bb36f6975add.jpg,AI,MIDJOURNEY_V6,Defactify_Midjourney_v6,Midjourney_v6,V5-A Spatial,0.999778,0.000222,0.999778,0.000222,AI,True
DEF_MIDJOURNEY_V6_018,DEF_MIDJOURNEY_V6_018_bb36f6975add.jpg,AI,MIDJOURNEY_V6,Defactify_Midjourney_v6,Midjourney_v6,V5-B Frequency,0.00266,0.99734,0.00266,0.99734,REAL,False
DEF_MIDJOURNEY_V6_018,DEF_MIDJOURNEY_V6_018_bb36f6975add.jpg,AI,MIDJOURNEY_V6,Defactify_Midjourney_v6,Midjourney_v6,V5-C Hybrid,0.999154,0.000846,0.999154,0.000846,AI,True
DEF_MIDJOURNEY_V6_018,DEF_MIDJOURNEY_V6_018_bb36f6975add.jpg,AI,MIDJOURNEY_V6,Defactify_Midjourney_v6,Midjourney_v6,V5-D Gated Residual,0.998372,0.001628,0.948821,0.051179,AI,True
DEF_MIDJOURNEY_V6_019,DEF_MIDJOURNEY_V6_019_a42ef1c268a4.jpg,AI,MIDJOURNEY_V6,Defactify_Midjourney_v6,Midjourney_v6,V5-A Spatial,0.003889,0.996111,0.003889,0.996111,REAL,False
DEF_MIDJOURNEY_V6_019,DEF_MIDJOURNEY_V6_019_a42ef1c268a4.jpg,AI,MIDJOURNEY_V6,Defactify_Midjourney_v6,Midjourney_v6,V5-B Frequency,0.976705,0.023295,0.976705,0.023295,AI,True
DEF_MIDJOURNEY_V6_019,DEF_MIDJOURNEY_V6_019_a42ef1c268a4.jpg,AI,MIDJOURNEY_V6,Defactify_Midjourney_v6,Midjourney_v6,V5-C Hybrid,0.918282,0.081718,0.918282,0.081718,AI,True
DEF_MIDJOURNEY_V6_019,DEF_MIDJOURNEY_V6_019_a42ef1c268a4.jpg,AI,MIDJOURNEY_V6,Defactify_Midjourney_v6,Midjourney_v6,V5-D Gated Residual,0.000231,0.999769,0.021715,0.978285,REAL,False
DEF_MIDJOURNEY_V6_020,DEF_MIDJOURNEY_V6_020_e01d28cdd19b.jpg,AI,MIDJOURNEY_V6,Defactify_Midjourney_v6,Midjourney_v6,V5-A Spatial,0.930381,0.069619,0.930381,0.069619,AI,True
DEF_MIDJOURNEY_V6_020,DEF_MIDJOURNEY_V6_020_e01d28cdd19b.jpg,AI,MIDJOURNEY_V6,Defactify_Midjourney_v6,Midjourney_v6,V5-B Frequency,0.001498,0.998502,0.001498,0.998502,REAL,False
DEF_MIDJOURNEY_V6_020,DEF_MIDJOURNEY_V6_020_e01d28cdd19b.jpg,AI,MIDJOURNEY_V6,Defactify_Midjourney_v6,Midjourney_v6,V5-C Hybrid,0.849334,0.150666,0.849334,0.150666,AI,True
DEF_MIDJOURNEY_V6_020,DEF_MIDJOURNEY_V6_020_e01d28cdd19b.jpg,AI,MIDJOURNEY_V6,Defactify_Midjourney_v6,Midjourney_v6,V5-D Gated Residual,0.798089,0.201911,0.651396,0.348604,AI,True
DEF_MIDJOURNEY_V6_021,DEF_MIDJOURNEY_V6_021_94ee6ed99c06.jpg,AI,MIDJOURNEY_V6,Defactify_Midjourney_v6,Midjourney_v6,V5-A Spatial,0.651708,0.348292,0.651708,0.348292,AI,True
DEF_MIDJOURNEY_V6_021,DEF_MIDJOURNEY_V6_021_94ee6ed99c06.jpg,AI,MIDJOURNEY_V6,Defactify_Midjourney_v6,Midjourney_v6,V5-B Frequency,0.994188,0.005812,0.994188,0.005812,AI,True
DEF_MIDJOURNEY_V6_021,DEF_MIDJOURNEY_V6_021_94ee6ed99c06.jpg,AI,MIDJOURNEY_V6,Defactify_Midjourney_v6,Midjourney_v6,V5-C Hybrid,1.0,0.0,1.0,0.0,AI,True
DEF_MIDJOURNEY_V6_021,DEF_MIDJOURNEY_V6_021_94ee6ed99c06.jpg,AI,MIDJOURNEY_V6,Defactify_Midjourney_v6,Midjourney_v6,V5-D Gated Residual,0.9953,0.0047,0.919536,0.080464,AI,True
DEF_MIDJOURNEY_V6_022,DEF_MIDJOURNEY_V6_022_ff2aa07d675c.jpg,AI,MIDJOURNEY_V6,Defactify_Midjourney_v6,Midjourney_v6,V5-A Spatial,0.999962,3.8e-05,0.999962,3.8e-05,AI,True
DEF_MIDJOURNEY_V6_022,DEF_MIDJOURNEY_V6_022_ff2aa07d675c.jpg,AI,MIDJOURNEY_V6,Defactify_Midjourney_v6,Midjourney_v6,V5-B Frequency,0.476761,0.523239,0.476761,0.523239,REAL,False
DEF_MIDJOURNEY_V6_022,DEF_MIDJOURNEY_V6_022_ff2aa07d675c.jpg,AI,MIDJOURNEY_V6,Defactify_Midjourney_v6,Midjourney_v6,V5-C Hybrid,0.99999,1e-05,0.99999,1e-05,AI,True
DEF_MIDJOURNEY_V6_022,DEF_MIDJOURNEY_V6_022_ff2aa07d675c.jpg,AI,MIDJOURNEY_V6,Defactify_Midjourney_v6,Midjourney_v6,V5-D Gated Residual,0.999898,0.000102,0.984938,0.015062,AI,True
DEF_MIDJOURNEY_V6_023,DEF_MIDJOURNEY_V6_023_7b23cdb35843.jpg,AI,MIDJOURNEY_V6,Defactify_Midjourney_v6,Midjourney_v6,V5-A Spatial,0.0534,0.9466,0.0534,0.9466,REAL,False
DEF_MIDJOURNEY_V6_023,DEF_MIDJOURNEY_V6_023_7b23cdb35843.jpg,AI,MIDJOURNEY_V6,Defactify_Midjourney_v6,Midjourney_v6,V5-B Frequency,0.107502,0.892498,0.107502,0.892498,REAL,False
DEF_MIDJOURNEY_V6_023,DEF_MIDJOURNEY_V6_023_7b23cdb35843.jpg,AI,MIDJOURNEY_V6,Defactify_Midjourney_v6,Midjourney_v6,V5-C Hybrid,0.089216,0.910784,0.089216,0.910784,REAL,False
DEF_MIDJOURNEY_V6_023,DEF_MIDJOURNEY_V6_023_7b23cdb35843.jpg,AI,MIDJOURNEY_V6,Defactify_Midjourney_v6,Midjourney_v6,V5-D Gated Residual,0.011372,0.988628,0.115976,0.884024,REAL,False
DEF_MIDJOURNEY_V6_024,DEF_MIDJOURNEY_V6_024_63aa38506767.jpg,AI,MIDJOURNEY_V6,Defactify_Midjourney_v6,Midjourney_v6,V5-A Spatial,0.239025,0.760975,0.239025,0.760975,REAL,False
DEF_MIDJOURNEY_V6_024,DEF_MIDJOURNEY_V6_024_63aa38506767.jpg,AI,MIDJOURNEY_V6,Defactify_Midjourney_v6,Midjourney_v6,V5-B Frequency,0.493018,0.506982,0.493018,0.506982,REAL,False
DEF_MIDJOURNEY_V6_024,DEF_MIDJOURNEY_V6_024_63aa38506767.jpg,AI,MIDJOURNEY_V6,Defactify_Midjourney_v6,Midjourney_v6,V5-C Hybrid,0.999987,1.3e-05,0.999987,1.3e-05,AI,True
DEF_MIDJOURNEY_V6_024,DEF_MIDJOURNEY_V6_024_63aa38506767.jpg,AI,MIDJOURNEY_V6,Defactify_Midjourney_v6,Midjourney_v6,V5-D Gated Residual,0.999998,2e-06,0.997736,0.002264,AI,True
DEF_MIDJOURNEY_V6_025,DEF_MIDJOURNEY_V6_025_36954d34a698.jpg,AI,MIDJOURNEY_V6,Defactify_Midjourney_v6,Midjourney_v6,V5-A Spatial,0.999962,3.8e-05,0.999962,3.8e-05,AI,True
DEF_MIDJOURNEY_V6_025,DEF_MIDJOURNEY_V6_025_36954d34a698.jpg,AI,MIDJOURNEY_V6,Defactify_Midjourney_v6,Midjourney_v6,V5-B Frequency,0.067045,0.932956,0.067045,0.932956,REAL,False
DEF_MIDJOURNEY_V6_025,DEF_MIDJOURNEY_V6_025_36954d34a698.jpg,AI,MIDJOURNEY_V6,Defactify_Midjourney_v6,Midjourney_v6,V5-C Hybrid,0.999758,0.000242,0.999758,0.000242,AI,True
DEF_MIDJOURNEY_V6_025,DEF_MIDJOURNEY_V6_025_36954d34a698.jpg,AI,MIDJOURNEY_V6,Defactify_Midjourney_v6,Midjourney_v6,V5-D Gated Residual,0.99984,0.00016,0.98158,0.01842,AI,True
DEF_MIDJOURNEY_V6_026,DEF_MIDJOURNEY_V6_026_4263a0b54a30.jpg,AI,MIDJOURNEY_V6,Defactify_Midjourney_v6,Midjourney_v6,V5-A Spatial,0.758853,0.241147,0.758853,0.241147,AI,True
DEF_MIDJOURNEY_V6_026,DEF_MIDJOURNEY_V6_026_4263a0b54a30.jpg,AI,MIDJOURNEY_V6,Defactify_Midjourney_v6,Midjourney_v6,V5-B Frequency,0.004657,0.995343,0.004657,0.995343,REAL,False
DEF_MIDJOURNEY_V6_026,DEF_MIDJOURNEY_V6_026_4263a0b54a30.jpg,AI,MIDJOURNEY_V6,Defactify_Midjourney_v6,Midjourney_v6,V5-C Hybrid,0.998937,0.001063,0.998937,0.001063,AI,True
DEF_MIDJOURNEY_V6_026,DEF_MIDJOURNEY_V6_026_4263a0b54a30.jpg,AI,MIDJOURNEY_V6,Defactify_Midjourney_v6,Midjourney_v6,V5-D Gated Residual,0.004103,0.995897,0.075991,0.924009,REAL,False
DEF_MIDJOURNEY_V6_027,DEF_MIDJOURNEY_V6_027_3ccdaa317734.jpg,AI,MIDJOURNEY_V6,Defactify_Midjourney_v6,Midjourney_v6,V5-A Spatial,0.005228,0.994772,0.005228,0.994772,REAL,False
DEF_MIDJOURNEY_V6_027,DEF_MIDJOURNEY_V6_027_3ccdaa317734.jpg,AI,MIDJOURNEY_V6,Defactify_Midjourney_v6,Midjourney_v6,V5-B Frequency,0.000738,0.999262,0.000738,0.999262,REAL,False
DEF_MIDJOURNEY_V6_027,DEF_MIDJOURNEY_V6_027_3ccdaa317734.jpg,AI,MIDJOURNEY_V6,Defactify_Midjourney_v6,Midjourney_v6,V5-C Hybrid,0.999751,0.000249,0.999751,0.000249,AI,True
DEF_MIDJOURNEY_V6_027,DEF_MIDJOURNEY_V6_027_3ccdaa317734.jpg,AI,MIDJOURNEY_V6,Defactify_Midjourney_v6,Midjourney_v6,V5-D Gated Residual,0.523285,0.476715,0.510598,0.489402,AI,True
DEF_MIDJOURNEY_V6_028,DEF_MIDJOURNEY_V6_028_884e07c4b2c8.jpg,AI,MIDJOURNEY_V6,Defactify_Midjourney_v6,Midjourney_v6,V5-A Spatial,0.987842,0.012158,0.987842,0.012158,AI,True
DEF_MIDJOURNEY_V6_028,DEF_MIDJOURNEY_V6_028_884e07c4b2c8.jpg,AI,MIDJOURNEY_V6,Defactify_Midjourney_v6,Midjourney_v6,V5-B Frequency,0.999712,0.000288,0.999712,0.000288,AI,True
DEF_MIDJOURNEY_V6_028,DEF_MIDJOURNEY_V6_028_884e07c4b2c8.jpg,AI,MIDJOURNEY_V6,Defactify_Midjourney_v6,Midjourney_v6,V5-C Hybrid,0.985991,0.01401,0.985991,0.01401,AI,True
DEF_MIDJOURNEY_V6_028,DEF_MIDJOURNEY_V6_028_884e07c4b2c8.jpg,AI,MIDJOURNEY_V6,Defactify_Midjourney_v6,Midjourney_v6,V5-D Gated Residual,0.998809,0.001191,0.955299,0.044701,AI,True
DEF_MIDJOURNEY_V6_029,DEF_MIDJOURNEY_V6_029_02e8616c5644.jpg,AI,MIDJOURNEY_V6,Defactify_Midjourney_v6,Midjourney_v6,V5-A Spatial,0.926591,0.073409,0.926591,0.073409,AI,True
DEF_MIDJOURNEY_V6_029,DEF_MIDJOURNEY_V6_029_02e8616c5644.jpg,AI,MIDJOURNEY_V6,Defactify_Midjourney_v6,Midjourney_v6,V5-B Frequency,0.263413,0.736587,0.263413,0.736587,REAL,False
DEF_MIDJOURNEY_V6_029,DEF_MIDJOURNEY_V6_029_02e8616c5644.jpg,AI,MIDJOURNEY_V6,Defactify_Midjourney_v6,Midjourney_v6,V5-C Hybrid,0.981836,0.018164,0.981836,0.018164,AI,True
DEF_MIDJOURNEY_V6_029,DEF_MIDJOURNEY_V6_029_02e8616c5644.jpg,AI,MIDJOURNEY_V6,Defactify_Midjourney_v6,Midjourney_v6,V5-D Gated Residual,0.998022,0.001978,0.944335,0.055665,AI,True
DEF_MIDJOURNEY_V6_030,DEF_MIDJOURNEY_V6_030_b2fe98a08153.jpg,AI,MIDJOURNEY_V6,Defactify_Midjourney_v6,Midjourney_v6,V5-A Spatial,0.58834,0.41166,0.58834,0.41166,AI,True
DEF_MIDJOURNEY_V6_030,DEF_MIDJOURNEY_V6_030_b2fe98a08153.jpg,AI,MIDJOURNEY_V6,Defactify_Midjourney_v6,Midjourney_v6,V5-B Frequency,0.985342,0.014658,0.985342,0.014658,AI,True
DEF_MIDJOURNEY_V6_030,DEF_MIDJOURNEY_V6_030_b2fe98a08153.jpg,AI,MIDJOURNEY_V6,Defactify_Midjourney_v6,Midjourney_v6,V5-C Hybrid,0.999989,1.1e-05,0.999989,1.1e-05,AI,True
DEF_MIDJOURNEY_V6_030,DEF_MIDJOURNEY_V6_030_b2fe98a08153.jpg,AI,MIDJOURNEY_V6,Defactify_Midjourney_v6,Midjourney_v6,V5-D Gated Residual,0.986639,0.013361,0.876194,0.123806,AI,True
DEF_MIDJOURNEY_V6_031,DEF_MIDJOURNEY_V6_031_15e2fd06902a.jpg,AI,MIDJOURNEY_V6,Defactify_Midjourney_v6,Midjourney_v6,V5-A Spatial,0.575964,0.424036,0.575964,0.424036,AI,True
DEF_MIDJOURNEY_V6_031,DEF_MIDJOURNEY_V6_031_15e2fd06902a.jpg,AI,MIDJOURNEY_V6,Defactify_Midjourney_v6,Midjourney_v6,V5-B Frequency,0.109654,0.890346,0.109654,0.890346,REAL,False
DEF_MIDJOURNEY_V6_031,DEF_MIDJOURNEY_V6_031_15e2fd06902a.jpg,AI,MIDJOURNEY_V6,Defactify_Midjourney_v6,Midjourney_v6,V5-C Hybrid,0.004821,0.995179,0.004821,0.995179,REAL,False
DEF_MIDJOURNEY_V6_031,DEF_MIDJOURNEY_V6_031_15e2fd06902a.jpg,AI,MIDJOURNEY_V6,Defactify_Midjourney_v6,Midjourney_v6,V5-D Gated Residual,0.984704,0.015296,0.869263,0.130737,AI,True
DEF_MIDJOURNEY_V6_032,DEF_MIDJOURNEY_V6_032_deeeea7642fa.jpg,AI,MIDJOURNEY_V6,Defactify_Midjourney_v6,Midjourney_v6,V5-A Spatial,1.0,0.0,1.0,0.0,AI,True
DEF_MIDJOURNEY_V6_032,DEF_MIDJOURNEY_V6_032_deeeea7642fa.jpg,AI,MIDJOURNEY_V6,Defactify_Midjourney_v6,Midjourney_v6,V5-B Frequency,0.286806,0.713194,0.286806,0.713194,REAL,False
DEF_MIDJOURNEY_V6_032,DEF_MIDJOURNEY_V6_032_deeeea7642fa.jpg,AI,MIDJOURNEY_V6,Defactify_Midjourney_v6,Midjourney_v6,V5-C Hybrid,0.999997,3e-06,0.999997,3e-06,AI,True
DEF_MIDJOURNEY_V6_032,DEF_MIDJOURNEY_V6_032_deeeea7642fa.jpg,AI,MIDJOURNEY_V6,Defactify_Midjourney_v6,Midjourney_v6,V5-D Gated Residual,0.999277,0.000723,0.964054,0.035946,AI,True
DEF_MIDJOURNEY_V6_033,DEF_MIDJOURNEY_V6_033_918674e7c95a.jpg,AI,MIDJOURNEY_V6,Defactify_Midjourney_v6,Midjourney_v6,V5-A Spatial,0.0,1.0,0.0,1.0,REAL,False
DEF_MIDJOURNEY_V6_033,DEF_MIDJOURNEY_V6_033_918674e7c95a.jpg,AI,MIDJOURNEY_V6,Defactify_Midjourney_v6,Midjourney_v6,V5-B Frequency,0.833072,0.166928,0.833072,0.166928,AI,True
DEF_MIDJOURNEY_V6_033,DEF_MIDJOURNEY_V6_033_918674e7c95a.jpg,AI,MIDJOURNEY_V6,Defactify_Midjourney_v6,Midjourney_v6,V5-C Hybrid,0.0,1.0,0.0,1.0,REAL,False
DEF_MIDJOURNEY_V6_033,DEF_MIDJOURNEY_V6_033_918674e7c95a.jpg,AI,MIDJOURNEY_V6,Defactify_Midjourney_v6,Midjourney_v6,V5-D Gated Residual,3e-05,0.99997,0.008714,0.991286,REAL,False
DEF_MIDJOURNEY_V6_034,DEF_MIDJOURNEY_V6_034_c7a7d57709c4.jpg,AI,MIDJOURNEY_V6,Defactify_Midjourney_v6,Midjourney_v6,V5-A Spatial,0.99996,4e-05,0.99996,4e-05,AI,True
DEF_MIDJOURNEY_V6_034,DEF_MIDJOURNEY_V6_034_c7a7d57709c4.jpg,AI,MIDJOURNEY_V6,Defactify_Midjourney_v6,Midjourney_v6,V5-B Frequency,0.008185,0.991815,0.008185,0.991815,REAL,False
DEF_MIDJOURNEY_V6_034,DEF_MIDJOURNEY_V6_034_c7a7d57709c4.jpg,AI,MIDJOURNEY_V6,Defactify_Midjourney_v6,Midjourney_v6,V5-C Hybrid,0.995599,0.004401,0.995599,0.004401,AI,True
DEF_MIDJOURNEY_V6_034,DEF_MIDJOURNEY_V6_034_c7a7d57709c4.jpg,AI,MIDJOURNEY_V6,Defactify_Midjourney_v6,Midjourney_v6,V5-D Gated Residual,0.025316,0.974684,0.159679,0.840321,REAL,False
DEF_MIDJOURNEY_V6_035,DEF_MIDJOURNEY_V6_035_a32cbbbc877f.jpg,AI,MIDJOURNEY_V6,Defactify_Midjourney_v6,Midjourney_v6,V5-A Spatial,8e-06,0.999992,8e-06,0.999992,REAL,False
DEF_MIDJOURNEY_V6_035,DEF_MIDJOURNEY_V6_035_a32cbbbc877f.jpg,AI,MIDJOURNEY_V6,Defactify_Midjourney_v6,Midjourney_v6,V5-B Frequency,0.847719,0.15228,0.847719,0.15228,AI,True
DEF_MIDJOURNEY_V6_035,DEF_MIDJOURNEY_V6_035_a32cbbbc877f.jpg,AI,MIDJOURNEY_V6,Defactify_Midjourney_v6,Midjourney_v6,V5-C Hybrid,0.0,1.0,0.0,1.0,REAL,False
DEF_MIDJOURNEY_V6_035,DEF_MIDJOURNEY_V6_035_a32cbbbc877f.jpg,AI,MIDJOURNEY_V6,Defactify_Midjourney_v6,Midjourney_v6,V5-D Gated Residual,0.000225,0.999775,0.021437,0.978563,REAL,False
DEF_MIDJOURNEY_V6_036,DEF_MIDJOURNEY_V6_036_fb682464126a.jpg,AI,MIDJOURNEY_V6,Defactify_Midjourney_v6,Midjourney_v6,V5-A Spatial,1.0,0.0,1.0,0.0,AI,True
DEF_MIDJOURNEY_V6_036,DEF_MIDJOURNEY_V6_036_fb682464126a.jpg,AI,MIDJOURNEY_V6,Defactify_Midjourney_v6,Midjourney_v6,V5-B Frequency,0.302644,0.697356,0.302644,0.697356,REAL,False
DEF_MIDJOURNEY_V6_036,DEF_MIDJOURNEY_V6_036_fb682464126a.jpg,AI,MIDJOURNEY_V6,Defactify_Midjourney_v6,Midjourney_v6,V5-C Hybrid,0.999996,4e-06,0.999996,4e-06,AI,True
DEF_MIDJOURNEY_V6_036,DEF_MIDJOURNEY_V6_036_fb682464126a.jpg,AI,MIDJOURNEY_V6,Defactify_Midjourney_v6,Midjourney_v6,V5-D Gated Residual,0.999757,0.000243,0.97782,0.02218,AI,True
DEF_MIDJOURNEY_V6_037,DEF_MIDJOURNEY_V6_037_cd6ecee46d29.jpg,AI,MIDJOURNEY_V6,Defactify_Midjourney_v6,Midjourney_v6,V5-A Spatial,0.999937,6.3e-05,0.999937,6.3e-05,AI,True
DEF_MIDJOURNEY_V6_037,DEF_MIDJOURNEY_V6_037_cd6ecee46d29.jpg,AI,MIDJOURNEY_V6,Defactify_Midjourney_v6,Midjourney_v6,V5-B Frequency,0.99994,6e-05,0.99994,6e-05,AI,True
DEF_MIDJOURNEY_V6_037,DEF_MIDJOURNEY_V6_037_cd6ecee46d29.jpg,AI,MIDJOURNEY_V6,Defactify_Midjourney_v6,Midjourney_v6,V5-C Hybrid,0.999623,0.000377,0.999623,0.000377,AI,True
DEF_MIDJOURNEY_V6_037,DEF_MIDJOURNEY_V6_037_cd6ecee46d29.jpg,AI,MIDJOURNEY_V6,Defactify_Midjourney_v6,Midjourney_v6,V5-D Gated Residual,0.996315,0.003685,0.927388,0.072612,AI,True
DEF_MIDJOURNEY_V6_038,DEF_MIDJOURNEY_V6_038_5c7305efd635.jpg,AI,MIDJOURNEY_V6,Defactify_Midjourney_v6,Midjourney_v6,V5-A Spatial,0.999995,6e-06,0.999995,6e-06,AI,True
DEF_MIDJOURNEY_V6_038,DEF_MIDJOURNEY_V6_038_5c7305efd635.jpg,AI,MIDJOURNEY_V6,Defactify_Midjourney_v6,Midjourney_v6,V5-B Frequency,0.138471,0.861529,0.138471,0.861529,REAL,False
DEF_MIDJOURNEY_V6_038,DEF_MIDJOURNEY_V6_038_5c7305efd635.jpg,AI,MIDJOURNEY_V6,Defactify_Midjourney_v6,Midjourney_v6,V5-C Hybrid,0.985351,0.014649,0.985351,0.014649,AI,True
DEF_MIDJOURNEY_V6_038,DEF_MIDJOURNEY_V6_038_5c7305efd635.jpg,AI,MIDJOURNEY_V6,Defactify_Midjourney_v6,Midjourney_v6,V5-D Gated Residual,0.997823,0.002177,0.941989,0.058011,AI,True
DEF_MIDJOURNEY_V6_039,DEF_MIDJOURNEY_V6_039_8b634dffd4cf.jpg,AI,MIDJOURNEY_V6,Defactify_Midjourney_v6,Midjourney_v6,V5-A Spatial,1.0,0.0,1.0,0.0,AI,True
DEF_MIDJOURNEY_V6_039,DEF_MIDJOURNEY_V6_039_8b634dffd4cf.jpg,AI,MIDJOURNEY_V6,Defactify_Midjourney_v6,Midjourney_v6,V5-B Frequency,0.50206,0.49794,0.50206,0.49794,AI,True
DEF_MIDJOURNEY_V6_039,DEF_MIDJOURNEY_V6_039_8b634dffd4cf.jpg,AI,MIDJOURNEY_V6,Defactify_Midjourney_v6,Midjourney_v6,V5-C Hybrid,0.947976,0.052024,0.947976,0.052024,AI,True
DEF_MIDJOURNEY_V6_039,DEF_MIDJOURNEY_V6_039_8b634dffd4cf.jpg,AI,MIDJOURNEY_V6,Defactify_Midjourney_v6,Midjourney_v6,V5-D Gated Residual,0.995488,0.004512,0.920911,0.079089,AI,True
DEF_MIDJOURNEY_V6_040,DEF_MIDJOURNEY_V6_040_b3eb1392f20f.jpg,AI,MIDJOURNEY_V6,Defactify_Midjourney_v6,Midjourney_v6,V5-A Spatial,0.999887,0.000113,0.999887,0.000113,AI,True
DEF_MIDJOURNEY_V6_040,DEF_MIDJOURNEY_V6_040_b3eb1392f20f.jpg,AI,MIDJOURNEY_V6,Defactify_Midjourney_v6,Midjourney_v6,V5-B Frequency,0.856261,0.143739,0.856261,0.143739,AI,True
DEF_MIDJOURNEY_V6_040,DEF_MIDJOURNEY_V6_040_b3eb1392f20f.jpg,AI,MIDJOURNEY_V6,Defactify_Midjourney_v6,Midjourney_v6,V5-C Hybrid,6.3e-05,0.999937,6.3e-05,0.999937,REAL,False
DEF_MIDJOURNEY_V6_040,DEF_MIDJOURNEY_V6_040_b3eb1392f20f.jpg,AI,MIDJOURNEY_V6,Defactify_Midjourney_v6,Midjourney_v6,V5-D Gated Residual,0.975537,0.024463,0.842454,0.157546,AI,True
DEF_MIDJOURNEY_V6_041,DEF_MIDJOURNEY_V6_041_0657ba65fb86.jpg,AI,MIDJOURNEY_V6,Defactify_Midjourney_v6,Midjourney_v6,V5-A Spatial,0.000841,0.999159,0.000841,0.999159,REAL,False
DEF_MIDJOURNEY_V6_041,DEF_MIDJOURNEY_V6_041_0657ba65fb86.jpg,AI,MIDJOURNEY_V6,Defactify_Midjourney_v6,Midjourney_v6,V5-B Frequency,0.000634,0.999366,0.000634,0.999366,REAL,False
DEF_MIDJOURNEY_V6_041,DEF_MIDJOURNEY_V6_041_0657ba65fb86.jpg,AI,MIDJOURNEY_V6,Defactify_Midjourney_v6,Midjourney_v6,V5-C Hybrid,0.003704,0.996296,0.003704,0.996296,REAL,False
DEF_MIDJOURNEY_V6_041,DEF_MIDJOURNEY_V6_041_0657ba65fb86.jpg,AI,MIDJOURNEY_V6,Defactify_Midjourney_v6,Midjourney_v6,V5-D Gated Residual,0.000566,0.999434,0.03226,0.96774,REAL,False
DEF_MIDJOURNEY_V6_042,DEF_MIDJOURNEY_V6_042_ec0958e2ba5e.jpg,AI,MIDJOURNEY_V6,Defactify_Midjourney_v6,Midjourney_v6,V5-A Spatial,0.196529,0.803471,0.196529,0.803471,REAL,False
DEF_MIDJOURNEY_V6_042,DEF_MIDJOURNEY_V6_042_ec0958e2ba5e.jpg,AI,MIDJOURNEY_V6,Defactify_Midjourney_v6,Midjourney_v6,V5-B Frequency,0.261508,0.738492,0.261508,0.738492,REAL,False
DEF_MIDJOURNEY_V6_042,DEF_MIDJOURNEY_V6_042_ec0958e2ba5e.jpg,AI,MIDJOURNEY_V6,Defactify_Midjourney_v6,Midjourney_v6,V5-C Hybrid,0.99985,0.00015,0.99985,0.00015,AI,True
DEF_MIDJOURNEY_V6_042,DEF_MIDJOURNEY_V6_042_ec0958e2ba5e.jpg,AI,MIDJOURNEY_V6,Defactify_Midjourney_v6,Midjourney_v6,V5-D Gated Residual,0.999701,0.000299,0.975671,0.024329,AI,True
DEF_MIDJOURNEY_V6_043,DEF_MIDJOURNEY_V6_043_c4ca091bf9af.jpg,AI,MIDJOURNEY_V6,Defactify_Midjourney_v6,Midjourney_v6,V5-A Spatial,0.997986,0.002014,0.997986,0.002014,AI,True
DEF_MIDJOURNEY_V6_043,DEF_MIDJOURNEY_V6_043_c4ca091bf9af.jpg,AI,MIDJOURNEY_V6,Defactify_Midjourney_v6,Midjourney_v6,V5-B Frequency,0.008196,0.991804,0.008196,0.991804,REAL,False
DEF_MIDJOURNEY_V6_043,DEF_MIDJOURNEY_V6_043_c4ca091bf9af.jpg,AI,MIDJOURNEY_V6,Defactify_Midjourney_v6,Midjourney_v6,V5-C Hybrid,0.999771,0.000229,0.999771,0.000229,AI,True
DEF_MIDJOURNEY_V6_043,DEF_MIDJOURNEY_V6_043_c4ca091bf9af.jpg,AI,MIDJOURNEY_V6,Defactify_Midjourney_v6,Midjourney_v6,V5-D Gated Residual,0.99957,0.00043,0.971422,0.028578,AI,True
DEF_MIDJOURNEY_V6_044,DEF_MIDJOURNEY_V6_044_884061952265.jpg,AI,MIDJOURNEY_V6,Defactify_Midjourney_v6,Midjourney_v6,V5-A Spatial,0.999987,1.3e-05,0.999987,1.3e-05,AI,True
DEF_MIDJOURNEY_V6_044,DEF_MIDJOURNEY_V6_044_884061952265.jpg,AI,MIDJOURNEY_V6,Defactify_Midjourney_v6,Midjourney_v6,V5-B Frequency,0.490149,0.509851,0.490149,0.509851,REAL,False
DEF_MIDJOURNEY_V6_044,DEF_MIDJOURNEY_V6_044_884061952265.jpg,AI,MIDJOURNEY_V6,Defactify_Midjourney_v6,Midjourney_v6,V5-C Hybrid,0.204802,0.795198,0.204802,0.795198,REAL,False
DEF_MIDJOURNEY_V6_044,DEF_MIDJOURNEY_V6_044_884061952265.jpg,AI,MIDJOURNEY_V6,Defactify_Midjourney_v6,Midjourney_v6,V5-D Gated Residual,0.141193,0.858807,0.305499,0.694501,REAL,False
DEF_MIDJOURNEY_V6_045,DEF_MIDJOURNEY_V6_045_ac5aa31b5504.jpg,AI,MIDJOURNEY_V6,Defactify_Midjourney_v6,Midjourney_v6,V5-A Spatial,0.072965,0.927035,0.072965,0.927035,REAL,False
DEF_MIDJOURNEY_V6_045,DEF_MIDJOURNEY_V6_045_ac5aa31b5504.jpg,AI,MIDJOURNEY_V6,Defactify_Midjourney_v6,Midjourney_v6,V5-B Frequency,0.069252,0.930748,0.069252,0.930748,REAL,False
DEF_MIDJOURNEY_V6_045,DEF_MIDJOURNEY_V6_045_ac5aa31b5504.jpg,AI,MIDJOURNEY_V6,Defactify_Midjourney_v6,Midjourney_v6,V5-C Hybrid,0.950236,0.049764,0.950236,0.049764,AI,True
DEF_MIDJOURNEY_V6_045,DEF_MIDJOURNEY_V6_045_ac5aa31b5504.jpg,AI,MIDJOURNEY_V6,Defactify_Midjourney_v6,Midjourney_v6,V5-D Gated Residual,0.157775,0.842225,0.318241,0.681759,REAL,False
DEF_MIDJOURNEY_V6_046,DEF_MIDJOURNEY_V6_046_4773981b6856.jpg,AI,MIDJOURNEY_V6,Defactify_Midjourney_v6,Midjourney_v6,V5-A Spatial,0.019947,0.980053,0.019947,0.980053,REAL,False
DEF_MIDJOURNEY_V6_046,DEF_MIDJOURNEY_V6_046_4773981b6856.jpg,AI,MIDJOURNEY_V6,Defactify_Midjourney_v6,Midjourney_v6,V5-B Frequency,0.004214,0.995786,0.004214,0.995786,REAL,False
DEF_MIDJOURNEY_V6_046,DEF_MIDJOURNEY_V6_046_4773981b6856.jpg,AI,MIDJOURNEY_V6,Defactify_Midjourney_v6,Midjourney_v6,V5-C Hybrid,0.125847,0.874153,0.125847,0.874153,REAL,False
DEF_MIDJOURNEY_V6_046,DEF_MIDJOURNEY_V6_046_4773981b6856.jpg,AI,MIDJOURNEY_V6,Defactify_Midjourney_v6,Midjourney_v6,V5-D Gated Residual,0.994077,0.005923,0.911358,0.088642,AI,True
DEF_MIDJOURNEY_V6_047,DEF_MIDJOURNEY_V6_047_7ceeb4cff85c.jpg,AI,MIDJOURNEY_V6,Defactify_Midjourney_v6,Midjourney_v6,V5-A Spatial,0.948465,0.051535,0.948465,0.051535,AI,True
DEF_MIDJOURNEY_V6_047,DEF_MIDJOURNEY_V6_047_7ceeb4cff85c.jpg,AI,MIDJOURNEY_V6,Defactify_Midjourney_v6,Midjourney_v6,V5-B Frequency,0.372618,0.627382,0.372618,0.627382,REAL,False
DEF_MIDJOURNEY_V6_047,DEF_MIDJOURNEY_V6_047_7ceeb4cff85c.jpg,AI,MIDJOURNEY_V6,Defactify_Midjourney_v6,Midjourney_v6,V5-C Hybrid,0.997585,0.002415,0.997585,0.002415,AI,True
DEF_MIDJOURNEY_V6_047,DEF_MIDJOURNEY_V6_047_7ceeb4cff85c.jpg,AI,MIDJOURNEY_V6,Defactify_Midjourney_v6,Midjourney_v6,V5-D Gated Residual,0.971162,0.028838,0.831979,0.168021,AI,True
DEF_MIDJOURNEY_V6_048,DEF_MIDJOURNEY_V6_048_fe24920a2ce8.jpg,AI,MIDJOURNEY_V6,Defactify_Midjourney_v6,Midjourney_v6,V5-A Spatial,0.999955,4.5e-05,0.999955,4.5e-05,AI,True
DEF_MIDJOURNEY_V6_048,DEF_MIDJOURNEY_V6_048_fe24920a2ce8.jpg,AI,MIDJOURNEY_V6,Defactify_Midjourney_v6,Midjourney_v6,V5-B Frequency,0.996423,0.003577,0.996423,0.003577,AI,True
DEF_MIDJOURNEY_V6_048,DEF_MIDJOURNEY_V6_048_fe24920a2ce8.jpg,AI,MIDJOURNEY_V6,Defactify_Midjourney_v6,Midjourney_v6,V5-C Hybrid,0.002757,0.997243,0.002757,0.997243,REAL,False
DEF_MIDJOURNEY_V6_048,DEF_MIDJOURNEY_V6_048_fe24920a2ce8.jpg,AI,MIDJOURNEY_V6,Defactify_Midjourney_v6,Midjourney_v6,V5-D Gated Residual,0.657051,0.342949,0.573404,0.426596,AI,True
DEF_MIDJOURNEY_V6_049,DEF_MIDJOURNEY_V6_049_dffdb3a2e8d3.jpg,AI,MIDJOURNEY_V6,Defactify_Midjourney_v6,Midjourney_v6,V5-A Spatial,0.975142,0.024858,0.975142,0.024858,AI,True
DEF_MIDJOURNEY_V6_049,DEF_MIDJOURNEY_V6_049_dffdb3a2e8d3.jpg,AI,MIDJOURNEY_V6,Defactify_Midjourney_v6,Midjourney_v6,V5-B Frequency,0.012479,0.987521,0.012479,0.987521,REAL,False
DEF_MIDJOURNEY_V6_049,DEF_MIDJOURNEY_V6_049_dffdb3a2e8d3.jpg,AI,MIDJOURNEY_V6,Defactify_Midjourney_v6,Midjourney_v6,V5-C Hybrid,0.403798,0.596202,0.403798,0.596202,REAL,False
DEF_MIDJOURNEY_V6_049,DEF_MIDJOURNEY_V6_049_dffdb3a2e8d3.jpg,AI,MIDJOURNEY_V6,Defactify_Midjourney_v6,Midjourney_v6,V5-D Gated Residual,0.988074,0.011926,0.881762,0.118238,AI,True
DEF_MIDJOURNEY_V6_050,DEF_MIDJOURNEY_V6_050_1c05c8468451.jpg,AI,MIDJOURNEY_V6,Defactify_Midjourney_v6,Midjourney_v6,V5-A Spatial,0.167399,0.832601,0.167399,0.832601,REAL,False
DEF_MIDJOURNEY_V6_050,DEF_MIDJOURNEY_V6_050_1c05c8468451.jpg,AI,MIDJOURNEY_V6,Defactify_Midjourney_v6,Midjourney_v6,V5-B Frequency,0.001255,0.998745,0.001255,0.998745,REAL,False
DEF_MIDJOURNEY_V6_050,DEF_MIDJOURNEY_V6_050_1c05c8468451.jpg,AI,MIDJOURNEY_V6,Defactify_Midjourney_v6,Midjourney_v6,V5-C Hybrid,6.3e-05,0.999937,6.3e-05,0.999937,REAL,False
DEF_MIDJOURNEY_V6_050,DEF_MIDJOURNEY_V6_050_1c05c8468451.jpg,AI,MIDJOURNEY_V6,Defactify_Midjourney_v6,Midjourney_v6,V5-D Gated Residual,0.001617,0.998383,0.051039,0.948961,REAL,False
DEF_MIDJOURNEY_V6_051,DEF_MIDJOURNEY_V6_051_7e4080f8f4a3.jpg,AI,MIDJOURNEY_V6,Defactify_Midjourney_v6,Midjourney_v6,V5-A Spatial,0.020247,0.979753,0.020247,0.979753,REAL,False
DEF_MIDJOURNEY_V6_051,DEF_MIDJOURNEY_V6_051_7e4080f8f4a3.jpg,AI,MIDJOURNEY_V6,Defactify_Midjourney_v6,Midjourney_v6,V5-B Frequency,0.001943,0.998057,0.001943,0.998057,REAL,False
DEF_MIDJOURNEY_V6_051,DEF_MIDJOURNEY_V6_051_7e4080f8f4a3.jpg,AI,MIDJOURNEY_V6,Defactify_Midjourney_v6,Midjourney_v6,V5-C Hybrid,0.006469,0.993531,0.006469,0.993531,REAL,False
DEF_MIDJOURNEY_V6_051,DEF_MIDJOURNEY_V6_051_7e4080f8f4a3.jpg,AI,MIDJOURNEY_V6,Defactify_Midjourney_v6,Midjourney_v6,V5-D Gated Residual,0.348147,0.651853,0.429156,0.570844,REAL,False
DEF_MIDJOURNEY_V6_052,DEF_MIDJOURNEY_V6_052_f0bff85c58b4.jpg,AI,MIDJOURNEY_V6,Defactify_Midjourney_v6,Midjourney_v6,V5-A Spatial,0.98762,0.01238,0.98762,0.01238,AI,True
DEF_MIDJOURNEY_V6_052,DEF_MIDJOURNEY_V6_052_f0bff85c58b4.jpg,AI,MIDJOURNEY_V6,Defactify_Midjourney_v6,Midjourney_v6,V5-B Frequency,0.032625,0.967375,0.032625,0.967375,REAL,False
DEF_MIDJOURNEY_V6_052,DEF_MIDJOURNEY_V6_052_f0bff85c58b4.jpg,AI,MIDJOURNEY_V6,Defactify_Midjourney_v6,Midjourney_v6,V5-C Hybrid,0.033049,0.966951,0.033049,0.966951,REAL,False
DEF_MIDJOURNEY_V6_052,DEF_MIDJOURNEY_V6_052_f0bff85c58b4.jpg,AI,MIDJOURNEY_V6,Defactify_Midjourney_v6,Midjourney_v6,V5-D Gated Residual,0.007716,0.992284,0.098925,0.901075,REAL,False
DEF_MIDJOURNEY_V6_053,DEF_MIDJOURNEY_V6_053_1aadccddc6e1.jpg,AI,MIDJOURNEY_V6,Defactify_Midjourney_v6,Midjourney_v6,V5-A Spatial,0.981196,0.018804,0.981196,0.018804,AI,True
DEF_MIDJOURNEY_V6_053,DEF_MIDJOURNEY_V6_053_1aadccddc6e1.jpg,AI,MIDJOURNEY_V6,Defactify_Midjourney_v6,Midjourney_v6,V5-B Frequency,0.83292,0.16708,0.83292,0.16708,AI,True
DEF_MIDJOURNEY_V6_053,DEF_MIDJOURNEY_V6_053_1aadccddc6e1.jpg,AI,MIDJOURNEY_V6,Defactify_Midjourney_v6,Midjourney_v6,V5-C Hybrid,0.532452,0.467548,0.532452,0.467548,AI,True
DEF_MIDJOURNEY_V6_053,DEF_MIDJOURNEY_V6_053_1aadccddc6e1.jpg,AI,MIDJOURNEY_V6,Defactify_Midjourney_v6,Midjourney_v6,V5-D Gated Residual,0.257675,0.742325,0.381945,0.618055,REAL,False
DEF_MIDJOURNEY_V6_054,DEF_MIDJOURNEY_V6_054_dd649335709b.jpg,AI,MIDJOURNEY_V6,Defactify_Midjourney_v6,Midjourney_v6,V5-A Spatial,0.99995,5e-05,0.99995,5e-05,AI,True
DEF_MIDJOURNEY_V6_054,DEF_MIDJOURNEY_V6_054_dd649335709b.jpg,AI,MIDJOURNEY_V6,Defactify_Midjourney_v6,Midjourney_v6,V5-B Frequency,0.481629,0.518371,0.481629,0.518371,REAL,False
DEF_MIDJOURNEY_V6_054,DEF_MIDJOURNEY_V6_054_dd649335709b.jpg,AI,MIDJOURNEY_V6,Defactify_Midjourney_v6,Midjourney_v6,V5-C Hybrid,0.99081,0.00919,0.99081,0.00919,AI,True
DEF_MIDJOURNEY_V6_054,DEF_MIDJOURNEY_V6_054_dd649335709b.jpg,AI,MIDJOURNEY_V6,Defactify_Midjourney_v6,Midjourney_v6,V5-D Gated Residual,0.397774,0.602226,0.452974,0.547026,REAL,False
DEF_MIDJOURNEY_V6_055,DEF_MIDJOURNEY_V6_055_3fdc33a43562.jpg,AI,MIDJOURNEY_V6,Defactify_Midjourney_v6,Midjourney_v6,V5-A Spatial,0.999431,0.000569,0.999431,0.000569,AI,True
DEF_MIDJOURNEY_V6_055,DEF_MIDJOURNEY_V6_055_3fdc33a43562.jpg,AI,MIDJOURNEY_V6,Defactify_Midjourney_v6,Midjourney_v6,V5-B Frequency,0.999858,0.000142,0.999858,0.000142,AI,True
DEF_MIDJOURNEY_V6_055,DEF_MIDJOURNEY_V6_055_3fdc33a43562.jpg,AI,MIDJOURNEY_V6,Defactify_Midjourney_v6,Midjourney_v6,V5-C Hybrid,1.0,0.0,1.0,0.0,AI,True
DEF_MIDJOURNEY_V6_055,DEF_MIDJOURNEY_V6_055_3fdc33a43562.jpg,AI,MIDJOURNEY_V6,Defactify_Midjourney_v6,Midjourney_v6,V5-D Gated Residual,0.99999,1e-05,0.994698,0.005302,AI,True
DEF_MIDJOURNEY_V6_056,DEF_MIDJOURNEY_V6_056_767466915271.jpg,AI,MIDJOURNEY_V6,Defactify_Midjourney_v6,Midjourney_v6,V5-A Spatial,0.997122,0.002878,0.997122,0.002878,AI,True
DEF_MIDJOURNEY_V6_056,DEF_MIDJOURNEY_V6_056_767466915271.jpg,AI,MIDJOURNEY_V6,Defactify_Midjourney_v6,Midjourney_v6,V5-B Frequency,0.856884,0.143116,0.856884,0.143116,AI,True
DEF_MIDJOURNEY_V6_056,DEF_MIDJOURNEY_V6_056_767466915271.jpg,AI,MIDJOURNEY_V6,Defactify_Midjourney_v6,Midjourney_v6,V5-C Hybrid,0.043073,0.956927,0.043073,0.956927,REAL,False
DEF_MIDJOURNEY_V6_056,DEF_MIDJOURNEY_V6_056_767466915271.jpg,AI,MIDJOURNEY_V6,Defactify_Midjourney_v6,Midjourney_v6,V5-D Gated Residual,0.713183,0.286817,0.602129,0.397871,AI,True
DEF_MIDJOURNEY_V6_057,DEF_MIDJOURNEY_V6_057_fc3f243de7be.jpg,AI,MIDJOURNEY_V6,Defactify_Midjourney_v6,Midjourney_v6,V5-A Spatial,1.0,0.0,1.0,0.0,AI,True
DEF_MIDJOURNEY_V6_057,DEF_MIDJOURNEY_V6_057_fc3f243de7be.jpg,AI,MIDJOURNEY_V6,Defactify_Midjourney_v6,Midjourney_v6,V5-B Frequency,0.577255,0.422745,0.577255,0.422745,AI,True
DEF_MIDJOURNEY_V6_057,DEF_MIDJOURNEY_V6_057_fc3f243de7be.jpg,AI,MIDJOURNEY_V6,Defactify_Midjourney_v6,Midjourney_v6,V5-C Hybrid,0.999988,1.2e-05,0.999988,1.2e-05,AI,True
DEF_MIDJOURNEY_V6_057,DEF_MIDJOURNEY_V6_057_fc3f243de7be.jpg,AI,MIDJOURNEY_V6,Defactify_Midjourney_v6,Midjourney_v6,V5-D Gated Residual,0.999471,0.000529,0.968691,0.031309,AI,True
DEF_MIDJOURNEY_V6_058,DEF_MIDJOURNEY_V6_058_001dbe47a7b9.jpg,AI,MIDJOURNEY_V6,Defactify_Midjourney_v6,Midjourney_v6,V5-A Spatial,0.999985,1.5e-05,0.999985,1.5e-05,AI,True
DEF_MIDJOURNEY_V6_058,DEF_MIDJOURNEY_V6_058_001dbe47a7b9.jpg,AI,MIDJOURNEY_V6,Defactify_Midjourney_v6,Midjourney_v6,V5-B Frequency,0.987884,0.012116,0.987884,0.012116,AI,True
DEF_MIDJOURNEY_V6_058,DEF_MIDJOURNEY_V6_058_001dbe47a7b9.jpg,AI,MIDJOURNEY_V6,Defactify_Midjourney_v6,Midjourney_v6,V5-C Hybrid,0.795898,0.204102,0.795898,0.204102,AI,True
DEF_MIDJOURNEY_V6_058,DEF_MIDJOURNEY_V6_058_001dbe47a7b9.jpg,AI,MIDJOURNEY_V6,Defactify_Midjourney_v6,Midjourney_v6,V5-D Gated Residual,0.954775,0.045225,0.800161,0.199839,AI,True
DEF_MIDJOURNEY_V6_059,DEF_MIDJOURNEY_V6_059_dcc0139d8418.jpg,AI,MIDJOURNEY_V6,Defactify_Midjourney_v6,Midjourney_v6,V5-A Spatial,1.0,0.0,1.0,0.0,AI,True
DEF_MIDJOURNEY_V6_059,DEF_MIDJOURNEY_V6_059_dcc0139d8418.jpg,AI,MIDJOURNEY_V6,Defactify_Midjourney_v6,Midjourney_v6,V5-B Frequency,0.037604,0.962396,0.037604,0.962396,REAL,False
DEF_MIDJOURNEY_V6_059,DEF_MIDJOURNEY_V6_059_dcc0139d8418.jpg,AI,MIDJOURNEY_V6,Defactify_Midjourney_v6,Midjourney_v6,V5-C Hybrid,0.999988,1.2e-05,0.999988,1.2e-05,AI,True
DEF_MIDJOURNEY_V6_059,DEF_MIDJOURNEY_V6_059_dcc0139d8418.jpg,AI,MIDJOURNEY_V6,Defactify_Midjourney_v6,Midjourney_v6,V5-D Gated Residual,0.999992,8e-06,0.995219,0.004781,AI,True
DEF_MIDJOURNEY_V6_060,DEF_MIDJOURNEY_V6_060_e98db952370b.jpg,AI,MIDJOURNEY_V6,Defactify_Midjourney_v6,Midjourney_v6,V5-A Spatial,0.000317,0.999683,0.000317,0.999683,REAL,False
DEF_MIDJOURNEY_V6_060,DEF_MIDJOURNEY_V6_060_e98db952370b.jpg,AI,MIDJOURNEY_V6,Defactify_Midjourney_v6,Midjourney_v6,V5-B Frequency,0.001183,0.998817,0.001183,0.998817,REAL,False
DEF_MIDJOURNEY_V6_060,DEF_MIDJOURNEY_V6_060_e98db952370b.jpg,AI,MIDJOURNEY_V6,Defactify_Midjourney_v6,Midjourney_v6,V5-C Hybrid,0.000324,0.999676,0.000324,0.999676,REAL,False
DEF_MIDJOURNEY_V6_060,DEF_MIDJOURNEY_V6_060_e98db952370b.jpg,AI,MIDJOURNEY_V6,Defactify_Midjourney_v6,Midjourney_v6,V5-D Gated Residual,0.000197,0.999803,0.02019,0.97981,REAL,False
DEF_MIDJOURNEY_V6_061,DEF_MIDJOURNEY_V6_061_04cca1dd9129.jpg,AI,MIDJOURNEY_V6,Defactify_Midjourney_v6,Midjourney_v6,V5-A Spatial,0.958304,0.041696,0.958304,0.041696,AI,True
DEF_MIDJOURNEY_V6_061,DEF_MIDJOURNEY_V6_061_04cca1dd9129.jpg,AI,MIDJOURNEY_V6,Defactify_Midjourney_v6,Midjourney_v6,V5-B Frequency,0.963248,0.036752,0.963248,0.036752,AI,True
DEF_MIDJOURNEY_V6_061,DEF_MIDJOURNEY_V6_061_04cca1dd9129.jpg,AI,MIDJOURNEY_V6,Defactify_Midjourney_v6,Midjourney_v6,V5-C Hybrid,0.999975,2.5e-05,0.999975,2.5e-05,AI,True
DEF_MIDJOURNEY_V6_061,DEF_MIDJOURNEY_V6_061_04cca1dd9129.jpg,AI,MIDJOURNEY_V6,Defactify_Midjourney_v6,Midjourney_v6,V5-D Gated Residual,0.169012,0.830988,0.326411,0.673589,REAL,False
DEF_MIDJOURNEY_V6_062,DEF_MIDJOURNEY_V6_062_3ab38c8ea545.jpg,AI,MIDJOURNEY_V6,Defactify_Midjourney_v6,Midjourney_v6,V5-A Spatial,0.601016,0.398984,0.601016,0.398984,AI,True
DEF_MIDJOURNEY_V6_062,DEF_MIDJOURNEY_V6_062_3ab38c8ea545.jpg,AI,MIDJOURNEY_V6,Defactify_Midjourney_v6,Midjourney_v6,V5-B Frequency,0.00057,0.99943,0.00057,0.99943,REAL,False
DEF_MIDJOURNEY_V6_062,DEF_MIDJOURNEY_V6_062_3ab38c8ea545.jpg,AI,MIDJOURNEY_V6,Defactify_Midjourney_v6,Midjourney_v6,V5-C Hybrid,0.002009,0.997991,0.002009,0.997991,REAL,False
DEF_MIDJOURNEY_V6_062,DEF_MIDJOURNEY_V6_062_3ab38c8ea545.jpg,AI,MIDJOURNEY_V6,Defactify_Midjourney_v6,Midjourney_v6,V5-D Gated Residual,0.0004,0.9996,0.027688,0.972312,REAL,False
DEF_MIDJOURNEY_V6_063,DEF_MIDJOURNEY_V6_063_d800e49dd9ea.jpg,AI,MIDJOURNEY_V6,Defactify_Midjourney_v6,Midjourney_v6,V5-A Spatial,0.357538,0.642462,0.357538,0.642462,REAL,False
DEF_MIDJOURNEY_V6_063,DEF_MIDJOURNEY_V6_063_d800e49dd9ea.jpg,AI,MIDJOURNEY_V6,Defactify_Midjourney_v6,Midjourney_v6,V5-B Frequency,0.262658,0.737342,0.262658,0.737342,REAL,False
DEF_MIDJOURNEY_V6_063,DEF_MIDJOURNEY_V6_063_d800e49dd9ea.jpg,AI,MIDJOURNEY_V6,Defactify_Midjourney_v6,Midjourney_v6,V5-C Hybrid,0.009217,0.990783,0.009217,0.990783,REAL,False
DEF_MIDJOURNEY_V6_063,DEF_MIDJOURNEY_V6_063_d800e49dd9ea.jpg,AI,MIDJOURNEY_V6,Defactify_Midjourney_v6,Midjourney_v6,V5-D Gated Residual,0.075558,0.924442,0.242477,0.757523,REAL,False
DEF_MIDJOURNEY_V6_064,DEF_MIDJOURNEY_V6_064_9de7575f5534.jpg,AI,MIDJOURNEY_V6,Defactify_Midjourney_v6,Midjourney_v6,V5-A Spatial,0.939328,0.060672,0.939328,0.060672,AI,True
DEF_MIDJOURNEY_V6_064,DEF_MIDJOURNEY_V6_064_9de7575f5534.jpg,AI,MIDJOURNEY_V6,Defactify_Midjourney_v6,Midjourney_v6,V5-B Frequency,0.000356,0.999644,0.000356,0.999644,REAL,False
DEF_MIDJOURNEY_V6_064,DEF_MIDJOURNEY_V6_064_9de7575f5534.jpg,AI,MIDJOURNEY_V6,Defactify_Midjourney_v6,Midjourney_v6,V5-C Hybrid,0.020434,0.979566,0.020434,0.979566,REAL,False
DEF_MIDJOURNEY_V6_064,DEF_MIDJOURNEY_V6_064_9de7575f5534.jpg,AI,MIDJOURNEY_V6,Defactify_Midjourney_v6,Midjourney_v6,V5-D Gated Residual,0.061599,0.938401,0.224632,0.775368,REAL,False
DEF_MIDJOURNEY_V6_065,DEF_MIDJOURNEY_V6_065_a8812a0631b7.jpg,AI,MIDJOURNEY_V6,Defactify_Midjourney_v6,Midjourney_v6,V5-A Spatial,0.999855,0.000145,0.999855,0.000145,AI,True
DEF_MIDJOURNEY_V6_065,DEF_MIDJOURNEY_V6_065_a8812a0631b7.jpg,AI,MIDJOURNEY_V6,Defactify_Midjourney_v6,Midjourney_v6,V5-B Frequency,0.0327,0.967301,0.0327,0.967301,REAL,False
DEF_MIDJOURNEY_V6_065,DEF_MIDJOURNEY_V6_065_a8812a0631b7.jpg,AI,MIDJOURNEY_V6,Defactify_Midjourney_v6,Midjourney_v6,V5-C Hybrid,0.944205,0.055795,0.944205,0.055795,AI,True
DEF_MIDJOURNEY_V6_065,DEF_MIDJOURNEY_V6_065_a8812a0631b7.jpg,AI,MIDJOURNEY_V6,Defactify_Midjourney_v6,Midjourney_v6,V5-D Gated Residual,0.999847,0.000153,0.981968,0.018032,AI,True
DEF_MIDJOURNEY_V6_066,DEF_MIDJOURNEY_V6_066_074f158ce9ae.jpg,AI,MIDJOURNEY_V6,Defactify_Midjourney_v6,Midjourney_v6,V5-A Spatial,0.990261,0.009739,0.990261,0.009739,AI,True
DEF_MIDJOURNEY_V6_066,DEF_MIDJOURNEY_V6_066_074f158ce9ae.jpg,AI,MIDJOURNEY_V6,Defactify_Midjourney_v6,Midjourney_v6,V5-B Frequency,0.008269,0.991731,0.008269,0.991731,REAL,False
DEF_MIDJOURNEY_V6_066,DEF_MIDJOURNEY_V6_066_074f158ce9ae.jpg,AI,MIDJOURNEY_V6,Defactify_Midjourney_v6,Midjourney_v6,V5-C Hybrid,0.999998,2e-06,0.999998,2e-06,AI,True
DEF_MIDJOURNEY_V6_066,DEF_MIDJOURNEY_V6_066_074f158ce9ae.jpg,AI,MIDJOURNEY_V6,Defactify_Midjourney_v6,Midjourney_v6,V5-D Gated Residual,0.941569,0.058431,0.779788,0.220212,AI,True
DEF_MIDJOURNEY_V6_067,DEF_MIDJOURNEY_V6_067_1b30f0d10d0e.jpg,AI,MIDJOURNEY_V6,Defactify_Midjourney_v6,Midjourney_v6,V5-A Spatial,0.999986,1.4e-05,0.999986,1.4e-05,AI,True
DEF_MIDJOURNEY_V6_067,DEF_MIDJOURNEY_V6_067_1b30f0d10d0e.jpg,AI,MIDJOURNEY_V6,Defactify_Midjourney_v6,Midjourney_v6,V5-B Frequency,0.997443,0.002557,0.997443,0.002557,AI,True
DEF_MIDJOURNEY_V6_067,DEF_MIDJOURNEY_V6_067_1b30f0d10d0e.jpg,AI,MIDJOURNEY_V6,Defactify_Midjourney_v6,Midjourney_v6,V5-C Hybrid,0.938076,0.061924,0.938076,0.061924,AI,True
DEF_MIDJOURNEY_V6_067,DEF_MIDJOURNEY_V6_067_1b30f0d10d0e.jpg,AI,MIDJOURNEY_V6,Defactify_Midjourney_v6,Midjourney_v6,V5-D Gated Residual,0.998351,0.001649,0.948533,0.051467,AI,True
DEF_MIDJOURNEY_V6_068,DEF_MIDJOURNEY_V6_068_800ad8a873f8.jpg,AI,MIDJOURNEY_V6,Defactify_Midjourney_v6,Midjourney_v6,V5-A Spatial,0.739644,0.260356,0.739644,0.260356,AI,True
DEF_MIDJOURNEY_V6_068,DEF_MIDJOURNEY_V6_068_800ad8a873f8.jpg,AI,MIDJOURNEY_V6,Defactify_Midjourney_v6,Midjourney_v6,V5-B Frequency,0.110611,0.889389,0.110611,0.889389,REAL,False
DEF_MIDJOURNEY_V6_068,DEF_MIDJOURNEY_V6_068_800ad8a873f8.jpg,AI,MIDJOURNEY_V6,Defactify_Midjourney_v6,Midjourney_v6,V5-C Hybrid,0.998235,0.001765,0.998235,0.001765,AI,True
DEF_MIDJOURNEY_V6_068,DEF_MIDJOURNEY_V6_068_800ad8a873f8.jpg,AI,MIDJOURNEY_V6,Defactify_Midjourney_v6,Midjourney_v6,V5-D Gated Residual,0.999719,0.000281,0.976318,0.023682,AI,True
DEF_MIDJOURNEY_V6_069,DEF_MIDJOURNEY_V6_069_789cceb9fb08.jpg,AI,MIDJOURNEY_V6,Defactify_Midjourney_v6,Midjourney_v6,V5-A Spatial,0.002354,0.997646,0.002354,0.997646,REAL,False
DEF_MIDJOURNEY_V6_069,DEF_MIDJOURNEY_V6_069_789cceb9fb08.jpg,AI,MIDJOURNEY_V6,Defactify_Midjourney_v6,Midjourney_v6,V5-B Frequency,0.003265,0.996735,0.003265,0.996735,REAL,False
DEF_MIDJOURNEY_V6_069,DEF_MIDJOURNEY_V6_069_789cceb9fb08.jpg,AI,MIDJOURNEY_V6,Defactify_Midjourney_v6,Midjourney_v6,V5-C Hybrid,0.0006,0.9994,0.0006,0.9994,REAL,False
DEF_MIDJOURNEY_V6_069,DEF_MIDJOURNEY_V6_069_789cceb9fb08.jpg,AI,MIDJOURNEY_V6,Defactify_Midjourney_v6,Midjourney_v6,V5-D Gated Residual,0.00019,0.99981,0.019911,0.980089,REAL,False
DEF_MIDJOURNEY_V6_070,DEF_MIDJOURNEY_V6_070_ecc873c81532.jpg,AI,MIDJOURNEY_V6,Defactify_Midjourney_v6,Midjourney_v6,V5-A Spatial,0.998846,0.001154,0.998846,0.001154,AI,True
DEF_MIDJOURNEY_V6_070,DEF_MIDJOURNEY_V6_070_ecc873c81532.jpg,AI,MIDJOURNEY_V6,Defactify_Midjourney_v6,Midjourney_v6,V5-B Frequency,0.275724,0.724276,0.275724,0.724276,REAL,False
DEF_MIDJOURNEY_V6_070,DEF_MIDJOURNEY_V6_070_ecc873c81532.jpg,AI,MIDJOURNEY_V6,Defactify_Midjourney_v6,Midjourney_v6,V5-C Hybrid,0.998856,0.001144,0.998856,0.001144,AI,True
DEF_MIDJOURNEY_V6_070,DEF_MIDJOURNEY_V6_070_ecc873c81532.jpg,AI,MIDJOURNEY_V6,Defactify_Midjourney_v6,Midjourney_v6,V5-D Gated Residual,0.999381,0.000619,0.966431,0.033569,AI,True
DEF_MIDJOURNEY_V6_071,DEF_MIDJOURNEY_V6_071_27bf93752a3f.jpg,AI,MIDJOURNEY_V6,Defactify_Midjourney_v6,Midjourney_v6,V5-A Spatial,0.825649,0.174351,0.825649,0.174351,AI,True
DEF_MIDJOURNEY_V6_071,DEF_MIDJOURNEY_V6_071_27bf93752a3f.jpg,AI,MIDJOURNEY_V6,Defactify_Midjourney_v6,Midjourney_v6,V5-B Frequency,0.987101,0.012899,0.987101,0.012899,AI,True
DEF_MIDJOURNEY_V6_071,DEF_MIDJOURNEY_V6_071_27bf93752a3f.jpg,AI,MIDJOURNEY_V6,Defactify_Midjourney_v6,Midjourney_v6,V5-C Hybrid,0.284352,0.715648,0.284352,0.715648,REAL,False
DEF_MIDJOURNEY_V6_071,DEF_MIDJOURNEY_V6_071_27bf93752a3f.jpg,AI,MIDJOURNEY_V6,Defactify_Midjourney_v6,Midjourney_v6,V5-D Gated Residual,0.012568,0.987432,0.120779,0.879221,REAL,False
DEF_MIDJOURNEY_V6_072,DEF_MIDJOURNEY_V6_072_ffa980d610dc.jpg,AI,MIDJOURNEY_V6,Defactify_Midjourney_v6,Midjourney_v6,V5-A Spatial,0.055494,0.944506,0.055494,0.944506,REAL,False
DEF_MIDJOURNEY_V6_072,DEF_MIDJOURNEY_V6_072_ffa980d610dc.jpg,AI,MIDJOURNEY_V6,Defactify_Midjourney_v6,Midjourney_v6,V5-B Frequency,0.248028,0.751972,0.248028,0.751972,REAL,False
DEF_MIDJOURNEY_V6_072,DEF_MIDJOURNEY_V6_072_ffa980d610dc.jpg,AI,MIDJOURNEY_V6,Defactify_Midjourney_v6,Midjourney_v6,V5-C Hybrid,0.999343,0.000657,0.999343,0.000657,AI,True
DEF_MIDJOURNEY_V6_072,DEF_MIDJOURNEY_V6_072_ffa980d610dc.jpg,AI,MIDJOURNEY_V6,Defactify_Midjourney_v6,Midjourney_v6,V5-D Gated Residual,0.00132,0.99868,0.046745,0.953255,REAL,False
DEF_MIDJOURNEY_V6_073,DEF_MIDJOURNEY_V6_073_5cf228db11ca.jpg,AI,MIDJOURNEY_V6,Defactify_Midjourney_v6,Midjourney_v6,V5-A Spatial,0.764714,0.235286,0.764714,0.235286,AI,True
DEF_MIDJOURNEY_V6_073,DEF_MIDJOURNEY_V6_073_5cf228db11ca.jpg,AI,MIDJOURNEY_V6,Defactify_Midjourney_v6,Midjourney_v6,V5-B Frequency,0.002527,0.997473,0.002527,0.997473,REAL,False
DEF_MIDJOURNEY_V6_073,DEF_MIDJOURNEY_V6_073_5cf228db11ca.jpg,AI,MIDJOURNEY_V6,Defactify_Midjourney_v6,Midjourney_v6,V5-C Hybrid,0.001002,0.998998,0.001002,0.998998,REAL,False
DEF_MIDJOURNEY_V6_073,DEF_MIDJOURNEY_V6_073_5cf228db11ca.jpg,AI,MIDJOURNEY_V6,Defactify_Midjourney_v6,Midjourney_v6,V5-D Gated Residual,0.982677,0.017323,0.862584,0.137416,AI,True
DEF_MIDJOURNEY_V6_074,DEF_MIDJOURNEY_V6_074_484e1596b9c9.jpg,AI,MIDJOURNEY_V6,Defactify_Midjourney_v6,Midjourney_v6,V5-A Spatial,0.9993,0.0007,0.9993,0.0007,AI,True
DEF_MIDJOURNEY_V6_074,DEF_MIDJOURNEY_V6_074_484e1596b9c9.jpg,AI,MIDJOURNEY_V6,Defactify_Midjourney_v6,Midjourney_v6,V5-B Frequency,0.857186,0.142814,0.857186,0.142814,AI,True
DEF_MIDJOURNEY_V6_074,DEF_MIDJOURNEY_V6_074_484e1596b9c9.jpg,AI,MIDJOURNEY_V6,Defactify_Midjourney_v6,Midjourney_v6,V5-C Hybrid,0.884434,0.115566,0.884434,0.115566,AI,True
DEF_MIDJOURNEY_V6_074,DEF_MIDJOURNEY_V6_074_484e1596b9c9.jpg,AI,MIDJOURNEY_V6,Defactify_Midjourney_v6,Midjourney_v6,V5-D Gated Residual,0.557845,0.442155,0.526406,0.473594,AI,True
DEF_MIDJOURNEY_V6_075,DEF_MIDJOURNEY_V6_075_e9a5623f4805.jpg,AI,MIDJOURNEY_V6,Defactify_Midjourney_v6,Midjourney_v6,V5-A Spatial,0.918845,0.081155,0.918845,0.081155,AI,True
DEF_MIDJOURNEY_V6_075,DEF_MIDJOURNEY_V6_075_e9a5623f4805.jpg,AI,MIDJOURNEY_V6,Defactify_Midjourney_v6,Midjourney_v6,V5-B Frequency,0.579603,0.420397,0.579603,0.420397,AI,True
DEF_MIDJOURNEY_V6_075,DEF_MIDJOURNEY_V6_075_e9a5623f4805.jpg,AI,MIDJOURNEY_V6,Defactify_Midjourney_v6,Midjourney_v6,V5-C Hybrid,0.007917,0.992083,0.007917,0.992083,REAL,False
DEF_MIDJOURNEY_V6_075,DEF_MIDJOURNEY_V6_075_e9a5623f4805.jpg,AI,MIDJOURNEY_V6,Defactify_Midjourney_v6,Midjourney_v6,V5-D Gated Residual,5.6e-05,0.999944,0.011469,0.988531,REAL,False
DEF_MIDJOURNEY_V6_076,DEF_MIDJOURNEY_V6_076_4c45a4380ff2.jpg,AI,MIDJOURNEY_V6,Defactify_Midjourney_v6,Midjourney_v6,V5-A Spatial,0.258485,0.741515,0.258485,0.741515,REAL,False
DEF_MIDJOURNEY_V6_076,DEF_MIDJOURNEY_V6_076_4c45a4380ff2.jpg,AI,MIDJOURNEY_V6,Defactify_Midjourney_v6,Midjourney_v6,V5-B Frequency,0.000163,0.999837,0.000163,0.999837,REAL,False
DEF_MIDJOURNEY_V6_076,DEF_MIDJOURNEY_V6_076_4c45a4380ff2.jpg,AI,MIDJOURNEY_V6,Defactify_Midjourney_v6,Midjourney_v6,V5-C Hybrid,1.6e-05,0.999985,1.6e-05,0.999985,REAL,False
DEF_MIDJOURNEY_V6_076,DEF_MIDJOURNEY_V6_076_4c45a4380ff2.jpg,AI,MIDJOURNEY_V6,Defactify_Midjourney_v6,Midjourney_v6,V5-D Gated Residual,0.000234,0.999766,0.02182,0.97818,REAL,False
DEF_MIDJOURNEY_V6_077,DEF_MIDJOURNEY_V6_077_f80cec85ab0c.jpg,AI,MIDJOURNEY_V6,Defactify_Midjourney_v6,Midjourney_v6,V5-A Spatial,0.044963,0.955037,0.044963,0.955037,REAL,False
DEF_MIDJOURNEY_V6_077,DEF_MIDJOURNEY_V6_077_f80cec85ab0c.jpg,AI,MIDJOURNEY_V6,Defactify_Midjourney_v6,Midjourney_v6,V5-B Frequency,0.03496,0.96504,0.03496,0.96504,REAL,False
DEF_MIDJOURNEY_V6_077,DEF_MIDJOURNEY_V6_077_f80cec85ab0c.jpg,AI,MIDJOURNEY_V6,Defactify_Midjourney_v6,Midjourney_v6,V5-C Hybrid,0.978501,0.021499,0.978501,0.021499,AI,True
DEF_MIDJOURNEY_V6_077,DEF_MIDJOURNEY_V6_077_f80cec85ab0c.jpg,AI,MIDJOURNEY_V6,Defactify_Midjourney_v6,Midjourney_v6,V5-D Gated Residual,0.10537,0.89463,0.274291,0.725709,REAL,False
DEF_MIDJOURNEY_V6_078,DEF_MIDJOURNEY_V6_078_a2dc33fce5ab.jpg,AI,MIDJOURNEY_V6,Defactify_Midjourney_v6,Midjourney_v6,V5-A Spatial,0.000983,0.999017,0.000983,0.999017,REAL,False
DEF_MIDJOURNEY_V6_078,DEF_MIDJOURNEY_V6_078_a2dc33fce5ab.jpg,AI,MIDJOURNEY_V6,Defactify_Midjourney_v6,Midjourney_v6,V5-B Frequency,4.1e-05,0.999959,4.1e-05,0.999959,REAL,False
DEF_MIDJOURNEY_V6_078,DEF_MIDJOURNEY_V6_078_a2dc33fce5ab.jpg,AI,MIDJOURNEY_V6,Defactify_Midjourney_v6,Midjourney_v6,V5-C Hybrid,0.0168,0.9832,0.0168,0.9832,REAL,False
DEF_MIDJOURNEY_V6_078,DEF_MIDJOURNEY_V6_078_a2dc33fce5ab.jpg,AI,MIDJOURNEY_V6,Defactify_Midjourney_v6,Midjourney_v6,V5-D Gated Residual,0.189537,0.810463,0.340526,0.659474,REAL,False
DEF_MIDJOURNEY_V6_079,DEF_MIDJOURNEY_V6_079_96fb89227e7f.jpg,AI,MIDJOURNEY_V6,Defactify_Midjourney_v6,Midjourney_v6,V5-A Spatial,0.92979,0.070209,0.92979,0.070209,AI,True
DEF_MIDJOURNEY_V6_079,DEF_MIDJOURNEY_V6_079_96fb89227e7f.jpg,AI,MIDJOURNEY_V6,Defactify_Midjourney_v6,Midjourney_v6,V5-B Frequency,0.441041,0.558959,0.441041,0.558959,REAL,False
DEF_MIDJOURNEY_V6_079,DEF_MIDJOURNEY_V6_079_96fb89227e7f.jpg,AI,MIDJOURNEY_V6,Defactify_Midjourney_v6,Midjourney_v6,V5-C Hybrid,0.999997,3e-06,0.999997,3e-06,AI,True
DEF_MIDJOURNEY_V6_079,DEF_MIDJOURNEY_V6_079_96fb89227e7f.jpg,AI,MIDJOURNEY_V6,Defactify_Midjourney_v6,Midjourney_v6,V5-D Gated Residual,0.999907,9.3e-05,0.985521,0.014479,AI,True
DEF_MIDJOURNEY_V6_080,DEF_MIDJOURNEY_V6_080_8f4274190440.jpg,AI,MIDJOURNEY_V6,Defactify_Midjourney_v6,Midjourney_v6,V5-A Spatial,0.988495,0.011505,0.988495,0.011505,AI,True
DEF_MIDJOURNEY_V6_080,DEF_MIDJOURNEY_V6_080_8f4274190440.jpg,AI,MIDJOURNEY_V6,Defactify_Midjourney_v6,Midjourney_v6,V5-B Frequency,0.662406,0.337594,0.662406,0.337594,AI,True
DEF_MIDJOURNEY_V6_080,DEF_MIDJOURNEY_V6_080_8f4274190440.jpg,AI,MIDJOURNEY_V6,Defactify_Midjourney_v6,Midjourney_v6,V5-C Hybrid,0.999971,2.9e-05,0.999971,2.9e-05,AI,True
DEF_MIDJOURNEY_V6_080,DEF_MIDJOURNEY_V6_080_8f4274190440.jpg,AI,MIDJOURNEY_V6,Defactify_Midjourney_v6,Midjourney_v6,V5-D Gated Residual,0.975852,0.024148,0.843256,0.156744,AI,True
DEF_MIDJOURNEY_V6_081,DEF_MIDJOURNEY_V6_081_ef64ef1d9691.jpg,AI,MIDJOURNEY_V6,Defactify_Midjourney_v6,Midjourney_v6,V5-A Spatial,0.999981,1.9e-05,0.999981,1.9e-05,AI,True
DEF_MIDJOURNEY_V6_081,DEF_MIDJOURNEY_V6_081_ef64ef1d9691.jpg,AI,MIDJOURNEY_V6,Defactify_Midjourney_v6,Midjourney_v6,V5-B Frequency,0.017186,0.982814,0.017186,0.982814,REAL,False
DEF_MIDJOURNEY_V6_081,DEF_MIDJOURNEY_V6_081_ef64ef1d9691.jpg,AI,MIDJOURNEY_V6,Defactify_Midjourney_v6,Midjourney_v6,V5-C Hybrid,0.999995,5e-06,0.999995,5e-06,AI,True
DEF_MIDJOURNEY_V6_081,DEF_MIDJOURNEY_V6_081_ef64ef1d9691.jpg,AI,MIDJOURNEY_V6,Defactify_Midjourney_v6,Midjourney_v6,V5-D Gated Residual,0.995641,0.004359,0.922045,0.077955,AI,True
DEF_MIDJOURNEY_V6_082,DEF_MIDJOURNEY_V6_082_76bc734a6844.jpg,AI,MIDJOURNEY_V6,Defactify_Midjourney_v6,Midjourney_v6,V5-A Spatial,0.991432,0.008568,0.991432,0.008568,AI,True
DEF_MIDJOURNEY_V6_082,DEF_MIDJOURNEY_V6_082_76bc734a6844.jpg,AI,MIDJOURNEY_V6,Defactify_Midjourney_v6,Midjourney_v6,V5-B Frequency,0.006175,0.993825,0.006175,0.993825,REAL,False
DEF_MIDJOURNEY_V6_082,DEF_MIDJOURNEY_V6_082_76bc734a6844.jpg,AI,MIDJOURNEY_V6,Defactify_Midjourney_v6,Midjourney_v6,V5-C Hybrid,1.0,0.0,1.0,0.0,AI,True
DEF_MIDJOURNEY_V6_082,DEF_MIDJOURNEY_V6_082_76bc734a6844.jpg,AI,MIDJOURNEY_V6,Defactify_Midjourney_v6,Midjourney_v6,V5-D Gated Residual,0.996723,0.003277,0.930909,0.069091,AI,True
DEF_MIDJOURNEY_V6_083,DEF_MIDJOURNEY_V6_083_a4013d89ba03.jpg,AI,MIDJOURNEY_V6,Defactify_Midjourney_v6,Midjourney_v6,V5-A Spatial,0.982682,0.017318,0.982682,0.017318,AI,True
DEF_MIDJOURNEY_V6_083,DEF_MIDJOURNEY_V6_083_a4013d89ba03.jpg,AI,MIDJOURNEY_V6,Defactify_Midjourney_v6,Midjourney_v6,V5-B Frequency,0.999416,0.000584,0.999416,0.000584,AI,True
DEF_MIDJOURNEY_V6_083,DEF_MIDJOURNEY_V6_083_a4013d89ba03.jpg,AI,MIDJOURNEY_V6,Defactify_Midjourney_v6,Midjourney_v6,V5-C Hybrid,0.958769,0.041231,0.958769,0.041231,AI,True
DEF_MIDJOURNEY_V6_083,DEF_MIDJOURNEY_V6_083_a4013d89ba03.jpg,AI,MIDJOURNEY_V6,Defactify_Midjourney_v6,Midjourney_v6,V5-D Gated Residual,0.945203,0.054797,0.785057,0.214943,AI,True
DEF_MIDJOURNEY_V6_084,DEF_MIDJOURNEY_V6_084_fc0b9e5d05db.jpg,AI,MIDJOURNEY_V6,Defactify_Midjourney_v6,Midjourney_v6,V5-A Spatial,0.998859,0.001141,0.998859,0.001141,AI,True
DEF_MIDJOURNEY_V6_084,DEF_MIDJOURNEY_V6_084_fc0b9e5d05db.jpg,AI,MIDJOURNEY_V6,Defactify_Midjourney_v6,Midjourney_v6,V5-B Frequency,0.26235,0.73765,0.26235,0.73765,REAL,False
DEF_MIDJOURNEY_V6_084,DEF_MIDJOURNEY_V6_084_fc0b9e5d05db.jpg,AI,MIDJOURNEY_V6,Defactify_Midjourney_v6,Midjourney_v6,V5-C Hybrid,0.999181,0.000818,0.999181,0.000818,AI,True
DEF_MIDJOURNEY_V6_084,DEF_MIDJOURNEY_V6_084_fc0b9e5d05db.jpg,AI,MIDJOURNEY_V6,Defactify_Midjourney_v6,Midjourney_v6,V5-D Gated Residual,0.994575,0.005425,0.914553,0.085447,AI,True
DEF_MIDJOURNEY_V6_085,DEF_MIDJOURNEY_V6_085_c92941fdf8d7.jpg,AI,MIDJOURNEY_V6,Defactify_Midjourney_v6,Midjourney_v6,V5-A Spatial,0.011741,0.988259,0.011741,0.988259,REAL,False
DEF_MIDJOURNEY_V6_085,DEF_MIDJOURNEY_V6_085_c92941fdf8d7.jpg,AI,MIDJOURNEY_V6,Defactify_Midjourney_v6,Midjourney_v6,V5-B Frequency,0.836009,0.163991,0.836009,0.163991,AI,True
DEF_MIDJOURNEY_V6_085,DEF_MIDJOURNEY_V6_085_c92941fdf8d7.jpg,AI,MIDJOURNEY_V6,Defactify_Midjourney_v6,Midjourney_v6,V5-C Hybrid,0.399459,0.600541,0.399459,0.600541,REAL,False
DEF_MIDJOURNEY_V6_085,DEF_MIDJOURNEY_V6_085_c92941fdf8d7.jpg,AI,MIDJOURNEY_V6,Defactify_Midjourney_v6,Midjourney_v6,V5-D Gated Residual,0.643024,0.356976,0.566529,0.433471,AI,True
DEF_MIDJOURNEY_V6_086,DEF_MIDJOURNEY_V6_086_45a7b9aff20c.jpg,AI,MIDJOURNEY_V6,Defactify_Midjourney_v6,Midjourney_v6,V5-A Spatial,0.998888,0.001112,0.998888,0.001112,AI,True
DEF_MIDJOURNEY_V6_086,DEF_MIDJOURNEY_V6_086_45a7b9aff20c.jpg,AI,MIDJOURNEY_V6,Defactify_Midjourney_v6,Midjourney_v6,V5-B Frequency,0.962647,0.037353,0.962647,0.037353,AI,True
DEF_MIDJOURNEY_V6_086,DEF_MIDJOURNEY_V6_086_45a7b9aff20c.jpg,AI,MIDJOURNEY_V6,Defactify_Midjourney_v6,Midjourney_v6,V5-C Hybrid,0.994941,0.005059,0.994941,0.005059,AI,True
DEF_MIDJOURNEY_V6_086,DEF_MIDJOURNEY_V6_086_45a7b9aff20c.jpg,AI,MIDJOURNEY_V6,Defactify_Midjourney_v6,Midjourney_v6,V5-D Gated Residual,0.988366,0.011634,0.882945,0.117055,AI,True
DEF_MIDJOURNEY_V6_087,DEF_MIDJOURNEY_V6_087_a6c28d2c7ba7.jpg,AI,MIDJOURNEY_V6,Defactify_Midjourney_v6,Midjourney_v6,V5-A Spatial,1.0,0.0,1.0,0.0,AI,True
DEF_MIDJOURNEY_V6_087,DEF_MIDJOURNEY_V6_087_a6c28d2c7ba7.jpg,AI,MIDJOURNEY_V6,Defactify_Midjourney_v6,Midjourney_v6,V5-B Frequency,0.99582,0.00418,0.99582,0.00418,AI,True
DEF_MIDJOURNEY_V6_087,DEF_MIDJOURNEY_V6_087_a6c28d2c7ba7.jpg,AI,MIDJOURNEY_V6,Defactify_Midjourney_v6,Midjourney_v6,V5-C Hybrid,1.0,0.0,1.0,0.0,AI,True
DEF_MIDJOURNEY_V6_087,DEF_MIDJOURNEY_V6_087_a6c28d2c7ba7.jpg,AI,MIDJOURNEY_V6,Defactify_Midjourney_v6,Midjourney_v6,V5-D Gated Residual,0.999949,5.1e-05,0.988976,0.011024,AI,True
DEF_MIDJOURNEY_V6_088,DEF_MIDJOURNEY_V6_088_751df694af7f.jpg,AI,MIDJOURNEY_V6,Defactify_Midjourney_v6,Midjourney_v6,V5-A Spatial,0.141747,0.858253,0.141747,0.858253,REAL,False
DEF_MIDJOURNEY_V6_088,DEF_MIDJOURNEY_V6_088_751df694af7f.jpg,AI,MIDJOURNEY_V6,Defactify_Midjourney_v6,Midjourney_v6,V5-B Frequency,0.000125,0.999875,0.000125,0.999875,REAL,False
DEF_MIDJOURNEY_V6_088,DEF_MIDJOURNEY_V6_088_751df694af7f.jpg,AI,MIDJOURNEY_V6,Defactify_Midjourney_v6,Midjourney_v6,V5-C Hybrid,0.994302,0.005698,0.994302,0.005698,AI,True
DEF_MIDJOURNEY_V6_088,DEF_MIDJOURNEY_V6_088_751df694af7f.jpg,AI,MIDJOURNEY_V6,Defactify_Midjourney_v6,Midjourney_v6,V5-D Gated Residual,0.996747,0.003253,0.93113,0.06887,AI,True
DEF_MIDJOURNEY_V6_089,DEF_MIDJOURNEY_V6_089_12f481b98c3e.jpg,AI,MIDJOURNEY_V6,Defactify_Midjourney_v6,Midjourney_v6,V5-A Spatial,0.998029,0.001971,0.998029,0.001971,AI,True
DEF_MIDJOURNEY_V6_089,DEF_MIDJOURNEY_V6_089_12f481b98c3e.jpg,AI,MIDJOURNEY_V6,Defactify_Midjourney_v6,Midjourney_v6,V5-B Frequency,0.213646,0.786354,0.213646,0.786354,REAL,False
DEF_MIDJOURNEY_V6_089,DEF_MIDJOURNEY_V6_089_12f481b98c3e.jpg,AI,MIDJOURNEY_V6,Defactify_Midjourney_v6,Midjourney_v6,V5-C Hybrid,0.95495,0.04505,0.95495,0.04505,AI,True
DEF_MIDJOURNEY_V6_089,DEF_MIDJOURNEY_V6_089_12f481b98c3e.jpg,AI,MIDJOURNEY_V6,Defactify_Midjourney_v6,Midjourney_v6,V5-D Gated Residual,0.995824,0.004176,0.923445,0.076555,AI,True
DEF_MIDJOURNEY_V6_090,DEF_MIDJOURNEY_V6_090_e652aa830e02.jpg,AI,MIDJOURNEY_V6,Defactify_Midjourney_v6,Midjourney_v6,V5-A Spatial,0.999356,0.000644,0.999356,0.000644,AI,True
DEF_MIDJOURNEY_V6_090,DEF_MIDJOURNEY_V6_090_e652aa830e02.jpg,AI,MIDJOURNEY_V6,Defactify_Midjourney_v6,Midjourney_v6,V5-B Frequency,0.463918,0.536082,0.463918,0.536082,REAL,False
DEF_MIDJOURNEY_V6_090,DEF_MIDJOURNEY_V6_090_e652aa830e02.jpg,AI,MIDJOURNEY_V6,Defactify_Midjourney_v6,Midjourney_v6,V5-C Hybrid,0.922827,0.077173,0.922827,0.077173,AI,True
DEF_MIDJOURNEY_V6_090,DEF_MIDJOURNEY_V6_090_e652aa830e02.jpg,AI,MIDJOURNEY_V6,Defactify_Midjourney_v6,Midjourney_v6,V5-D Gated Residual,0.989777,0.010223,0.888954,0.111046,AI,True
DEF_MIDJOURNEY_V6_091,DEF_MIDJOURNEY_V6_091_6c87310179b3.jpg,AI,MIDJOURNEY_V6,Defactify_Midjourney_v6,Midjourney_v6,V5-A Spatial,0.99949,0.00051,0.99949,0.00051,AI,True
DEF_MIDJOURNEY_V6_091,DEF_MIDJOURNEY_V6_091_6c87310179b3.jpg,AI,MIDJOURNEY_V6,Defactify_Midjourney_v6,Midjourney_v6,V5-B Frequency,0.548411,0.451589,0.548411,0.451589,AI,True
DEF_MIDJOURNEY_V6_091,DEF_MIDJOURNEY_V6_091_6c87310179b3.jpg,AI,MIDJOURNEY_V6,Defactify_Midjourney_v6,Midjourney_v6,V5-C Hybrid,0.966859,0.033141,0.966859,0.033141,AI,True
DEF_MIDJOURNEY_V6_091,DEF_MIDJOURNEY_V6_091_6c87310179b3.jpg,AI,MIDJOURNEY_V6,Defactify_Midjourney_v6,Midjourney_v6,V5-D Gated Residual,0.999644,0.000356,0.973703,0.026297,AI,True
DEF_MIDJOURNEY_V6_092,DEF_MIDJOURNEY_V6_092_358cd1310747.jpg,AI,MIDJOURNEY_V6,Defactify_Midjourney_v6,Midjourney_v6,V5-A Spatial,0.241449,0.758551,0.241449,0.758551,REAL,False
DEF_MIDJOURNEY_V6_092,DEF_MIDJOURNEY_V6_092_358cd1310747.jpg,AI,MIDJOURNEY_V6,Defactify_Midjourney_v6,Midjourney_v6,V5-B Frequency,0.11092,0.88908,0.11092,0.88908,REAL,False
DEF_MIDJOURNEY_V6_092,DEF_MIDJOURNEY_V6_092_358cd1310747.jpg,AI,MIDJOURNEY_V6,Defactify_Midjourney_v6,Midjourney_v6,V5-C Hybrid,0.000493,0.999507,0.000493,0.999507,REAL,False
DEF_MIDJOURNEY_V6_092,DEF_MIDJOURNEY_V6_092_358cd1310747.jpg,AI,MIDJOURNEY_V6,Defactify_Midjourney_v6,Midjourney_v6,V5-D Gated Residual,0.001061,0.998939,0.042496,0.957504,REAL,False
DEF_MIDJOURNEY_V6_093,DEF_MIDJOURNEY_V6_093_5bfc7261559a.jpg,AI,MIDJOURNEY_V6,Defactify_Midjourney_v6,Midjourney_v6,V5-A Spatial,0.009888,0.990112,0.009888,0.990112,REAL,False
DEF_MIDJOURNEY_V6_093,DEF_MIDJOURNEY_V6_093_5bfc7261559a.jpg,AI,MIDJOURNEY_V6,Defactify_Midjourney_v6,Midjourney_v6,V5-B Frequency,0.046612,0.953388,0.046612,0.953388,REAL,False
DEF_MIDJOURNEY_V6_093,DEF_MIDJOURNEY_V6_093_5bfc7261559a.jpg,AI,MIDJOURNEY_V6,Defactify_Midjourney_v6,Midjourney_v6,V5-C Hybrid,0.000411,0.999589,0.000411,0.999589,REAL,False
DEF_MIDJOURNEY_V6_093,DEF_MIDJOURNEY_V6_093_5bfc7261559a.jpg,AI,MIDJOURNEY_V6,Defactify_Midjourney_v6,Midjourney_v6,V5-D Gated Residual,0.00379,0.99621,0.073478,0.926522,REAL,False
DEF_MIDJOURNEY_V6_094,DEF_MIDJOURNEY_V6_094_3cae2ec829d0.jpg,AI,MIDJOURNEY_V6,Defactify_Midjourney_v6,Midjourney_v6,V5-A Spatial,0.996736,0.003264,0.996736,0.003264,AI,True
DEF_MIDJOURNEY_V6_094,DEF_MIDJOURNEY_V6_094_3cae2ec829d0.jpg,AI,MIDJOURNEY_V6,Defactify_Midjourney_v6,Midjourney_v6,V5-B Frequency,0.987839,0.012161,0.987839,0.012161,AI,True
DEF_MIDJOURNEY_V6_094,DEF_MIDJOURNEY_V6_094_3cae2ec829d0.jpg,AI,MIDJOURNEY_V6,Defactify_Midjourney_v6,Midjourney_v6,V5-C Hybrid,0.999775,0.000225,0.999775,0.000225,AI,True
DEF_MIDJOURNEY_V6_094,DEF_MIDJOURNEY_V6_094_3cae2ec829d0.jpg,AI,MIDJOURNEY_V6,Defactify_Midjourney_v6,Midjourney_v6,V5-D Gated Residual,0.984124,0.015876,0.867295,0.132705,AI,True
DEF_MIDJOURNEY_V6_095,DEF_MIDJOURNEY_V6_095_720418e8ee9d.jpg,AI,MIDJOURNEY_V6,Defactify_Midjourney_v6,Midjourney_v6,V5-A Spatial,0.946147,0.053853,0.946147,0.053853,AI,True
DEF_MIDJOURNEY_V6_095,DEF_MIDJOURNEY_V6_095_720418e8ee9d.jpg,AI,MIDJOURNEY_V6,Defactify_Midjourney_v6,Midjourney_v6,V5-B Frequency,0.408854,0.591146,0.408854,0.591146,REAL,False
DEF_MIDJOURNEY_V6_095,DEF_MIDJOURNEY_V6_095_720418e8ee9d.jpg,AI,MIDJOURNEY_V6,Defactify_Midjourney_v6,Midjourney_v6,V5-C Hybrid,0.184538,0.815462,0.184538,0.815462,REAL,False
DEF_MIDJOURNEY_V6_095,DEF_MIDJOURNEY_V6_095_720418e8ee9d.jpg,AI,MIDJOURNEY_V6,Defactify_Midjourney_v6,Midjourney_v6,V5-D Gated Residual,0.861619,0.138381,0.696753,0.303247,AI,True
DEF_MIDJOURNEY_V6_096,DEF_MIDJOURNEY_V6_096_3fe90983111d.jpg,AI,MIDJOURNEY_V6,Defactify_Midjourney_v6,Midjourney_v6,V5-A Spatial,0.997284,0.002716,0.997284,0.002716,AI,True
DEF_MIDJOURNEY_V6_096,DEF_MIDJOURNEY_V6_096_3fe90983111d.jpg,AI,MIDJOURNEY_V6,Defactify_Midjourney_v6,Midjourney_v6,V5-B Frequency,0.102306,0.897694,0.102306,0.897694,REAL,False
DEF_MIDJOURNEY_V6_096,DEF_MIDJOURNEY_V6_096_3fe90983111d.jpg,AI,MIDJOURNEY_V6,Defactify_Midjourney_v6,Midjourney_v6,V5-C Hybrid,0.645641,0.354359,0.645641,0.354359,AI,True
DEF_MIDJOURNEY_V6_096,DEF_MIDJOURNEY_V6_096_3fe90983111d.jpg,AI,MIDJOURNEY_V6,Defactify_Midjourney_v6,Midjourney_v6,V5-D Gated Residual,0.800734,0.199266,0.653098,0.346902,AI,True
DEF_MIDJOURNEY_V6_097,DEF_MIDJOURNEY_V6_097_8e61a9260f0c.jpg,AI,MIDJOURNEY_V6,Defactify_Midjourney_v6,Midjourney_v6,V5-A Spatial,0.071735,0.928265,0.071735,0.928265,REAL,False
DEF_MIDJOURNEY_V6_097,DEF_MIDJOURNEY_V6_097_8e61a9260f0c.jpg,AI,MIDJOURNEY_V6,Defactify_Midjourney_v6,Midjourney_v6,V5-B Frequency,0.0659,0.9341,0.0659,0.9341,REAL,False
DEF_MIDJOURNEY_V6_097,DEF_MIDJOURNEY_V6_097_8e61a9260f0c.jpg,AI,MIDJOURNEY_V6,Defactify_Midjourney_v6,Midjourney_v6,V5-C Hybrid,0.427412,0.572588,0.427412,0.572588,REAL,False
DEF_MIDJOURNEY_V6_097,DEF_MIDJOURNEY_V6_097_8e61a9260f0c.jpg,AI,MIDJOURNEY_V6,Defactify_Midjourney_v6,Midjourney_v6,V5-D Gated Residual,0.000271,0.999729,0.023289,0.976711,REAL,False
DEF_MIDJOURNEY_V6_098,DEF_MIDJOURNEY_V6_098_2a4c96fa454f.jpg,AI,MIDJOURNEY_V6,Defactify_Midjourney_v6,Midjourney_v6,V5-A Spatial,0.069532,0.930468,0.069532,0.930468,REAL,False
DEF_MIDJOURNEY_V6_098,DEF_MIDJOURNEY_V6_098_2a4c96fa454f.jpg,AI,MIDJOURNEY_V6,Defactify_Midjourney_v6,Midjourney_v6,V5-B Frequency,0.483138,0.516862,0.483138,0.516862,REAL,False
DEF_MIDJOURNEY_V6_098,DEF_MIDJOURNEY_V6_098_2a4c96fa454f.jpg,AI,MIDJOURNEY_V6,Defactify_Midjourney_v6,Midjourney_v6,V5-C Hybrid,0.001792,0.998208,0.001792,0.998208,REAL,False
DEF_MIDJOURNEY_V6_098,DEF_MIDJOURNEY_V6_098_2a4c96fa454f.jpg,AI,MIDJOURNEY_V6,Defactify_Midjourney_v6,Midjourney_v6,V5-D Gated Residual,0.00089,0.99911,0.039359,0.960641,REAL,False
DEF_MIDJOURNEY_V6_099,DEF_MIDJOURNEY_V6_099_952a5320532c.jpg,AI,MIDJOURNEY_V6,Defactify_Midjourney_v6,Midjourney_v6,V5-A Spatial,0.011266,0.988734,0.011266,0.988734,REAL,False
DEF_MIDJOURNEY_V6_099,DEF_MIDJOURNEY_V6_099_952a5320532c.jpg,AI,MIDJOURNEY_V6,Defactify_Midjourney_v6,Midjourney_v6,V5-B Frequency,5.8e-05,0.999942,5.8e-05,0.999942,REAL,False
DEF_MIDJOURNEY_V6_099,DEF_MIDJOURNEY_V6_099_952a5320532c.jpg,AI,MIDJOURNEY_V6,Defactify_Midjourney_v6,Midjourney_v6,V5-C Hybrid,0.070732,0.929268,0.070732,0.929268,REAL,False
DEF_MIDJOURNEY_V6_099,DEF_MIDJOURNEY_V6_099_952a5320532c.jpg,AI,MIDJOURNEY_V6,Defactify_Midjourney_v6,Midjourney_v6,V5-D Gated Residual,0.000486,0.999514,0.030175,0.969825,REAL,False
DEF_MIDJOURNEY_V6_100,DEF_MIDJOURNEY_V6_100_a13a2485bb27.jpg,AI,MIDJOURNEY_V6,Defactify_Midjourney_v6,Midjourney_v6,V5-A Spatial,0.998981,0.001019,0.998981,0.001019,AI,True
DEF_MIDJOURNEY_V6_100,DEF_MIDJOURNEY_V6_100_a13a2485bb27.jpg,AI,MIDJOURNEY_V6,Defactify_Midjourney_v6,Midjourney_v6,V5-B Frequency,0.145096,0.854904,0.145096,0.854904,REAL,False
DEF_MIDJOURNEY_V6_100,DEF_MIDJOURNEY_V6_100_a13a2485bb27.jpg,AI,MIDJOURNEY_V6,Defactify_Midjourney_v6,Midjourney_v6,V5-C Hybrid,0.994937,0.005063,0.994937,0.005063,AI,True
DEF_MIDJOURNEY_V6_100,DEF_MIDJOURNEY_V6_100_a13a2485bb27.jpg,AI,MIDJOURNEY_V6,Defactify_Midjourney_v6,Midjourney_v6,V5-D Gated Residual,0.967087,0.032913,0.823128,0.176872,AI,True
DEF_DALLE_3_001,DEF_DALLE_3_001_486c796667f9.jpg,AI,DALLE_3,Defactify_DALLE3,DALL-E_3,V5-A Spatial,0.998245,0.001755,0.998245,0.001755,AI,True
DEF_DALLE_3_001,DEF_DALLE_3_001_486c796667f9.jpg,AI,DALLE_3,Defactify_DALLE3,DALL-E_3,V5-B Frequency,0.998835,0.001165,0.998835,0.001165,AI,True
DEF_DALLE_3_001,DEF_DALLE_3_001_486c796667f9.jpg,AI,DALLE_3,Defactify_DALLE3,DALL-E_3,V5-C Hybrid,0.580032,0.419968,0.580032,0.419968,AI,True
DEF_DALLE_3_001,DEF_DALLE_3_001_486c796667f9.jpg,AI,DALLE_3,Defactify_DALLE3,DALL-E_3,V5-D Gated Residual,0.999982,1.8e-05,0.993147,0.006853,AI,True
DEF_DALLE_3_002,DEF_DALLE_3_002_0205a0bd44f3.jpg,AI,DALLE_3,Defactify_DALLE3,DALL-E_3,V5-A Spatial,0.907547,0.092453,0.907547,0.092453,AI,True
DEF_DALLE_3_002,DEF_DALLE_3_002_0205a0bd44f3.jpg,AI,DALLE_3,Defactify_DALLE3,DALL-E_3,V5-B Frequency,0.054526,0.945474,0.054526,0.945474,REAL,False
DEF_DALLE_3_002,DEF_DALLE_3_002_0205a0bd44f3.jpg,AI,DALLE_3,Defactify_DALLE3,DALL-E_3,V5-C Hybrid,0.999623,0.000377,0.999623,0.000377,AI,True
DEF_DALLE_3_002,DEF_DALLE_3_002_0205a0bd44f3.jpg,AI,DALLE_3,Defactify_DALLE3,DALL-E_3,V5-D Gated Residual,0.163936,0.836064,0.322763,0.677237,REAL,False
DEF_DALLE_3_003,DEF_DALLE_3_003_a4a557727d9e.jpg,AI,DALLE_3,Defactify_DALLE3,DALL-E_3,V5-A Spatial,0.218236,0.781764,0.218236,0.781764,REAL,False
DEF_DALLE_3_003,DEF_DALLE_3_003_a4a557727d9e.jpg,AI,DALLE_3,Defactify_DALLE3,DALL-E_3,V5-B Frequency,3e-06,0.999997,3e-06,0.999997,REAL,False
DEF_DALLE_3_003,DEF_DALLE_3_003_a4a557727d9e.jpg,AI,DALLE_3,Defactify_DALLE3,DALL-E_3,V5-C Hybrid,0.110174,0.889826,0.110174,0.889826,REAL,False
DEF_DALLE_3_003,DEF_DALLE_3_003_a4a557727d9e.jpg,AI,DALLE_3,Defactify_DALLE3,DALL-E_3,V5-D Gated Residual,8.6e-05,0.999914,0.013962,0.986038,REAL,False
DEF_DALLE_3_004,DEF_DALLE_3_004_9de401e1086c.jpg,AI,DALLE_3,Defactify_DALLE3,DALL-E_3,V5-A Spatial,0.336464,0.663536,0.336464,0.663536,REAL,False
DEF_DALLE_3_004,DEF_DALLE_3_004_9de401e1086c.jpg,AI,DALLE_3,Defactify_DALLE3,DALL-E_3,V5-B Frequency,2.1e-05,0.999979,2.1e-05,0.999979,REAL,False
DEF_DALLE_3_004,DEF_DALLE_3_004_9de401e1086c.jpg,AI,DALLE_3,Defactify_DALLE3,DALL-E_3,V5-C Hybrid,0.861789,0.138211,0.861789,0.138211,AI,True
DEF_DALLE_3_004,DEF_DALLE_3_004_9de401e1086c.jpg,AI,DALLE_3,Defactify_DALLE3,DALL-E_3,V5-D Gated Residual,0.000102,0.999898,0.015052,0.984948,REAL,False
DEF_DALLE_3_005,DEF_DALLE_3_005_e6575c871e15.jpg,AI,DALLE_3,Defactify_DALLE3,DALL-E_3,V5-A Spatial,1.0,0.0,1.0,0.0,AI,True
DEF_DALLE_3_005,DEF_DALLE_3_005_e6575c871e15.jpg,AI,DALLE_3,Defactify_DALLE3,DALL-E_3,V5-B Frequency,1.4e-05,0.999986,1.4e-05,0.999986,REAL,False
DEF_DALLE_3_005,DEF_DALLE_3_005_e6575c871e15.jpg,AI,DALLE_3,Defactify_DALLE3,DALL-E_3,V5-C Hybrid,1.0,0.0,1.0,0.0,AI,True
DEF_DALLE_3_005,DEF_DALLE_3_005_e6575c871e15.jpg,AI,DALLE_3,Defactify_DALLE3,DALL-E_3,V5-D Gated Residual,0.982181,0.017819,0.861028,0.138972,AI,True
DEF_DALLE_3_006,DEF_DALLE_3_006_994a957ca3ed.jpg,AI,DALLE_3,Defactify_DALLE3,DALL-E_3,V5-A Spatial,0.999855,0.000145,0.999855,0.000145,AI,True
DEF_DALLE_3_006,DEF_DALLE_3_006_994a957ca3ed.jpg,AI,DALLE_3,Defactify_DALLE3,DALL-E_3,V5-B Frequency,1.0,0.0,1.0,0.0,AI,True
DEF_DALLE_3_006,DEF_DALLE_3_006_994a957ca3ed.jpg,AI,DALLE_3,Defactify_DALLE3,DALL-E_3,V5-C Hybrid,0.999986,1.4e-05,0.999986,1.4e-05,AI,True
DEF_DALLE_3_006,DEF_DALLE_3_006_994a957ca3ed.jpg,AI,DALLE_3,Defactify_DALLE3,DALL-E_3,V5-D Gated Residual,0.999829,0.000171,0.981015,0.018985,AI,True
DEF_DALLE_3_007,DEF_DALLE_3_007_d05939f12d83.jpg,AI,DALLE_3,Defactify_DALLE3,DALL-E_3,V5-A Spatial,0.006367,0.993633,0.006367,0.993633,REAL,False
DEF_DALLE_3_007,DEF_DALLE_3_007_d05939f12d83.jpg,AI,DALLE_3,Defactify_DALLE3,DALL-E_3,V5-B Frequency,0.00075,0.99925,0.00075,0.99925,REAL,False
DEF_DALLE_3_007,DEF_DALLE_3_007_d05939f12d83.jpg,AI,DALLE_3,Defactify_DALLE3,DALL-E_3,V5-C Hybrid,5e-06,0.999995,5e-06,0.999995,REAL,False
DEF_DALLE_3_007,DEF_DALLE_3_007_d05939f12d83.jpg,AI,DALLE_3,Defactify_DALLE3,DALL-E_3,V5-D Gated Residual,0.000368,0.999632,0.026685,0.973315,REAL,False
DEF_DALLE_3_008,DEF_DALLE_3_008_d7bcd79775a4.jpg,AI,DALLE_3,Defactify_DALLE3,DALL-E_3,V5-A Spatial,1.0,0.0,1.0,0.0,AI,True
DEF_DALLE_3_008,DEF_DALLE_3_008_d7bcd79775a4.jpg,AI,DALLE_3,Defactify_DALLE3,DALL-E_3,V5-B Frequency,0.000535,0.999465,0.000535,0.999465,REAL,False
DEF_DALLE_3_008,DEF_DALLE_3_008_d7bcd79775a4.jpg,AI,DALLE_3,Defactify_DALLE3,DALL-E_3,V5-C Hybrid,1.0,0.0,1.0,0.0,AI,True
DEF_DALLE_3_008,DEF_DALLE_3_008_d7bcd79775a4.jpg,AI,DALLE_3,Defactify_DALLE3,DALL-E_3,V5-D Gated Residual,0.9997,0.0003,0.975628,0.024372,AI,True
DEF_DALLE_3_009,DEF_DALLE_3_009_9f828b3c1d14.jpg,AI,DALLE_3,Defactify_DALLE3,DALL-E_3,V5-A Spatial,0.908434,0.091566,0.908434,0.091566,AI,True
DEF_DALLE_3_009,DEF_DALLE_3_009_9f828b3c1d14.jpg,AI,DALLE_3,Defactify_DALLE3,DALL-E_3,V5-B Frequency,0.999721,0.000278,0.999721,0.000278,AI,True
DEF_DALLE_3_009,DEF_DALLE_3_009_9f828b3c1d14.jpg,AI,DALLE_3,Defactify_DALLE3,DALL-E_3,V5-C Hybrid,0.960675,0.039325,0.960675,0.039325,AI,True
DEF_DALLE_3_009,DEF_DALLE_3_009_9f828b3c1d14.jpg,AI,DALLE_3,Defactify_DALLE3,DALL-E_3,V5-D Gated Residual,0.818517,0.181483,0.664898,0.335102,AI,True
DEF_DALLE_3_010,DEF_DALLE_3_010_af567ce00cc9.jpg,AI,DALLE_3,Defactify_DALLE3,DALL-E_3,V5-A Spatial,0.999997,3e-06,0.999997,3e-06,AI,True
DEF_DALLE_3_010,DEF_DALLE_3_010_af567ce00cc9.jpg,AI,DALLE_3,Defactify_DALLE3,DALL-E_3,V5-B Frequency,0.724194,0.275806,0.724194,0.275806,AI,True
DEF_DALLE_3_010,DEF_DALLE_3_010_af567ce00cc9.jpg,AI,DALLE_3,Defactify_DALLE3,DALL-E_3,V5-C Hybrid,0.971658,0.028342,0.971658,0.028342,AI,True
DEF_DALLE_3_010,DEF_DALLE_3_010_af567ce00cc9.jpg,AI,DALLE_3,Defactify_DALLE3,DALL-E_3,V5-D Gated Residual,0.002192,0.997808,0.058181,0.941819,REAL,False
DEF_DALLE_3_011,DEF_DALLE_3_011_d857f7d13c09.jpg,AI,DALLE_3,Defactify_DALLE3,DALL-E_3,V5-A Spatial,1.0,0.0,1.0,0.0,AI,True
DEF_DALLE_3_011,DEF_DALLE_3_011_d857f7d13c09.jpg,AI,DALLE_3,Defactify_DALLE3,DALL-E_3,V5-B Frequency,0.016957,0.983043,0.016957,0.983043,REAL,False
DEF_DALLE_3_011,DEF_DALLE_3_011_d857f7d13c09.jpg,AI,DALLE_3,Defactify_DALLE3,DALL-E_3,V5-C Hybrid,0.995182,0.004818,0.995182,0.004818,AI,True
DEF_DALLE_3_011,DEF_DALLE_3_011_d857f7d13c09.jpg,AI,DALLE_3,Defactify_DALLE3,DALL-E_3,V5-D Gated Residual,0.056231,0.943769,0.217049,0.782951,REAL,False
DEF_DALLE_3_012,DEF_DALLE_3_012_a3d8d92ea15e.jpg,AI,DALLE_3,Defactify_DALLE3,DALL-E_3,V5-A Spatial,0.427678,0.572322,0.427678,0.572322,REAL,False
DEF_DALLE_3_012,DEF_DALLE_3_012_a3d8d92ea15e.jpg,AI,DALLE_3,Defactify_DALLE3,DALL-E_3,V5-B Frequency,0.006392,0.993608,0.006392,0.993608,REAL,False
DEF_DALLE_3_012,DEF_DALLE_3_012_a3d8d92ea15e.jpg,AI,DALLE_3,Defactify_DALLE3,DALL-E_3,V5-C Hybrid,0.0,1.0,0.0,1.0,REAL,False
DEF_DALLE_3_012,DEF_DALLE_3_012_a3d8d92ea15e.jpg,AI,DALLE_3,Defactify_DALLE3,DALL-E_3,V5-D Gated Residual,0.005763,0.994237,0.087636,0.912364,REAL,False
DEF_DALLE_3_013,DEF_DALLE_3_013_6d935d051410.jpg,AI,DALLE_3,Defactify_DALLE3,DALL-E_3,V5-A Spatial,1.1e-05,0.999989,1.1e-05,0.999989,REAL,False
DEF_DALLE_3_013,DEF_DALLE_3_013_6d935d051410.jpg,AI,DALLE_3,Defactify_DALLE3,DALL-E_3,V5-B Frequency,0.063383,0.936617,0.063383,0.936617,REAL,False
DEF_DALLE_3_013,DEF_DALLE_3_013_6d935d051410.jpg,AI,DALLE_3,Defactify_DALLE3,DALL-E_3,V5-C Hybrid,0.0,1.0,0.0,1.0,REAL,False
DEF_DALLE_3_013,DEF_DALLE_3_013_6d935d051410.jpg,AI,DALLE_3,Defactify_DALLE3,DALL-E_3,V5-D Gated Residual,0.000486,0.999514,0.030183,0.969817,REAL,False
DEF_DALLE_3_014,DEF_DALLE_3_014_9b9be02cb0ad.jpg,AI,DALLE_3,Defactify_DALLE3,DALL-E_3,V5-A Spatial,1.0,0.0,1.0,0.0,AI,True
DEF_DALLE_3_014,DEF_DALLE_3_014_9b9be02cb0ad.jpg,AI,DALLE_3,Defactify_DALLE3,DALL-E_3,V5-B Frequency,0.999392,0.000608,0.999392,0.000608,AI,True
DEF_DALLE_3_014,DEF_DALLE_3_014_9b9be02cb0ad.jpg,AI,DALLE_3,Defactify_DALLE3,DALL-E_3,V5-C Hybrid,0.999957,4.3e-05,0.999957,4.3e-05,AI,True
DEF_DALLE_3_014,DEF_DALLE_3_014_9b9be02cb0ad.jpg,AI,DALLE_3,Defactify_DALLE3,DALL-E_3,V5-D Gated Residual,1.0,0.0,0.999593,0.000407,AI,True
DEF_DALLE_3_015,DEF_DALLE_3_015_d5a1589cff96.jpg,AI,DALLE_3,Defactify_DALLE3,DALL-E_3,V5-A Spatial,0.996799,0.003201,0.996799,0.003201,AI,True
DEF_DALLE_3_015,DEF_DALLE_3_015_d5a1589cff96.jpg,AI,DALLE_3,Defactify_DALLE3,DALL-E_3,V5-B Frequency,0.347509,0.652491,0.347509,0.652491,REAL,False
DEF_DALLE_3_015,DEF_DALLE_3_015_d5a1589cff96.jpg,AI,DALLE_3,Defactify_DALLE3,DALL-E_3,V5-C Hybrid,0.999998,2e-06,0.999998,2e-06,AI,True
DEF_DALLE_3_015,DEF_DALLE_3_015_d5a1589cff96.jpg,AI,DALLE_3,Defactify_DALLE3,DALL-E_3,V5-D Gated Residual,0.999971,2.9e-05,0.991397,0.008603,AI,True
DEF_DALLE_3_016,DEF_DALLE_3_016_24754a687060.jpg,AI,DALLE_3,Defactify_DALLE3,DALL-E_3,V5-A Spatial,0.000772,0.999228,0.000772,0.999228,REAL,False
DEF_DALLE_3_016,DEF_DALLE_3_016_24754a687060.jpg,AI,DALLE_3,Defactify_DALLE3,DALL-E_3,V5-B Frequency,0.010194,0.989806,0.010194,0.989806,REAL,False
DEF_DALLE_3_016,DEF_DALLE_3_016_24754a687060.jpg,AI,DALLE_3,Defactify_DALLE3,DALL-E_3,V5-C Hybrid,0.999999,1e-06,0.999999,1e-06,AI,True
DEF_DALLE_3_016,DEF_DALLE_3_016_24754a687060.jpg,AI,DALLE_3,Defactify_DALLE3,DALL-E_3,V5-D Gated Residual,0.881439,0.118561,0.713521,0.286479,AI,True
DEF_DALLE_3_017,DEF_DALLE_3_017_1f63bd21777b.jpg,AI,DALLE_3,Defactify_DALLE3,DALL-E_3,V5-A Spatial,0.845363,0.154637,0.845363,0.154637,AI,True
DEF_DALLE_3_017,DEF_DALLE_3_017_1f63bd21777b.jpg,AI,DALLE_3,Defactify_DALLE3,DALL-E_3,V5-B Frequency,0.858202,0.141798,0.858202,0.141798,AI,True
DEF_DALLE_3_017,DEF_DALLE_3_017_1f63bd21777b.jpg,AI,DALLE_3,Defactify_DALLE3,DALL-E_3,V5-C Hybrid,0.002163,0.997837,0.002163,0.997837,REAL,False
DEF_DALLE_3_017,DEF_DALLE_3_017_1f63bd21777b.jpg,AI,DALLE_3,Defactify_DALLE3,DALL-E_3,V5-D Gated Residual,0.115223,0.884777,0.283482,0.716518,REAL,False
DEF_DALLE_3_018,DEF_DALLE_3_018_700aba0f658f.jpg,AI,DALLE_3,Defactify_DALLE3,DALL-E_3,V5-A Spatial,0.029947,0.970053,0.029947,0.970053,REAL,False
DEF_DALLE_3_018,DEF_DALLE_3_018_700aba0f658f.jpg,AI,DALLE_3,Defactify_DALLE3,DALL-E_3,V5-B Frequency,0.068963,0.931037,0.068963,0.931037,REAL,False
DEF_DALLE_3_018,DEF_DALLE_3_018_700aba0f658f.jpg,AI,DALLE_3,Defactify_DALLE3,DALL-E_3,V5-C Hybrid,0.950072,0.049928,0.950072,0.049928,AI,True
DEF_DALLE_3_018,DEF_DALLE_3_018_700aba0f658f.jpg,AI,DALLE_3,Defactify_DALLE3,DALL-E_3,V5-D Gated Residual,0.003144,0.996856,0.06788,0.93212,REAL,False
DEF_DALLE_3_019,DEF_DALLE_3_019_23813a93221f.jpg,AI,DALLE_3,Defactify_DALLE3,DALL-E_3,V5-A Spatial,0.999988,1.2e-05,0.999988,1.2e-05,AI,True
DEF_DALLE_3_019,DEF_DALLE_3_019_23813a93221f.jpg,AI,DALLE_3,Defactify_DALLE3,DALL-E_3,V5-B Frequency,0.000147,0.999853,0.000147,0.999853,REAL,False
DEF_DALLE_3_019,DEF_DALLE_3_019_23813a93221f.jpg,AI,DALLE_3,Defactify_DALLE3,DALL-E_3,V5-C Hybrid,0.207744,0.792256,0.207744,0.792256,REAL,False
DEF_DALLE_3_019,DEF_DALLE_3_019_23813a93221f.jpg,AI,DALLE_3,Defactify_DALLE3,DALL-E_3,V5-D Gated Residual,0.231917,0.768083,0.367089,0.632911,REAL,False
DEF_DALLE_3_020,DEF_DALLE_3_020_74da1dc1312d.jpg,AI,DALLE_3,Defactify_DALLE3,DALL-E_3,V5-A Spatial,0.996879,0.003121,0.996879,0.003121,AI,True
DEF_DALLE_3_020,DEF_DALLE_3_020_74da1dc1312d.jpg,AI,DALLE_3,Defactify_DALLE3,DALL-E_3,V5-B Frequency,0.99991,9e-05,0.99991,9e-05,AI,True
DEF_DALLE_3_020,DEF_DALLE_3_020_74da1dc1312d.jpg,AI,DALLE_3,Defactify_DALLE3,DALL-E_3,V5-C Hybrid,0.999986,1.4e-05,0.999986,1.4e-05,AI,True
DEF_DALLE_3_020,DEF_DALLE_3_020_74da1dc1312d.jpg,AI,DALLE_3,Defactify_DALLE3,DALL-E_3,V5-D Gated Residual,0.837119,0.162881,0.678004,0.321996,AI,True
DEF_DALLE_3_021,DEF_DALLE_3_021_678a4efd1410.jpg,AI,DALLE_3,Defactify_DALLE3,DALL-E_3,V5-A Spatial,0.0,1.0,0.0,1.0,REAL,False
DEF_DALLE_3_021,DEF_DALLE_3_021_678a4efd1410.jpg,AI,DALLE_3,Defactify_DALLE3,DALL-E_3,V5-B Frequency,0.291295,0.708705,0.291295,0.708705,REAL,False
DEF_DALLE_3_021,DEF_DALLE_3_021_678a4efd1410.jpg,AI,DALLE_3,Defactify_DALLE3,DALL-E_3,V5-C Hybrid,0.0,1.0,0.0,1.0,REAL,False
DEF_DALLE_3_021,DEF_DALLE_3_021_678a4efd1410.jpg,AI,DALLE_3,Defactify_DALLE3,DALL-E_3,V5-D Gated Residual,0.000365,0.999635,0.02658,0.97342,REAL,False
DEF_DALLE_3_022,DEF_DALLE_3_022_de08d7106e8b.jpg,AI,DALLE_3,Defactify_DALLE3,DALL-E_3,V5-A Spatial,0.949495,0.050505,0.949495,0.050505,AI,True
DEF_DALLE_3_022,DEF_DALLE_3_022_de08d7106e8b.jpg,AI,DALLE_3,Defactify_DALLE3,DALL-E_3,V5-B Frequency,0.000198,0.999802,0.000198,0.999802,REAL,False
DEF_DALLE_3_022,DEF_DALLE_3_022_de08d7106e8b.jpg,AI,DALLE_3,Defactify_DALLE3,DALL-E_3,V5-C Hybrid,0.519717,0.480283,0.519717,0.480283,AI,True
DEF_DALLE_3_022,DEF_DALLE_3_022_de08d7106e8b.jpg,AI,DALLE_3,Defactify_DALLE3,DALL-E_3,V5-D Gated Residual,0.000353,0.999647,0.026178,0.973822,REAL,False
DEF_DALLE_3_023,DEF_DALLE_3_023_9fba48105620.jpg,AI,DALLE_3,Defactify_DALLE3,DALL-E_3,V5-A Spatial,0.014167,0.985833,0.014167,0.985833,REAL,False
DEF_DALLE_3_023,DEF_DALLE_3_023_9fba48105620.jpg,AI,DALLE_3,Defactify_DALLE3,DALL-E_3,V5-B Frequency,0.00386,0.99614,0.00386,0.99614,REAL,False
DEF_DALLE_3_023,DEF_DALLE_3_023_9fba48105620.jpg,AI,DALLE_3,Defactify_DALLE3,DALL-E_3,V5-C Hybrid,0.619914,0.380085,0.619914,0.380085,AI,True
DEF_DALLE_3_023,DEF_DALLE_3_023_9fba48105620.jpg,AI,DALLE_3,Defactify_DALLE3,DALL-E_3,V5-D Gated Residual,0.016001,0.983999,0.133122,0.866878,REAL,False
DEF_DALLE_3_024,DEF_DALLE_3_024_897a2f221d06.jpg,AI,DALLE_3,Defactify_DALLE3,DALL-E_3,V5-A Spatial,0.996062,0.003938,0.996062,0.003938,AI,True
DEF_DALLE_3_024,DEF_DALLE_3_024_897a2f221d06.jpg,AI,DALLE_3,Defactify_DALLE3,DALL-E_3,V5-B Frequency,0.010284,0.989716,0.010284,0.989716,REAL,False
DEF_DALLE_3_024,DEF_DALLE_3_024_897a2f221d06.jpg,AI,DALLE_3,Defactify_DALLE3,DALL-E_3,V5-C Hybrid,0.013712,0.986288,0.013712,0.986288,REAL,False
DEF_DALLE_3_024,DEF_DALLE_3_024_897a2f221d06.jpg,AI,DALLE_3,Defactify_DALLE3,DALL-E_3,V5-D Gated Residual,0.080943,0.919057,0.248771,0.751229,REAL,False
DEF_DALLE_3_025,DEF_DALLE_3_025_02693ab27af8.jpg,AI,DALLE_3,Defactify_DALLE3,DALL-E_3,V5-A Spatial,0.984837,0.015163,0.984837,0.015163,AI,True
DEF_DALLE_3_025,DEF_DALLE_3_025_02693ab27af8.jpg,AI,DALLE_3,Defactify_DALLE3,DALL-E_3,V5-B Frequency,0.683439,0.316561,0.683439,0.316561,AI,True
DEF_DALLE_3_025,DEF_DALLE_3_025_02693ab27af8.jpg,AI,DALLE_3,Defactify_DALLE3,DALL-E_3,V5-C Hybrid,0.001038,0.998962,0.001038,0.998962,REAL,False
DEF_DALLE_3_025,DEF_DALLE_3_025_02693ab27af8.jpg,AI,DALLE_3,Defactify_DALLE3,DALL-E_3,V5-D Gated Residual,0.080731,0.919269,0.248529,0.751471,REAL,False
DEF_DALLE_3_026,DEF_DALLE_3_026_9002be584dfd.jpg,AI,DALLE_3,Defactify_DALLE3,DALL-E_3,V5-A Spatial,0.706711,0.293289,0.706711,0.293289,AI,True
DEF_DALLE_3_026,DEF_DALLE_3_026_9002be584dfd.jpg,AI,DALLE_3,Defactify_DALLE3,DALL-E_3,V5-B Frequency,0.120845,0.879155,0.120845,0.879155,REAL,False
DEF_DALLE_3_026,DEF_DALLE_3_026_9002be584dfd.jpg,AI,DALLE_3,Defactify_DALLE3,DALL-E_3,V5-C Hybrid,0.101068,0.898932,0.101068,0.898932,REAL,False
DEF_DALLE_3_026,DEF_DALLE_3_026_9002be584dfd.jpg,AI,DALLE_3,Defactify_DALLE3,DALL-E_3,V5-D Gated Residual,0.013051,0.986949,0.122637,0.877363,REAL,False
DEF_DALLE_3_027,DEF_DALLE_3_027_30df9fd14ca6.jpg,AI,DALLE_3,Defactify_DALLE3,DALL-E_3,V5-A Spatial,0.978798,0.021202,0.978798,0.021202,AI,True
DEF_DALLE_3_027,DEF_DALLE_3_027_30df9fd14ca6.jpg,AI,DALLE_3,Defactify_DALLE3,DALL-E_3,V5-B Frequency,0.323141,0.676859,0.323141,0.676859,REAL,False
DEF_DALLE_3_027,DEF_DALLE_3_027_30df9fd14ca6.jpg,AI,DALLE_3,Defactify_DALLE3,DALL-E_3,V5-C Hybrid,0.008608,0.991392,0.008608,0.991392,REAL,False
DEF_DALLE_3_027,DEF_DALLE_3_027_30df9fd14ca6.jpg,AI,DALLE_3,Defactify_DALLE3,DALL-E_3,V5-D Gated Residual,0.008187,0.991813,0.101374,0.898626,REAL,False
DEF_DALLE_3_028,DEF_DALLE_3_028_7797c934d04f.jpg,AI,DALLE_3,Defactify_DALLE3,DALL-E_3,V5-A Spatial,0.999933,6.7e-05,0.999933,6.7e-05,AI,True
DEF_DALLE_3_028,DEF_DALLE_3_028_7797c934d04f.jpg,AI,DALLE_3,Defactify_DALLE3,DALL-E_3,V5-B Frequency,0.035991,0.964009,0.035991,0.964009,REAL,False
DEF_DALLE_3_028,DEF_DALLE_3_028_7797c934d04f.jpg,AI,DALLE_3,Defactify_DALLE3,DALL-E_3,V5-C Hybrid,0.114578,0.885422,0.114578,0.885422,REAL,False
DEF_DALLE_3_028,DEF_DALLE_3_028_7797c934d04f.jpg,AI,DALLE_3,Defactify_DALLE3,DALL-E_3,V5-D Gated Residual,0.049651,0.950349,0.207064,0.792936,REAL,False
DEF_DALLE_3_029,DEF_DALLE_3_029_f0d169b82e8b.jpg,AI,DALLE_3,Defactify_DALLE3,DALL-E_3,V5-A Spatial,0.036383,0.963617,0.036383,0.963617,REAL,False
DEF_DALLE_3_029,DEF_DALLE_3_029_f0d169b82e8b.jpg,AI,DALLE_3,Defactify_DALLE3,DALL-E_3,V5-B Frequency,0.623987,0.376013,0.623987,0.376013,AI,True
DEF_DALLE_3_029,DEF_DALLE_3_029_f0d169b82e8b.jpg,AI,DALLE_3,Defactify_DALLE3,DALL-E_3,V5-C Hybrid,0.623881,0.376119,0.623881,0.376119,AI,True
DEF_DALLE_3_029,DEF_DALLE_3_029_f0d169b82e8b.jpg,AI,DALLE_3,Defactify_DALLE3,DALL-E_3,V5-D Gated Residual,0.252324,0.747676,0.378925,0.621075,REAL,False
DEF_DALLE_3_030,DEF_DALLE_3_030_9792080e9dcf.jpg,AI,DALLE_3,Defactify_DALLE3,DALL-E_3,V5-A Spatial,0.999487,0.000513,0.999487,0.000513,AI,True
DEF_DALLE_3_030,DEF_DALLE_3_030_9792080e9dcf.jpg,AI,DALLE_3,Defactify_DALLE3,DALL-E_3,V5-B Frequency,0.440968,0.559032,0.440968,0.559032,REAL,False
DEF_DALLE_3_030,DEF_DALLE_3_030_9792080e9dcf.jpg,AI,DALLE_3,Defactify_DALLE3,DALL-E_3,V5-C Hybrid,0.999672,0.000328,0.999672,0.000328,AI,True
DEF_DALLE_3_030,DEF_DALLE_3_030_9792080e9dcf.jpg,AI,DALLE_3,Defactify_DALLE3,DALL-E_3,V5-D Gated Residual,0.008614,0.991386,0.10352,0.89648,REAL,False
DEF_DALLE_3_031,DEF_DALLE_3_031_1082236a8112.jpg,AI,DALLE_3,Defactify_DALLE3,DALL-E_3,V5-A Spatial,0.996673,0.003327,0.996673,0.003327,AI,True
DEF_DALLE_3_031,DEF_DALLE_3_031_1082236a8112.jpg,AI,DALLE_3,Defactify_DALLE3,DALL-E_3,V5-B Frequency,6e-06,0.999994,6e-06,0.999994,REAL,False
DEF_DALLE_3_031,DEF_DALLE_3_031_1082236a8112.jpg,AI,DALLE_3,Defactify_DALLE3,DALL-E_3,V5-C Hybrid,0.995531,0.004469,0.995531,0.004469,AI,True
DEF_DALLE_3_031,DEF_DALLE_3_031_1082236a8112.jpg,AI,DALLE_3,Defactify_DALLE3,DALL-E_3,V5-D Gated Residual,0.004109,0.995891,0.076033,0.923967,REAL,False
DEF_DALLE_3_032,DEF_DALLE_3_032_8758d9e51844.jpg,AI,DALLE_3,Defactify_DALLE3,DALL-E_3,V5-A Spatial,1.0,0.0,1.0,0.0,AI,True
DEF_DALLE_3_032,DEF_DALLE_3_032_8758d9e51844.jpg,AI,DALLE_3,Defactify_DALLE3,DALL-E_3,V5-B Frequency,0.994874,0.005126,0.994874,0.005126,AI,True
DEF_DALLE_3_032,DEF_DALLE_3_032_8758d9e51844.jpg,AI,DALLE_3,Defactify_DALLE3,DALL-E_3,V5-C Hybrid,0.999968,3.2e-05,0.999968,3.2e-05,AI,True
DEF_DALLE_3_032,DEF_DALLE_3_032_8758d9e51844.jpg,AI,DALLE_3,Defactify_DALLE3,DALL-E_3,V5-D Gated Residual,0.999913,8.7e-05,0.985955,0.014045,AI,True
DEF_DALLE_3_033,DEF_DALLE_3_033_dbf4a7890ca4.jpg,AI,DALLE_3,Defactify_DALLE3,DALL-E_3,V5-A Spatial,0.999251,0.000749,0.999251,0.000749,AI,True
DEF_DALLE_3_033,DEF_DALLE_3_033_dbf4a7890ca4.jpg,AI,DALLE_3,Defactify_DALLE3,DALL-E_3,V5-B Frequency,0.041697,0.958303,0.041697,0.958303,REAL,False
DEF_DALLE_3_033,DEF_DALLE_3_033_dbf4a7890ca4.jpg,AI,DALLE_3,Defactify_DALLE3,DALL-E_3,V5-C Hybrid,0.999783,0.000217,0.999783,0.000217,AI,True
DEF_DALLE_3_033,DEF_DALLE_3_033_dbf4a7890ca4.jpg,AI,DALLE_3,Defactify_DALLE3,DALL-E_3,V5-D Gated Residual,0.754463,0.245537,0.624954,0.375046,AI,True
DEF_DALLE_3_034,DEF_DALLE_3_034_7ae7e394c882.jpg,AI,DALLE_3,Defactify_DALLE3,DALL-E_3,V5-A Spatial,0.99995,5e-05,0.99995,5e-05,AI,True
DEF_DALLE_3_034,DEF_DALLE_3_034_7ae7e394c882.jpg,AI,DALLE_3,Defactify_DALLE3,DALL-E_3,V5-B Frequency,0.002634,0.997366,0.002634,0.997366,REAL,False
DEF_DALLE_3_034,DEF_DALLE_3_034_7ae7e394c882.jpg,AI,DALLE_3,Defactify_DALLE3,DALL-E_3,V5-C Hybrid,0.000199,0.999801,0.000199,0.999801,REAL,False
DEF_DALLE_3_034,DEF_DALLE_3_034_7ae7e394c882.jpg,AI,DALLE_3,Defactify_DALLE3,DALL-E_3,V5-D Gated Residual,0.001265,0.998735,0.045891,0.954109,REAL,False
DEF_DALLE_3_035,DEF_DALLE_3_035_71e33652d411.jpg,AI,DALLE_3,Defactify_DALLE3,DALL-E_3,V5-A Spatial,0.999029,0.000971,0.999029,0.000971,AI,True
DEF_DALLE_3_035,DEF_DALLE_3_035_71e33652d411.jpg,AI,DALLE_3,Defactify_DALLE3,DALL-E_3,V5-B Frequency,0.011387,0.988613,0.011387,0.988613,REAL,False
DEF_DALLE_3_035,DEF_DALLE_3_035_71e33652d411.jpg,AI,DALLE_3,Defactify_DALLE3,DALL-E_3,V5-C Hybrid,0.999995,5e-06,0.999995,5e-06,AI,True
DEF_DALLE_3_035,DEF_DALLE_3_035_71e33652d411.jpg,AI,DALLE_3,Defactify_DALLE3,DALL-E_3,V5-D Gated Residual,0.989807,0.010193,0.889088,0.110912,AI,True
DEF_DALLE_3_036,DEF_DALLE_3_036_2d30746d1c88.jpg,AI,DALLE_3,Defactify_DALLE3,DALL-E_3,V5-A Spatial,1.0,0.0,1.0,0.0,AI,True
DEF_DALLE_3_036,DEF_DALLE_3_036_2d30746d1c88.jpg,AI,DALLE_3,Defactify_DALLE3,DALL-E_3,V5-B Frequency,0.252502,0.747498,0.252502,0.747498,REAL,False
DEF_DALLE_3_036,DEF_DALLE_3_036_2d30746d1c88.jpg,AI,DALLE_3,Defactify_DALLE3,DALL-E_3,V5-C Hybrid,0.998187,0.001813,0.998187,0.001813,AI,True
DEF_DALLE_3_036,DEF_DALLE_3_036_2d30746d1c88.jpg,AI,DALLE_3,Defactify_DALLE3,DALL-E_3,V5-D Gated Residual,0.998646,0.001354,0.952743,0.047257,AI,True
DEF_DALLE_3_037,DEF_DALLE_3_037_149b12aa073b.jpg,AI,DALLE_3,Defactify_DALLE3,DALL-E_3,V5-A Spatial,0.904197,0.095803,0.904197,0.095803,AI,True
DEF_DALLE_3_037,DEF_DALLE_3_037_149b12aa073b.jpg,AI,DALLE_3,Defactify_DALLE3,DALL-E_3,V5-B Frequency,5.7e-05,0.999943,5.7e-05,0.999943,REAL,False
DEF_DALLE_3_037,DEF_DALLE_3_037_149b12aa073b.jpg,AI,DALLE_3,Defactify_DALLE3,DALL-E_3,V5-C Hybrid,0.001545,0.998455,0.001545,0.998455,REAL,False
DEF_DALLE_3_037,DEF_DALLE_3_037_149b12aa073b.jpg,AI,DALLE_3,Defactify_DALLE3,DALL-E_3,V5-D Gated Residual,0.000256,0.999744,0.022725,0.977275,REAL,False
DEF_DALLE_3_038,DEF_DALLE_3_038_ed2dc845b42d.jpg,AI,DALLE_3,Defactify_DALLE3,DALL-E_3,V5-A Spatial,0.994216,0.005784,0.994216,0.005784,AI,True
DEF_DALLE_3_038,DEF_DALLE_3_038_ed2dc845b42d.jpg,AI,DALLE_3,Defactify_DALLE3,DALL-E_3,V5-B Frequency,9e-06,0.999991,9e-06,0.999991,REAL,False
DEF_DALLE_3_038,DEF_DALLE_3_038_ed2dc845b42d.jpg,AI,DALLE_3,Defactify_DALLE3,DALL-E_3,V5-C Hybrid,0.001099,0.998901,0.001099,0.998901,REAL,False
DEF_DALLE_3_038,DEF_DALLE_3_038_ed2dc845b42d.jpg,AI,DALLE_3,Defactify_DALLE3,DALL-E_3,V5-D Gated Residual,0.000214,0.999786,0.020968,0.979032,REAL,False
DEF_DALLE_3_039,DEF_DALLE_3_039_724c17423d6e.jpg,AI,DALLE_3,Defactify_DALLE3,DALL-E_3,V5-A Spatial,0.997003,0.002997,0.997003,0.002997,AI,True
DEF_DALLE_3_039,DEF_DALLE_3_039_724c17423d6e.jpg,AI,DALLE_3,Defactify_DALLE3,DALL-E_3,V5-B Frequency,7.1e-05,0.999929,7.1e-05,0.999929,REAL,False
DEF_DALLE_3_039,DEF_DALLE_3_039_724c17423d6e.jpg,AI,DALLE_3,Defactify_DALLE3,DALL-E_3,V5-C Hybrid,0.057708,0.942292,0.057708,0.942292,REAL,False
DEF_DALLE_3_039,DEF_DALLE_3_039_724c17423d6e.jpg,AI,DALLE_3,Defactify_DALLE3,DALL-E_3,V5-D Gated Residual,0.027198,0.972802,0.164226,0.835774,REAL,False
DEF_DALLE_3_040,DEF_DALLE_3_040_841ee3506e4a.jpg,AI,DALLE_3,Defactify_DALLE3,DALL-E_3,V5-A Spatial,1.0,0.0,1.0,0.0,AI,True
DEF_DALLE_3_040,DEF_DALLE_3_040_841ee3506e4a.jpg,AI,DALLE_3,Defactify_DALLE3,DALL-E_3,V5-B Frequency,0.918897,0.081103,0.918897,0.081103,AI,True
DEF_DALLE_3_040,DEF_DALLE_3_040_841ee3506e4a.jpg,AI,DALLE_3,Defactify_DALLE3,DALL-E_3,V5-C Hybrid,0.999999,1e-06,0.999999,1e-06,AI,True
DEF_DALLE_3_040,DEF_DALLE_3_040_841ee3506e4a.jpg,AI,DALLE_3,Defactify_DALLE3,DALL-E_3,V5-D Gated Residual,0.999789,0.000211,0.979174,0.020826,AI,True
DEF_DALLE_3_041,DEF_DALLE_3_041_c951bc300e47.jpg,AI,DALLE_3,Defactify_DALLE3,DALL-E_3,V5-A Spatial,0.999892,0.000108,0.999892,0.000108,AI,True
DEF_DALLE_3_041,DEF_DALLE_3_041_c951bc300e47.jpg,AI,DALLE_3,Defactify_DALLE3,DALL-E_3,V5-B Frequency,0.905025,0.094975,0.905025,0.094975,AI,True
DEF_DALLE_3_041,DEF_DALLE_3_041_c951bc300e47.jpg,AI,DALLE_3,Defactify_DALLE3,DALL-E_3,V5-C Hybrid,0.999729,0.00027,0.999729,0.00027,AI,True
DEF_DALLE_3_041,DEF_DALLE_3_041_c951bc300e47.jpg,AI,DALLE_3,Defactify_DALLE3,DALL-E_3,V5-D Gated Residual,0.999838,0.000162,0.981455,0.018545,AI,True
DEF_DALLE_3_042,DEF_DALLE_3_042_6bed69fb5efe.jpg,AI,DALLE_3,Defactify_DALLE3,DALL-E_3,V5-A Spatial,0.997932,0.002068,0.997932,0.002068,AI,True
DEF_DALLE_3_042,DEF_DALLE_3_042_6bed69fb5efe.jpg,AI,DALLE_3,Defactify_DALLE3,DALL-E_3,V5-B Frequency,0.161472,0.838528,0.161472,0.838528,REAL,False
DEF_DALLE_3_042,DEF_DALLE_3_042_6bed69fb5efe.jpg,AI,DALLE_3,Defactify_DALLE3,DALL-E_3,V5-C Hybrid,0.993366,0.006634,0.993366,0.006634,AI,True
DEF_DALLE_3_042,DEF_DALLE_3_042_6bed69fb5efe.jpg,AI,DALLE_3,Defactify_DALLE3,DALL-E_3,V5-D Gated Residual,0.00022,0.99978,0.021217,0.978783,REAL,False
DEF_DALLE_3_043,DEF_DALLE_3_043_347fd06c2ef5.jpg,AI,DALLE_3,Defactify_DALLE3,DALL-E_3,V5-A Spatial,0.082753,0.917247,0.082753,0.917247,REAL,False
DEF_DALLE_3_043,DEF_DALLE_3_043_347fd06c2ef5.jpg,AI,DALLE_3,Defactify_DALLE3,DALL-E_3,V5-B Frequency,0.268248,0.731752,0.268248,0.731752,REAL,False
DEF_DALLE_3_043,DEF_DALLE_3_043_347fd06c2ef5.jpg,AI,DALLE_3,Defactify_DALLE3,DALL-E_3,V5-C Hybrid,2.2e-05,0.999978,2.2e-05,0.999978,REAL,False
DEF_DALLE_3_043,DEF_DALLE_3_043_347fd06c2ef5.jpg,AI,DALLE_3,Defactify_DALLE3,DALL-E_3,V5-D Gated Residual,3.8e-05,0.999962,0.009647,0.990353,REAL,False
DEF_DALLE_3_044,DEF_DALLE_3_044_e14505cd59dc.jpg,AI,DALLE_3,Defactify_DALLE3,DALL-E_3,V5-A Spatial,0.156203,0.843797,0.156203,0.843797,REAL,False
DEF_DALLE_3_044,DEF_DALLE_3_044_e14505cd59dc.jpg,AI,DALLE_3,Defactify_DALLE3,DALL-E_3,V5-B Frequency,0.007154,0.992846,0.007154,0.992846,REAL,False
DEF_DALLE_3_044,DEF_DALLE_3_044_e14505cd59dc.jpg,AI,DALLE_3,Defactify_DALLE3,DALL-E_3,V5-C Hybrid,0.293538,0.706462,0.293538,0.706462,REAL,False
DEF_DALLE_3_044,DEF_DALLE_3_044_e14505cd59dc.jpg,AI,DALLE_3,Defactify_DALLE3,DALL-E_3,V5-D Gated Residual,0.030296,0.969705,0.171277,0.828723,REAL,False
DEF_DALLE_3_045,DEF_DALLE_3_045_83a7ed99f3a8.jpg,AI,DALLE_3,Defactify_DALLE3,DALL-E_3,V5-A Spatial,0.401475,0.598525,0.401475,0.598525,REAL,False
DEF_DALLE_3_045,DEF_DALLE_3_045_83a7ed99f3a8.jpg,AI,DALLE_3,Defactify_DALLE3,DALL-E_3,V5-B Frequency,0.051359,0.948641,0.051359,0.948641,REAL,False
DEF_DALLE_3_045,DEF_DALLE_3_045_83a7ed99f3a8.jpg,AI,DALLE_3,Defactify_DALLE3,DALL-E_3,V5-C Hybrid,0.102989,0.897011,0.102989,0.897011,REAL,False
DEF_DALLE_3_045,DEF_DALLE_3_045_83a7ed99f3a8.jpg,AI,DALLE_3,Defactify_DALLE3,DALL-E_3,V5-D Gated Residual,0.001481,0.998519,0.049127,0.950873,REAL,False
DEF_DALLE_3_046,DEF_DALLE_3_046_18ba6e7d5305.jpg,AI,DALLE_3,Defactify_DALLE3,DALL-E_3,V5-A Spatial,0.996852,0.003148,0.996852,0.003148,AI,True
DEF_DALLE_3_046,DEF_DALLE_3_046_18ba6e7d5305.jpg,AI,DALLE_3,Defactify_DALLE3,DALL-E_3,V5-B Frequency,0.602452,0.397548,0.602452,0.397548,AI,True
DEF_DALLE_3_046,DEF_DALLE_3_046_18ba6e7d5305.jpg,AI,DALLE_3,Defactify_DALLE3,DALL-E_3,V5-C Hybrid,0.966259,0.033741,0.966259,0.033741,AI,True
DEF_DALLE_3_046,DEF_DALLE_3_046_18ba6e7d5305.jpg,AI,DALLE_3,Defactify_DALLE3,DALL-E_3,V5-D Gated Residual,0.004392,0.995608,0.078199,0.921801,REAL,False
DEF_DALLE_3_047,DEF_DALLE_3_047_02fa09f9b103.jpg,AI,DALLE_3,Defactify_DALLE3,DALL-E_3,V5-A Spatial,0.999992,8e-06,0.999992,8e-06,AI,True
DEF_DALLE_3_047,DEF_DALLE_3_047_02fa09f9b103.jpg,AI,DALLE_3,Defactify_DALLE3,DALL-E_3,V5-B Frequency,8e-06,0.999992,8e-06,0.999992,REAL,False
DEF_DALLE_3_047,DEF_DALLE_3_047_02fa09f9b103.jpg,AI,DALLE_3,Defactify_DALLE3,DALL-E_3,V5-C Hybrid,0.997882,0.002118,0.997882,0.002118,AI,True
DEF_DALLE_3_047,DEF_DALLE_3_047_02fa09f9b103.jpg,AI,DALLE_3,Defactify_DALLE3,DALL-E_3,V5-D Gated Residual,0.989288,0.010712,0.886817,0.113183,AI,True
DEF_DALLE_3_048,DEF_DALLE_3_048_f1c043d3b996.jpg,AI,DALLE_3,Defactify_DALLE3,DALL-E_3,V5-A Spatial,0.999938,6.2e-05,0.999938,6.2e-05,AI,True
DEF_DALLE_3_048,DEF_DALLE_3_048_f1c043d3b996.jpg,AI,DALLE_3,Defactify_DALLE3,DALL-E_3,V5-B Frequency,0.001716,0.998284,0.001716,0.998284,REAL,False
DEF_DALLE_3_048,DEF_DALLE_3_048_f1c043d3b996.jpg,AI,DALLE_3,Defactify_DALLE3,DALL-E_3,V5-C Hybrid,0.97612,0.02388,0.97612,0.02388,AI,True
DEF_DALLE_3_048,DEF_DALLE_3_048_f1c043d3b996.jpg,AI,DALLE_3,Defactify_DALLE3,DALL-E_3,V5-D Gated Residual,0.033132,0.966868,0.177327,0.822673,REAL,False
DEF_DALLE_3_049,DEF_DALLE_3_049_935fd0f69f46.jpg,AI,DALLE_3,Defactify_DALLE3,DALL-E_3,V5-A Spatial,0.968983,0.031017,0.968983,0.031017,AI,True
DEF_DALLE_3_049,DEF_DALLE_3_049_935fd0f69f46.jpg,AI,DALLE_3,Defactify_DALLE3,DALL-E_3,V5-B Frequency,0.001793,0.998207,0.001793,0.998207,REAL,False
DEF_DALLE_3_049,DEF_DALLE_3_049_935fd0f69f46.jpg,AI,DALLE_3,Defactify_DALLE3,DALL-E_3,V5-C Hybrid,0.001412,0.998588,0.001412,0.998588,REAL,False
DEF_DALLE_3_049,DEF_DALLE_3_049_935fd0f69f46.jpg,AI,DALLE_3,Defactify_DALLE3,DALL-E_3,V5-D Gated Residual,0.005341,0.994659,0.084894,0.915106,REAL,False
DEF_DALLE_3_050,DEF_DALLE_3_050_9fc1f2a96223.jpg,AI,DALLE_3,Defactify_DALLE3,DALL-E_3,V5-A Spatial,0.999933,6.7e-05,0.999933,6.7e-05,AI,True
DEF_DALLE_3_050,DEF_DALLE_3_050_9fc1f2a96223.jpg,AI,DALLE_3,Defactify_DALLE3,DALL-E_3,V5-B Frequency,8e-06,0.999992,8e-06,0.999992,REAL,False
DEF_DALLE_3_050,DEF_DALLE_3_050_9fc1f2a96223.jpg,AI,DALLE_3,Defactify_DALLE3,DALL-E_3,V5-C Hybrid,0.980214,0.019786,0.980214,0.019786,AI,True
DEF_DALLE_3_050,DEF_DALLE_3_050_9fc1f2a96223.jpg,AI,DALLE_3,Defactify_DALLE3,DALL-E_3,V5-D Gated Residual,0.0009,0.9991,0.039559,0.960441,REAL,False
DEF_DALLE_3_051,DEF_DALLE_3_051_51adc8e2c682.jpg,AI,DALLE_3,Defactify_DALLE3,DALL-E_3,V5-A Spatial,1.0,0.0,1.0,0.0,AI,True
DEF_DALLE_3_051,DEF_DALLE_3_051_51adc8e2c682.jpg,AI,DALLE_3,Defactify_DALLE3,DALL-E_3,V5-B Frequency,0.713562,0.286438,0.713562,0.286438,AI,True
DEF_DALLE_3_051,DEF_DALLE_3_051_51adc8e2c682.jpg,AI,DALLE_3,Defactify_DALLE3,DALL-E_3,V5-C Hybrid,0.999994,6e-06,0.999994,6e-06,AI,True
DEF_DALLE_3_051,DEF_DALLE_3_051_51adc8e2c682.jpg,AI,DALLE_3,Defactify_DALLE3,DALL-E_3,V5-D Gated Residual,0.999981,1.9e-05,0.992935,0.007065,AI,True
DEF_DALLE_3_052,DEF_DALLE_3_052_1e081eb2f27f.jpg,AI,DALLE_3,Defactify_DALLE3,DALL-E_3,V5-A Spatial,0.999227,0.000773,0.999227,0.000773,AI,True
DEF_DALLE_3_052,DEF_DALLE_3_052_1e081eb2f27f.jpg,AI,DALLE_3,Defactify_DALLE3,DALL-E_3,V5-B Frequency,0.472288,0.527712,0.472288,0.527712,REAL,False
DEF_DALLE_3_052,DEF_DALLE_3_052_1e081eb2f27f.jpg,AI,DALLE_3,Defactify_DALLE3,DALL-E_3,V5-C Hybrid,0.061055,0.938945,0.061055,0.938945,REAL,False
DEF_DALLE_3_052,DEF_DALLE_3_052_1e081eb2f27f.jpg,AI,DALLE_3,Defactify_DALLE3,DALL-E_3,V5-D Gated Residual,0.757086,0.242914,0.626468,0.373532,AI,True
DEF_DALLE_3_053,DEF_DALLE_3_053_f7721d672ae2.jpg,AI,DALLE_3,Defactify_DALLE3,DALL-E_3,V5-A Spatial,0.63378,0.36622,0.63378,0.36622,AI,True
DEF_DALLE_3_053,DEF_DALLE_3_053_f7721d672ae2.jpg,AI,DALLE_3,Defactify_DALLE3,DALL-E_3,V5-B Frequency,0.832722,0.167278,0.832722,0.167278,AI,True
DEF_DALLE_3_053,DEF_DALLE_3_053_f7721d672ae2.jpg,AI,DALLE_3,Defactify_DALLE3,DALL-E_3,V5-C Hybrid,0.023898,0.976102,0.023898,0.976102,REAL,False
DEF_DALLE_3_053,DEF_DALLE_3_053_f7721d672ae2.jpg,AI,DALLE_3,Defactify_DALLE3,DALL-E_3,V5-D Gated Residual,0.002309,0.997691,0.059501,0.940499,REAL,False
DEF_DALLE_3_054,DEF_DALLE_3_054_b53f7d9a28d5.jpg,AI,DALLE_3,Defactify_DALLE3,DALL-E_3,V5-A Spatial,0.980089,0.019911,0.980089,0.019911,AI,True
DEF_DALLE_3_054,DEF_DALLE_3_054_b53f7d9a28d5.jpg,AI,DALLE_3,Defactify_DALLE3,DALL-E_3,V5-B Frequency,0.003749,0.996251,0.003749,0.996251,REAL,False
DEF_DALLE_3_054,DEF_DALLE_3_054_b53f7d9a28d5.jpg,AI,DALLE_3,Defactify_DALLE3,DALL-E_3,V5-C Hybrid,0.999965,3.5e-05,0.999965,3.5e-05,AI,True
DEF_DALLE_3_054,DEF_DALLE_3_054_b53f7d9a28d5.jpg,AI,DALLE_3,Defactify_DALLE3,DALL-E_3,V5-D Gated Residual,0.84271,0.15729,0.682119,0.317881,AI,True
DEF_DALLE_3_055,DEF_DALLE_3_055_f18c9b3a95a8.jpg,AI,DALLE_3,Defactify_DALLE3,DALL-E_3,V5-A Spatial,0.733218,0.266782,0.733218,0.266782,AI,True
DEF_DALLE_3_055,DEF_DALLE_3_055_f18c9b3a95a8.jpg,AI,DALLE_3,Defactify_DALLE3,DALL-E_3,V5-B Frequency,0.550612,0.449388,0.550612,0.449388,AI,True
DEF_DALLE_3_055,DEF_DALLE_3_055_f18c9b3a95a8.jpg,AI,DALLE_3,Defactify_DALLE3,DALL-E_3,V5-C Hybrid,0.988953,0.011047,0.988953,0.011047,AI,True
DEF_DALLE_3_055,DEF_DALLE_3_055_f18c9b3a95a8.jpg,AI,DALLE_3,Defactify_DALLE3,DALL-E_3,V5-D Gated Residual,0.000625,0.999375,0.03372,0.96628,REAL,False
DEF_DALLE_3_056,DEF_DALLE_3_056_07310b4b1ded.jpg,AI,DALLE_3,Defactify_DALLE3,DALL-E_3,V5-A Spatial,0.999757,0.000243,0.999757,0.000243,AI,True
DEF_DALLE_3_056,DEF_DALLE_3_056_07310b4b1ded.jpg,AI,DALLE_3,Defactify_DALLE3,DALL-E_3,V5-B Frequency,0.896432,0.103568,0.896432,0.103568,AI,True
DEF_DALLE_3_056,DEF_DALLE_3_056_07310b4b1ded.jpg,AI,DALLE_3,Defactify_DALLE3,DALL-E_3,V5-C Hybrid,0.855481,0.144519,0.855481,0.144519,AI,True
DEF_DALLE_3_056,DEF_DALLE_3_056_07310b4b1ded.jpg,AI,DALLE_3,Defactify_DALLE3,DALL-E_3,V5-D Gated Residual,0.996867,0.003133,0.932221,0.067779,AI,True
DEF_DALLE_3_057,DEF_DALLE_3_057_ac02c41f3dfe.jpg,AI,DALLE_3,Defactify_DALLE3,DALL-E_3,V5-A Spatial,0.083492,0.916508,0.083492,0.916508,REAL,False
DEF_DALLE_3_057,DEF_DALLE_3_057_ac02c41f3dfe.jpg,AI,DALLE_3,Defactify_DALLE3,DALL-E_3,V5-B Frequency,0.043328,0.956672,0.043328,0.956672,REAL,False
DEF_DALLE_3_057,DEF_DALLE_3_057_ac02c41f3dfe.jpg,AI,DALLE_3,Defactify_DALLE3,DALL-E_3,V5-C Hybrid,0.0001,0.9999,0.0001,0.9999,REAL,False
DEF_DALLE_3_057,DEF_DALLE_3_057_ac02c41f3dfe.jpg,AI,DALLE_3,Defactify_DALLE3,DALL-E_3,V5-D Gated Residual,0.001674,0.998326,0.05181,0.94819,REAL,False
DEF_DALLE_3_058,DEF_DALLE_3_058_2013f9075adf.jpg,AI,DALLE_3,Defactify_DALLE3,DALL-E_3,V5-A Spatial,0.995903,0.004097,0.995903,0.004097,AI,True
DEF_DALLE_3_058,DEF_DALLE_3_058_2013f9075adf.jpg,AI,DALLE_3,Defactify_DALLE3,DALL-E_3,V5-B Frequency,0.000134,0.999866,0.000134,0.999866,REAL,False
DEF_DALLE_3_058,DEF_DALLE_3_058_2013f9075adf.jpg,AI,DALLE_3,Defactify_DALLE3,DALL-E_3,V5-C Hybrid,0.004721,0.995279,0.004721,0.995279,REAL,False
DEF_DALLE_3_058,DEF_DALLE_3_058_2013f9075adf.jpg,AI,DALLE_3,Defactify_DALLE3,DALL-E_3,V5-D Gated Residual,0.570558,0.429442,0.532266,0.467734,AI,True
DEF_DALLE_3_059,DEF_DALLE_3_059_a38ffd161f6f.jpg,AI,DALLE_3,Defactify_DALLE3,DALL-E_3,V5-A Spatial,0.999012,0.000988,0.999012,0.000988,AI,True
DEF_DALLE_3_059,DEF_DALLE_3_059_a38ffd161f6f.jpg,AI,DALLE_3,Defactify_DALLE3,DALL-E_3,V5-B Frequency,0.011958,0.988042,0.011958,0.988042,REAL,False
DEF_DALLE_3_059,DEF_DALLE_3_059_a38ffd161f6f.jpg,AI,DALLE_3,Defactify_DALLE3,DALL-E_3,V5-C Hybrid,0.998691,0.001309,0.998691,0.001309,AI,True
DEF_DALLE_3_059,DEF_DALLE_3_059_a38ffd161f6f.jpg,AI,DALLE_3,Defactify_DALLE3,DALL-E_3,V5-D Gated Residual,0.999933,6.6e-05,0.987573,0.012427,AI,True
DEF_DALLE_3_060,DEF_DALLE_3_060_ea71d6192636.jpg,AI,DALLE_3,Defactify_DALLE3,DALL-E_3,V5-A Spatial,0.999996,4e-06,0.999996,4e-06,AI,True
DEF_DALLE_3_060,DEF_DALLE_3_060_ea71d6192636.jpg,AI,DALLE_3,Defactify_DALLE3,DALL-E_3,V5-B Frequency,0.759514,0.240486,0.759514,0.240486,AI,True
DEF_DALLE_3_060,DEF_DALLE_3_060_ea71d6192636.jpg,AI,DALLE_3,Defactify_DALLE3,DALL-E_3,V5-C Hybrid,1.0,1e-06,1.0,1e-06,AI,True
DEF_DALLE_3_060,DEF_DALLE_3_060_ea71d6192636.jpg,AI,DALLE_3,Defactify_DALLE3,DALL-E_3,V5-D Gated Residual,0.990275,0.009725,0.891197,0.108803,AI,True
DEF_DALLE_3_061,DEF_DALLE_3_061_6511103789fe.jpg,AI,DALLE_3,Defactify_DALLE3,DALL-E_3,V5-A Spatial,0.394821,0.605179,0.394821,0.605179,REAL,False
DEF_DALLE_3_061,DEF_DALLE_3_061_6511103789fe.jpg,AI,DALLE_3,Defactify_DALLE3,DALL-E_3,V5-B Frequency,0.001046,0.998954,0.001046,0.998954,REAL,False
DEF_DALLE_3_061,DEF_DALLE_3_061_6511103789fe.jpg,AI,DALLE_3,Defactify_DALLE3,DALL-E_3,V5-C Hybrid,0.191167,0.808833,0.191167,0.808833,REAL,False
DEF_DALLE_3_061,DEF_DALLE_3_061_6511103789fe.jpg,AI,DALLE_3,Defactify_DALLE3,DALL-E_3,V5-D Gated Residual,0.014408,0.985592,0.12763,0.87237,REAL,False
DEF_DALLE_3_062,DEF_DALLE_3_062_332b8c7e6ee3.jpg,AI,DALLE_3,Defactify_DALLE3,DALL-E_3,V5-A Spatial,1.0,0.0,1.0,0.0,AI,True
DEF_DALLE_3_062,DEF_DALLE_3_062_332b8c7e6ee3.jpg,AI,DALLE_3,Defactify_DALLE3,DALL-E_3,V5-B Frequency,0.989657,0.010343,0.989657,0.010343,AI,True
DEF_DALLE_3_062,DEF_DALLE_3_062_332b8c7e6ee3.jpg,AI,DALLE_3,Defactify_DALLE3,DALL-E_3,V5-C Hybrid,1.0,0.0,1.0,0.0,AI,True
DEF_DALLE_3_062,DEF_DALLE_3_062_332b8c7e6ee3.jpg,AI,DALLE_3,Defactify_DALLE3,DALL-E_3,V5-D Gated Residual,0.999973,2.7e-05,0.991684,0.008316,AI,True
DEF_DALLE_3_063,DEF_DALLE_3_063_3331c38a249b.jpg,AI,DALLE_3,Defactify_DALLE3,DALL-E_3,V5-A Spatial,1.0,0.0,1.0,0.0,AI,True
DEF_DALLE_3_063,DEF_DALLE_3_063_3331c38a249b.jpg,AI,DALLE_3,Defactify_DALLE3,DALL-E_3,V5-B Frequency,0.99997,3e-05,0.99997,3e-05,AI,True
DEF_DALLE_3_063,DEF_DALLE_3_063_3331c38a249b.jpg,AI,DALLE_3,Defactify_DALLE3,DALL-E_3,V5-C Hybrid,1.0,0.0,1.0,0.0,AI,True
DEF_DALLE_3_063,DEF_DALLE_3_063_3331c38a249b.jpg,AI,DALLE_3,Defactify_DALLE3,DALL-E_3,V5-D Gated Residual,0.99994,6e-05,0.988095,0.011905,AI,True
DEF_DALLE_3_064,DEF_DALLE_3_064_96e32106b536.jpg,AI,DALLE_3,Defactify_DALLE3,DALL-E_3,V5-A Spatial,1.0,0.0,1.0,0.0,AI,True
DEF_DALLE_3_064,DEF_DALLE_3_064_96e32106b536.jpg,AI,DALLE_3,Defactify_DALLE3,DALL-E_3,V5-B Frequency,0.785304,0.214696,0.785304,0.214696,AI,True
DEF_DALLE_3_064,DEF_DALLE_3_064_96e32106b536.jpg,AI,DALLE_3,Defactify_DALLE3,DALL-E_3,V5-C Hybrid,1.0,0.0,1.0,0.0,AI,True
DEF_DALLE_3_064,DEF_DALLE_3_064_96e32106b536.jpg,AI,DALLE_3,Defactify_DALLE3,DALL-E_3,V5-D Gated Residual,1.0,0.0,0.999996,4e-06,AI,True
DEF_DALLE_3_065,DEF_DALLE_3_065_7ca49c7fb90f.jpg,AI,DALLE_3,Defactify_DALLE3,DALL-E_3,V5-A Spatial,0.999392,0.000608,0.999392,0.000608,AI,True
DEF_DALLE_3_065,DEF_DALLE_3_065_7ca49c7fb90f.jpg,AI,DALLE_3,Defactify_DALLE3,DALL-E_3,V5-B Frequency,0.001718,0.998282,0.001718,0.998282,REAL,False
DEF_DALLE_3_065,DEF_DALLE_3_065_7ca49c7fb90f.jpg,AI,DALLE_3,Defactify_DALLE3,DALL-E_3,V5-C Hybrid,0.997058,0.002942,0.997058,0.002942,AI,True
DEF_DALLE_3_065,DEF_DALLE_3_065_7ca49c7fb90f.jpg,AI,DALLE_3,Defactify_DALLE3,DALL-E_3,V5-D Gated Residual,0.271971,0.728029,0.389862,0.610138,REAL,False
DEF_DALLE_3_066,DEF_DALLE_3_066_eeb119833dfd.jpg,AI,DALLE_3,Defactify_DALLE3,DALL-E_3,V5-A Spatial,1.0,0.0,1.0,0.0,AI,True
DEF_DALLE_3_066,DEF_DALLE_3_066_eeb119833dfd.jpg,AI,DALLE_3,Defactify_DALLE3,DALL-E_3,V5-B Frequency,0.991686,0.008314,0.991686,0.008314,AI,True
DEF_DALLE_3_066,DEF_DALLE_3_066_eeb119833dfd.jpg,AI,DALLE_3,Defactify_DALLE3,DALL-E_3,V5-C Hybrid,1.0,0.0,1.0,0.0,AI,True
DEF_DALLE_3_066,DEF_DALLE_3_066_eeb119833dfd.jpg,AI,DALLE_3,Defactify_DALLE3,DALL-E_3,V5-D Gated Residual,1.0,0.0,0.999406,0.000594,AI,True
DEF_DALLE_3_067,DEF_DALLE_3_067_7be368757d27.jpg,AI,DALLE_3,Defactify_DALLE3,DALL-E_3,V5-A Spatial,0.025284,0.974716,0.025284,0.974716,REAL,False
DEF_DALLE_3_067,DEF_DALLE_3_067_7be368757d27.jpg,AI,DALLE_3,Defactify_DALLE3,DALL-E_3,V5-B Frequency,0.201917,0.798083,0.201917,0.798083,REAL,False
DEF_DALLE_3_067,DEF_DALLE_3_067_7be368757d27.jpg,AI,DALLE_3,Defactify_DALLE3,DALL-E_3,V5-C Hybrid,6e-06,0.999994,6e-06,0.999994,REAL,False
DEF_DALLE_3_067,DEF_DALLE_3_067_7be368757d27.jpg,AI,DALLE_3,Defactify_DALLE3,DALL-E_3,V5-D Gated Residual,0.000296,0.999704,0.024229,0.975771,REAL,False
DEF_DALLE_3_068,DEF_DALLE_3_068_49965f4dd406.jpg,AI,DALLE_3,Defactify_DALLE3,DALL-E_3,V5-A Spatial,0.999836,0.000164,0.999836,0.000164,AI,True
DEF_DALLE_3_068,DEF_DALLE_3_068_49965f4dd406.jpg,AI,DALLE_3,Defactify_DALLE3,DALL-E_3,V5-B Frequency,2.8e-05,0.999972,2.8e-05,0.999972,REAL,False
DEF_DALLE_3_068,DEF_DALLE_3_068_49965f4dd406.jpg,AI,DALLE_3,Defactify_DALLE3,DALL-E_3,V5-C Hybrid,0.986783,0.013217,0.986783,0.013217,AI,True
DEF_DALLE_3_068,DEF_DALLE_3_068_49965f4dd406.jpg,AI,DALLE_3,Defactify_DALLE3,DALL-E_3,V5-D Gated Residual,0.996734,0.003267,0.931006,0.068994,AI,True
DEF_DALLE_3_069,DEF_DALLE_3_069_08e20d97d44b.jpg,AI,DALLE_3,Defactify_DALLE3,DALL-E_3,V5-A Spatial,0.999761,0.000239,0.999761,0.000239,AI,True
DEF_DALLE_3_069,DEF_DALLE_3_069_08e20d97d44b.jpg,AI,DALLE_3,Defactify_DALLE3,DALL-E_3,V5-B Frequency,0.138372,0.861628,0.138372,0.861628,REAL,False
DEF_DALLE_3_069,DEF_DALLE_3_069_08e20d97d44b.jpg,AI,DALLE_3,Defactify_DALLE3,DALL-E_3,V5-C Hybrid,0.452402,0.547598,0.452402,0.547598,REAL,False
DEF_DALLE_3_069,DEF_DALLE_3_069_08e20d97d44b.jpg,AI,DALLE_3,Defactify_DALLE3,DALL-E_3,V5-D Gated Residual,0.003552,0.996448,0.071495,0.928505,REAL,False
DEF_DALLE_3_070,DEF_DALLE_3_070_de3b5edeab42.jpg,AI,DALLE_3,Defactify_DALLE3,DALL-E_3,V5-A Spatial,0.0,1.0,0.0,1.0,REAL,False
DEF_DALLE_3_070,DEF_DALLE_3_070_de3b5edeab42.jpg,AI,DALLE_3,Defactify_DALLE3,DALL-E_3,V5-B Frequency,0.010966,0.989034,0.010966,0.989034,REAL,False
DEF_DALLE_3_070,DEF_DALLE_3_070_de3b5edeab42.jpg,AI,DALLE_3,Defactify_DALLE3,DALL-E_3,V5-C Hybrid,2.6e-05,0.999974,2.6e-05,0.999974,REAL,False
DEF_DALLE_3_070,DEF_DALLE_3_070_de3b5edeab42.jpg,AI,DALLE_3,Defactify_DALLE3,DALL-E_3,V5-D Gated Residual,0.000313,0.999687,0.024846,0.975154,REAL,False
DEF_DALLE_3_071,DEF_DALLE_3_071_2f50596108b4.jpg,AI,DALLE_3,Defactify_DALLE3,DALL-E_3,V5-A Spatial,0.999352,0.000648,0.999352,0.000648,AI,True
DEF_DALLE_3_071,DEF_DALLE_3_071_2f50596108b4.jpg,AI,DALLE_3,Defactify_DALLE3,DALL-E_3,V5-B Frequency,0.995772,0.004228,0.995772,0.004228,AI,True
DEF_DALLE_3_071,DEF_DALLE_3_071_2f50596108b4.jpg,AI,DALLE_3,Defactify_DALLE3,DALL-E_3,V5-C Hybrid,0.999876,0.000124,0.999876,0.000124,AI,True
DEF_DALLE_3_071,DEF_DALLE_3_071_2f50596108b4.jpg,AI,DALLE_3,Defactify_DALLE3,DALL-E_3,V5-D Gated Residual,0.998258,0.001742,0.947291,0.052709,AI,True
DEF_DALLE_3_072,DEF_DALLE_3_072_312bbcde271b.jpg,AI,DALLE_3,Defactify_DALLE3,DALL-E_3,V5-A Spatial,0.900394,0.099606,0.900394,0.099606,AI,True
DEF_DALLE_3_072,DEF_DALLE_3_072_312bbcde271b.jpg,AI,DALLE_3,Defactify_DALLE3,DALL-E_3,V5-B Frequency,0.000175,0.999825,0.000175,0.999825,REAL,False
DEF_DALLE_3_072,DEF_DALLE_3_072_312bbcde271b.jpg,AI,DALLE_3,Defactify_DALLE3,DALL-E_3,V5-C Hybrid,0.999912,8.8e-05,0.999912,8.8e-05,AI,True
DEF_DALLE_3_072,DEF_DALLE_3_072_312bbcde271b.jpg,AI,DALLE_3,Defactify_DALLE3,DALL-E_3,V5-D Gated Residual,0.984074,0.015926,0.867127,0.132873,AI,True
DEF_DALLE_3_073,DEF_DALLE_3_073_b1a45eafa591.jpg,AI,DALLE_3,Defactify_DALLE3,DALL-E_3,V5-A Spatial,0.99994,6e-05,0.99994,6e-05,AI,True
DEF_DALLE_3_073,DEF_DALLE_3_073_b1a45eafa591.jpg,AI,DALLE_3,Defactify_DALLE3,DALL-E_3,V5-B Frequency,0.003354,0.996646,0.003354,0.996646,REAL,False
DEF_DALLE_3_073,DEF_DALLE_3_073_b1a45eafa591.jpg,AI,DALLE_3,Defactify_DALLE3,DALL-E_3,V5-C Hybrid,0.999759,0.000241,0.999759,0.000241,AI,True
DEF_DALLE_3_073,DEF_DALLE_3_073_b1a45eafa591.jpg,AI,DALLE_3,Defactify_DALLE3,DALL-E_3,V5-D Gated Residual,0.672971,0.327028,0.581337,0.418663,AI,True
DEF_DALLE_3_074,DEF_DALLE_3_074_60fadabc8f8c.jpg,AI,DALLE_3,Defactify_DALLE3,DALL-E_3,V5-A Spatial,1.0,0.0,1.0,0.0,AI,True
DEF_DALLE_3_074,DEF_DALLE_3_074_60fadabc8f8c.jpg,AI,DALLE_3,Defactify_DALLE3,DALL-E_3,V5-B Frequency,0.005901,0.994099,0.005901,0.994099,REAL,False
DEF_DALLE_3_074,DEF_DALLE_3_074_60fadabc8f8c.jpg,AI,DALLE_3,Defactify_DALLE3,DALL-E_3,V5-C Hybrid,0.986871,0.013129,0.986871,0.013129,AI,True
DEF_DALLE_3_074,DEF_DALLE_3_074_60fadabc8f8c.jpg,AI,DALLE_3,Defactify_DALLE3,DALL-E_3,V5-D Gated Residual,0.997787,0.002213,0.941583,0.058417,AI,True
DEF_DALLE_3_075,DEF_DALLE_3_075_6d07eaf15354.jpg,AI,DALLE_3,Defactify_DALLE3,DALL-E_3,V5-A Spatial,0.99851,0.00149,0.99851,0.00149,AI,True
DEF_DALLE_3_075,DEF_DALLE_3_075_6d07eaf15354.jpg,AI,DALLE_3,Defactify_DALLE3,DALL-E_3,V5-B Frequency,0.100078,0.899922,0.100078,0.899922,REAL,False
DEF_DALLE_3_075,DEF_DALLE_3_075_6d07eaf15354.jpg,AI,DALLE_3,Defactify_DALLE3,DALL-E_3,V5-C Hybrid,0.078174,0.921826,0.078174,0.921826,REAL,False
DEF_DALLE_3_075,DEF_DALLE_3_075_6d07eaf15354.jpg,AI,DALLE_3,Defactify_DALLE3,DALL-E_3,V5-D Gated Residual,0.004398,0.995602,0.078242,0.921758,REAL,False
DEF_DALLE_3_076,DEF_DALLE_3_076_a43e78749578.jpg,AI,DALLE_3,Defactify_DALLE3,DALL-E_3,V5-A Spatial,0.259934,0.740066,0.259934,0.740066,REAL,False
DEF_DALLE_3_076,DEF_DALLE_3_076_a43e78749578.jpg,AI,DALLE_3,Defactify_DALLE3,DALL-E_3,V5-B Frequency,0.094873,0.905127,0.094873,0.905127,REAL,False
DEF_DALLE_3_076,DEF_DALLE_3_076_a43e78749578.jpg,AI,DALLE_3,Defactify_DALLE3,DALL-E_3,V5-C Hybrid,0.836558,0.163442,0.836558,0.163442,AI,True
DEF_DALLE_3_076,DEF_DALLE_3_076_a43e78749578.jpg,AI,DALLE_3,Defactify_DALLE3,DALL-E_3,V5-D Gated Residual,0.002329,0.997671,0.059718,0.940282,REAL,False
DEF_DALLE_3_077,DEF_DALLE_3_077_353f41f2d124.jpg,AI,DALLE_3,Defactify_DALLE3,DALL-E_3,V5-A Spatial,0.999964,3.6e-05,0.999964,3.6e-05,AI,True
DEF_DALLE_3_077,DEF_DALLE_3_077_353f41f2d124.jpg,AI,DALLE_3,Defactify_DALLE3,DALL-E_3,V5-B Frequency,0.001864,0.998136,0.001864,0.998136,REAL,False
DEF_DALLE_3_077,DEF_DALLE_3_077_353f41f2d124.jpg,AI,DALLE_3,Defactify_DALLE3,DALL-E_3,V5-C Hybrid,0.745955,0.254045,0.745955,0.254045,AI,True
DEF_DALLE_3_077,DEF_DALLE_3_077_353f41f2d124.jpg,AI,DALLE_3,Defactify_DALLE3,DALL-E_3,V5-D Gated Residual,0.998857,0.001143,0.956091,0.043909,AI,True
DEF_DALLE_3_078,DEF_DALLE_3_078_746a3be5e653.jpg,AI,DALLE_3,Defactify_DALLE3,DALL-E_3,V5-A Spatial,0.999999,1e-06,0.999999,1e-06,AI,True
DEF_DALLE_3_078,DEF_DALLE_3_078_746a3be5e653.jpg,AI,DALLE_3,Defactify_DALLE3,DALL-E_3,V5-B Frequency,0.017229,0.982771,0.017229,0.982771,REAL,False
DEF_DALLE_3_078,DEF_DALLE_3_078_746a3be5e653.jpg,AI,DALLE_3,Defactify_DALLE3,DALL-E_3,V5-C Hybrid,0.999998,2e-06,0.999998,2e-06,AI,True
DEF_DALLE_3_078,DEF_DALLE_3_078_746a3be5e653.jpg,AI,DALLE_3,Defactify_DALLE3,DALL-E_3,V5-D Gated Residual,0.999781,0.000219,0.978816,0.021184,AI,True
DEF_DALLE_3_079,DEF_DALLE_3_079_740b7f99cb9a.jpg,AI,DALLE_3,Defactify_DALLE3,DALL-E_3,V5-A Spatial,1.0,0.0,1.0,0.0,AI,True
DEF_DALLE_3_079,DEF_DALLE_3_079_740b7f99cb9a.jpg,AI,DALLE_3,Defactify_DALLE3,DALL-E_3,V5-B Frequency,0.010445,0.989555,0.010445,0.989555,REAL,False
DEF_DALLE_3_079,DEF_DALLE_3_079_740b7f99cb9a.jpg,AI,DALLE_3,Defactify_DALLE3,DALL-E_3,V5-C Hybrid,0.99993,7e-05,0.99993,7e-05,AI,True
DEF_DALLE_3_079,DEF_DALLE_3_079_740b7f99cb9a.jpg,AI,DALLE_3,Defactify_DALLE3,DALL-E_3,V5-D Gated Residual,0.949856,0.050144,0.792159,0.207841,AI,True
DEF_DALLE_3_080,DEF_DALLE_3_080_63d8db092ea3.jpg,AI,DALLE_3,Defactify_DALLE3,DALL-E_3,V5-A Spatial,0.999995,5e-06,0.999995,5e-06,AI,True
DEF_DALLE_3_080,DEF_DALLE_3_080_63d8db092ea3.jpg,AI,DALLE_3,Defactify_DALLE3,DALL-E_3,V5-B Frequency,0.000394,0.999606,0.000394,0.999606,REAL,False
DEF_DALLE_3_080,DEF_DALLE_3_080_63d8db092ea3.jpg,AI,DALLE_3,Defactify_DALLE3,DALL-E_3,V5-C Hybrid,0.999301,0.000699,0.999301,0.000699,AI,True
DEF_DALLE_3_080,DEF_DALLE_3_080_63d8db092ea3.jpg,AI,DALLE_3,Defactify_DALLE3,DALL-E_3,V5-D Gated Residual,0.999833,0.000167,0.981224,0.018776,AI,True
DEF_DALLE_3_081,DEF_DALLE_3_081_4d26880d4e2a.jpg,AI,DALLE_3,Defactify_DALLE3,DALL-E_3,V5-A Spatial,0.978331,0.021669,0.978331,0.021669,AI,True
DEF_DALLE_3_081,DEF_DALLE_3_081_4d26880d4e2a.jpg,AI,DALLE_3,Defactify_DALLE3,DALL-E_3,V5-B Frequency,0.854204,0.145796,0.854204,0.145796,AI,True
DEF_DALLE_3_081,DEF_DALLE_3_081_4d26880d4e2a.jpg,AI,DALLE_3,Defactify_DALLE3,DALL-E_3,V5-C Hybrid,0.574931,0.425069,0.574931,0.425069,AI,True
DEF_DALLE_3_081,DEF_DALLE_3_081_4d26880d4e2a.jpg,AI,DALLE_3,Defactify_DALLE3,DALL-E_3,V5-D Gated Residual,0.928574,0.071426,0.762558,0.237442,AI,True
DEF_DALLE_3_082,DEF_DALLE_3_082_1d725b49625c.jpg,AI,DALLE_3,Defactify_DALLE3,DALL-E_3,V5-A Spatial,0.99999,1e-05,0.99999,1e-05,AI,True
DEF_DALLE_3_082,DEF_DALLE_3_082_1d725b49625c.jpg,AI,DALLE_3,Defactify_DALLE3,DALL-E_3,V5-B Frequency,0.068462,0.931538,0.068462,0.931538,REAL,False
DEF_DALLE_3_082,DEF_DALLE_3_082_1d725b49625c.jpg,AI,DALLE_3,Defactify_DALLE3,DALL-E_3,V5-C Hybrid,0.999749,0.000251,0.999749,0.000251,AI,True
DEF_DALLE_3_082,DEF_DALLE_3_082_1d725b49625c.jpg,AI,DALLE_3,Defactify_DALLE3,DALL-E_3,V5-D Gated Residual,0.999974,2.6e-05,0.991885,0.008115,AI,True
DEF_DALLE_3_083,DEF_DALLE_3_083_0e4a1731936e.jpg,AI,DALLE_3,Defactify_DALLE3,DALL-E_3,V5-A Spatial,0.931549,0.068451,0.931549,0.068451,AI,True
DEF_DALLE_3_083,DEF_DALLE_3_083_0e4a1731936e.jpg,AI,DALLE_3,Defactify_DALLE3,DALL-E_3,V5-B Frequency,0.025021,0.974979,0.025021,0.974979,REAL,False
DEF_DALLE_3_083,DEF_DALLE_3_083_0e4a1731936e.jpg,AI,DALLE_3,Defactify_DALLE3,DALL-E_3,V5-C Hybrid,0.172305,0.827695,0.172305,0.827695,REAL,False
DEF_DALLE_3_083,DEF_DALLE_3_083_0e4a1731936e.jpg,AI,DALLE_3,Defactify_DALLE3,DALL-E_3,V5-D Gated Residual,0.99946,0.00054,0.96839,0.03161,AI,True
DEF_DALLE_3_084,DEF_DALLE_3_084_9a060e32350a.jpg,AI,DALLE_3,Defactify_DALLE3,DALL-E_3,V5-A Spatial,1.0,0.0,1.0,0.0,AI,True
DEF_DALLE_3_084,DEF_DALLE_3_084_9a060e32350a.jpg,AI,DALLE_3,Defactify_DALLE3,DALL-E_3,V5-B Frequency,0.086106,0.913894,0.086106,0.913894,REAL,False
DEF_DALLE_3_084,DEF_DALLE_3_084_9a060e32350a.jpg,AI,DALLE_3,Defactify_DALLE3,DALL-E_3,V5-C Hybrid,0.999999,1e-06,0.999999,1e-06,AI,True
DEF_DALLE_3_084,DEF_DALLE_3_084_9a060e32350a.jpg,AI,DALLE_3,Defactify_DALLE3,DALL-E_3,V5-D Gated Residual,0.997674,0.002326,0.940317,0.059683,AI,True
DEF_DALLE_3_085,DEF_DALLE_3_085_49998fbe49b1.jpg,AI,DALLE_3,Defactify_DALLE3,DALL-E_3,V5-A Spatial,1.0,0.0,1.0,0.0,AI,True
DEF_DALLE_3_085,DEF_DALLE_3_085_49998fbe49b1.jpg,AI,DALLE_3,Defactify_DALLE3,DALL-E_3,V5-B Frequency,0.958786,0.041214,0.958786,0.041214,AI,True
DEF_DALLE_3_085,DEF_DALLE_3_085_49998fbe49b1.jpg,AI,DALLE_3,Defactify_DALLE3,DALL-E_3,V5-C Hybrid,0.999991,9e-06,0.999991,9e-06,AI,True
DEF_DALLE_3_085,DEF_DALLE_3_085_49998fbe49b1.jpg,AI,DALLE_3,Defactify_DALLE3,DALL-E_3,V5-D Gated Residual,0.999996,4e-06,0.996373,0.003627,AI,True
DEF_DALLE_3_086,DEF_DALLE_3_086_255d4692b1c2.jpg,AI,DALLE_3,Defactify_DALLE3,DALL-E_3,V5-A Spatial,0.001957,0.998043,0.001957,0.998043,REAL,False
DEF_DALLE_3_086,DEF_DALLE_3_086_255d4692b1c2.jpg,AI,DALLE_3,Defactify_DALLE3,DALL-E_3,V5-B Frequency,0.0,1.0,0.0,1.0,REAL,False
DEF_DALLE_3_086,DEF_DALLE_3_086_255d4692b1c2.jpg,AI,DALLE_3,Defactify_DALLE3,DALL-E_3,V5-C Hybrid,0.000138,0.999862,0.000138,0.999862,REAL,False
DEF_DALLE_3_086,DEF_DALLE_3_086_255d4692b1c2.jpg,AI,DALLE_3,Defactify_DALLE3,DALL-E_3,V5-D Gated Residual,0.005363,0.994637,0.085039,0.914961,REAL,False
DEF_DALLE_3_087,DEF_DALLE_3_087_934b49c9bde9.jpg,AI,DALLE_3,Defactify_DALLE3,DALL-E_3,V5-A Spatial,0.999852,0.000148,0.999852,0.000148,AI,True
DEF_DALLE_3_087,DEF_DALLE_3_087_934b49c9bde9.jpg,AI,DALLE_3,Defactify_DALLE3,DALL-E_3,V5-B Frequency,0.921156,0.078844,0.921156,0.078844,AI,True
DEF_DALLE_3_087,DEF_DALLE_3_087_934b49c9bde9.jpg,AI,DALLE_3,Defactify_DALLE3,DALL-E_3,V5-C Hybrid,0.999985,1.5e-05,0.999985,1.5e-05,AI,True
DEF_DALLE_3_087,DEF_DALLE_3_087_934b49c9bde9.jpg,AI,DALLE_3,Defactify_DALLE3,DALL-E_3,V5-D Gated Residual,0.996955,0.003045,0.933036,0.066964,AI,True
DEF_DALLE_3_088,DEF_DALLE_3_088_55610f788dbc.jpg,AI,DALLE_3,Defactify_DALLE3,DALL-E_3,V5-A Spatial,0.999998,2e-06,0.999998,2e-06,AI,True
DEF_DALLE_3_088,DEF_DALLE_3_088_55610f788dbc.jpg,AI,DALLE_3,Defactify_DALLE3,DALL-E_3,V5-B Frequency,0.016991,0.983009,0.016991,0.983009,REAL,False
DEF_DALLE_3_088,DEF_DALLE_3_088_55610f788dbc.jpg,AI,DALLE_3,Defactify_DALLE3,DALL-E_3,V5-C Hybrid,0.999999,1e-06,0.999999,1e-06,AI,True
DEF_DALLE_3_088,DEF_DALLE_3_088_55610f788dbc.jpg,AI,DALLE_3,Defactify_DALLE3,DALL-E_3,V5-D Gated Residual,0.999853,0.000147,0.982263,0.017737,AI,True
DEF_DALLE_3_089,DEF_DALLE_3_089_2d8de2d42ee7.jpg,AI,DALLE_3,Defactify_DALLE3,DALL-E_3,V5-A Spatial,1.0,0.0,1.0,0.0,AI,True
DEF_DALLE_3_089,DEF_DALLE_3_089_2d8de2d42ee7.jpg,AI,DALLE_3,Defactify_DALLE3,DALL-E_3,V5-B Frequency,0.631155,0.368845,0.631155,0.368845,AI,True
DEF_DALLE_3_089,DEF_DALLE_3_089_2d8de2d42ee7.jpg,AI,DALLE_3,Defactify_DALLE3,DALL-E_3,V5-C Hybrid,0.999998,1e-06,0.999998,1e-06,AI,True
DEF_DALLE_3_089,DEF_DALLE_3_089_2d8de2d42ee7.jpg,AI,DALLE_3,Defactify_DALLE3,DALL-E_3,V5-D Gated Residual,0.43813,0.56187,0.471742,0.528258,REAL,False
DEF_DALLE_3_090,DEF_DALLE_3_090_549508a42a2e.jpg,AI,DALLE_3,Defactify_DALLE3,DALL-E_3,V5-A Spatial,0.999998,2e-06,0.999998,2e-06,AI,True
DEF_DALLE_3_090,DEF_DALLE_3_090_549508a42a2e.jpg,AI,DALLE_3,Defactify_DALLE3,DALL-E_3,V5-B Frequency,0.000153,0.999847,0.000153,0.999847,REAL,False
DEF_DALLE_3_090,DEF_DALLE_3_090_549508a42a2e.jpg,AI,DALLE_3,Defactify_DALLE3,DALL-E_3,V5-C Hybrid,0.999976,2.4e-05,0.999976,2.4e-05,AI,True
DEF_DALLE_3_090,DEF_DALLE_3_090_549508a42a2e.jpg,AI,DALLE_3,Defactify_DALLE3,DALL-E_3,V5-D Gated Residual,0.93326,0.06674,0.76851,0.23149,AI,True
DEF_DALLE_3_091,DEF_DALLE_3_091_59eedb0b02c5.jpg,AI,DALLE_3,Defactify_DALLE3,DALL-E_3,V5-A Spatial,0.623449,0.376551,0.623449,0.376551,AI,True
DEF_DALLE_3_091,DEF_DALLE_3_091_59eedb0b02c5.jpg,AI,DALLE_3,Defactify_DALLE3,DALL-E_3,V5-B Frequency,0.004829,0.995171,0.004829,0.995171,REAL,False
DEF_DALLE_3_091,DEF_DALLE_3_091_59eedb0b02c5.jpg,AI,DALLE_3,Defactify_DALLE3,DALL-E_3,V5-C Hybrid,0.035647,0.964353,0.035647,0.964353,REAL,False
DEF_DALLE_3_091,DEF_DALLE_3_091_59eedb0b02c5.jpg,AI,DALLE_3,Defactify_DALLE3,DALL-E_3,V5-D Gated Residual,0.000383,0.999617,0.027155,0.972845,REAL,False
DEF_DALLE_3_092,DEF_DALLE_3_092_b7fa37c43ccd.jpg,AI,DALLE_3,Defactify_DALLE3,DALL-E_3,V5-A Spatial,0.962976,0.037024,0.962976,0.037024,AI,True
DEF_DALLE_3_092,DEF_DALLE_3_092_b7fa37c43ccd.jpg,AI,DALLE_3,Defactify_DALLE3,DALL-E_3,V5-B Frequency,0.999704,0.000296,0.999704,0.000296,AI,True
DEF_DALLE_3_092,DEF_DALLE_3_092_b7fa37c43ccd.jpg,AI,DALLE_3,Defactify_DALLE3,DALL-E_3,V5-C Hybrid,1.0,0.0,1.0,0.0,AI,True
DEF_DALLE_3_092,DEF_DALLE_3_092_b7fa37c43ccd.jpg,AI,DALLE_3,Defactify_DALLE3,DALL-E_3,V5-D Gated Residual,0.999837,0.000163,0.981421,0.018579,AI,True
DEF_DALLE_3_093,DEF_DALLE_3_093_c92c508c42f3.jpg,AI,DALLE_3,Defactify_DALLE3,DALL-E_3,V5-A Spatial,0.999908,9.2e-05,0.999908,9.2e-05,AI,True
DEF_DALLE_3_093,DEF_DALLE_3_093_c92c508c42f3.jpg,AI,DALLE_3,Defactify_DALLE3,DALL-E_3,V5-B Frequency,0.008156,0.991844,0.008156,0.991844,REAL,False
DEF_DALLE_3_093,DEF_DALLE_3_093_c92c508c42f3.jpg,AI,DALLE_3,Defactify_DALLE3,DALL-E_3,V5-C Hybrid,0.998271,0.001729,0.998271,0.001729,AI,True
DEF_DALLE_3_093,DEF_DALLE_3_093_c92c508c42f3.jpg,AI,DALLE_3,Defactify_DALLE3,DALL-E_3,V5-D Gated Residual,0.02,0.98,0.145503,0.854497,REAL,False
DEF_DALLE_3_094,DEF_DALLE_3_094_201f479f09b4.jpg,AI,DALLE_3,Defactify_DALLE3,DALL-E_3,V5-A Spatial,0.999945,5.5e-05,0.999945,5.5e-05,AI,True
DEF_DALLE_3_094,DEF_DALLE_3_094_201f479f09b4.jpg,AI,DALLE_3,Defactify_DALLE3,DALL-E_3,V5-B Frequency,3.4e-05,0.999966,3.4e-05,0.999966,REAL,False
DEF_DALLE_3_094,DEF_DALLE_3_094_201f479f09b4.jpg,AI,DALLE_3,Defactify_DALLE3,DALL-E_3,V5-C Hybrid,0.941911,0.058089,0.941911,0.058089,AI,True
DEF_DALLE_3_094,DEF_DALLE_3_094_201f479f09b4.jpg,AI,DALLE_3,Defactify_DALLE3,DALL-E_3,V5-D Gated Residual,0.020995,0.979005,0.14833,0.85167,REAL,False
DEF_DALLE_3_095,DEF_DALLE_3_095_93a2d212f8ba.jpg,AI,DALLE_3,Defactify_DALLE3,DALL-E_3,V5-A Spatial,0.99916,0.00084,0.99916,0.00084,AI,True
DEF_DALLE_3_095,DEF_DALLE_3_095_93a2d212f8ba.jpg,AI,DALLE_3,Defactify_DALLE3,DALL-E_3,V5-B Frequency,0.025908,0.974092,0.025908,0.974092,REAL,False
DEF_DALLE_3_095,DEF_DALLE_3_095_93a2d212f8ba.jpg,AI,DALLE_3,Defactify_DALLE3,DALL-E_3,V5-C Hybrid,0.985724,0.014276,0.985724,0.014276,AI,True
DEF_DALLE_3_095,DEF_DALLE_3_095_93a2d212f8ba.jpg,AI,DALLE_3,Defactify_DALLE3,DALL-E_3,V5-D Gated Residual,0.002862,0.997138,0.065214,0.934786,REAL,False
DEF_DALLE_3_096,DEF_DALLE_3_096_1e9c53f2aee7.jpg,AI,DALLE_3,Defactify_DALLE3,DALL-E_3,V5-A Spatial,1.0,0.0,1.0,0.0,AI,True
DEF_DALLE_3_096,DEF_DALLE_3_096_1e9c53f2aee7.jpg,AI,DALLE_3,Defactify_DALLE3,DALL-E_3,V5-B Frequency,0.019009,0.980991,0.019009,0.980991,REAL,False
DEF_DALLE_3_096,DEF_DALLE_3_096_1e9c53f2aee7.jpg,AI,DALLE_3,Defactify_DALLE3,DALL-E_3,V5-C Hybrid,0.999998,2e-06,0.999998,2e-06,AI,True
DEF_DALLE_3_096,DEF_DALLE_3_096_1e9c53f2aee7.jpg,AI,DALLE_3,Defactify_DALLE3,DALL-E_3,V5-D Gated Residual,0.999031,0.000969,0.959139,0.040861,AI,True
DEF_DALLE_3_097,DEF_DALLE_3_097_047009b59365.jpg,AI,DALLE_3,Defactify_DALLE3,DALL-E_3,V5-A Spatial,0.999985,1.5e-05,0.999985,1.5e-05,AI,True
DEF_DALLE_3_097,DEF_DALLE_3_097_047009b59365.jpg,AI,DALLE_3,Defactify_DALLE3,DALL-E_3,V5-B Frequency,0.000529,0.999471,0.000529,0.999471,REAL,False
DEF_DALLE_3_097,DEF_DALLE_3_097_047009b59365.jpg,AI,DALLE_3,Defactify_DALLE3,DALL-E_3,V5-C Hybrid,0.946952,0.053048,0.946952,0.053048,AI,True
DEF_DALLE_3_097,DEF_DALLE_3_097_047009b59365.jpg,AI,DALLE_3,Defactify_DALLE3,DALL-E_3,V5-D Gated Residual,0.892314,0.107686,0.7235,0.2765,AI,True
DEF_DALLE_3_098,DEF_DALLE_3_098_72406d9e9c4b.jpg,AI,DALLE_3,Defactify_DALLE3,DALL-E_3,V5-A Spatial,0.0,1.0,0.0,1.0,REAL,False
DEF_DALLE_3_098,DEF_DALLE_3_098_72406d9e9c4b.jpg,AI,DALLE_3,Defactify_DALLE3,DALL-E_3,V5-B Frequency,0.018944,0.981056,0.018944,0.981056,REAL,False
DEF_DALLE_3_098,DEF_DALLE_3_098_72406d9e9c4b.jpg,AI,DALLE_3,Defactify_DALLE3,DALL-E_3,V5-C Hybrid,0.0,1.0,0.0,1.0,REAL,False
DEF_DALLE_3_098,DEF_DALLE_3_098_72406d9e9c4b.jpg,AI,DALLE_3,Defactify_DALLE3,DALL-E_3,V5-D Gated Residual,1.4e-05,0.999987,0.006062,0.993938,REAL,False
DEF_DALLE_3_099,DEF_DALLE_3_099_03b496eaa6bd.jpg,AI,DALLE_3,Defactify_DALLE3,DALL-E_3,V5-A Spatial,0.048694,0.951306,0.048694,0.951306,REAL,False
DEF_DALLE_3_099,DEF_DALLE_3_099_03b496eaa6bd.jpg,AI,DALLE_3,Defactify_DALLE3,DALL-E_3,V5-B Frequency,0.006097,0.993903,0.006097,0.993903,REAL,False
DEF_DALLE_3_099,DEF_DALLE_3_099_03b496eaa6bd.jpg,AI,DALLE_3,Defactify_DALLE3,DALL-E_3,V5-C Hybrid,0.098594,0.901406,0.098594,0.901406,REAL,False
DEF_DALLE_3_099,DEF_DALLE_3_099_03b496eaa6bd.jpg,AI,DALLE_3,Defactify_DALLE3,DALL-E_3,V5-D Gated Residual,0.000938,0.999062,0.040276,0.959724,REAL,False
DEF_DALLE_3_100,DEF_DALLE_3_100_94991676d7ec.jpg,AI,DALLE_3,Defactify_DALLE3,DALL-E_3,V5-A Spatial,0.89123,0.10877,0.89123,0.10877,AI,True
DEF_DALLE_3_100,DEF_DALLE_3_100_94991676d7ec.jpg,AI,DALLE_3,Defactify_DALLE3,DALL-E_3,V5-B Frequency,0.000489,0.999511,0.000489,0.999511,REAL,False
DEF_DALLE_3_100,DEF_DALLE_3_100_94991676d7ec.jpg,AI,DALLE_3,Defactify_DALLE3,DALL-E_3,V5-C Hybrid,0.000819,0.999181,0.000819,0.999181,REAL,False
DEF_DALLE_3_100,DEF_DALLE_3_100_94991676d7ec.jpg,AI,DALLE_3,Defactify_DALLE3,DALL-E_3,V5-D Gated Residual,0.003941,0.996059,0.074707,0.925293,REAL,False
DEF_SDXL_001,DEF_SDXL_001_6896a263b263.jpg,AI,SDXL,Defactify_SDXL,Stable_Diffusion_XL,V5-A Spatial,0.984114,0.015886,0.984114,0.015886,AI,True
DEF_SDXL_001,DEF_SDXL_001_6896a263b263.jpg,AI,SDXL,Defactify_SDXL,Stable_Diffusion_XL,V5-B Frequency,0.000512,0.999488,0.000512,0.999488,REAL,False
DEF_SDXL_001,DEF_SDXL_001_6896a263b263.jpg,AI,SDXL,Defactify_SDXL,Stable_Diffusion_XL,V5-C Hybrid,0.998094,0.001906,0.998094,0.001906,AI,True
DEF_SDXL_001,DEF_SDXL_001_6896a263b263.jpg,AI,SDXL,Defactify_SDXL,Stable_Diffusion_XL,V5-D Gated Residual,0.401237,0.598763,0.454602,0.545398,REAL,False
DEF_SDXL_002,DEF_SDXL_002_3c564dba4e61.jpg,AI,SDXL,Defactify_SDXL,Stable_Diffusion_XL,V5-A Spatial,0.951095,0.048905,0.951095,0.048905,AI,True
DEF_SDXL_002,DEF_SDXL_002_3c564dba4e61.jpg,AI,SDXL,Defactify_SDXL,Stable_Diffusion_XL,V5-B Frequency,0.013667,0.986333,0.013667,0.986333,REAL,False
DEF_SDXL_002,DEF_SDXL_002_3c564dba4e61.jpg,AI,SDXL,Defactify_SDXL,Stable_Diffusion_XL,V5-C Hybrid,0.761372,0.238628,0.761372,0.238628,AI,True
DEF_SDXL_002,DEF_SDXL_002_3c564dba4e61.jpg,AI,SDXL,Defactify_SDXL,Stable_Diffusion_XL,V5-D Gated Residual,0.074339,0.925661,0.241011,0.758989,REAL,False
DEF_SDXL_003,DEF_SDXL_003_571f894ebeeb.jpg,AI,SDXL,Defactify_SDXL,Stable_Diffusion_XL,V5-A Spatial,0.99999,1e-05,0.99999,1e-05,AI,True
DEF_SDXL_003,DEF_SDXL_003_571f894ebeeb.jpg,AI,SDXL,Defactify_SDXL,Stable_Diffusion_XL,V5-B Frequency,7e-06,0.999993,7e-06,0.999993,REAL,False
DEF_SDXL_003,DEF_SDXL_003_571f894ebeeb.jpg,AI,SDXL,Defactify_SDXL,Stable_Diffusion_XL,V5-C Hybrid,0.977379,0.022621,0.977379,0.022621,AI,True
DEF_SDXL_003,DEF_SDXL_003_571f894ebeeb.jpg,AI,SDXL,Defactify_SDXL,Stable_Diffusion_XL,V5-D Gated Residual,0.173643,0.826357,0.329682,0.670318,REAL,False
DEF_SDXL_004,DEF_SDXL_004_82a151f95e13.jpg,AI,SDXL,Defactify_SDXL,Stable_Diffusion_XL,V5-A Spatial,0.999889,0.000111,0.999889,0.000111,AI,True
DEF_SDXL_004,DEF_SDXL_004_82a151f95e13.jpg,AI,SDXL,Defactify_SDXL,Stable_Diffusion_XL,V5-B Frequency,2e-06,0.999998,2e-06,0.999998,REAL,False
DEF_SDXL_004,DEF_SDXL_004_82a151f95e13.jpg,AI,SDXL,Defactify_SDXL,Stable_Diffusion_XL,V5-C Hybrid,0.235572,0.764428,0.235572,0.764428,REAL,False
DEF_SDXL_004,DEF_SDXL_004_82a151f95e13.jpg,AI,SDXL,Defactify_SDXL,Stable_Diffusion_XL,V5-D Gated Residual,0.002495,0.997505,0.061507,0.938493,REAL,False
DEF_SDXL_005,DEF_SDXL_005_b2bc5060faf7.jpg,AI,SDXL,Defactify_SDXL,Stable_Diffusion_XL,V5-A Spatial,0.781392,0.218608,0.781392,0.218608,AI,True
DEF_SDXL_005,DEF_SDXL_005_b2bc5060faf7.jpg,AI,SDXL,Defactify_SDXL,Stable_Diffusion_XL,V5-B Frequency,0.00036,0.99964,0.00036,0.99964,REAL,False
DEF_SDXL_005,DEF_SDXL_005_b2bc5060faf7.jpg,AI,SDXL,Defactify_SDXL,Stable_Diffusion_XL,V5-C Hybrid,0.999719,0.000281,0.999719,0.000281,AI,True
DEF_SDXL_005,DEF_SDXL_005_b2bc5060faf7.jpg,AI,SDXL,Defactify_SDXL,Stable_Diffusion_XL,V5-D Gated Residual,0.024252,0.975748,0.15701,0.84299,REAL,False
DEF_SDXL_006,DEF_SDXL_006_551f049c5fa1.jpg,AI,SDXL,Defactify_SDXL,Stable_Diffusion_XL,V5-A Spatial,0.001402,0.998598,0.001402,0.998598,REAL,False
DEF_SDXL_006,DEF_SDXL_006_551f049c5fa1.jpg,AI,SDXL,Defactify_SDXL,Stable_Diffusion_XL,V5-B Frequency,0.020545,0.979455,0.020545,0.979455,REAL,False
DEF_SDXL_006,DEF_SDXL_006_551f049c5fa1.jpg,AI,SDXL,Defactify_SDXL,Stable_Diffusion_XL,V5-C Hybrid,0.002023,0.997977,0.002023,0.997977,REAL,False
DEF_SDXL_006,DEF_SDXL_006_551f049c5fa1.jpg,AI,SDXL,Defactify_SDXL,Stable_Diffusion_XL,V5-D Gated Residual,0.000101,0.999899,0.015022,0.984978,REAL,False
DEF_SDXL_007,DEF_SDXL_007_5d0d509ee966.jpg,AI,SDXL,Defactify_SDXL,Stable_Diffusion_XL,V5-A Spatial,0.127876,0.872124,0.127876,0.872124,REAL,False
DEF_SDXL_007,DEF_SDXL_007_5d0d509ee966.jpg,AI,SDXL,Defactify_SDXL,Stable_Diffusion_XL,V5-B Frequency,0.0,1.0,0.0,1.0,REAL,False
DEF_SDXL_007,DEF_SDXL_007_5d0d509ee966.jpg,AI,SDXL,Defactify_SDXL,Stable_Diffusion_XL,V5-C Hybrid,0.23337,0.76663,0.23337,0.76663,REAL,False
DEF_SDXL_007,DEF_SDXL_007_5d0d509ee966.jpg,AI,SDXL,Defactify_SDXL,Stable_Diffusion_XL,V5-D Gated Residual,0.009638,0.990362,0.108405,0.891595,REAL,False
DEF_SDXL_008,DEF_SDXL_008_a507e240c28c.jpg,AI,SDXL,Defactify_SDXL,Stable_Diffusion_XL,V5-A Spatial,0.000235,0.999765,0.000235,0.999765,REAL,False
DEF_SDXL_008,DEF_SDXL_008_a507e240c28c.jpg,AI,SDXL,Defactify_SDXL,Stable_Diffusion_XL,V5-B Frequency,0.005312,0.994688,0.005312,0.994688,REAL,False
DEF_SDXL_008,DEF_SDXL_008_a507e240c28c.jpg,AI,SDXL,Defactify_SDXL,Stable_Diffusion_XL,V5-C Hybrid,0.00048,0.99952,0.00048,0.99952,REAL,False
DEF_SDXL_008,DEF_SDXL_008_a507e240c28c.jpg,AI,SDXL,Defactify_SDXL,Stable_Diffusion_XL,V5-D Gated Residual,0.000815,0.999185,0.037879,0.962121,REAL,False
DEF_SDXL_009,DEF_SDXL_009_71e3b3d3f708.jpg,AI,SDXL,Defactify_SDXL,Stable_Diffusion_XL,V5-A Spatial,0.26681,0.73319,0.26681,0.73319,REAL,False
DEF_SDXL_009,DEF_SDXL_009_71e3b3d3f708.jpg,AI,SDXL,Defactify_SDXL,Stable_Diffusion_XL,V5-B Frequency,8e-06,0.999992,8e-06,0.999992,REAL,False
DEF_SDXL_009,DEF_SDXL_009_71e3b3d3f708.jpg,AI,SDXL,Defactify_SDXL,Stable_Diffusion_XL,V5-C Hybrid,0.000355,0.999645,0.000355,0.999645,REAL,False
DEF_SDXL_009,DEF_SDXL_009_71e3b3d3f708.jpg,AI,SDXL,Defactify_SDXL,Stable_Diffusion_XL,V5-D Gated Residual,0.003721,0.996279,0.07291,0.92709,REAL,False
DEF_SDXL_010,DEF_SDXL_010_362cb62853c2.jpg,AI,SDXL,Defactify_SDXL,Stable_Diffusion_XL,V5-A Spatial,0.999064,0.000936,0.999064,0.000936,AI,True
DEF_SDXL_010,DEF_SDXL_010_362cb62853c2.jpg,AI,SDXL,Defactify_SDXL,Stable_Diffusion_XL,V5-B Frequency,0.055305,0.944695,0.055305,0.944695,REAL,False
DEF_SDXL_010,DEF_SDXL_010_362cb62853c2.jpg,AI,SDXL,Defactify_SDXL,Stable_Diffusion_XL,V5-C Hybrid,0.950718,0.049282,0.950718,0.049282,AI,True
DEF_SDXL_010,DEF_SDXL_010_362cb62853c2.jpg,AI,SDXL,Defactify_SDXL,Stable_Diffusion_XL,V5-D Gated Residual,0.813645,0.186355,0.6616,0.3384,AI,True
DEF_SDXL_011,DEF_SDXL_011_116943ac8fa1.jpg,AI,SDXL,Defactify_SDXL,Stable_Diffusion_XL,V5-A Spatial,0.921964,0.078036,0.921964,0.078036,AI,True
DEF_SDXL_011,DEF_SDXL_011_116943ac8fa1.jpg,AI,SDXL,Defactify_SDXL,Stable_Diffusion_XL,V5-B Frequency,1.6e-05,0.999984,1.6e-05,0.999984,REAL,False
DEF_SDXL_011,DEF_SDXL_011_116943ac8fa1.jpg,AI,SDXL,Defactify_SDXL,Stable_Diffusion_XL,V5-C Hybrid,0.111597,0.888403,0.111597,0.888403,REAL,False
DEF_SDXL_011,DEF_SDXL_011_116943ac8fa1.jpg,AI,SDXL,Defactify_SDXL,Stable_Diffusion_XL,V5-D Gated Residual,0.001724,0.998276,0.052461,0.947539,REAL,False
DEF_SDXL_012,DEF_SDXL_012_f71fc41a45ec.jpg,AI,SDXL,Defactify_SDXL,Stable_Diffusion_XL,V5-A Spatial,0.997243,0.002757,0.997243,0.002757,AI,True
DEF_SDXL_012,DEF_SDXL_012_f71fc41a45ec.jpg,AI,SDXL,Defactify_SDXL,Stable_Diffusion_XL,V5-B Frequency,0.129192,0.870808,0.129192,0.870808,REAL,False
DEF_SDXL_012,DEF_SDXL_012_f71fc41a45ec.jpg,AI,SDXL,Defactify_SDXL,Stable_Diffusion_XL,V5-C Hybrid,1.0,0.0,1.0,0.0,AI,True
DEF_SDXL_012,DEF_SDXL_012_f71fc41a45ec.jpg,AI,SDXL,Defactify_SDXL,Stable_Diffusion_XL,V5-D Gated Residual,0.998246,0.001754,0.94714,0.05286,AI,True
DEF_SDXL_013,DEF_SDXL_013_aa1e03e2ec73.jpg,AI,SDXL,Defactify_SDXL,Stable_Diffusion_XL,V5-A Spatial,0.999614,0.000386,0.999614,0.000386,AI,True
DEF_SDXL_013,DEF_SDXL_013_aa1e03e2ec73.jpg,AI,SDXL,Defactify_SDXL,Stable_Diffusion_XL,V5-B Frequency,6e-06,0.999994,6e-06,0.999994,REAL,False
DEF_SDXL_013,DEF_SDXL_013_aa1e03e2ec73.jpg,AI,SDXL,Defactify_SDXL,Stable_Diffusion_XL,V5-C Hybrid,0.79533,0.20467,0.79533,0.20467,AI,True
DEF_SDXL_013,DEF_SDXL_013_aa1e03e2ec73.jpg,AI,SDXL,Defactify_SDXL,Stable_Diffusion_XL,V5-D Gated Residual,0.239102,0.760898,0.371317,0.628683,REAL,False
DEF_SDXL_014,DEF_SDXL_014_8c942d1cfeec.jpg,AI,SDXL,Defactify_SDXL,Stable_Diffusion_XL,V5-A Spatial,0.10232,0.89768,0.10232,0.89768,REAL,False
DEF_SDXL_014,DEF_SDXL_014_8c942d1cfeec.jpg,AI,SDXL,Defactify_SDXL,Stable_Diffusion_XL,V5-B Frequency,0.014733,0.985267,0.014733,0.985267,REAL,False
DEF_SDXL_014,DEF_SDXL_014_8c942d1cfeec.jpg,AI,SDXL,Defactify_SDXL,Stable_Diffusion_XL,V5-C Hybrid,0.000105,0.999895,0.000105,0.999895,REAL,False
DEF_SDXL_014,DEF_SDXL_014_8c942d1cfeec.jpg,AI,SDXL,Defactify_SDXL,Stable_Diffusion_XL,V5-D Gated Residual,0.000956,0.999044,0.040617,0.959383,REAL,False
DEF_SDXL_015,DEF_SDXL_015_780b11fe50ce.jpg,AI,SDXL,Defactify_SDXL,Stable_Diffusion_XL,V5-A Spatial,1.0,0.0,1.0,0.0,AI,True
DEF_SDXL_015,DEF_SDXL_015_780b11fe50ce.jpg,AI,SDXL,Defactify_SDXL,Stable_Diffusion_XL,V5-B Frequency,3.1e-05,0.999969,3.1e-05,0.999969,REAL,False
DEF_SDXL_015,DEF_SDXL_015_780b11fe50ce.jpg,AI,SDXL,Defactify_SDXL,Stable_Diffusion_XL,V5-C Hybrid,0.999966,3.4e-05,0.999966,3.4e-05,AI,True
DEF_SDXL_015,DEF_SDXL_015_780b11fe50ce.jpg,AI,SDXL,Defactify_SDXL,Stable_Diffusion_XL,V5-D Gated Residual,0.9997,0.0003,0.975627,0.024373,AI,True
DEF_SDXL_016,DEF_SDXL_016_f29a01c47c74.jpg,AI,SDXL,Defactify_SDXL,Stable_Diffusion_XL,V5-A Spatial,0.999998,2e-06,0.999998,2e-06,AI,True
DEF_SDXL_016,DEF_SDXL_016_f29a01c47c74.jpg,AI,SDXL,Defactify_SDXL,Stable_Diffusion_XL,V5-B Frequency,0.747297,0.252703,0.747297,0.252703,AI,True
DEF_SDXL_016,DEF_SDXL_016_f29a01c47c74.jpg,AI,SDXL,Defactify_SDXL,Stable_Diffusion_XL,V5-C Hybrid,0.999994,6e-06,0.999994,6e-06,AI,True
DEF_SDXL_016,DEF_SDXL_016_f29a01c47c74.jpg,AI,SDXL,Defactify_SDXL,Stable_Diffusion_XL,V5-D Gated Residual,0.999936,6.4e-05,0.987754,0.012246,AI,True
DEF_SDXL_017,DEF_SDXL_017_da26221291c9.jpg,AI,SDXL,Defactify_SDXL,Stable_Diffusion_XL,V5-A Spatial,0.003248,0.996752,0.003248,0.996752,REAL,False
DEF_SDXL_017,DEF_SDXL_017_da26221291c9.jpg,AI,SDXL,Defactify_SDXL,Stable_Diffusion_XL,V5-B Frequency,0.000784,0.999216,0.000784,0.999216,REAL,False
DEF_SDXL_017,DEF_SDXL_017_da26221291c9.jpg,AI,SDXL,Defactify_SDXL,Stable_Diffusion_XL,V5-C Hybrid,0.00106,0.99894,0.00106,0.99894,REAL,False
DEF_SDXL_017,DEF_SDXL_017_da26221291c9.jpg,AI,SDXL,Defactify_SDXL,Stable_Diffusion_XL,V5-D Gated Residual,0.000188,0.999812,0.019807,0.980193,REAL,False
DEF_SDXL_018,DEF_SDXL_018_af92ecb34555.jpg,AI,SDXL,Defactify_SDXL,Stable_Diffusion_XL,V5-A Spatial,7.7e-05,0.999923,7.7e-05,0.999923,REAL,False
DEF_SDXL_018,DEF_SDXL_018_af92ecb34555.jpg,AI,SDXL,Defactify_SDXL,Stable_Diffusion_XL,V5-B Frequency,0.000845,0.999155,0.000845,0.999155,REAL,False
DEF_SDXL_018,DEF_SDXL_018_af92ecb34555.jpg,AI,SDXL,Defactify_SDXL,Stable_Diffusion_XL,V5-C Hybrid,0.0,1.0,0.0,1.0,REAL,False
DEF_SDXL_018,DEF_SDXL_018_af92ecb34555.jpg,AI,SDXL,Defactify_SDXL,Stable_Diffusion_XL,V5-D Gated Residual,0.000212,0.999788,0.02087,0.97913,REAL,False
DEF_SDXL_019,DEF_SDXL_019_8777291c5c48.jpg,AI,SDXL,Defactify_SDXL,Stable_Diffusion_XL,V5-A Spatial,0.961472,0.038528,0.961472,0.038528,AI,True
DEF_SDXL_019,DEF_SDXL_019_8777291c5c48.jpg,AI,SDXL,Defactify_SDXL,Stable_Diffusion_XL,V5-B Frequency,0.022865,0.977135,0.022865,0.977135,REAL,False
DEF_SDXL_019,DEF_SDXL_019_8777291c5c48.jpg,AI,SDXL,Defactify_SDXL,Stable_Diffusion_XL,V5-C Hybrid,0.999989,1.1e-05,0.999989,1.1e-05,AI,True
DEF_SDXL_019,DEF_SDXL_019_8777291c5c48.jpg,AI,SDXL,Defactify_SDXL,Stable_Diffusion_XL,V5-D Gated Residual,0.999975,2.5e-05,0.992026,0.007974,AI,True
DEF_SDXL_020,DEF_SDXL_020_d90187a23f54.jpg,AI,SDXL,Defactify_SDXL,Stable_Diffusion_XL,V5-A Spatial,0.032913,0.967087,0.032913,0.967087,REAL,False
DEF_SDXL_020,DEF_SDXL_020_d90187a23f54.jpg,AI,SDXL,Defactify_SDXL,Stable_Diffusion_XL,V5-B Frequency,1.9e-05,0.999981,1.9e-05,0.999981,REAL,False
DEF_SDXL_020,DEF_SDXL_020_d90187a23f54.jpg,AI,SDXL,Defactify_SDXL,Stable_Diffusion_XL,V5-C Hybrid,1.5e-05,0.999985,1.5e-05,0.999985,REAL,False
DEF_SDXL_020,DEF_SDXL_020_d90187a23f54.jpg,AI,SDXL,Defactify_SDXL,Stable_Diffusion_XL,V5-D Gated Residual,0.000702,0.999298,0.035483,0.964517,REAL,False
DEF_SDXL_021,DEF_SDXL_021_4c9bab56e00f.jpg,AI,SDXL,Defactify_SDXL,Stable_Diffusion_XL,V5-A Spatial,1.0,0.0,1.0,0.0,AI,True
DEF_SDXL_021,DEF_SDXL_021_4c9bab56e00f.jpg,AI,SDXL,Defactify_SDXL,Stable_Diffusion_XL,V5-B Frequency,0.000438,0.999562,0.000438,0.999562,REAL,False
DEF_SDXL_021,DEF_SDXL_021_4c9bab56e00f.jpg,AI,SDXL,Defactify_SDXL,Stable_Diffusion_XL,V5-C Hybrid,0.977658,0.022342,0.977658,0.022342,AI,True
DEF_SDXL_021,DEF_SDXL_021_4c9bab56e00f.jpg,AI,SDXL,Defactify_SDXL,Stable_Diffusion_XL,V5-D Gated Residual,0.999271,0.000729,0.963929,0.036071,AI,True
DEF_SDXL_022,DEF_SDXL_022_fe1bd9bf0df4.jpg,AI,SDXL,Defactify_SDXL,Stable_Diffusion_XL,V5-A Spatial,1.0,0.0,1.0,0.0,AI,True
DEF_SDXL_022,DEF_SDXL_022_fe1bd9bf0df4.jpg,AI,SDXL,Defactify_SDXL,Stable_Diffusion_XL,V5-B Frequency,0.055361,0.944639,0.055361,0.944639,REAL,False
DEF_SDXL_022,DEF_SDXL_022_fe1bd9bf0df4.jpg,AI,SDXL,Defactify_SDXL,Stable_Diffusion_XL,V5-C Hybrid,1.0,0.0,1.0,0.0,AI,True
DEF_SDXL_022,DEF_SDXL_022_fe1bd9bf0df4.jpg,AI,SDXL,Defactify_SDXL,Stable_Diffusion_XL,V5-D Gated Residual,0.99983,0.00017,0.981075,0.018925,AI,True
DEF_SDXL_023,DEF_SDXL_023_08116f520a31.jpg,AI,SDXL,Defactify_SDXL,Stable_Diffusion_XL,V5-A Spatial,0.985002,0.014999,0.985002,0.014999,AI,True
DEF_SDXL_023,DEF_SDXL_023_08116f520a31.jpg,AI,SDXL,Defactify_SDXL,Stable_Diffusion_XL,V5-B Frequency,0.0,1.0,0.0,1.0,REAL,False
DEF_SDXL_023,DEF_SDXL_023_08116f520a31.jpg,AI,SDXL,Defactify_SDXL,Stable_Diffusion_XL,V5-C Hybrid,0.005043,0.994957,0.005043,0.994957,REAL,False
DEF_SDXL_023,DEF_SDXL_023_08116f520a31.jpg,AI,SDXL,Defactify_SDXL,Stable_Diffusion_XL,V5-D Gated Residual,0.002039,0.997961,0.056407,0.943594,REAL,False
DEF_SDXL_024,DEF_SDXL_024_bf3f0b94295b.jpg,AI,SDXL,Defactify_SDXL,Stable_Diffusion_XL,V5-A Spatial,1.2e-05,0.999988,1.2e-05,0.999988,REAL,False
DEF_SDXL_024,DEF_SDXL_024_bf3f0b94295b.jpg,AI,SDXL,Defactify_SDXL,Stable_Diffusion_XL,V5-B Frequency,0.000995,0.999005,0.000995,0.999005,REAL,False
DEF_SDXL_024,DEF_SDXL_024_bf3f0b94295b.jpg,AI,SDXL,Defactify_SDXL,Stable_Diffusion_XL,V5-C Hybrid,0.0,1.0,0.0,1.0,REAL,False
DEF_SDXL_024,DEF_SDXL_024_bf3f0b94295b.jpg,AI,SDXL,Defactify_SDXL,Stable_Diffusion_XL,V5-D Gated Residual,0.000703,0.999297,0.035496,0.964504,REAL,False
DEF_SDXL_025,DEF_SDXL_025_f09335ce61cd.jpg,AI,SDXL,Defactify_SDXL,Stable_Diffusion_XL,V5-A Spatial,0.00376,0.99624,0.00376,0.99624,REAL,False
DEF_SDXL_025,DEF_SDXL_025_f09335ce61cd.jpg,AI,SDXL,Defactify_SDXL,Stable_Diffusion_XL,V5-B Frequency,0.912697,0.087303,0.912697,0.087303,AI,True
DEF_SDXL_025,DEF_SDXL_025_f09335ce61cd.jpg,AI,SDXL,Defactify_SDXL,Stable_Diffusion_XL,V5-C Hybrid,0.877653,0.122347,0.877653,0.122347,AI,True
DEF_SDXL_025,DEF_SDXL_025_f09335ce61cd.jpg,AI,SDXL,Defactify_SDXL,Stable_Diffusion_XL,V5-D Gated Residual,0.421998,0.578002,0.464287,0.535713,REAL,False
DEF_SDXL_026,DEF_SDXL_026_e29a7fdb4435.jpg,AI,SDXL,Defactify_SDXL,Stable_Diffusion_XL,V5-A Spatial,0.999962,3.8e-05,0.999962,3.8e-05,AI,True
DEF_SDXL_026,DEF_SDXL_026_e29a7fdb4435.jpg,AI,SDXL,Defactify_SDXL,Stable_Diffusion_XL,V5-B Frequency,0.000544,0.999456,0.000544,0.999456,REAL,False
DEF_SDXL_026,DEF_SDXL_026_e29a7fdb4435.jpg,AI,SDXL,Defactify_SDXL,Stable_Diffusion_XL,V5-C Hybrid,0.926756,0.073244,0.926756,0.073244,AI,True
DEF_SDXL_026,DEF_SDXL_026_e29a7fdb4435.jpg,AI,SDXL,Defactify_SDXL,Stable_Diffusion_XL,V5-D Gated Residual,0.036763,0.963237,0.18459,0.81541,REAL,False
DEF_SDXL_027,DEF_SDXL_027_40b93bce9543.jpg,AI,SDXL,Defactify_SDXL,Stable_Diffusion_XL,V5-A Spatial,0.035038,0.964962,0.035038,0.964962,REAL,False
DEF_SDXL_027,DEF_SDXL_027_40b93bce9543.jpg,AI,SDXL,Defactify_SDXL,Stable_Diffusion_XL,V5-B Frequency,3e-05,0.99997,3e-05,0.99997,REAL,False
DEF_SDXL_027,DEF_SDXL_027_40b93bce9543.jpg,AI,SDXL,Defactify_SDXL,Stable_Diffusion_XL,V5-C Hybrid,0.0,1.0,0.0,1.0,REAL,False
DEF_SDXL_027,DEF_SDXL_027_40b93bce9543.jpg,AI,SDXL,Defactify_SDXL,Stable_Diffusion_XL,V5-D Gated Residual,0.000121,0.999879,0.016278,0.983722,REAL,False
DEF_SDXL_028,DEF_SDXL_028_cd3e053fa20b.jpg,AI,SDXL,Defactify_SDXL,Stable_Diffusion_XL,V5-A Spatial,0.985243,0.014757,0.985243,0.014757,AI,True
DEF_SDXL_028,DEF_SDXL_028_cd3e053fa20b.jpg,AI,SDXL,Defactify_SDXL,Stable_Diffusion_XL,V5-B Frequency,0.0002,0.9998,0.0002,0.9998,REAL,False
DEF_SDXL_028,DEF_SDXL_028_cd3e053fa20b.jpg,AI,SDXL,Defactify_SDXL,Stable_Diffusion_XL,V5-C Hybrid,0.613702,0.386298,0.613702,0.386298,AI,True
DEF_SDXL_028,DEF_SDXL_028_cd3e053fa20b.jpg,AI,SDXL,Defactify_SDXL,Stable_Diffusion_XL,V5-D Gated Residual,0.01716,0.98284,0.136899,0.863101,REAL,False
DEF_SDXL_029,DEF_SDXL_029_b93dbe61c0b3.jpg,AI,SDXL,Defactify_SDXL,Stable_Diffusion_XL,V5-A Spatial,0.562274,0.437726,0.562274,0.437726,AI,True
DEF_SDXL_029,DEF_SDXL_029_b93dbe61c0b3.jpg,AI,SDXL,Defactify_SDXL,Stable_Diffusion_XL,V5-B Frequency,0.997056,0.002944,0.997056,0.002944,AI,True
DEF_SDXL_029,DEF_SDXL_029_b93dbe61c0b3.jpg,AI,SDXL,Defactify_SDXL,Stable_Diffusion_XL,V5-C Hybrid,0.216384,0.783616,0.216384,0.783616,REAL,False
DEF_SDXL_029,DEF_SDXL_029_b93dbe61c0b3.jpg,AI,SDXL,Defactify_SDXL,Stable_Diffusion_XL,V5-D Gated Residual,0.003932,0.996068,0.074637,0.925363,REAL,False
DEF_SDXL_030,DEF_SDXL_030_f17e30be13fc.jpg,AI,SDXL,Defactify_SDXL,Stable_Diffusion_XL,V5-A Spatial,0.719733,0.280267,0.719733,0.280267,AI,True
DEF_SDXL_030,DEF_SDXL_030_f17e30be13fc.jpg,AI,SDXL,Defactify_SDXL,Stable_Diffusion_XL,V5-B Frequency,1e-06,0.999999,1e-06,0.999999,REAL,False
DEF_SDXL_030,DEF_SDXL_030_f17e30be13fc.jpg,AI,SDXL,Defactify_SDXL,Stable_Diffusion_XL,V5-C Hybrid,0.00151,0.99849,0.00151,0.99849,REAL,False
DEF_SDXL_030,DEF_SDXL_030_f17e30be13fc.jpg,AI,SDXL,Defactify_SDXL,Stable_Diffusion_XL,V5-D Gated Residual,0.017158,0.982842,0.136892,0.863108,REAL,False
DEF_SDXL_031,DEF_SDXL_031_6ff2cbf2c1f4.jpg,AI,SDXL,Defactify_SDXL,Stable_Diffusion_XL,V5-A Spatial,0.911379,0.088621,0.911379,0.088621,AI,True
DEF_SDXL_031,DEF_SDXL_031_6ff2cbf2c1f4.jpg,AI,SDXL,Defactify_SDXL,Stable_Diffusion_XL,V5-B Frequency,0.000387,0.999613,0.000387,0.999613,REAL,False
DEF_SDXL_031,DEF_SDXL_031_6ff2cbf2c1f4.jpg,AI,SDXL,Defactify_SDXL,Stable_Diffusion_XL,V5-C Hybrid,0.000124,0.999876,0.000124,0.999876,REAL,False
DEF_SDXL_031,DEF_SDXL_031_6ff2cbf2c1f4.jpg,AI,SDXL,Defactify_SDXL,Stable_Diffusion_XL,V5-D Gated Residual,0.001042,0.998958,0.042166,0.957834,REAL,False
DEF_SDXL_032,DEF_SDXL_032_beeb21dd89c0.jpg,AI,SDXL,Defactify_SDXL,Stable_Diffusion_XL,V5-A Spatial,0.99987,0.00013,0.99987,0.00013,AI,True
DEF_SDXL_032,DEF_SDXL_032_beeb21dd89c0.jpg,AI,SDXL,Defactify_SDXL,Stable_Diffusion_XL,V5-B Frequency,0.000902,0.999098,0.000902,0.999098,REAL,False
DEF_SDXL_032,DEF_SDXL_032_beeb21dd89c0.jpg,AI,SDXL,Defactify_SDXL,Stable_Diffusion_XL,V5-C Hybrid,0.103435,0.896565,0.103435,0.896565,REAL,False
DEF_SDXL_032,DEF_SDXL_032_beeb21dd89c0.jpg,AI,SDXL,Defactify_SDXL,Stable_Diffusion_XL,V5-D Gated Residual,0.000372,0.999628,0.026813,0.973187,REAL,False
DEF_SDXL_033,DEF_SDXL_033_409fffb4aa2e.jpg,AI,SDXL,Defactify_SDXL,Stable_Diffusion_XL,V5-A Spatial,0.408319,0.591681,0.408319,0.591681,REAL,False
DEF_SDXL_033,DEF_SDXL_033_409fffb4aa2e.jpg,AI,SDXL,Defactify_SDXL,Stable_Diffusion_XL,V5-B Frequency,5.5e-05,0.999945,5.5e-05,0.999945,REAL,False
DEF_SDXL_033,DEF_SDXL_033_409fffb4aa2e.jpg,AI,SDXL,Defactify_SDXL,Stable_Diffusion_XL,V5-C Hybrid,0.232243,0.767757,0.232243,0.767757,REAL,False
DEF_SDXL_033,DEF_SDXL_033_409fffb4aa2e.jpg,AI,SDXL,Defactify_SDXL,Stable_Diffusion_XL,V5-D Gated Residual,3.4e-05,0.999966,0.009176,0.990824,REAL,False
DEF_SDXL_034,DEF_SDXL_034_b3166901fa16.jpg,AI,SDXL,Defactify_SDXL,Stable_Diffusion_XL,V5-A Spatial,0.982603,0.017397,0.982603,0.017397,AI,True
DEF_SDXL_034,DEF_SDXL_034_b3166901fa16.jpg,AI,SDXL,Defactify_SDXL,Stable_Diffusion_XL,V5-B Frequency,1e-06,0.999999,1e-06,0.999999,REAL,False
DEF_SDXL_034,DEF_SDXL_034_b3166901fa16.jpg,AI,SDXL,Defactify_SDXL,Stable_Diffusion_XL,V5-C Hybrid,0.443261,0.556739,0.443261,0.556739,REAL,False
DEF_SDXL_034,DEF_SDXL_034_b3166901fa16.jpg,AI,SDXL,Defactify_SDXL,Stable_Diffusion_XL,V5-D Gated Residual,0.756773,0.243227,0.626287,0.373713,AI,True
DEF_SDXL_035,DEF_SDXL_035_fe06003ccc13.jpg,AI,SDXL,Defactify_SDXL,Stable_Diffusion_XL,V5-A Spatial,0.946046,0.053954,0.946046,0.053954,AI,True
DEF_SDXL_035,DEF_SDXL_035_fe06003ccc13.jpg,AI,SDXL,Defactify_SDXL,Stable_Diffusion_XL,V5-B Frequency,0.000207,0.999793,0.000207,0.999793,REAL,False
DEF_SDXL_035,DEF_SDXL_035_fe06003ccc13.jpg,AI,SDXL,Defactify_SDXL,Stable_Diffusion_XL,V5-C Hybrid,0.001365,0.998635,0.001365,0.998635,REAL,False
DEF_SDXL_035,DEF_SDXL_035_fe06003ccc13.jpg,AI,SDXL,Defactify_SDXL,Stable_Diffusion_XL,V5-D Gated Residual,0.000128,0.999872,0.016687,0.983313,REAL,False
DEF_SDXL_036,DEF_SDXL_036_b87b8be31b20.jpg,AI,SDXL,Defactify_SDXL,Stable_Diffusion_XL,V5-A Spatial,0.611667,0.388333,0.611667,0.388333,AI,True
DEF_SDXL_036,DEF_SDXL_036_b87b8be31b20.jpg,AI,SDXL,Defactify_SDXL,Stable_Diffusion_XL,V5-B Frequency,0.002026,0.997974,0.002026,0.997974,REAL,False
DEF_SDXL_036,DEF_SDXL_036_b87b8be31b20.jpg,AI,SDXL,Defactify_SDXL,Stable_Diffusion_XL,V5-C Hybrid,0.905763,0.094237,0.905763,0.094237,AI,True
DEF_SDXL_036,DEF_SDXL_036_b87b8be31b20.jpg,AI,SDXL,Defactify_SDXL,Stable_Diffusion_XL,V5-D Gated Residual,0.075024,0.924976,0.241836,0.758164,REAL,False
DEF_SDXL_037,DEF_SDXL_037_82a9ad5d8823.jpg,AI,SDXL,Defactify_SDXL,Stable_Diffusion_XL,V5-A Spatial,0.88097,0.11903,0.88097,0.11903,AI,True
DEF_SDXL_037,DEF_SDXL_037_82a9ad5d8823.jpg,AI,SDXL,Defactify_SDXL,Stable_Diffusion_XL,V5-B Frequency,7e-06,0.999993,7e-06,0.999993,REAL,False
DEF_SDXL_037,DEF_SDXL_037_82a9ad5d8823.jpg,AI,SDXL,Defactify_SDXL,Stable_Diffusion_XL,V5-C Hybrid,0.00022,0.99978,0.00022,0.99978,REAL,False
DEF_SDXL_037,DEF_SDXL_037_82a9ad5d8823.jpg,AI,SDXL,Defactify_SDXL,Stable_Diffusion_XL,V5-D Gated Residual,0.000487,0.999513,0.030192,0.969808,REAL,False
DEF_SDXL_038,DEF_SDXL_038_fd02b0a7be8b.jpg,AI,SDXL,Defactify_SDXL,Stable_Diffusion_XL,V5-A Spatial,3.3e-05,0.999967,3.3e-05,0.999967,REAL,False
DEF_SDXL_038,DEF_SDXL_038_fd02b0a7be8b.jpg,AI,SDXL,Defactify_SDXL,Stable_Diffusion_XL,V5-B Frequency,0.008876,0.991124,0.008876,0.991124,REAL,False
DEF_SDXL_038,DEF_SDXL_038_fd02b0a7be8b.jpg,AI,SDXL,Defactify_SDXL,Stable_Diffusion_XL,V5-C Hybrid,1.8e-05,0.999982,1.8e-05,0.999982,REAL,False
DEF_SDXL_038,DEF_SDXL_038_fd02b0a7be8b.jpg,AI,SDXL,Defactify_SDXL,Stable_Diffusion_XL,V5-D Gated Residual,0.000611,0.99939,0.033363,0.966637,REAL,False
DEF_SDXL_039,DEF_SDXL_039_370dfca479ca.jpg,AI,SDXL,Defactify_SDXL,Stable_Diffusion_XL,V5-A Spatial,0.995137,0.004863,0.995137,0.004863,AI,True
DEF_SDXL_039,DEF_SDXL_039_370dfca479ca.jpg,AI,SDXL,Defactify_SDXL,Stable_Diffusion_XL,V5-B Frequency,0.997009,0.002991,0.997009,0.002991,AI,True
DEF_SDXL_039,DEF_SDXL_039_370dfca479ca.jpg,AI,SDXL,Defactify_SDXL,Stable_Diffusion_XL,V5-C Hybrid,0.403193,0.596807,0.403193,0.596807,REAL,False
DEF_SDXL_039,DEF_SDXL_039_370dfca479ca.jpg,AI,SDXL,Defactify_SDXL,Stable_Diffusion_XL,V5-D Gated Residual,0.020181,0.979819,0.146024,0.853976,REAL,False
DEF_SDXL_040,DEF_SDXL_040_acdc05bf442b.jpg,AI,SDXL,Defactify_SDXL,Stable_Diffusion_XL,V5-A Spatial,0.999216,0.000784,0.999216,0.000784,AI,True
DEF_SDXL_040,DEF_SDXL_040_acdc05bf442b.jpg,AI,SDXL,Defactify_SDXL,Stable_Diffusion_XL,V5-B Frequency,1.3e-05,0.999987,1.3e-05,0.999987,REAL,False
DEF_SDXL_040,DEF_SDXL_040_acdc05bf442b.jpg,AI,SDXL,Defactify_SDXL,Stable_Diffusion_XL,V5-C Hybrid,0.999998,2e-06,0.999998,2e-06,AI,True
DEF_SDXL_040,DEF_SDXL_040_acdc05bf442b.jpg,AI,SDXL,Defactify_SDXL,Stable_Diffusion_XL,V5-D Gated Residual,0.999984,1.6e-05,0.99342,0.00658,AI,True
DEF_SDXL_041,DEF_SDXL_041_d4227c28ab98.jpg,AI,SDXL,Defactify_SDXL,Stable_Diffusion_XL,V5-A Spatial,1.0,0.0,1.0,0.0,AI,True
DEF_SDXL_041,DEF_SDXL_041_d4227c28ab98.jpg,AI,SDXL,Defactify_SDXL,Stable_Diffusion_XL,V5-B Frequency,0.998307,0.001693,0.998307,0.001693,AI,True
DEF_SDXL_041,DEF_SDXL_041_d4227c28ab98.jpg,AI,SDXL,Defactify_SDXL,Stable_Diffusion_XL,V5-C Hybrid,1.0,0.0,1.0,0.0,AI,True
DEF_SDXL_041,DEF_SDXL_041_d4227c28ab98.jpg,AI,SDXL,Defactify_SDXL,Stable_Diffusion_XL,V5-D Gated Residual,0.999995,5e-06,0.996121,0.003879,AI,True
DEF_SDXL_042,DEF_SDXL_042_e378a0344eb3.jpg,AI,SDXL,Defactify_SDXL,Stable_Diffusion_XL,V5-A Spatial,1.0,0.0,1.0,0.0,AI,True
DEF_SDXL_042,DEF_SDXL_042_e378a0344eb3.jpg,AI,SDXL,Defactify_SDXL,Stable_Diffusion_XL,V5-B Frequency,5e-05,0.99995,5e-05,0.99995,REAL,False
DEF_SDXL_042,DEF_SDXL_042_e378a0344eb3.jpg,AI,SDXL,Defactify_SDXL,Stable_Diffusion_XL,V5-C Hybrid,0.69761,0.30239,0.69761,0.30239,AI,True
DEF_SDXL_042,DEF_SDXL_042_e378a0344eb3.jpg,AI,SDXL,Defactify_SDXL,Stable_Diffusion_XL,V5-D Gated Residual,0.87618,0.12382,0.708907,0.291093,AI,True
DEF_SDXL_043,DEF_SDXL_043_7a15120619de.jpg,AI,SDXL,Defactify_SDXL,Stable_Diffusion_XL,V5-A Spatial,1.0,1e-06,1.0,1e-06,AI,True
DEF_SDXL_043,DEF_SDXL_043_7a15120619de.jpg,AI,SDXL,Defactify_SDXL,Stable_Diffusion_XL,V5-B Frequency,0.793357,0.206643,0.793357,0.206643,AI,True
DEF_SDXL_043,DEF_SDXL_043_7a15120619de.jpg,AI,SDXL,Defactify_SDXL,Stable_Diffusion_XL,V5-C Hybrid,0.999897,0.000103,0.999897,0.000103,AI,True
DEF_SDXL_043,DEF_SDXL_043_7a15120619de.jpg,AI,SDXL,Defactify_SDXL,Stable_Diffusion_XL,V5-D Gated Residual,0.99773,0.00227,0.940933,0.059067,AI,True
DEF_SDXL_044,DEF_SDXL_044_49ba7108064b.jpg,AI,SDXL,Defactify_SDXL,Stable_Diffusion_XL,V5-A Spatial,0.899266,0.100734,0.899266,0.100734,AI,True
DEF_SDXL_044,DEF_SDXL_044_49ba7108064b.jpg,AI,SDXL,Defactify_SDXL,Stable_Diffusion_XL,V5-B Frequency,0.000172,0.999828,0.000172,0.999828,REAL,False
DEF_SDXL_044,DEF_SDXL_044_49ba7108064b.jpg,AI,SDXL,Defactify_SDXL,Stable_Diffusion_XL,V5-C Hybrid,0.00019,0.99981,0.00019,0.99981,REAL,False
DEF_SDXL_044,DEF_SDXL_044_49ba7108064b.jpg,AI,SDXL,Defactify_SDXL,Stable_Diffusion_XL,V5-D Gated Residual,0.000975,0.999025,0.040971,0.959029,REAL,False
DEF_SDXL_045,DEF_SDXL_045_2833b5c39f2e.jpg,AI,SDXL,Defactify_SDXL,Stable_Diffusion_XL,V5-A Spatial,0.457118,0.542882,0.457118,0.542882,REAL,False
DEF_SDXL_045,DEF_SDXL_045_2833b5c39f2e.jpg,AI,SDXL,Defactify_SDXL,Stable_Diffusion_XL,V5-B Frequency,0.002836,0.997164,0.002836,0.997164,REAL,False
DEF_SDXL_045,DEF_SDXL_045_2833b5c39f2e.jpg,AI,SDXL,Defactify_SDXL,Stable_Diffusion_XL,V5-C Hybrid,0.445403,0.554597,0.445403,0.554597,REAL,False
DEF_SDXL_045,DEF_SDXL_045_2833b5c39f2e.jpg,AI,SDXL,Defactify_SDXL,Stable_Diffusion_XL,V5-D Gated Residual,0.89988,0.10012,0.730836,0.269164,AI,True
DEF_SDXL_046,DEF_SDXL_046_215eb8c5bba4.jpg,AI,SDXL,Defactify_SDXL,Stable_Diffusion_XL,V5-A Spatial,0.993733,0.006267,0.993733,0.006267,AI,True
DEF_SDXL_046,DEF_SDXL_046_215eb8c5bba4.jpg,AI,SDXL,Defactify_SDXL,Stable_Diffusion_XL,V5-B Frequency,1e-06,0.999999,1e-06,0.999999,REAL,False
DEF_SDXL_046,DEF_SDXL_046_215eb8c5bba4.jpg,AI,SDXL,Defactify_SDXL,Stable_Diffusion_XL,V5-C Hybrid,0.999227,0.000773,0.999227,0.000773,AI,True
DEF_SDXL_046,DEF_SDXL_046_215eb8c5bba4.jpg,AI,SDXL,Defactify_SDXL,Stable_Diffusion_XL,V5-D Gated Residual,0.27083,0.72917,0.389238,0.610762,REAL,False
DEF_SDXL_047,DEF_SDXL_047_253f4a701aea.jpg,AI,SDXL,Defactify_SDXL,Stable_Diffusion_XL,V5-A Spatial,0.999999,1e-06,0.999999,1e-06,AI,True
DEF_SDXL_047,DEF_SDXL_047_253f4a701aea.jpg,AI,SDXL,Defactify_SDXL,Stable_Diffusion_XL,V5-B Frequency,0.000184,0.999816,0.000184,0.999816,REAL,False
DEF_SDXL_047,DEF_SDXL_047_253f4a701aea.jpg,AI,SDXL,Defactify_SDXL,Stable_Diffusion_XL,V5-C Hybrid,0.944588,0.055412,0.944588,0.055412,AI,True
DEF_SDXL_047,DEF_SDXL_047_253f4a701aea.jpg,AI,SDXL,Defactify_SDXL,Stable_Diffusion_XL,V5-D Gated Residual,0.703318,0.296682,0.596915,0.403085,AI,True
DEF_SDXL_048,DEF_SDXL_048_6438d4b44f92.jpg,AI,SDXL,Defactify_SDXL,Stable_Diffusion_XL,V5-A Spatial,0.999999,1e-06,0.999999,1e-06,AI,True
DEF_SDXL_048,DEF_SDXL_048_6438d4b44f92.jpg,AI,SDXL,Defactify_SDXL,Stable_Diffusion_XL,V5-B Frequency,0.000142,0.999858,0.000142,0.999858,REAL,False
DEF_SDXL_048,DEF_SDXL_048_6438d4b44f92.jpg,AI,SDXL,Defactify_SDXL,Stable_Diffusion_XL,V5-C Hybrid,0.999993,7e-06,0.999993,7e-06,AI,True
DEF_SDXL_048,DEF_SDXL_048_6438d4b44f92.jpg,AI,SDXL,Defactify_SDXL,Stable_Diffusion_XL,V5-D Gated Residual,0.999982,1.8e-05,0.993055,0.006945,AI,True
DEF_SDXL_049,DEF_SDXL_049_c7a946d67eb3.jpg,AI,SDXL,Defactify_SDXL,Stable_Diffusion_XL,V5-A Spatial,0.999826,0.000175,0.999826,0.000175,AI,True
DEF_SDXL_049,DEF_SDXL_049_c7a946d67eb3.jpg,AI,SDXL,Defactify_SDXL,Stable_Diffusion_XL,V5-B Frequency,2e-06,0.999998,2e-06,0.999998,REAL,False
DEF_SDXL_049,DEF_SDXL_049_c7a946d67eb3.jpg,AI,SDXL,Defactify_SDXL,Stable_Diffusion_XL,V5-C Hybrid,0.996484,0.003516,0.996484,0.003516,AI,True
DEF_SDXL_049,DEF_SDXL_049_c7a946d67eb3.jpg,AI,SDXL,Defactify_SDXL,Stable_Diffusion_XL,V5-D Gated Residual,0.800472,0.199528,0.652929,0.347071,AI,True
DEF_SDXL_050,DEF_SDXL_050_f6a78db32fab.jpg,AI,SDXL,Defactify_SDXL,Stable_Diffusion_XL,V5-A Spatial,0.999995,5e-06,0.999995,5e-06,AI,True
DEF_SDXL_050,DEF_SDXL_050_f6a78db32fab.jpg,AI,SDXL,Defactify_SDXL,Stable_Diffusion_XL,V5-B Frequency,0.000259,0.999741,0.000259,0.999741,REAL,False
DEF_SDXL_050,DEF_SDXL_050_f6a78db32fab.jpg,AI,SDXL,Defactify_SDXL,Stable_Diffusion_XL,V5-C Hybrid,1.0,0.0,1.0,0.0,AI,True
DEF_SDXL_050,DEF_SDXL_050_f6a78db32fab.jpg,AI,SDXL,Defactify_SDXL,Stable_Diffusion_XL,V5-D Gated Residual,0.999999,1e-06,0.997879,0.002121,AI,True
DEF_SDXL_051,DEF_SDXL_051_30a2861bc4e3.jpg,AI,SDXL,Defactify_SDXL,Stable_Diffusion_XL,V5-A Spatial,0.99962,0.00038,0.99962,0.00038,AI,True
DEF_SDXL_051,DEF_SDXL_051_30a2861bc4e3.jpg,AI,SDXL,Defactify_SDXL,Stable_Diffusion_XL,V5-B Frequency,0.000475,0.999525,0.000475,0.999525,REAL,False
DEF_SDXL_051,DEF_SDXL_051_30a2861bc4e3.jpg,AI,SDXL,Defactify_SDXL,Stable_Diffusion_XL,V5-C Hybrid,0.999923,7.7e-05,0.999923,7.7e-05,AI,True
DEF_SDXL_051,DEF_SDXL_051_30a2861bc4e3.jpg,AI,SDXL,Defactify_SDXL,Stable_Diffusion_XL,V5-D Gated Residual,0.999891,0.000109,0.984508,0.015492,AI,True
DEF_SDXL_052,DEF_SDXL_052_1d1ea453c587.jpg,AI,SDXL,Defactify_SDXL,Stable_Diffusion_XL,V5-A Spatial,0.999842,0.000158,0.999842,0.000158,AI,True
DEF_SDXL_052,DEF_SDXL_052_1d1ea453c587.jpg,AI,SDXL,Defactify_SDXL,Stable_Diffusion_XL,V5-B Frequency,0.010735,0.989265,0.010735,0.989265,REAL,False
DEF_SDXL_052,DEF_SDXL_052_1d1ea453c587.jpg,AI,SDXL,Defactify_SDXL,Stable_Diffusion_XL,V5-C Hybrid,0.795266,0.204734,0.795266,0.204734,AI,True
DEF_SDXL_052,DEF_SDXL_052_1d1ea453c587.jpg,AI,SDXL,Defactify_SDXL,Stable_Diffusion_XL,V5-D Gated Residual,0.030706,0.969293,0.172176,0.827824,REAL,False
DEF_SDXL_053,DEF_SDXL_053_db376f4a9389.jpg,AI,SDXL,Defactify_SDXL,Stable_Diffusion_XL,V5-A Spatial,0.999594,0.000406,0.999594,0.000406,AI,True
DEF_SDXL_053,DEF_SDXL_053_db376f4a9389.jpg,AI,SDXL,Defactify_SDXL,Stable_Diffusion_XL,V5-B Frequency,0.000153,0.999847,0.000153,0.999847,REAL,False
DEF_SDXL_053,DEF_SDXL_053_db376f4a9389.jpg,AI,SDXL,Defactify_SDXL,Stable_Diffusion_XL,V5-C Hybrid,0.10732,0.89268,0.10732,0.89268,REAL,False
DEF_SDXL_053,DEF_SDXL_053_db376f4a9389.jpg,AI,SDXL,Defactify_SDXL,Stable_Diffusion_XL,V5-D Gated Residual,0.552592,0.447408,0.523993,0.476007,AI,True
DEF_SDXL_054,DEF_SDXL_054_7577db782a94.jpg,AI,SDXL,Defactify_SDXL,Stable_Diffusion_XL,V5-A Spatial,0.08799,0.91201,0.08799,0.91201,REAL,False
DEF_SDXL_054,DEF_SDXL_054_7577db782a94.jpg,AI,SDXL,Defactify_SDXL,Stable_Diffusion_XL,V5-B Frequency,0.000155,0.999845,0.000155,0.999845,REAL,False
DEF_SDXL_054,DEF_SDXL_054_7577db782a94.jpg,AI,SDXL,Defactify_SDXL,Stable_Diffusion_XL,V5-C Hybrid,0.0,1.0,0.0,1.0,REAL,False
DEF_SDXL_054,DEF_SDXL_054_7577db782a94.jpg,AI,SDXL,Defactify_SDXL,Stable_Diffusion_XL,V5-D Gated Residual,5e-06,0.999995,0.003995,0.996005,REAL,False
DEF_SDXL_055,DEF_SDXL_055_e02ac9973972.jpg,AI,SDXL,Defactify_SDXL,Stable_Diffusion_XL,V5-A Spatial,0.999049,0.000951,0.999049,0.000951,AI,True
DEF_SDXL_055,DEF_SDXL_055_e02ac9973972.jpg,AI,SDXL,Defactify_SDXL,Stable_Diffusion_XL,V5-B Frequency,0.007184,0.992816,0.007184,0.992816,REAL,False
DEF_SDXL_055,DEF_SDXL_055_e02ac9973972.jpg,AI,SDXL,Defactify_SDXL,Stable_Diffusion_XL,V5-C Hybrid,0.944372,0.055628,0.944372,0.055628,AI,True
DEF_SDXL_055,DEF_SDXL_055_e02ac9973972.jpg,AI,SDXL,Defactify_SDXL,Stable_Diffusion_XL,V5-D Gated Residual,0.117707,0.882293,0.285718,0.714282,REAL,False
DEF_SDXL_056,DEF_SDXL_056_ec60bed47491.jpg,AI,SDXL,Defactify_SDXL,Stable_Diffusion_XL,V5-A Spatial,0.97558,0.02442,0.97558,0.02442,AI,True
DEF_SDXL_056,DEF_SDXL_056_ec60bed47491.jpg,AI,SDXL,Defactify_SDXL,Stable_Diffusion_XL,V5-B Frequency,0.251594,0.748406,0.251594,0.748406,REAL,False
DEF_SDXL_056,DEF_SDXL_056_ec60bed47491.jpg,AI,SDXL,Defactify_SDXL,Stable_Diffusion_XL,V5-C Hybrid,0.999941,5.9e-05,0.999941,5.9e-05,AI,True
DEF_SDXL_056,DEF_SDXL_056_ec60bed47491.jpg,AI,SDXL,Defactify_SDXL,Stable_Diffusion_XL,V5-D Gated Residual,0.996183,0.003817,0.926296,0.073704,AI,True
DEF_SDXL_057,DEF_SDXL_057_25621bc1fb68.jpg,AI,SDXL,Defactify_SDXL,Stable_Diffusion_XL,V5-A Spatial,0.889644,0.110356,0.889644,0.110356,AI,True
DEF_SDXL_057,DEF_SDXL_057_25621bc1fb68.jpg,AI,SDXL,Defactify_SDXL,Stable_Diffusion_XL,V5-B Frequency,2e-05,0.99998,2e-05,0.99998,REAL,False
DEF_SDXL_057,DEF_SDXL_057_25621bc1fb68.jpg,AI,SDXL,Defactify_SDXL,Stable_Diffusion_XL,V5-C Hybrid,0.951308,0.048691,0.951308,0.048691,AI,True
DEF_SDXL_057,DEF_SDXL_057_25621bc1fb68.jpg,AI,SDXL,Defactify_SDXL,Stable_Diffusion_XL,V5-D Gated Residual,0.106321,0.893679,0.275202,0.724798,REAL,False
DEF_SDXL_058,DEF_SDXL_058_9d6f8e11981e.jpg,AI,SDXL,Defactify_SDXL,Stable_Diffusion_XL,V5-A Spatial,0.988818,0.011182,0.988818,0.011182,AI,True
DEF_SDXL_058,DEF_SDXL_058_9d6f8e11981e.jpg,AI,SDXL,Defactify_SDXL,Stable_Diffusion_XL,V5-B Frequency,0.000575,0.999425,0.000575,0.999425,REAL,False
DEF_SDXL_058,DEF_SDXL_058_9d6f8e11981e.jpg,AI,SDXL,Defactify_SDXL,Stable_Diffusion_XL,V5-C Hybrid,0.009493,0.990507,0.009493,0.990507,REAL,False
DEF_SDXL_058,DEF_SDXL_058_9d6f8e11981e.jpg,AI,SDXL,Defactify_SDXL,Stable_Diffusion_XL,V5-D Gated Residual,0.001151,0.998849,0.044036,0.955964,REAL,False
DEF_SDXL_059,DEF_SDXL_059_6ee23952ec08.jpg,AI,SDXL,Defactify_SDXL,Stable_Diffusion_XL,V5-A Spatial,0.000166,0.999834,0.000166,0.999834,REAL,False
DEF_SDXL_059,DEF_SDXL_059_6ee23952ec08.jpg,AI,SDXL,Defactify_SDXL,Stable_Diffusion_XL,V5-B Frequency,0.455848,0.544152,0.455848,0.544152,REAL,False
DEF_SDXL_059,DEF_SDXL_059_6ee23952ec08.jpg,AI,SDXL,Defactify_SDXL,Stable_Diffusion_XL,V5-C Hybrid,0.00847,0.99153,0.00847,0.99153,REAL,False
DEF_SDXL_059,DEF_SDXL_059_6ee23952ec08.jpg,AI,SDXL,Defactify_SDXL,Stable_Diffusion_XL,V5-D Gated Residual,1.8e-05,0.999982,0.006888,0.993112,REAL,False
DEF_SDXL_060,DEF_SDXL_060_ce7777cda93a.jpg,AI,SDXL,Defactify_SDXL,Stable_Diffusion_XL,V5-A Spatial,0.007145,0.992855,0.007145,0.992855,REAL,False
DEF_SDXL_060,DEF_SDXL_060_ce7777cda93a.jpg,AI,SDXL,Defactify_SDXL,Stable_Diffusion_XL,V5-B Frequency,1.9e-05,0.999981,1.9e-05,0.999981,REAL,False
DEF_SDXL_060,DEF_SDXL_060_ce7777cda93a.jpg,AI,SDXL,Defactify_SDXL,Stable_Diffusion_XL,V5-C Hybrid,0.002272,0.997728,0.002272,0.997728,REAL,False
DEF_SDXL_060,DEF_SDXL_060_ce7777cda93a.jpg,AI,SDXL,Defactify_SDXL,Stable_Diffusion_XL,V5-D Gated Residual,0.007302,0.992698,0.096694,0.903306,REAL,False
DEF_SDXL_061,DEF_SDXL_061_4f10091751ff.jpg,AI,SDXL,Defactify_SDXL,Stable_Diffusion_XL,V5-A Spatial,0.998702,0.001298,0.998702,0.001298,AI,True
DEF_SDXL_061,DEF_SDXL_061_4f10091751ff.jpg,AI,SDXL,Defactify_SDXL,Stable_Diffusion_XL,V5-B Frequency,7.1e-05,0.999929,7.1e-05,0.999929,REAL,False
DEF_SDXL_061,DEF_SDXL_061_4f10091751ff.jpg,AI,SDXL,Defactify_SDXL,Stable_Diffusion_XL,V5-C Hybrid,0.722737,0.277263,0.722737,0.277263,AI,True
DEF_SDXL_061,DEF_SDXL_061_4f10091751ff.jpg,AI,SDXL,Defactify_SDXL,Stable_Diffusion_XL,V5-D Gated Residual,0.136272,0.863728,0.301539,0.698461,REAL,False
DEF_SDXL_062,DEF_SDXL_062_84660079fa1d.jpg,AI,SDXL,Defactify_SDXL,Stable_Diffusion_XL,V5-A Spatial,0.999999,1e-06,0.999999,1e-06,AI,True
DEF_SDXL_062,DEF_SDXL_062_84660079fa1d.jpg,AI,SDXL,Defactify_SDXL,Stable_Diffusion_XL,V5-B Frequency,2.3e-05,0.999977,2.3e-05,0.999977,REAL,False
DEF_SDXL_062,DEF_SDXL_062_84660079fa1d.jpg,AI,SDXL,Defactify_SDXL,Stable_Diffusion_XL,V5-C Hybrid,0.443063,0.556937,0.443063,0.556937,REAL,False
DEF_SDXL_062,DEF_SDXL_062_84660079fa1d.jpg,AI,SDXL,Defactify_SDXL,Stable_Diffusion_XL,V5-D Gated Residual,0.998832,0.001168,0.955682,0.044318,AI,True
DEF_SDXL_063,DEF_SDXL_063_6485061704ed.jpg,AI,SDXL,Defactify_SDXL,Stable_Diffusion_XL,V5-A Spatial,0.975757,0.024243,0.975757,0.024243,AI,True
DEF_SDXL_063,DEF_SDXL_063_6485061704ed.jpg,AI,SDXL,Defactify_SDXL,Stable_Diffusion_XL,V5-B Frequency,1.3e-05,0.999987,1.3e-05,0.999987,REAL,False
DEF_SDXL_063,DEF_SDXL_063_6485061704ed.jpg,AI,SDXL,Defactify_SDXL,Stable_Diffusion_XL,V5-C Hybrid,0.004166,0.995834,0.004166,0.995834,REAL,False
DEF_SDXL_063,DEF_SDXL_063_6485061704ed.jpg,AI,SDXL,Defactify_SDXL,Stable_Diffusion_XL,V5-D Gated Residual,0.018681,0.981319,0.141613,0.858387,REAL,False
DEF_SDXL_064,DEF_SDXL_064_b86a9fe86805.jpg,AI,SDXL,Defactify_SDXL,Stable_Diffusion_XL,V5-A Spatial,0.999998,2e-06,0.999998,2e-06,AI,True
DEF_SDXL_064,DEF_SDXL_064_b86a9fe86805.jpg,AI,SDXL,Defactify_SDXL,Stable_Diffusion_XL,V5-B Frequency,0.041245,0.958755,0.041245,0.958755,REAL,False
DEF_SDXL_064,DEF_SDXL_064_b86a9fe86805.jpg,AI,SDXL,Defactify_SDXL,Stable_Diffusion_XL,V5-C Hybrid,0.99934,0.00066,0.99934,0.00066,AI,True
DEF_SDXL_064,DEF_SDXL_064_b86a9fe86805.jpg,AI,SDXL,Defactify_SDXL,Stable_Diffusion_XL,V5-D Gated Residual,0.99672,0.00328,0.930888,0.069112,AI,True
DEF_SDXL_065,DEF_SDXL_065_2da3bb95029c.jpg,AI,SDXL,Defactify_SDXL,Stable_Diffusion_XL,V5-A Spatial,0.996402,0.003598,0.996402,0.003598,AI,True
DEF_SDXL_065,DEF_SDXL_065_2da3bb95029c.jpg,AI,SDXL,Defactify_SDXL,Stable_Diffusion_XL,V5-B Frequency,0.069934,0.930066,0.069934,0.930066,REAL,False
DEF_SDXL_065,DEF_SDXL_065_2da3bb95029c.jpg,AI,SDXL,Defactify_SDXL,Stable_Diffusion_XL,V5-C Hybrid,0.778473,0.221527,0.778473,0.221527,AI,True
DEF_SDXL_065,DEF_SDXL_065_2da3bb95029c.jpg,AI,SDXL,Defactify_SDXL,Stable_Diffusion_XL,V5-D Gated Residual,0.962426,0.037574,0.813852,0.186148,AI,True
DEF_SDXL_066,DEF_SDXL_066_fb9eddbb2a8b.jpg,AI,SDXL,Defactify_SDXL,Stable_Diffusion_XL,V5-A Spatial,0.000152,0.999848,0.000152,0.999848,REAL,False
DEF_SDXL_066,DEF_SDXL_066_fb9eddbb2a8b.jpg,AI,SDXL,Defactify_SDXL,Stable_Diffusion_XL,V5-B Frequency,0.610189,0.389811,0.610189,0.389811,AI,True
DEF_SDXL_066,DEF_SDXL_066_fb9eddbb2a8b.jpg,AI,SDXL,Defactify_SDXL,Stable_Diffusion_XL,V5-C Hybrid,3.6e-05,0.999964,3.6e-05,0.999964,REAL,False
DEF_SDXL_066,DEF_SDXL_066_fb9eddbb2a8b.jpg,AI,SDXL,Defactify_SDXL,Stable_Diffusion_XL,V5-D Gated Residual,3e-05,0.99997,0.00874,0.99126,REAL,False
DEF_SDXL_067,DEF_SDXL_067_9fc58eacfb8e.jpg,AI,SDXL,Defactify_SDXL,Stable_Diffusion_XL,V5-A Spatial,0.907482,0.092518,0.907482,0.092518,AI,True
DEF_SDXL_067,DEF_SDXL_067_9fc58eacfb8e.jpg,AI,SDXL,Defactify_SDXL,Stable_Diffusion_XL,V5-B Frequency,0.000906,0.999094,0.000906,0.999094,REAL,False
DEF_SDXL_067,DEF_SDXL_067_9fc58eacfb8e.jpg,AI,SDXL,Defactify_SDXL,Stable_Diffusion_XL,V5-C Hybrid,0.005164,0.994836,0.005164,0.994836,REAL,False
DEF_SDXL_067,DEF_SDXL_067_9fc58eacfb8e.jpg,AI,SDXL,Defactify_SDXL,Stable_Diffusion_XL,V5-D Gated Residual,0.003495,0.996505,0.071004,0.928996,REAL,False
DEF_SDXL_068,DEF_SDXL_068_9e7d85dcb2c4.jpg,AI,SDXL,Defactify_SDXL,Stable_Diffusion_XL,V5-A Spatial,0.066162,0.933837,0.066162,0.933837,REAL,False
DEF_SDXL_068,DEF_SDXL_068_9e7d85dcb2c4.jpg,AI,SDXL,Defactify_SDXL,Stable_Diffusion_XL,V5-B Frequency,2.3e-05,0.999977,2.3e-05,0.999977,REAL,False
DEF_SDXL_068,DEF_SDXL_068_9e7d85dcb2c4.jpg,AI,SDXL,Defactify_SDXL,Stable_Diffusion_XL,V5-C Hybrid,0.000942,0.999058,0.000942,0.999058,REAL,False
DEF_SDXL_068,DEF_SDXL_068_9e7d85dcb2c4.jpg,AI,SDXL,Defactify_SDXL,Stable_Diffusion_XL,V5-D Gated Residual,0.00184,0.99816,0.053958,0.946042,REAL,False
DEF_SDXL_069,DEF_SDXL_069_6adc094a5b57.jpg,AI,SDXL,Defactify_SDXL,Stable_Diffusion_XL,V5-A Spatial,0.999592,0.000408,0.999592,0.000408,AI,True
DEF_SDXL_069,DEF_SDXL_069_6adc094a5b57.jpg,AI,SDXL,Defactify_SDXL,Stable_Diffusion_XL,V5-B Frequency,5e-05,0.99995,5e-05,0.99995,REAL,False
DEF_SDXL_069,DEF_SDXL_069_6adc094a5b57.jpg,AI,SDXL,Defactify_SDXL,Stable_Diffusion_XL,V5-C Hybrid,0.00236,0.99764,0.00236,0.99764,REAL,False
DEF_SDXL_069,DEF_SDXL_069_6adc094a5b57.jpg,AI,SDXL,Defactify_SDXL,Stable_Diffusion_XL,V5-D Gated Residual,0.000743,0.999257,0.036378,0.963622,REAL,False
DEF_SDXL_070,DEF_SDXL_070_29ae47f9a5bf.jpg,AI,SDXL,Defactify_SDXL,Stable_Diffusion_XL,V5-A Spatial,0.999992,8e-06,0.999992,8e-06,AI,True
DEF_SDXL_070,DEF_SDXL_070_29ae47f9a5bf.jpg,AI,SDXL,Defactify_SDXL,Stable_Diffusion_XL,V5-B Frequency,2.6e-05,0.999974,2.6e-05,0.999974,REAL,False
DEF_SDXL_070,DEF_SDXL_070_29ae47f9a5bf.jpg,AI,SDXL,Defactify_SDXL,Stable_Diffusion_XL,V5-C Hybrid,0.811257,0.188743,0.811257,0.188743,AI,True
DEF_SDXL_070,DEF_SDXL_070_29ae47f9a5bf.jpg,AI,SDXL,Defactify_SDXL,Stable_Diffusion_XL,V5-D Gated Residual,0.320924,0.679076,0.41558,0.58442,REAL,False
DEF_SDXL_071,DEF_SDXL_071_696741a73d7f.jpg,AI,SDXL,Defactify_SDXL,Stable_Diffusion_XL,V5-A Spatial,0.0,1.0,0.0,1.0,REAL,False
DEF_SDXL_071,DEF_SDXL_071_696741a73d7f.jpg,AI,SDXL,Defactify_SDXL,Stable_Diffusion_XL,V5-B Frequency,0.000584,0.999416,0.000584,0.999416,REAL,False
DEF_SDXL_071,DEF_SDXL_071_696741a73d7f.jpg,AI,SDXL,Defactify_SDXL,Stable_Diffusion_XL,V5-C Hybrid,0.0,1.0,0.0,1.0,REAL,False
DEF_SDXL_071,DEF_SDXL_071_696741a73d7f.jpg,AI,SDXL,Defactify_SDXL,Stable_Diffusion_XL,V5-D Gated Residual,0.0,1.0,0.000154,0.999846,REAL,False
DEF_SDXL_072,DEF_SDXL_072_997fa93d96a1.jpg,AI,SDXL,Defactify_SDXL,Stable_Diffusion_XL,V5-A Spatial,0.999996,4e-06,0.999996,4e-06,AI,True
DEF_SDXL_072,DEF_SDXL_072_997fa93d96a1.jpg,AI,SDXL,Defactify_SDXL,Stable_Diffusion_XL,V5-B Frequency,1.8e-05,0.999982,1.8e-05,0.999982,REAL,False
DEF_SDXL_072,DEF_SDXL_072_997fa93d96a1.jpg,AI,SDXL,Defactify_SDXL,Stable_Diffusion_XL,V5-C Hybrid,0.95368,0.04632,0.95368,0.04632,AI,True
DEF_SDXL_072,DEF_SDXL_072_997fa93d96a1.jpg,AI,SDXL,Defactify_SDXL,Stable_Diffusion_XL,V5-D Gated Residual,0.999437,0.000563,0.967818,0.032182,AI,True
DEF_SDXL_073,DEF_SDXL_073_ee4c0d31b0a8.jpg,AI,SDXL,Defactify_SDXL,Stable_Diffusion_XL,V5-A Spatial,0.994906,0.005093,0.994906,0.005093,AI,True
DEF_SDXL_073,DEF_SDXL_073_ee4c0d31b0a8.jpg,AI,SDXL,Defactify_SDXL,Stable_Diffusion_XL,V5-B Frequency,6.4e-05,0.999936,6.4e-05,0.999936,REAL,False
DEF_SDXL_073,DEF_SDXL_073_ee4c0d31b0a8.jpg,AI,SDXL,Defactify_SDXL,Stable_Diffusion_XL,V5-C Hybrid,0.541768,0.458232,0.541768,0.458232,AI,True
DEF_SDXL_073,DEF_SDXL_073_ee4c0d31b0a8.jpg,AI,SDXL,Defactify_SDXL,Stable_Diffusion_XL,V5-D Gated Residual,0.004973,0.995027,0.082392,0.917608,REAL,False
DEF_SDXL_074,DEF_SDXL_074_32475d921973.jpg,AI,SDXL,Defactify_SDXL,Stable_Diffusion_XL,V5-A Spatial,1.0,0.0,1.0,0.0,AI,True
DEF_SDXL_074,DEF_SDXL_074_32475d921973.jpg,AI,SDXL,Defactify_SDXL,Stable_Diffusion_XL,V5-B Frequency,0.01734,0.98266,0.01734,0.98266,REAL,False
DEF_SDXL_074,DEF_SDXL_074_32475d921973.jpg,AI,SDXL,Defactify_SDXL,Stable_Diffusion_XL,V5-C Hybrid,0.000456,0.999544,0.000456,0.999544,REAL,False
DEF_SDXL_074,DEF_SDXL_074_32475d921973.jpg,AI,SDXL,Defactify_SDXL,Stable_Diffusion_XL,V5-D Gated Residual,0.000393,0.999607,0.027484,0.972516,REAL,False
DEF_SDXL_075,DEF_SDXL_075_f6c646d183ef.jpg,AI,SDXL,Defactify_SDXL,Stable_Diffusion_XL,V5-A Spatial,0.999967,3.2e-05,0.999967,3.2e-05,AI,True
DEF_SDXL_075,DEF_SDXL_075_f6c646d183ef.jpg,AI,SDXL,Defactify_SDXL,Stable_Diffusion_XL,V5-B Frequency,3.4e-05,0.999966,3.4e-05,0.999966,REAL,False
DEF_SDXL_075,DEF_SDXL_075_f6c646d183ef.jpg,AI,SDXL,Defactify_SDXL,Stable_Diffusion_XL,V5-C Hybrid,0.490814,0.509186,0.490814,0.509186,REAL,False
DEF_SDXL_075,DEF_SDXL_075_f6c646d183ef.jpg,AI,SDXL,Defactify_SDXL,Stable_Diffusion_XL,V5-D Gated Residual,0.977103,0.022897,0.846502,0.153498,AI,True
DEF_SDXL_076,DEF_SDXL_076_e20c5f47c211.jpg,AI,SDXL,Defactify_SDXL,Stable_Diffusion_XL,V5-A Spatial,0.999999,1e-06,0.999999,1e-06,AI,True
DEF_SDXL_076,DEF_SDXL_076_e20c5f47c211.jpg,AI,SDXL,Defactify_SDXL,Stable_Diffusion_XL,V5-B Frequency,7e-06,0.999993,7e-06,0.999993,REAL,False
DEF_SDXL_076,DEF_SDXL_076_e20c5f47c211.jpg,AI,SDXL,Defactify_SDXL,Stable_Diffusion_XL,V5-C Hybrid,0.970327,0.029673,0.970327,0.029673,AI,True
DEF_SDXL_076,DEF_SDXL_076_e20c5f47c211.jpg,AI,SDXL,Defactify_SDXL,Stable_Diffusion_XL,V5-D Gated Residual,0.432405,0.567595,0.469103,0.530897,REAL,False
DEF_SDXL_077,DEF_SDXL_077_b4c2ce5bcf14.jpg,AI,SDXL,Defactify_SDXL,Stable_Diffusion_XL,V5-A Spatial,0.999936,6.4e-05,0.999936,6.4e-05,AI,True
DEF_SDXL_077,DEF_SDXL_077_b4c2ce5bcf14.jpg,AI,SDXL,Defactify_SDXL,Stable_Diffusion_XL,V5-B Frequency,0.232035,0.767965,0.232035,0.767965,REAL,False
DEF_SDXL_077,DEF_SDXL_077_b4c2ce5bcf14.jpg,AI,SDXL,Defactify_SDXL,Stable_Diffusion_XL,V5-C Hybrid,0.999172,0.000828,0.999172,0.000828,AI,True
DEF_SDXL_077,DEF_SDXL_077_b4c2ce5bcf14.jpg,AI,SDXL,Defactify_SDXL,Stable_Diffusion_XL,V5-D Gated Residual,0.574925,0.425075,0.534287,0.465713,AI,True
DEF_SDXL_078,DEF_SDXL_078_333b4fcc905c.jpg,AI,SDXL,Defactify_SDXL,Stable_Diffusion_XL,V5-A Spatial,0.999915,8.5e-05,0.999915,8.5e-05,AI,True
DEF_SDXL_078,DEF_SDXL_078_333b4fcc905c.jpg,AI,SDXL,Defactify_SDXL,Stable_Diffusion_XL,V5-B Frequency,8.6e-05,0.999914,8.6e-05,0.999914,REAL,False
DEF_SDXL_078,DEF_SDXL_078_333b4fcc905c.jpg,AI,SDXL,Defactify_SDXL,Stable_Diffusion_XL,V5-C Hybrid,0.978938,0.021062,0.978938,0.021062,AI,True
DEF_SDXL_078,DEF_SDXL_078_333b4fcc905c.jpg,AI,SDXL,Defactify_SDXL,Stable_Diffusion_XL,V5-D Gated Residual,0.999984,1.6e-05,0.993524,0.006476,AI,True
DEF_SDXL_079,DEF_SDXL_079_bdf0b10db13a.jpg,AI,SDXL,Defactify_SDXL,Stable_Diffusion_XL,V5-A Spatial,0.009449,0.990551,0.009449,0.990551,REAL,False
DEF_SDXL_079,DEF_SDXL_079_bdf0b10db13a.jpg,AI,SDXL,Defactify_SDXL,Stable_Diffusion_XL,V5-B Frequency,2.1e-05,0.999979,2.1e-05,0.999979,REAL,False
DEF_SDXL_079,DEF_SDXL_079_bdf0b10db13a.jpg,AI,SDXL,Defactify_SDXL,Stable_Diffusion_XL,V5-C Hybrid,0.0,1.0,0.0,1.0,REAL,False
DEF_SDXL_079,DEF_SDXL_079_bdf0b10db13a.jpg,AI,SDXL,Defactify_SDXL,Stable_Diffusion_XL,V5-D Gated Residual,9e-06,0.999991,0.00509,0.99491,REAL,False
DEF_SDXL_080,DEF_SDXL_080_70c9b3ab3651.jpg,AI,SDXL,Defactify_SDXL,Stable_Diffusion_XL,V5-A Spatial,0.996349,0.003651,0.996349,0.003651,AI,True
DEF_SDXL_080,DEF_SDXL_080_70c9b3ab3651.jpg,AI,SDXL,Defactify_SDXL,Stable_Diffusion_XL,V5-B Frequency,0.249003,0.750997,0.249003,0.750997,REAL,False
DEF_SDXL_080,DEF_SDXL_080_70c9b3ab3651.jpg,AI,SDXL,Defactify_SDXL,Stable_Diffusion_XL,V5-C Hybrid,0.618596,0.381403,0.618596,0.381403,AI,True
DEF_SDXL_080,DEF_SDXL_080_70c9b3ab3651.jpg,AI,SDXL,Defactify_SDXL,Stable_Diffusion_XL,V5-D Gated Residual,0.185195,0.814805,0.33762,0.66238,REAL,False
DEF_SDXL_081,DEF_SDXL_081_dd7bc894d179.jpg,AI,SDXL,Defactify_SDXL,Stable_Diffusion_XL,V5-A Spatial,1.0,0.0,1.0,0.0,AI,True
DEF_SDXL_081,DEF_SDXL_081_dd7bc894d179.jpg,AI,SDXL,Defactify_SDXL,Stable_Diffusion_XL,V5-B Frequency,0.001322,0.998678,0.001322,0.998678,REAL,False
DEF_SDXL_081,DEF_SDXL_081_dd7bc894d179.jpg,AI,SDXL,Defactify_SDXL,Stable_Diffusion_XL,V5-C Hybrid,1.0,0.0,1.0,0.0,AI,True
DEF_SDXL_081,DEF_SDXL_081_dd7bc894d179.jpg,AI,SDXL,Defactify_SDXL,Stable_Diffusion_XL,V5-D Gated Residual,0.999571,0.000429,0.971446,0.028554,AI,True
DEF_SDXL_082,DEF_SDXL_082_8593aa26b0ff.jpg,AI,SDXL,Defactify_SDXL,Stable_Diffusion_XL,V5-A Spatial,0.506246,0.493754,0.506246,0.493754,AI,True
DEF_SDXL_082,DEF_SDXL_082_8593aa26b0ff.jpg,AI,SDXL,Defactify_SDXL,Stable_Diffusion_XL,V5-B Frequency,3e-05,0.99997,3e-05,0.99997,REAL,False
DEF_SDXL_082,DEF_SDXL_082_8593aa26b0ff.jpg,AI,SDXL,Defactify_SDXL,Stable_Diffusion_XL,V5-C Hybrid,0.001311,0.998689,0.001311,0.998689,REAL,False
DEF_SDXL_082,DEF_SDXL_082_8593aa26b0ff.jpg,AI,SDXL,Defactify_SDXL,Stable_Diffusion_XL,V5-D Gated Residual,8.5e-05,0.999915,0.013883,0.986117,REAL,False
DEF_SDXL_083,DEF_SDXL_083_d7f2c04fba35.jpg,AI,SDXL,Defactify_SDXL,Stable_Diffusion_XL,V5-A Spatial,0.985576,0.014424,0.985576,0.014424,AI,True
DEF_SDXL_083,DEF_SDXL_083_d7f2c04fba35.jpg,AI,SDXL,Defactify_SDXL,Stable_Diffusion_XL,V5-B Frequency,0.004768,0.995232,0.004768,0.995232,REAL,False
DEF_SDXL_083,DEF_SDXL_083_d7f2c04fba35.jpg,AI,SDXL,Defactify_SDXL,Stable_Diffusion_XL,V5-C Hybrid,0.006922,0.993078,0.006922,0.993078,REAL,False
DEF_SDXL_083,DEF_SDXL_083_d7f2c04fba35.jpg,AI,SDXL,Defactify_SDXL,Stable_Diffusion_XL,V5-D Gated Residual,0.000366,0.999634,0.026632,0.973368,REAL,False
DEF_SDXL_084,DEF_SDXL_084_a1ab505d8cbb.jpg,AI,SDXL,Defactify_SDXL,Stable_Diffusion_XL,V5-A Spatial,0.999984,1.6e-05,0.999984,1.6e-05,AI,True
DEF_SDXL_084,DEF_SDXL_084_a1ab505d8cbb.jpg,AI,SDXL,Defactify_SDXL,Stable_Diffusion_XL,V5-B Frequency,0.000196,0.999804,0.000196,0.999804,REAL,False
DEF_SDXL_084,DEF_SDXL_084_a1ab505d8cbb.jpg,AI,SDXL,Defactify_SDXL,Stable_Diffusion_XL,V5-C Hybrid,0.999007,0.000993,0.999007,0.000993,AI,True
DEF_SDXL_084,DEF_SDXL_084_a1ab505d8cbb.jpg,AI,SDXL,Defactify_SDXL,Stable_Diffusion_XL,V5-D Gated Residual,0.734833,0.265167,0.61388,0.38612,AI,True
DEF_SDXL_085,DEF_SDXL_085_db5c0a225d71.jpg,AI,SDXL,Defactify_SDXL,Stable_Diffusion_XL,V5-A Spatial,0.974363,0.025637,0.974363,0.025637,AI,True
DEF_SDXL_085,DEF_SDXL_085_db5c0a225d71.jpg,AI,SDXL,Defactify_SDXL,Stable_Diffusion_XL,V5-B Frequency,0.005466,0.994534,0.005466,0.994534,REAL,False
DEF_SDXL_085,DEF_SDXL_085_db5c0a225d71.jpg,AI,SDXL,Defactify_SDXL,Stable_Diffusion_XL,V5-C Hybrid,1.5e-05,0.999985,1.5e-05,0.999985,REAL,False
DEF_SDXL_085,DEF_SDXL_085_db5c0a225d71.jpg,AI,SDXL,Defactify_SDXL,Stable_Diffusion_XL,V5-D Gated Residual,0.000134,0.999866,0.017041,0.982959,REAL,False
DEF_SDXL_086,DEF_SDXL_086_211d2075e41c.jpg,AI,SDXL,Defactify_SDXL,Stable_Diffusion_XL,V5-A Spatial,0.914733,0.085267,0.914733,0.085267,AI,True
DEF_SDXL_086,DEF_SDXL_086_211d2075e41c.jpg,AI,SDXL,Defactify_SDXL,Stable_Diffusion_XL,V5-B Frequency,0.229377,0.770623,0.229377,0.770623,REAL,False
DEF_SDXL_086,DEF_SDXL_086_211d2075e41c.jpg,AI,SDXL,Defactify_SDXL,Stable_Diffusion_XL,V5-C Hybrid,0.004259,0.995741,0.004259,0.995741,REAL,False
DEF_SDXL_086,DEF_SDXL_086_211d2075e41c.jpg,AI,SDXL,Defactify_SDXL,Stable_Diffusion_XL,V5-D Gated Residual,0.0001,0.9999,0.014957,0.985043,REAL,False
DEF_SDXL_087,DEF_SDXL_087_a0759f9a5d9b.jpg,AI,SDXL,Defactify_SDXL,Stable_Diffusion_XL,V5-A Spatial,0.998099,0.001901,0.998099,0.001901,AI,True
DEF_SDXL_087,DEF_SDXL_087_a0759f9a5d9b.jpg,AI,SDXL,Defactify_SDXL,Stable_Diffusion_XL,V5-B Frequency,0.000449,0.999551,0.000449,0.999551,REAL,False
DEF_SDXL_087,DEF_SDXL_087_a0759f9a5d9b.jpg,AI,SDXL,Defactify_SDXL,Stable_Diffusion_XL,V5-C Hybrid,0.001151,0.998849,0.001151,0.998849,REAL,False
DEF_SDXL_087,DEF_SDXL_087_a0759f9a5d9b.jpg,AI,SDXL,Defactify_SDXL,Stable_Diffusion_XL,V5-D Gated Residual,0.002734,0.997266,0.063961,0.936039,REAL,False
DEF_SDXL_088,DEF_SDXL_088_b3ebbc0e621d.jpg,AI,SDXL,Defactify_SDXL,Stable_Diffusion_XL,V5-A Spatial,0.06818,0.93182,0.06818,0.93182,REAL,False
DEF_SDXL_088,DEF_SDXL_088_b3ebbc0e621d.jpg,AI,SDXL,Defactify_SDXL,Stable_Diffusion_XL,V5-B Frequency,1.7e-05,0.999983,1.7e-05,0.999983,REAL,False
DEF_SDXL_088,DEF_SDXL_088_b3ebbc0e621d.jpg,AI,SDXL,Defactify_SDXL,Stable_Diffusion_XL,V5-C Hybrid,0.007572,0.992428,0.007572,0.992428,REAL,False
DEF_SDXL_088,DEF_SDXL_088_b3ebbc0e621d.jpg,AI,SDXL,Defactify_SDXL,Stable_Diffusion_XL,V5-D Gated Residual,0.005188,0.994812,0.083863,0.916137,REAL,False
DEF_SDXL_089,DEF_SDXL_089_3cc469368af2.jpg,AI,SDXL,Defactify_SDXL,Stable_Diffusion_XL,V5-A Spatial,0.481435,0.518565,0.481435,0.518565,REAL,False
DEF_SDXL_089,DEF_SDXL_089_3cc469368af2.jpg,AI,SDXL,Defactify_SDXL,Stable_Diffusion_XL,V5-B Frequency,0.039259,0.960741,0.039259,0.960741,REAL,False
DEF_SDXL_089,DEF_SDXL_089_3cc469368af2.jpg,AI,SDXL,Defactify_SDXL,Stable_Diffusion_XL,V5-C Hybrid,0.006445,0.993555,0.006445,0.993555,REAL,False
DEF_SDXL_089,DEF_SDXL_089_3cc469368af2.jpg,AI,SDXL,Defactify_SDXL,Stable_Diffusion_XL,V5-D Gated Residual,0.001618,0.998382,0.051052,0.948948,REAL,False
DEF_SDXL_090,DEF_SDXL_090_9187cd82641d.jpg,AI,SDXL,Defactify_SDXL,Stable_Diffusion_XL,V5-A Spatial,0.0,1.0,0.0,1.0,REAL,False
DEF_SDXL_090,DEF_SDXL_090_9187cd82641d.jpg,AI,SDXL,Defactify_SDXL,Stable_Diffusion_XL,V5-B Frequency,5e-06,0.999995,5e-06,0.999995,REAL,False
DEF_SDXL_090,DEF_SDXL_090_9187cd82641d.jpg,AI,SDXL,Defactify_SDXL,Stable_Diffusion_XL,V5-C Hybrid,0.0,1.0,0.0,1.0,REAL,False
DEF_SDXL_090,DEF_SDXL_090_9187cd82641d.jpg,AI,SDXL,Defactify_SDXL,Stable_Diffusion_XL,V5-D Gated Residual,1e-06,0.999999,0.001681,0.998319,REAL,False
DEF_SDXL_091,DEF_SDXL_091_24fcbe60d364.jpg,AI,SDXL,Defactify_SDXL,Stable_Diffusion_XL,V5-A Spatial,0.999746,0.000254,0.999746,0.000254,AI,True
DEF_SDXL_091,DEF_SDXL_091_24fcbe60d364.jpg,AI,SDXL,Defactify_SDXL,Stable_Diffusion_XL,V5-B Frequency,0.022779,0.977221,0.022779,0.977221,REAL,False
DEF_SDXL_091,DEF_SDXL_091_24fcbe60d364.jpg,AI,SDXL,Defactify_SDXL,Stable_Diffusion_XL,V5-C Hybrid,0.931561,0.068439,0.931561,0.068439,AI,True
DEF_SDXL_091,DEF_SDXL_091_24fcbe60d364.jpg,AI,SDXL,Defactify_SDXL,Stable_Diffusion_XL,V5-D Gated Residual,0.088225,0.911775,0.256857,0.743143,REAL,False
DEF_SDXL_092,DEF_SDXL_092_f8ca595e0e35.jpg,AI,SDXL,Defactify_SDXL,Stable_Diffusion_XL,V5-A Spatial,0.822403,0.177597,0.822403,0.177597,AI,True
DEF_SDXL_092,DEF_SDXL_092_f8ca595e0e35.jpg,AI,SDXL,Defactify_SDXL,Stable_Diffusion_XL,V5-B Frequency,0.083589,0.916411,0.083589,0.916411,REAL,False
DEF_SDXL_092,DEF_SDXL_092_f8ca595e0e35.jpg,AI,SDXL,Defactify_SDXL,Stable_Diffusion_XL,V5-C Hybrid,0.603326,0.396674,0.603326,0.396674,AI,True
DEF_SDXL_092,DEF_SDXL_092_f8ca595e0e35.jpg,AI,SDXL,Defactify_SDXL,Stable_Diffusion_XL,V5-D Gated Residual,5e-06,0.999995,0.003789,0.996211,REAL,False
DEF_SDXL_093,DEF_SDXL_093_21313b8da3d1.jpg,AI,SDXL,Defactify_SDXL,Stable_Diffusion_XL,V5-A Spatial,0.999957,4.3e-05,0.999957,4.3e-05,AI,True
DEF_SDXL_093,DEF_SDXL_093_21313b8da3d1.jpg,AI,SDXL,Defactify_SDXL,Stable_Diffusion_XL,V5-B Frequency,0.2861,0.7139,0.2861,0.7139,REAL,False
DEF_SDXL_093,DEF_SDXL_093_21313b8da3d1.jpg,AI,SDXL,Defactify_SDXL,Stable_Diffusion_XL,V5-C Hybrid,0.999943,5.7e-05,0.999943,5.7e-05,AI,True
DEF_SDXL_093,DEF_SDXL_093_21313b8da3d1.jpg,AI,SDXL,Defactify_SDXL,Stable_Diffusion_XL,V5-D Gated Residual,0.999242,0.000758,0.963316,0.036684,AI,True
DEF_SDXL_094,DEF_SDXL_094_935ae1e135c4.jpg,AI,SDXL,Defactify_SDXL,Stable_Diffusion_XL,V5-A Spatial,0.92158,0.07842,0.92158,0.07842,AI,True
DEF_SDXL_094,DEF_SDXL_094_935ae1e135c4.jpg,AI,SDXL,Defactify_SDXL,Stable_Diffusion_XL,V5-B Frequency,0.001488,0.998512,0.001488,0.998512,REAL,False
DEF_SDXL_094,DEF_SDXL_094_935ae1e135c4.jpg,AI,SDXL,Defactify_SDXL,Stable_Diffusion_XL,V5-C Hybrid,0.668392,0.331608,0.668392,0.331608,AI,True
DEF_SDXL_094,DEF_SDXL_094_935ae1e135c4.jpg,AI,SDXL,Defactify_SDXL,Stable_Diffusion_XL,V5-D Gated Residual,0.012928,0.987072,0.122168,0.877832,REAL,False
DEF_SDXL_095,DEF_SDXL_095_4461b95a254e.jpg,AI,SDXL,Defactify_SDXL,Stable_Diffusion_XL,V5-A Spatial,0.121297,0.878703,0.121297,0.878703,REAL,False
DEF_SDXL_095,DEF_SDXL_095_4461b95a254e.jpg,AI,SDXL,Defactify_SDXL,Stable_Diffusion_XL,V5-B Frequency,0.999913,8.7e-05,0.999913,8.7e-05,AI,True
DEF_SDXL_095,DEF_SDXL_095_4461b95a254e.jpg,AI,SDXL,Defactify_SDXL,Stable_Diffusion_XL,V5-C Hybrid,0.9583,0.0417,0.9583,0.0417,AI,True
DEF_SDXL_095,DEF_SDXL_095_4461b95a254e.jpg,AI,SDXL,Defactify_SDXL,Stable_Diffusion_XL,V5-D Gated Residual,0.004783,0.995217,0.081056,0.918944,REAL,False
DEF_SDXL_096,DEF_SDXL_096_bf115df0eb7e.jpg,AI,SDXL,Defactify_SDXL,Stable_Diffusion_XL,V5-A Spatial,1e-06,0.999999,1e-06,0.999999,REAL,False
DEF_SDXL_096,DEF_SDXL_096_bf115df0eb7e.jpg,AI,SDXL,Defactify_SDXL,Stable_Diffusion_XL,V5-B Frequency,0.221801,0.778199,0.221801,0.778199,REAL,False
DEF_SDXL_096,DEF_SDXL_096_bf115df0eb7e.jpg,AI,SDXL,Defactify_SDXL,Stable_Diffusion_XL,V5-C Hybrid,0.0,1.0,0.0,1.0,REAL,False
DEF_SDXL_096,DEF_SDXL_096_bf115df0eb7e.jpg,AI,SDXL,Defactify_SDXL,Stable_Diffusion_XL,V5-D Gated Residual,0.000667,0.999333,0.034692,0.965308,REAL,False
DEF_SDXL_097,DEF_SDXL_097_8f6a146ac226.jpg,AI,SDXL,Defactify_SDXL,Stable_Diffusion_XL,V5-A Spatial,0.989262,0.010738,0.989262,0.010738,AI,True
DEF_SDXL_097,DEF_SDXL_097_8f6a146ac226.jpg,AI,SDXL,Defactify_SDXL,Stable_Diffusion_XL,V5-B Frequency,0.003847,0.996153,0.003847,0.996153,REAL,False
DEF_SDXL_097,DEF_SDXL_097_8f6a146ac226.jpg,AI,SDXL,Defactify_SDXL,Stable_Diffusion_XL,V5-C Hybrid,0.973457,0.026543,0.973457,0.026543,AI,True
DEF_SDXL_097,DEF_SDXL_097_8f6a146ac226.jpg,AI,SDXL,Defactify_SDXL,Stable_Diffusion_XL,V5-D Gated Residual,0.170431,0.829569,0.327419,0.672581,REAL,False
DEF_SDXL_098,DEF_SDXL_098_5885435f3d07.jpg,AI,SDXL,Defactify_SDXL,Stable_Diffusion_XL,V5-A Spatial,0.999499,0.000501,0.999499,0.000501,AI,True
DEF_SDXL_098,DEF_SDXL_098_5885435f3d07.jpg,AI,SDXL,Defactify_SDXL,Stable_Diffusion_XL,V5-B Frequency,0.992422,0.007578,0.992422,0.007578,AI,True
DEF_SDXL_098,DEF_SDXL_098_5885435f3d07.jpg,AI,SDXL,Defactify_SDXL,Stable_Diffusion_XL,V5-C Hybrid,0.069375,0.930625,0.069375,0.930625,REAL,False
DEF_SDXL_098,DEF_SDXL_098_5885435f3d07.jpg,AI,SDXL,Defactify_SDXL,Stable_Diffusion_XL,V5-D Gated Residual,0.0,1.0,0.001331,0.998668,REAL,False
DEF_SDXL_099,DEF_SDXL_099_9d6976058e3c.jpg,AI,SDXL,Defactify_SDXL,Stable_Diffusion_XL,V5-A Spatial,0.994522,0.005478,0.994522,0.005478,AI,True
DEF_SDXL_099,DEF_SDXL_099_9d6976058e3c.jpg,AI,SDXL,Defactify_SDXL,Stable_Diffusion_XL,V5-B Frequency,0.142447,0.857553,0.142447,0.857553,REAL,False
DEF_SDXL_099,DEF_SDXL_099_9d6976058e3c.jpg,AI,SDXL,Defactify_SDXL,Stable_Diffusion_XL,V5-C Hybrid,0.817524,0.182476,0.817524,0.182476,AI,True
DEF_SDXL_099,DEF_SDXL_099_9d6976058e3c.jpg,AI,SDXL,Defactify_SDXL,Stable_Diffusion_XL,V5-D Gated Residual,0.94995,0.05005,0.792306,0.207694,AI,True
DEF_SDXL_100,DEF_SDXL_100_0e772dc29c53.jpg,AI,SDXL,Defactify_SDXL,Stable_Diffusion_XL,V5-A Spatial,0.999998,2e-06,0.999998,2e-06,AI,True
DEF_SDXL_100,DEF_SDXL_100_0e772dc29c53.jpg,AI,SDXL,Defactify_SDXL,Stable_Diffusion_XL,V5-B Frequency,0.170542,0.829458,0.170542,0.829458,REAL,False
DEF_SDXL_100,DEF_SDXL_100_0e772dc29c53.jpg,AI,SDXL,Defactify_SDXL,Stable_Diffusion_XL,V5-C Hybrid,0.999933,6.7e-05,0.999933,6.7e-05,AI,True
DEF_SDXL_100,DEF_SDXL_100_0e772dc29c53.jpg,AI,SDXL,Defactify_SDXL,Stable_Diffusion_XL,V5-D Gated Residual,0.405626,0.594374,0.456659,0.543341,REAL,False
