candidate_group,candidate_id,parquet_shard,row_offset_in_shard,image_name,label,real_source,model_name,architecture,subset,split,format,resolution,mode,nsfw_flag,prompt,image_sha256,original_or_pair_id,dataset_repo,dataset_commit_sha,parquet_conversion_commit_sha,selection_seed,manifest_status
RAISE_REAL,0323.parquet:15,0323.parquet,15,000006503.tiff,0,RAISE,DeciDiffusionV2,LatDiff,CompEval,test,TIFF,4928x3264,RGB,False,,NOT_IN_SOURCE_METADATA,NOT_IN_SOURCE_METADATA,OwensLab/CommunityForensics-Eval,7d4a74a88d2cac93b513c0853bf92c260eaceea0,49365d527202f179b93e478f5b32107eb92aaa3f,20261009,PROVISIONAL_METADATA_ONLY_PENDING_HASH_AND_NEAR_DUPLICATE_AUDIT
RAISE_REAL,0401.parquet:96,0401.parquet,96,000002880.tiff,0,RAISE,LCM_lora_ssd1b,LatDiff,CompEval,test,TIFF,4288x2848,RGB,False,,NOT_IN_SOURCE_METADATA,NOT_IN_SOURCE_METADATA,OwensLab/CommunityForensics-Eval,7d4a74a88d2cac93b513c0853bf92c260eaceea0,49365d527202f179b93e478f5b32107eb92aaa3f,20261009,PROVISIONAL_METADATA_ONLY_PENDING_HASH_AND_NEAR_DUPLICATE_AUDIT
RAISE_REAL,0374.parquet:69,0374.parquet,69,000005755.tiff,0,RAISE,LCM_lora_sdxl,LatDiff,CompEval,test,TIFF,4928x3264,RGB,False,,NOT_IN_SOURCE_METADATA,NOT_IN_SOURCE_METADATA,OwensLab/CommunityForensics-Eval,7d4a74a88d2cac93b513c0853bf92c260eaceea0,49365d527202f179b93e478f5b32107eb92aaa3f,20261009,PROVISIONAL_METADATA_ONLY_PENDING_HASH_AND_NEAR_DUPLICATE_AUDIT
RAISE_REAL,0114.parquet:95,0114.parquet,95,000006141.tiff,0,RAISE,LCM_lora_sdv15,LatDiff,CompEval,test,TIFF,4928x3264,RGB,False,,NOT_IN_SOURCE_METADATA,NOT_IN_SOURCE_METADATA,OwensLab/CommunityForensics-Eval,7d4a74a88d2cac93b513c0853bf92c260eaceea0,49365d527202f179b93e478f5b32107eb92aaa3f,20261009,PROVISIONAL_METADATA_ONLY_PENDING_HASH_AND_NEAR_DUPLICATE_AUDIT
RAISE_REAL,0379.parquet:59,0379.parquet,59,000004080.tiff,0,RAISE,LCM_lora_sdxl,LatDiff,CompEval,test,TIFF,4928x3264,RGB,False,,NOT_IN_SOURCE_METADATA,NOT_IN_SOURCE_METADATA,OwensLab/CommunityForensics-Eval,7d4a74a88d2cac93b513c0853bf92c260eaceea0,49365d527202f179b93e478f5b32107eb92aaa3f,20261009,PROVISIONAL_METADATA_ONLY_PENDING_HASH_AND_NEAR_DUPLICATE_AUDIT
RAISE_REAL,0254.parquet:100,0254.parquet,100,000002103.tiff,0,RAISE,stable_cascade,Other,CompEval,test,TIFF,4288x2848,RGB,False,,NOT_IN_SOURCE_METADATA,NOT_IN_SOURCE_METADATA,OwensLab/CommunityForensics-Eval,7d4a74a88d2cac93b513c0853bf92c260eaceea0,49365d527202f179b93e478f5b32107eb92aaa3f,20261009,PROVISIONAL_METADATA_ONLY_PENDING_HASH_AND_NEAR_DUPLICATE_AUDIT
RAISE_REAL,0093.parquet:12,0093.parquet,12,000006603.tiff,0,RAISE,kvikontent_midjourney_v6,LatDiff,CompEval,test,TIFF,4928x3264,RGB,False,,NOT_IN_SOURCE_METADATA,NOT_IN_SOURCE_METADATA,OwensLab/CommunityForensics-Eval,7d4a74a88d2cac93b513c0853bf92c260eaceea0,49365d527202f179b93e478f5b32107eb92aaa3f,20261009,PROVISIONAL_METADATA_ONLY_PENDING_HASH_AND_NEAR_DUPLICATE_AUDIT
RAISE_REAL,0163.parquet:95,0163.parquet,95,000004985.tiff,0,RAISE,kandinsky_2_2,LatDiff,CompEval,test,TIFF,4928x3264,RGB,False,,NOT_IN_SOURCE_METADATA,NOT_IN_SOURCE_METADATA,OwensLab/CommunityForensics-Eval,7d4a74a88d2cac93b513c0853bf92c260eaceea0,49365d527202f179b93e478f5b32107eb92aaa3f,20261009,PROVISIONAL_METADATA_ONLY_PENDING_HASH_AND_NEAR_DUPLICATE_AUDIT
RAISE_REAL,0045.parquet:19,0045.parquet,19,000004569.tiff,0,RAISE,GALIP,GAN,CompEval,test,TIFF,4928x3264,RGB,False,,NOT_IN_SOURCE_METADATA,NOT_IN_SOURCE_METADATA,OwensLab/CommunityForensics-Eval,7d4a74a88d2cac93b513c0853bf92c260eaceea0,49365d527202f179b93e478f5b32107eb92aaa3f,20261009,PROVISIONAL_METADATA_ONLY_PENDING_HASH_AND_NEAR_DUPLICATE_AUDIT
RAISE_REAL,0114.parquet:35,0114.parquet,35,000002133.tiff,0,RAISE,LCM_lora_sdv15,LatDiff,CompEval,test,TIFF,4288x2848,RGB,False,,NOT_IN_SOURCE_METADATA,NOT_IN_SOURCE_METADATA,OwensLab/CommunityForensics-Eval,7d4a74a88d2cac93b513c0853bf92c260eaceea0,49365d527202f179b93e478f5b32107eb92aaa3f,20261009,PROVISIONAL_METADATA_ONLY_PENDING_HASH_AND_NEAR_DUPLICATE_AUDIT
RAISE_REAL,0320.parquet:122,0320.parquet,122,000007554.tiff,0,RAISE,DeciDiffusionV2,LatDiff,CompEval,test,TIFF,3264x4928,RGB,False,,NOT_IN_SOURCE_METADATA,NOT_IN_SOURCE_METADATA,OwensLab/CommunityForensics-Eval,7d4a74a88d2cac93b513c0853bf92c260eaceea0,49365d527202f179b93e478f5b32107eb92aaa3f,20261009,PROVISIONAL_METADATA_ONLY_PENDING_HASH_AND_NEAR_DUPLICATE_AUDIT
RAISE_REAL,0321.parquet:116,0321.parquet,116,000005064.tiff,0,RAISE,DeciDiffusionV2,LatDiff,CompEval,test,TIFF,4928x3264,RGB,False,,NOT_IN_SOURCE_METADATA,NOT_IN_SOURCE_METADATA,OwensLab/CommunityForensics-Eval,7d4a74a88d2cac93b513c0853bf92c260eaceea0,49365d527202f179b93e478f5b32107eb92aaa3f,20261009,PROVISIONAL_METADATA_ONLY_PENDING_HASH_AND_NEAR_DUPLICATE_AUDIT
RAISE_REAL,0259.parquet:82,0259.parquet,82,000002958.tiff,0,RAISE,stable_cascade,Other,CompEval,test,TIFF,2848x4288,RGB,False,,NOT_IN_SOURCE_METADATA,NOT_IN_SOURCE_METADATA,OwensLab/CommunityForensics-Eval,7d4a74a88d2cac93b513c0853bf92c260eaceea0,49365d527202f179b93e478f5b32107eb92aaa3f,20261009,PROVISIONAL_METADATA_ONLY_PENDING_HASH_AND_NEAR_DUPLICATE_AUDIT
RAISE_REAL,0254.parquet:99,0254.parquet,99,000000456.tiff,0,RAISE,stable_cascade,Other,CompEval,test,TIFF,4288x2848,RGB,False,,NOT_IN_SOURCE_METADATA,NOT_IN_SOURCE_METADATA,OwensLab/CommunityForensics-Eval,7d4a74a88d2cac93b513c0853bf92c260eaceea0,49365d527202f179b93e478f5b32107eb92aaa3f,20261009,PROVISIONAL_METADATA_ONLY_PENDING_HASH_AND_NEAR_DUPLICATE_AUDIT
RAISE_REAL,0378.parquet:75,0378.parquet,75,000002997.tiff,0,RAISE,LCM_lora_sdxl,LatDiff,CompEval,test,TIFF,4288x2848,RGB,False,,NOT_IN_SOURCE_METADATA,NOT_IN_SOURCE_METADATA,OwensLab/CommunityForensics-Eval,7d4a74a88d2cac93b513c0853bf92c260eaceea0,49365d527202f179b93e478f5b32107eb92aaa3f,20261009,PROVISIONAL_METADATA_ONLY_PENDING_HASH_AND_NEAR_DUPLICATE_AUDIT
RAISE_REAL,0397.parquet:39,0397.parquet,39,000000377.tiff,0,RAISE,LCM_lora_ssd1b,LatDiff,CompEval,test,TIFF,4928x3264,RGB,False,,NOT_IN_SOURCE_METADATA,NOT_IN_SOURCE_METADATA,OwensLab/CommunityForensics-Eval,7d4a74a88d2cac93b513c0853bf92c260eaceea0,49365d527202f179b93e478f5b32107eb92aaa3f,20261009,PROVISIONAL_METADATA_ONLY_PENDING_HASH_AND_NEAR_DUPLICATE_AUDIT
RAISE_REAL,0376.parquet:24,0376.parquet,24,000007917.tiff,0,RAISE,LCM_lora_sdxl,LatDiff,CompEval,test,TIFF,4928x3264,RGB,False,,NOT_IN_SOURCE_METADATA,NOT_IN_SOURCE_METADATA,OwensLab/CommunityForensics-Eval,7d4a74a88d2cac93b513c0853bf92c260eaceea0,49365d527202f179b93e478f5b32107eb92aaa3f,20261009,PROVISIONAL_METADATA_ONLY_PENDING_HASH_AND_NEAR_DUPLICATE_AUDIT
RAISE_REAL,0402.parquet:46,0402.parquet,46,000003427.tiff,0,RAISE,LCM_lora_ssd1b,LatDiff,CompEval,test,TIFF,2848x4288,RGB,False,,NOT_IN_SOURCE_METADATA,NOT_IN_SOURCE_METADATA,OwensLab/CommunityForensics-Eval,7d4a74a88d2cac93b513c0853bf92c260eaceea0,49365d527202f179b93e478f5b32107eb92aaa3f,20261009,PROVISIONAL_METADATA_ONLY_PENDING_HASH_AND_NEAR_DUPLICATE_AUDIT
RAISE_REAL,0117.parquet:4,0117.parquet,4,000001365.tiff,0,RAISE,LCM_lora_sdv15,LatDiff,CompEval,test,TIFF,4928x3264,RGB,False,,NOT_IN_SOURCE_METADATA,NOT_IN_SOURCE_METADATA,OwensLab/CommunityForensics-Eval,7d4a74a88d2cac93b513c0853bf92c260eaceea0,49365d527202f179b93e478f5b32107eb92aaa3f,20261009,PROVISIONAL_METADATA_ONLY_PENDING_HASH_AND_NEAR_DUPLICATE_AUDIT
RAISE_REAL,0045.parquet:108,0045.parquet,108,000000989.tiff,0,RAISE,GALIP,GAN,CompEval,test,TIFF,4928x3264,RGB,False,,NOT_IN_SOURCE_METADATA,NOT_IN_SOURCE_METADATA,OwensLab/CommunityForensics-Eval,7d4a74a88d2cac93b513c0853bf92c260eaceea0,49365d527202f179b93e478f5b32107eb92aaa3f,20261009,PROVISIONAL_METADATA_ONLY_PENDING_HASH_AND_NEAR_DUPLICATE_AUDIT
RAISE_REAL,0254.parquet:104,0254.parquet,104,000005112.tiff,0,RAISE,stable_cascade,Other,CompEval,test,TIFF,4928x3264,RGB,False,,NOT_IN_SOURCE_METADATA,NOT_IN_SOURCE_METADATA,OwensLab/CommunityForensics-Eval,7d4a74a88d2cac93b513c0853bf92c260eaceea0,49365d527202f179b93e478f5b32107eb92aaa3f,20261009,PROVISIONAL_METADATA_ONLY_PENDING_HASH_AND_NEAR_DUPLICATE_AUDIT
RAISE_REAL,0401.parquet:87,0401.parquet,87,000002743.tiff,0,RAISE,LCM_lora_ssd1b,LatDiff,CompEval,test,TIFF,4288x2848,RGB,False,,NOT_IN_SOURCE_METADATA,NOT_IN_SOURCE_METADATA,OwensLab/CommunityForensics-Eval,7d4a74a88d2cac93b513c0853bf92c260eaceea0,49365d527202f179b93e478f5b32107eb92aaa3f,20261009,PROVISIONAL_METADATA_ONLY_PENDING_HASH_AND_NEAR_DUPLICATE_AUDIT
RAISE_REAL,0323.parquet:107,0323.parquet,107,000005066.tiff,0,RAISE,DeciDiffusionV2,LatDiff,CompEval,test,TIFF,4928x3264,RGB,False,,NOT_IN_SOURCE_METADATA,NOT_IN_SOURCE_METADATA,OwensLab/CommunityForensics-Eval,7d4a74a88d2cac93b513c0853bf92c260eaceea0,49365d527202f179b93e478f5b32107eb92aaa3f,20261009,PROVISIONAL_METADATA_ONLY_PENDING_HASH_AND_NEAR_DUPLICATE_AUDIT
RAISE_REAL,0404.parquet:53,0404.parquet,53,000002654.tiff,0,RAISE,LCM_lora_ssd1b,LatDiff,CompEval,test,TIFF,4288x2848,RGB,False,,NOT_IN_SOURCE_METADATA,NOT_IN_SOURCE_METADATA,OwensLab/CommunityForensics-Eval,7d4a74a88d2cac93b513c0853bf92c260eaceea0,49365d527202f179b93e478f5b32107eb92aaa3f,20261009,PROVISIONAL_METADATA_ONLY_PENDING_HASH_AND_NEAR_DUPLICATE_AUDIT
RAISE_REAL,0376.parquet:14,0376.parquet,14,000000081.tiff,0,RAISE,LCM_lora_sdxl,LatDiff,CompEval,test,TIFF,4928x3264,RGB,False,,NOT_IN_SOURCE_METADATA,NOT_IN_SOURCE_METADATA,OwensLab/CommunityForensics-Eval,7d4a74a88d2cac93b513c0853bf92c260eaceea0,49365d527202f179b93e478f5b32107eb92aaa3f,20261009,PROVISIONAL_METADATA_ONLY_PENDING_HASH_AND_NEAR_DUPLICATE_AUDIT
RAISE_REAL,0323.parquet:12,0323.parquet,12,000001476.tiff,0,RAISE,DeciDiffusionV2,LatDiff,CompEval,test,TIFF,2848x4288,RGB,False,,NOT_IN_SOURCE_METADATA,NOT_IN_SOURCE_METADATA,OwensLab/CommunityForensics-Eval,7d4a74a88d2cac93b513c0853bf92c260eaceea0,49365d527202f179b93e478f5b32107eb92aaa3f,20261009,PROVISIONAL_METADATA_ONLY_PENDING_HASH_AND_NEAR_DUPLICATE_AUDIT
RAISE_REAL,0118.parquet:98,0118.parquet,98,000000167.tiff,0,RAISE,LCM_lora_sdv15,LatDiff,CompEval,test,TIFF,3008x2000,RGB,False,,NOT_IN_SOURCE_METADATA,NOT_IN_SOURCE_METADATA,OwensLab/CommunityForensics-Eval,7d4a74a88d2cac93b513c0853bf92c260eaceea0,49365d527202f179b93e478f5b32107eb92aaa3f,20261009,PROVISIONAL_METADATA_ONLY_PENDING_HASH_AND_NEAR_DUPLICATE_AUDIT
RAISE_REAL,0118.parquet:121,0118.parquet,121,000005132.tiff,0,RAISE,LCM_lora_sdv15,LatDiff,CompEval,test,TIFF,4928x3264,RGB,False,,NOT_IN_SOURCE_METADATA,NOT_IN_SOURCE_METADATA,OwensLab/CommunityForensics-Eval,7d4a74a88d2cac93b513c0853bf92c260eaceea0,49365d527202f179b93e478f5b32107eb92aaa3f,20261009,PROVISIONAL_METADATA_ONLY_PENDING_HASH_AND_NEAR_DUPLICATE_AUDIT
RAISE_REAL,0164.parquet:30,0164.parquet,30,000003572.tiff,0,RAISE,kandinsky_2_2,LatDiff,CompEval,test,TIFF,4288x2848,RGB,False,,NOT_IN_SOURCE_METADATA,NOT_IN_SOURCE_METADATA,OwensLab/CommunityForensics-Eval,7d4a74a88d2cac93b513c0853bf92c260eaceea0,49365d527202f179b93e478f5b32107eb92aaa3f,20261009,PROVISIONAL_METADATA_ONLY_PENDING_HASH_AND_NEAR_DUPLICATE_AUDIT
RAISE_REAL,0161.parquet:26,0161.parquet,26,000004190.tiff,0,RAISE,kandinsky_2_2,LatDiff,CompEval,test,TIFF,4928x3264,RGB,False,,NOT_IN_SOURCE_METADATA,NOT_IN_SOURCE_METADATA,OwensLab/CommunityForensics-Eval,7d4a74a88d2cac93b513c0853bf92c260eaceea0,49365d527202f179b93e478f5b32107eb92aaa3f,20261009,PROVISIONAL_METADATA_ONLY_PENDING_HASH_AND_NEAR_DUPLICATE_AUDIT
RAISE_REAL,0401.parquet:36,0401.parquet,36,000002924.tiff,0,RAISE,LCM_lora_ssd1b,LatDiff,CompEval,test,TIFF,2848x4288,RGB,False,,NOT_IN_SOURCE_METADATA,NOT_IN_SOURCE_METADATA,OwensLab/CommunityForensics-Eval,7d4a74a88d2cac93b513c0853bf92c260eaceea0,49365d527202f179b93e478f5b32107eb92aaa3f,20261009,PROVISIONAL_METADATA_ONLY_PENDING_HASH_AND_NEAR_DUPLICATE_AUDIT
RAISE_REAL,0404.parquet:60,0404.parquet,60,000008078.tiff,0,RAISE,LCM_lora_ssd1b,LatDiff,CompEval,test,TIFF,4928x3264,RGB,False,,NOT_IN_SOURCE_METADATA,NOT_IN_SOURCE_METADATA,OwensLab/CommunityForensics-Eval,7d4a74a88d2cac93b513c0853bf92c260eaceea0,49365d527202f179b93e478f5b32107eb92aaa3f,20261009,PROVISIONAL_METADATA_ONLY_PENDING_HASH_AND_NEAR_DUPLICATE_AUDIT
RAISE_REAL,0259.parquet:95,0259.parquet,95,000004964.tiff,0,RAISE,stable_cascade,Other,CompEval,test,TIFF,4928x3264,RGB,False,,NOT_IN_SOURCE_METADATA,NOT_IN_SOURCE_METADATA,OwensLab/CommunityForensics-Eval,7d4a74a88d2cac93b513c0853bf92c260eaceea0,49365d527202f179b93e478f5b32107eb92aaa3f,20261009,PROVISIONAL_METADATA_ONLY_PENDING_HASH_AND_NEAR_DUPLICATE_AUDIT
RAISE_REAL,0198.parquet:94,0198.parquet,94,000005889.tiff,0,RAISE,LCM_lora_ssd1b,LatDiff,CompEval,test,TIFF,4928x3264,RGB,False,,NOT_IN_SOURCE_METADATA,NOT_IN_SOURCE_METADATA,OwensLab/CommunityForensics-Eval,7d4a74a88d2cac93b513c0853bf92c260eaceea0,49365d527202f179b93e478f5b32107eb92aaa3f,20261009,PROVISIONAL_METADATA_ONLY_PENDING_HASH_AND_NEAR_DUPLICATE_AUDIT
RAISE_REAL,0198.parquet:119,0198.parquet,119,000004694.tiff,0,RAISE,LCM_lora_ssd1b,LatDiff,CompEval,test,TIFF,4928x3264,RGB,False,,NOT_IN_SOURCE_METADATA,NOT_IN_SOURCE_METADATA,OwensLab/CommunityForensics-Eval,7d4a74a88d2cac93b513c0853bf92c260eaceea0,49365d527202f179b93e478f5b32107eb92aaa3f,20261009,PROVISIONAL_METADATA_ONLY_PENDING_HASH_AND_NEAR_DUPLICATE_AUDIT
RAISE_REAL,0255.parquet:67,0255.parquet,67,000000654.tiff,0,RAISE,stable_cascade,Other,CompEval,test,TIFF,4928x3264,RGB,False,,NOT_IN_SOURCE_METADATA,NOT_IN_SOURCE_METADATA,OwensLab/CommunityForensics-Eval,7d4a74a88d2cac93b513c0853bf92c260eaceea0,49365d527202f179b93e478f5b32107eb92aaa3f,20261009,PROVISIONAL_METADATA_ONLY_PENDING_HASH_AND_NEAR_DUPLICATE_AUDIT
RAISE_REAL,0321.parquet:58,0321.parquet,58,000004136.tiff,0,RAISE,DeciDiffusionV2,LatDiff,CompEval,test,TIFF,3264x4928,RGB,False,,NOT_IN_SOURCE_METADATA,NOT_IN_SOURCE_METADATA,OwensLab/CommunityForensics-Eval,7d4a74a88d2cac93b513c0853bf92c260eaceea0,49365d527202f179b93e478f5b32107eb92aaa3f,20261009,PROVISIONAL_METADATA_ONLY_PENDING_HASH_AND_NEAR_DUPLICATE_AUDIT
RAISE_REAL,0399.parquet:29,0399.parquet,29,000000963.tiff,0,RAISE,LCM_lora_ssd1b,LatDiff,CompEval,test,TIFF,3264x4928,RGB,False,,NOT_IN_SOURCE_METADATA,NOT_IN_SOURCE_METADATA,OwensLab/CommunityForensics-Eval,7d4a74a88d2cac93b513c0853bf92c260eaceea0,49365d527202f179b93e478f5b32107eb92aaa3f,20261009,PROVISIONAL_METADATA_ONLY_PENDING_HASH_AND_NEAR_DUPLICATE_AUDIT
RAISE_REAL,0041.parquet:104,0041.parquet,104,000006036.tiff,0,RAISE,GALIP,GAN,CompEval,test,TIFF,4928x3264,RGB,False,,NOT_IN_SOURCE_METADATA,NOT_IN_SOURCE_METADATA,OwensLab/CommunityForensics-Eval,7d4a74a88d2cac93b513c0853bf92c260eaceea0,49365d527202f179b93e478f5b32107eb92aaa3f,20261009,PROVISIONAL_METADATA_ONLY_PENDING_HASH_AND_NEAR_DUPLICATE_AUDIT
RAISE_REAL,0398.parquet:1,0398.parquet,1,000002426.tiff,0,RAISE,LCM_lora_ssd1b,LatDiff,CompEval,test,TIFF,4928x3264,RGB,False,,NOT_IN_SOURCE_METADATA,NOT_IN_SOURCE_METADATA,OwensLab/CommunityForensics-Eval,7d4a74a88d2cac93b513c0853bf92c260eaceea0,49365d527202f179b93e478f5b32107eb92aaa3f,20261009,PROVISIONAL_METADATA_ONLY_PENDING_HASH_AND_NEAR_DUPLICATE_AUDIT
RAISE_REAL,0259.parquet:23,0259.parquet,23,000003595.tiff,0,RAISE,stable_cascade,Other,CompEval,test,TIFF,4288x2848,RGB,False,,NOT_IN_SOURCE_METADATA,NOT_IN_SOURCE_METADATA,OwensLab/CommunityForensics-Eval,7d4a74a88d2cac93b513c0853bf92c260eaceea0,49365d527202f179b93e478f5b32107eb92aaa3f,20261009,PROVISIONAL_METADATA_ONLY_PENDING_HASH_AND_NEAR_DUPLICATE_AUDIT
RAISE_REAL,0255.parquet:18,0255.parquet,18,000003929.tiff,0,RAISE,stable_cascade,Other,CompEval,test,TIFF,4288x2848,RGB,False,,NOT_IN_SOURCE_METADATA,NOT_IN_SOURCE_METADATA,OwensLab/CommunityForensics-Eval,7d4a74a88d2cac93b513c0853bf92c260eaceea0,49365d527202f179b93e478f5b32107eb92aaa3f,20261009,PROVISIONAL_METADATA_ONLY_PENDING_HASH_AND_NEAR_DUPLICATE_AUDIT
RAISE_REAL,0219.parquet:106,0219.parquet,106,000005470.tiff,0,RAISE,kvikontent_midjourney_v6,LatDiff,CompEval,test,TIFF,4928x3264,RGB,False,,NOT_IN_SOURCE_METADATA,NOT_IN_SOURCE_METADATA,OwensLab/CommunityForensics-Eval,7d4a74a88d2cac93b513c0853bf92c260eaceea0,49365d527202f179b93e478f5b32107eb92aaa3f,20261009,PROVISIONAL_METADATA_ONLY_PENDING_HASH_AND_NEAR_DUPLICATE_AUDIT
RAISE_REAL,0114.parquet:110,0114.parquet,110,000003090.tiff,0,RAISE,LCM_lora_sdv15,LatDiff,CompEval,test,TIFF,2848x4288,RGB,False,,NOT_IN_SOURCE_METADATA,NOT_IN_SOURCE_METADATA,OwensLab/CommunityForensics-Eval,7d4a74a88d2cac93b513c0853bf92c260eaceea0,49365d527202f179b93e478f5b32107eb92aaa3f,20261009,PROVISIONAL_METADATA_ONLY_PENDING_HASH_AND_NEAR_DUPLICATE_AUDIT
RAISE_REAL,0243.parquet:61,0243.parquet,61,000005179.tiff,0,RAISE,kandinsky_2_2,LatDiff,CompEval,test,TIFF,3264x4928,RGB,False,,NOT_IN_SOURCE_METADATA,NOT_IN_SOURCE_METADATA,OwensLab/CommunityForensics-Eval,7d4a74a88d2cac93b513c0853bf92c260eaceea0,49365d527202f179b93e478f5b32107eb92aaa3f,20261009,PROVISIONAL_METADATA_ONLY_PENDING_HASH_AND_NEAR_DUPLICATE_AUDIT
RAISE_REAL,0221.parquet:71,0221.parquet,71,000006425.tiff,0,RAISE,kvikontent_midjourney_v6,LatDiff,CompEval,test,TIFF,3264x4928,RGB,False,,NOT_IN_SOURCE_METADATA,NOT_IN_SOURCE_METADATA,OwensLab/CommunityForensics-Eval,7d4a74a88d2cac93b513c0853bf92c260eaceea0,49365d527202f179b93e478f5b32107eb92aaa3f,20261009,PROVISIONAL_METADATA_ONLY_PENDING_HASH_AND_NEAR_DUPLICATE_AUDIT
RAISE_REAL,0114.parquet:20,0114.parquet,20,000006896.tiff,0,RAISE,LCM_lora_sdv15,LatDiff,CompEval,test,TIFF,4928x3264,RGB,False,,NOT_IN_SOURCE_METADATA,NOT_IN_SOURCE_METADATA,OwensLab/CommunityForensics-Eval,7d4a74a88d2cac93b513c0853bf92c260eaceea0,49365d527202f179b93e478f5b32107eb92aaa3f,20261009,PROVISIONAL_METADATA_ONLY_PENDING_HASH_AND_NEAR_DUPLICATE_AUDIT
RAISE_REAL,0262.parquet:15,0262.parquet,15,000004286.tiff,0,RAISE,stable_cascade,Other,CompEval,test,TIFF,4928x3264,RGB,False,,NOT_IN_SOURCE_METADATA,NOT_IN_SOURCE_METADATA,OwensLab/CommunityForensics-Eval,7d4a74a88d2cac93b513c0853bf92c260eaceea0,49365d527202f179b93e478f5b32107eb92aaa3f,20261009,PROVISIONAL_METADATA_ONLY_PENDING_HASH_AND_NEAR_DUPLICATE_AUDIT
RAISE_REAL,0258.parquet:125,0258.parquet,125,000003914.tiff,0,RAISE,stable_cascade,Other,CompEval,test,TIFF,4288x2848,RGB,False,,NOT_IN_SOURCE_METADATA,NOT_IN_SOURCE_METADATA,OwensLab/CommunityForensics-Eval,7d4a74a88d2cac93b513c0853bf92c260eaceea0,49365d527202f179b93e478f5b32107eb92aaa3f,20261009,PROVISIONAL_METADATA_ONLY_PENDING_HASH_AND_NEAR_DUPLICATE_AUDIT
RAISE_REAL,0380.parquet:17,0380.parquet,17,000005253.tiff,0,RAISE,LCM_lora_sdxl,LatDiff,CompEval,test,TIFF,4928x3264,RGB,False,,NOT_IN_SOURCE_METADATA,NOT_IN_SOURCE_METADATA,OwensLab/CommunityForensics-Eval,7d4a74a88d2cac93b513c0853bf92c260eaceea0,49365d527202f179b93e478f5b32107eb92aaa3f,20261009,PROVISIONAL_METADATA_ONLY_PENDING_HASH_AND_NEAR_DUPLICATE_AUDIT
RAISE_REAL,0123.parquet:63,0123.parquet,63,000004635.tiff,0,RAISE,GALIP,GAN,CompEval,test,TIFF,4928x3264,RGB,False,,NOT_IN_SOURCE_METADATA,NOT_IN_SOURCE_METADATA,OwensLab/CommunityForensics-Eval,7d4a74a88d2cac93b513c0853bf92c260eaceea0,49365d527202f179b93e478f5b32107eb92aaa3f,20261009,PROVISIONAL_METADATA_ONLY_PENDING_HASH_AND_NEAR_DUPLICATE_AUDIT
RAISE_REAL,0378.parquet:4,0378.parquet,4,000003554.tiff,0,RAISE,LCM_lora_sdxl,LatDiff,CompEval,test,TIFF,4288x2848,RGB,False,,NOT_IN_SOURCE_METADATA,NOT_IN_SOURCE_METADATA,OwensLab/CommunityForensics-Eval,7d4a74a88d2cac93b513c0853bf92c260eaceea0,49365d527202f179b93e478f5b32107eb92aaa3f,20261009,PROVISIONAL_METADATA_ONLY_PENDING_HASH_AND_NEAR_DUPLICATE_AUDIT
RAISE_REAL,0320.parquet:42,0320.parquet,42,000001926.tiff,0,RAISE,DeciDiffusionV2,LatDiff,CompEval,test,TIFF,4288x2848,RGB,False,,NOT_IN_SOURCE_METADATA,NOT_IN_SOURCE_METADATA,OwensLab/CommunityForensics-Eval,7d4a74a88d2cac93b513c0853bf92c260eaceea0,49365d527202f179b93e478f5b32107eb92aaa3f,20261009,PROVISIONAL_METADATA_ONLY_PENDING_HASH_AND_NEAR_DUPLICATE_AUDIT
RAISE_REAL,0373.parquet:49,0373.parquet,49,000008071.tiff,0,RAISE,LCM_lora_sdxl,LatDiff,CompEval,test,TIFF,4928x3264,RGB,False,,NOT_IN_SOURCE_METADATA,NOT_IN_SOURCE_METADATA,OwensLab/CommunityForensics-Eval,7d4a74a88d2cac93b513c0853bf92c260eaceea0,49365d527202f179b93e478f5b32107eb92aaa3f,20261009,PROVISIONAL_METADATA_ONLY_PENDING_HASH_AND_NEAR_DUPLICATE_AUDIT
RAISE_REAL,0164.parquet:9,0164.parquet,9,000005329.tiff,0,RAISE,kandinsky_2_2,LatDiff,CompEval,test,TIFF,4928x3264,RGB,False,,NOT_IN_SOURCE_METADATA,NOT_IN_SOURCE_METADATA,OwensLab/CommunityForensics-Eval,7d4a74a88d2cac93b513c0853bf92c260eaceea0,49365d527202f179b93e478f5b32107eb92aaa3f,20261009,PROVISIONAL_METADATA_ONLY_PENDING_HASH_AND_NEAR_DUPLICATE_AUDIT
RAISE_REAL,0380.parquet:97,0380.parquet,97,000007348.tiff,0,RAISE,LCM_lora_sdxl,LatDiff,CompEval,test,TIFF,4928x3264,RGB,False,,NOT_IN_SOURCE_METADATA,NOT_IN_SOURCE_METADATA,OwensLab/CommunityForensics-Eval,7d4a74a88d2cac93b513c0853bf92c260eaceea0,49365d527202f179b93e478f5b32107eb92aaa3f,20261009,PROVISIONAL_METADATA_ONLY_PENDING_HASH_AND_NEAR_DUPLICATE_AUDIT
RAISE_REAL,0260.parquet:125,0260.parquet,125,000000208.tiff,0,RAISE,stable_cascade,Other,CompEval,test,TIFF,4928x3264,RGB,False,,NOT_IN_SOURCE_METADATA,NOT_IN_SOURCE_METADATA,OwensLab/CommunityForensics-Eval,7d4a74a88d2cac93b513c0853bf92c260eaceea0,49365d527202f179b93e478f5b32107eb92aaa3f,20261009,PROVISIONAL_METADATA_ONLY_PENDING_HASH_AND_NEAR_DUPLICATE_AUDIT
RAISE_REAL,0254.parquet:112,0254.parquet,112,000004580.tiff,0,RAISE,stable_cascade,Other,CompEval,test,TIFF,4928x3264,RGB,False,,NOT_IN_SOURCE_METADATA,NOT_IN_SOURCE_METADATA,OwensLab/CommunityForensics-Eval,7d4a74a88d2cac93b513c0853bf92c260eaceea0,49365d527202f179b93e478f5b32107eb92aaa3f,20261009,PROVISIONAL_METADATA_ONLY_PENDING_HASH_AND_NEAR_DUPLICATE_AUDIT
RAISE_REAL,0165.parquet:65,0165.parquet,65,000004008.tiff,0,RAISE,kandinsky_2_2,LatDiff,CompEval,test,TIFF,4288x2848,RGB,False,,NOT_IN_SOURCE_METADATA,NOT_IN_SOURCE_METADATA,OwensLab/CommunityForensics-Eval,7d4a74a88d2cac93b513c0853bf92c260eaceea0,49365d527202f179b93e478f5b32107eb92aaa3f,20261009,PROVISIONAL_METADATA_ONLY_PENDING_HASH_AND_NEAR_DUPLICATE_AUDIT
RAISE_REAL,0164.parquet:35,0164.parquet,35,000005529.tiff,0,RAISE,kandinsky_2_2,LatDiff,CompEval,test,TIFF,4928x3264,RGB,False,,NOT_IN_SOURCE_METADATA,NOT_IN_SOURCE_METADATA,OwensLab/CommunityForensics-Eval,7d4a74a88d2cac93b513c0853bf92c260eaceea0,49365d527202f179b93e478f5b32107eb92aaa3f,20261009,PROVISIONAL_METADATA_ONLY_PENDING_HASH_AND_NEAR_DUPLICATE_AUDIT
RAISE_REAL,0113.parquet:67,0113.parquet,67,000003247.tiff,0,RAISE,LCM_lora_sdv15,LatDiff,CompEval,test,TIFF,4288x2848,RGB,False,,NOT_IN_SOURCE_METADATA,NOT_IN_SOURCE_METADATA,OwensLab/CommunityForensics-Eval,7d4a74a88d2cac93b513c0853bf92c260eaceea0,49365d527202f179b93e478f5b32107eb92aaa3f,20261009,PROVISIONAL_METADATA_ONLY_PENDING_HASH_AND_NEAR_DUPLICATE_AUDIT
RAISE_REAL,0256.parquet:69,0256.parquet,69,000000885.tiff,0,RAISE,stable_cascade,Other,CompEval,test,TIFF,4928x3264,RGB,False,,NOT_IN_SOURCE_METADATA,NOT_IN_SOURCE_METADATA,OwensLab/CommunityForensics-Eval,7d4a74a88d2cac93b513c0853bf92c260eaceea0,49365d527202f179b93e478f5b32107eb92aaa3f,20261009,PROVISIONAL_METADATA_ONLY_PENDING_HASH_AND_NEAR_DUPLICATE_AUDIT
RAISE_REAL,0220.parquet:41,0220.parquet,41,000001298.tiff,0,RAISE,kvikontent_midjourney_v6,LatDiff,CompEval,test,TIFF,4928x3264,RGB,False,,NOT_IN_SOURCE_METADATA,NOT_IN_SOURCE_METADATA,OwensLab/CommunityForensics-Eval,7d4a74a88d2cac93b513c0853bf92c260eaceea0,49365d527202f179b93e478f5b32107eb92aaa3f,20261009,PROVISIONAL_METADATA_ONLY_PENDING_HASH_AND_NEAR_DUPLICATE_AUDIT
RAISE_REAL,0378.parquet:62,0378.parquet,62,000006024.tiff,0,RAISE,LCM_lora_sdxl,LatDiff,CompEval,test,TIFF,4928x3264,RGB,False,,NOT_IN_SOURCE_METADATA,NOT_IN_SOURCE_METADATA,OwensLab/CommunityForensics-Eval,7d4a74a88d2cac93b513c0853bf92c260eaceea0,49365d527202f179b93e478f5b32107eb92aaa3f,20261009,PROVISIONAL_METADATA_ONLY_PENDING_HASH_AND_NEAR_DUPLICATE_AUDIT
RAISE_REAL,0045.parquet:80,0045.parquet,80,000001115.tiff,0,RAISE,GALIP,GAN,CompEval,test,TIFF,4928x3264,RGB,False,,NOT_IN_SOURCE_METADATA,NOT_IN_SOURCE_METADATA,OwensLab/CommunityForensics-Eval,7d4a74a88d2cac93b513c0853bf92c260eaceea0,49365d527202f179b93e478f5b32107eb92aaa3f,20261009,PROVISIONAL_METADATA_ONLY_PENDING_HASH_AND_NEAR_DUPLICATE_AUDIT
RAISE_REAL,0365.parquet:32,0365.parquet,32,000004763.tiff,0,RAISE,LCM_lora_sdv15,LatDiff,CompEval,test,TIFF,4928x3264,RGB,False,,NOT_IN_SOURCE_METADATA,NOT_IN_SOURCE_METADATA,OwensLab/CommunityForensics-Eval,7d4a74a88d2cac93b513c0853bf92c260eaceea0,49365d527202f179b93e478f5b32107eb92aaa3f,20261009,PROVISIONAL_METADATA_ONLY_PENDING_HASH_AND_NEAR_DUPLICATE_AUDIT
RAISE_REAL,0115.parquet:112,0115.parquet,112,000006467.tiff,0,RAISE,LCM_lora_sdv15,LatDiff,CompEval,test,TIFF,4928x3264,RGB,False,,NOT_IN_SOURCE_METADATA,NOT_IN_SOURCE_METADATA,OwensLab/CommunityForensics-Eval,7d4a74a88d2cac93b513c0853bf92c260eaceea0,49365d527202f179b93e478f5b32107eb92aaa3f,20261009,PROVISIONAL_METADATA_ONLY_PENDING_HASH_AND_NEAR_DUPLICATE_AUDIT
RAISE_REAL,0399.parquet:87,0399.parquet,87,000004894.tiff,0,RAISE,LCM_lora_ssd1b,LatDiff,CompEval,test,TIFF,4928x3264,RGB,False,,NOT_IN_SOURCE_METADATA,NOT_IN_SOURCE_METADATA,OwensLab/CommunityForensics-Eval,7d4a74a88d2cac93b513c0853bf92c260eaceea0,49365d527202f179b93e478f5b32107eb92aaa3f,20261009,PROVISIONAL_METADATA_ONLY_PENDING_HASH_AND_NEAR_DUPLICATE_AUDIT
RAISE_REAL,0255.parquet:114,0255.parquet,114,000002866.tiff,0,RAISE,stable_cascade,Other,CompEval,test,TIFF,4288x2848,RGB,False,,NOT_IN_SOURCE_METADATA,NOT_IN_SOURCE_METADATA,OwensLab/CommunityForensics-Eval,7d4a74a88d2cac93b513c0853bf92c260eaceea0,49365d527202f179b93e478f5b32107eb92aaa3f,20261009,PROVISIONAL_METADATA_ONLY_PENDING_HASH_AND_NEAR_DUPLICATE_AUDIT
RAISE_REAL,0260.parquet:23,0260.parquet,23,000005605.tiff,0,RAISE,stable_cascade,Other,CompEval,test,TIFF,4928x3264,RGB,False,,NOT_IN_SOURCE_METADATA,NOT_IN_SOURCE_METADATA,OwensLab/CommunityForensics-Eval,7d4a74a88d2cac93b513c0853bf92c260eaceea0,49365d527202f179b93e478f5b32107eb92aaa3f,20261009,PROVISIONAL_METADATA_ONLY_PENDING_HASH_AND_NEAR_DUPLICATE_AUDIT
RAISE_REAL,0269.parquet:14,0269.parquet,14,000002984.tiff,0,RAISE,GALIP,GAN,CompEval,test,TIFF,4288x2848,RGB,False,,NOT_IN_SOURCE_METADATA,NOT_IN_SOURCE_METADATA,OwensLab/CommunityForensics-Eval,7d4a74a88d2cac93b513c0853bf92c260eaceea0,49365d527202f179b93e478f5b32107eb92aaa3f,20261009,PROVISIONAL_METADATA_ONLY_PENDING_HASH_AND_NEAR_DUPLICATE_AUDIT
RAISE_REAL,0320.parquet:92,0320.parquet,92,000003402.tiff,0,RAISE,DeciDiffusionV2,LatDiff,CompEval,test,TIFF,4288x2848,RGB,False,,NOT_IN_SOURCE_METADATA,NOT_IN_SOURCE_METADATA,OwensLab/CommunityForensics-Eval,7d4a74a88d2cac93b513c0853bf92c260eaceea0,49365d527202f179b93e478f5b32107eb92aaa3f,20261009,PROVISIONAL_METADATA_ONLY_PENDING_HASH_AND_NEAR_DUPLICATE_AUDIT
RAISE_REAL,0165.parquet:12,0165.parquet,12,000006780.tiff,0,RAISE,kandinsky_2_2,LatDiff,CompEval,test,TIFF,4928x3264,RGB,False,,NOT_IN_SOURCE_METADATA,NOT_IN_SOURCE_METADATA,OwensLab/CommunityForensics-Eval,7d4a74a88d2cac93b513c0853bf92c260eaceea0,49365d527202f179b93e478f5b32107eb92aaa3f,20261009,PROVISIONAL_METADATA_ONLY_PENDING_HASH_AND_NEAR_DUPLICATE_AUDIT
RAISE_REAL,0221.parquet:79,0221.parquet,79,000002545.tiff,0,RAISE,kvikontent_midjourney_v6,LatDiff,CompEval,test,TIFF,4288x2848,RGB,False,,NOT_IN_SOURCE_METADATA,NOT_IN_SOURCE_METADATA,OwensLab/CommunityForensics-Eval,7d4a74a88d2cac93b513c0853bf92c260eaceea0,49365d527202f179b93e478f5b32107eb92aaa3f,20261009,PROVISIONAL_METADATA_ONLY_PENDING_HASH_AND_NEAR_DUPLICATE_AUDIT
RAISE_REAL,0404.parquet:66,0404.parquet,66,000002396.tiff,0,RAISE,LCM_lora_ssd1b,LatDiff,CompEval,test,TIFF,4928x3264,RGB,False,,NOT_IN_SOURCE_METADATA,NOT_IN_SOURCE_METADATA,OwensLab/CommunityForensics-Eval,7d4a74a88d2cac93b513c0853bf92c260eaceea0,49365d527202f179b93e478f5b32107eb92aaa3f,20261009,PROVISIONAL_METADATA_ONLY_PENDING_HASH_AND_NEAR_DUPLICATE_AUDIT
RAISE_REAL,0259.parquet:75,0259.parquet,75,000000742.tiff,0,RAISE,stable_cascade,Other,CompEval,test,TIFF,4928x3264,RGB,False,,NOT_IN_SOURCE_METADATA,NOT_IN_SOURCE_METADATA,OwensLab/CommunityForensics-Eval,7d4a74a88d2cac93b513c0853bf92c260eaceea0,49365d527202f179b93e478f5b32107eb92aaa3f,20261009,PROVISIONAL_METADATA_ONLY_PENDING_HASH_AND_NEAR_DUPLICATE_AUDIT
RAISE_REAL,0198.parquet:110,0198.parquet,110,000006150.tiff,0,RAISE,LCM_lora_ssd1b,LatDiff,CompEval,test,TIFF,4928x3264,RGB,False,,NOT_IN_SOURCE_METADATA,NOT_IN_SOURCE_METADATA,OwensLab/CommunityForensics-Eval,7d4a74a88d2cac93b513c0853bf92c260eaceea0,49365d527202f179b93e478f5b32107eb92aaa3f,20261009,PROVISIONAL_METADATA_ONLY_PENDING_HASH_AND_NEAR_DUPLICATE_AUDIT
RAISE_REAL,0319.parquet:69,0319.parquet,69,000003877.tiff,0,RAISE,DeciDiffusionV2,LatDiff,CompEval,test,TIFF,4288x2848,RGB,False,,NOT_IN_SOURCE_METADATA,NOT_IN_SOURCE_METADATA,OwensLab/CommunityForensics-Eval,7d4a74a88d2cac93b513c0853bf92c260eaceea0,49365d527202f179b93e478f5b32107eb92aaa3f,20261009,PROVISIONAL_METADATA_ONLY_PENDING_HASH_AND_NEAR_DUPLICATE_AUDIT
RAISE_REAL,0045.parquet:100,0045.parquet,100,000000084.tiff,0,RAISE,GALIP,GAN,CompEval,test,TIFF,4928x3264,RGB,False,,NOT_IN_SOURCE_METADATA,NOT_IN_SOURCE_METADATA,OwensLab/CommunityForensics-Eval,7d4a74a88d2cac93b513c0853bf92c260eaceea0,49365d527202f179b93e478f5b32107eb92aaa3f,20261009,PROVISIONAL_METADATA_ONLY_PENDING_HASH_AND_NEAR_DUPLICATE_AUDIT
RAISE_REAL,0374.parquet:115,0374.parquet,115,000000342.tiff,0,RAISE,LCM_lora_sdxl,LatDiff,CompEval,test,TIFF,3264x4928,RGB,False,,NOT_IN_SOURCE_METADATA,NOT_IN_SOURCE_METADATA,OwensLab/CommunityForensics-Eval,7d4a74a88d2cac93b513c0853bf92c260eaceea0,49365d527202f179b93e478f5b32107eb92aaa3f,20261009,PROVISIONAL_METADATA_ONLY_PENDING_HASH_AND_NEAR_DUPLICATE_AUDIT
RAISE_REAL,0377.parquet:74,0377.parquet,74,000006227.tiff,0,RAISE,LCM_lora_sdxl,LatDiff,CompEval,test,TIFF,3264x4928,RGB,False,,NOT_IN_SOURCE_METADATA,NOT_IN_SOURCE_METADATA,OwensLab/CommunityForensics-Eval,7d4a74a88d2cac93b513c0853bf92c260eaceea0,49365d527202f179b93e478f5b32107eb92aaa3f,20261009,PROVISIONAL_METADATA_ONLY_PENDING_HASH_AND_NEAR_DUPLICATE_AUDIT
RAISE_REAL,0220.parquet:73,0220.parquet,73,000001441.tiff,0,RAISE,kvikontent_midjourney_v6,LatDiff,CompEval,test,TIFF,4928x3264,RGB,False,,NOT_IN_SOURCE_METADATA,NOT_IN_SOURCE_METADATA,OwensLab/CommunityForensics-Eval,7d4a74a88d2cac93b513c0853bf92c260eaceea0,49365d527202f179b93e478f5b32107eb92aaa3f,20261009,PROVISIONAL_METADATA_ONLY_PENDING_HASH_AND_NEAR_DUPLICATE_AUDIT
RAISE_REAL,0088.parquet:123,0088.parquet,123,000003421.tiff,0,RAISE,kvikontent_midjourney_v6,LatDiff,CompEval,test,TIFF,2848x4288,RGB,False,,NOT_IN_SOURCE_METADATA,NOT_IN_SOURCE_METADATA,OwensLab/CommunityForensics-Eval,7d4a74a88d2cac93b513c0853bf92c260eaceea0,49365d527202f179b93e478f5b32107eb92aaa3f,20261009,PROVISIONAL_METADATA_ONLY_PENDING_HASH_AND_NEAR_DUPLICATE_AUDIT
RAISE_REAL,0063.parquet:38,0063.parquet,38,000000578.tiff,0,RAISE,LCM_lora_sdxl,LatDiff,CompEval,test,TIFF,2848x4288,RGB,False,,NOT_IN_SOURCE_METADATA,NOT_IN_SOURCE_METADATA,OwensLab/CommunityForensics-Eval,7d4a74a88d2cac93b513c0853bf92c260eaceea0,49365d527202f179b93e478f5b32107eb92aaa3f,20261009,PROVISIONAL_METADATA_ONLY_PENDING_HASH_AND_NEAR_DUPLICATE_AUDIT
RAISE_REAL,0220.parquet:19,0220.parquet,19,000004047.tiff,0,RAISE,kvikontent_midjourney_v6,LatDiff,CompEval,test,TIFF,4928x3264,RGB,False,,NOT_IN_SOURCE_METADATA,NOT_IN_SOURCE_METADATA,OwensLab/CommunityForensics-Eval,7d4a74a88d2cac93b513c0853bf92c260eaceea0,49365d527202f179b93e478f5b32107eb92aaa3f,20261009,PROVISIONAL_METADATA_ONLY_PENDING_HASH_AND_NEAR_DUPLICATE_AUDIT
RAISE_REAL,0315.parquet:68,0315.parquet,68,000005295.tiff,0,RAISE,DeciDiffusionV2,LatDiff,CompEval,test,TIFF,4928x3264,RGB,False,,NOT_IN_SOURCE_METADATA,NOT_IN_SOURCE_METADATA,OwensLab/CommunityForensics-Eval,7d4a74a88d2cac93b513c0853bf92c260eaceea0,49365d527202f179b93e478f5b32107eb92aaa3f,20261009,PROVISIONAL_METADATA_ONLY_PENDING_HASH_AND_NEAR_DUPLICATE_AUDIT
RAISE_REAL,0040.parquet:77,0040.parquet,77,000002614.tiff,0,RAISE,GALIP,GAN,CompEval,test,TIFF,4288x2848,RGB,False,,NOT_IN_SOURCE_METADATA,NOT_IN_SOURCE_METADATA,OwensLab/CommunityForensics-Eval,7d4a74a88d2cac93b513c0853bf92c260eaceea0,49365d527202f179b93e478f5b32107eb92aaa3f,20261009,PROVISIONAL_METADATA_ONLY_PENDING_HASH_AND_NEAR_DUPLICATE_AUDIT
RAISE_REAL,0198.parquet:120,0198.parquet,120,000006531.tiff,0,RAISE,LCM_lora_ssd1b,LatDiff,CompEval,test,TIFF,3264x4928,RGB,False,,NOT_IN_SOURCE_METADATA,NOT_IN_SOURCE_METADATA,OwensLab/CommunityForensics-Eval,7d4a74a88d2cac93b513c0853bf92c260eaceea0,49365d527202f179b93e478f5b32107eb92aaa3f,20261009,PROVISIONAL_METADATA_ONLY_PENDING_HASH_AND_NEAR_DUPLICATE_AUDIT
RAISE_REAL,0221.parquet:50,0221.parquet,50,000001698.tiff,0,RAISE,kvikontent_midjourney_v6,LatDiff,CompEval,test,TIFF,4928x3264,RGB,False,,NOT_IN_SOURCE_METADATA,NOT_IN_SOURCE_METADATA,OwensLab/CommunityForensics-Eval,7d4a74a88d2cac93b513c0853bf92c260eaceea0,49365d527202f179b93e478f5b32107eb92aaa3f,20261009,PROVISIONAL_METADATA_ONLY_PENDING_HASH_AND_NEAR_DUPLICATE_AUDIT
RAISE_REAL,0257.parquet:119,0257.parquet,119,000004565.tiff,0,RAISE,stable_cascade,Other,CompEval,test,TIFF,3264x4928,RGB,False,,NOT_IN_SOURCE_METADATA,NOT_IN_SOURCE_METADATA,OwensLab/CommunityForensics-Eval,7d4a74a88d2cac93b513c0853bf92c260eaceea0,49365d527202f179b93e478f5b32107eb92aaa3f,20261009,PROVISIONAL_METADATA_ONLY_PENDING_HASH_AND_NEAR_DUPLICATE_AUDIT
RAISE_REAL,0323.parquet:71,0323.parquet,71,000007203.tiff,0,RAISE,DeciDiffusionV2,LatDiff,CompEval,test,TIFF,4928x3264,RGB,False,,NOT_IN_SOURCE_METADATA,NOT_IN_SOURCE_METADATA,OwensLab/CommunityForensics-Eval,7d4a74a88d2cac93b513c0853bf92c260eaceea0,49365d527202f179b93e478f5b32107eb92aaa3f,20261009,PROVISIONAL_METADATA_ONLY_PENDING_HASH_AND_NEAR_DUPLICATE_AUDIT
RAISE_REAL,0257.parquet:56,0257.parquet,56,000007318.tiff,0,RAISE,stable_cascade,Other,CompEval,test,TIFF,4928x3264,RGB,False,,NOT_IN_SOURCE_METADATA,NOT_IN_SOURCE_METADATA,OwensLab/CommunityForensics-Eval,7d4a74a88d2cac93b513c0853bf92c260eaceea0,49365d527202f179b93e478f5b32107eb92aaa3f,20261009,PROVISIONAL_METADATA_ONLY_PENDING_HASH_AND_NEAR_DUPLICATE_AUDIT
RAISE_REAL,0380.parquet:71,0380.parquet,71,000001003.tiff,0,RAISE,LCM_lora_sdxl,LatDiff,CompEval,test,TIFF,4928x3264,RGB,False,,NOT_IN_SOURCE_METADATA,NOT_IN_SOURCE_METADATA,OwensLab/CommunityForensics-Eval,7d4a74a88d2cac93b513c0853bf92c260eaceea0,49365d527202f179b93e478f5b32107eb92aaa3f,20261009,PROVISIONAL_METADATA_ONLY_PENDING_HASH_AND_NEAR_DUPLICATE_AUDIT
RAISE_REAL,0397.parquet:123,0397.parquet,123,000006265.tiff,0,RAISE,LCM_lora_ssd1b,LatDiff,CompEval,test,TIFF,3264x4928,RGB,False,,NOT_IN_SOURCE_METADATA,NOT_IN_SOURCE_METADATA,OwensLab/CommunityForensics-Eval,7d4a74a88d2cac93b513c0853bf92c260eaceea0,49365d527202f179b93e478f5b32107eb92aaa3f,20261009,PROVISIONAL_METADATA_ONLY_PENDING_HASH_AND_NEAR_DUPLICATE_AUDIT
RAISE_REAL,0377.parquet:100,0377.parquet,100,000001592.tiff,0,RAISE,LCM_lora_sdxl,LatDiff,CompEval,test,TIFF,4928x3264,RGB,False,,NOT_IN_SOURCE_METADATA,NOT_IN_SOURCE_METADATA,OwensLab/CommunityForensics-Eval,7d4a74a88d2cac93b513c0853bf92c260eaceea0,49365d527202f179b93e478f5b32107eb92aaa3f,20261009,PROVISIONAL_METADATA_ONLY_PENDING_HASH_AND_NEAR_DUPLICATE_AUDIT
RAISE_REAL,0114.parquet:92,0114.parquet,92,000007851.tiff,0,RAISE,LCM_lora_sdv15,LatDiff,CompEval,test,TIFF,4928x3264,RGB,False,,NOT_IN_SOURCE_METADATA,NOT_IN_SOURCE_METADATA,OwensLab/CommunityForensics-Eval,7d4a74a88d2cac93b513c0853bf92c260eaceea0,49365d527202f179b93e478f5b32107eb92aaa3f,20261009,PROVISIONAL_METADATA_ONLY_PENDING_HASH_AND_NEAR_DUPLICATE_AUDIT
RAISE_REAL,0041.parquet:74,0041.parquet,74,000004776.tiff,0,RAISE,GALIP,GAN,CompEval,test,TIFF,4928x3264,RGB,False,,NOT_IN_SOURCE_METADATA,NOT_IN_SOURCE_METADATA,OwensLab/CommunityForensics-Eval,7d4a74a88d2cac93b513c0853bf92c260eaceea0,49365d527202f179b93e478f5b32107eb92aaa3f,20261009,PROVISIONAL_METADATA_ONLY_PENDING_HASH_AND_NEAR_DUPLICATE_AUDIT
RAISE_REAL,0402.parquet:68,0402.parquet,68,000001052.tiff,0,RAISE,LCM_lora_ssd1b,LatDiff,CompEval,test,TIFF,4928x3264,RGB,False,,NOT_IN_SOURCE_METADATA,NOT_IN_SOURCE_METADATA,OwensLab/CommunityForensics-Eval,7d4a74a88d2cac93b513c0853bf92c260eaceea0,49365d527202f179b93e478f5b32107eb92aaa3f,20261009,PROVISIONAL_METADATA_ONLY_PENDING_HASH_AND_NEAR_DUPLICATE_AUDIT
RAISE_REAL,0258.parquet:40,0258.parquet,40,000006229.tiff,0,RAISE,stable_cascade,Other,CompEval,test,TIFF,4928x3264,RGB,False,,NOT_IN_SOURCE_METADATA,NOT_IN_SOURCE_METADATA,OwensLab/CommunityForensics-Eval,7d4a74a88d2cac93b513c0853bf92c260eaceea0,49365d527202f179b93e478f5b32107eb92aaa3f,20261009,PROVISIONAL_METADATA_ONLY_PENDING_HASH_AND_NEAR_DUPLICATE_AUDIT
RAISE_REAL,0403.parquet:70,0403.parquet,70,000003938.tiff,0,RAISE,LCM_lora_ssd1b,LatDiff,CompEval,test,TIFF,4288x2848,RGB,False,,NOT_IN_SOURCE_METADATA,NOT_IN_SOURCE_METADATA,OwensLab/CommunityForensics-Eval,7d4a74a88d2cac93b513c0853bf92c260eaceea0,49365d527202f179b93e478f5b32107eb92aaa3f,20261009,PROVISIONAL_METADATA_ONLY_PENDING_HASH_AND_NEAR_DUPLICATE_AUDIT
RAISE_REAL,0164.parquet:53,0164.parquet,53,000000072.tiff,0,RAISE,kandinsky_2_2,LatDiff,CompEval,test,TIFF,3264x4928,RGB,False,,NOT_IN_SOURCE_METADATA,NOT_IN_SOURCE_METADATA,OwensLab/CommunityForensics-Eval,7d4a74a88d2cac93b513c0853bf92c260eaceea0,49365d527202f179b93e478f5b32107eb92aaa3f,20261009,PROVISIONAL_METADATA_ONLY_PENDING_HASH_AND_NEAR_DUPLICATE_AUDIT
RAISE_REAL,0320.parquet:8,0320.parquet,8,000001717.tiff,0,RAISE,DeciDiffusionV2,LatDiff,CompEval,test,TIFF,4928x3264,RGB,False,,NOT_IN_SOURCE_METADATA,NOT_IN_SOURCE_METADATA,OwensLab/CommunityForensics-Eval,7d4a74a88d2cac93b513c0853bf92c260eaceea0,49365d527202f179b93e478f5b32107eb92aaa3f,20261009,PROVISIONAL_METADATA_ONLY_PENDING_HASH_AND_NEAR_DUPLICATE_AUDIT
RAISE_REAL,0259.parquet:102,0259.parquet,102,000001802.tiff,0,RAISE,stable_cascade,Other,CompEval,test,TIFF,4928x3264,RGB,False,,NOT_IN_SOURCE_METADATA,NOT_IN_SOURCE_METADATA,OwensLab/CommunityForensics-Eval,7d4a74a88d2cac93b513c0853bf92c260eaceea0,49365d527202f179b93e478f5b32107eb92aaa3f,20261009,PROVISIONAL_METADATA_ONLY_PENDING_HASH_AND_NEAR_DUPLICATE_AUDIT
RAISE_REAL,0261.parquet:97,0261.parquet,97,000002799.tiff,0,RAISE,stable_cascade,Other,CompEval,test,TIFF,4288x2848,RGB,False,,NOT_IN_SOURCE_METADATA,NOT_IN_SOURCE_METADATA,OwensLab/CommunityForensics-Eval,7d4a74a88d2cac93b513c0853bf92c260eaceea0,49365d527202f179b93e478f5b32107eb92aaa3f,20261009,PROVISIONAL_METADATA_ONLY_PENDING_HASH_AND_NEAR_DUPLICATE_AUDIT
RAISE_REAL,0165.parquet:117,0165.parquet,117,000002167.tiff,0,RAISE,kandinsky_2_2,LatDiff,CompEval,test,TIFF,2848x4288,RGB,False,,NOT_IN_SOURCE_METADATA,NOT_IN_SOURCE_METADATA,OwensLab/CommunityForensics-Eval,7d4a74a88d2cac93b513c0853bf92c260eaceea0,49365d527202f179b93e478f5b32107eb92aaa3f,20261009,PROVISIONAL_METADATA_ONLY_PENDING_HASH_AND_NEAR_DUPLICATE_AUDIT
RAISE_REAL,0045.parquet:11,0045.parquet,11,000001996.tiff,0,RAISE,GALIP,GAN,CompEval,test,TIFF,4288x2848,RGB,False,,NOT_IN_SOURCE_METADATA,NOT_IN_SOURCE_METADATA,OwensLab/CommunityForensics-Eval,7d4a74a88d2cac93b513c0853bf92c260eaceea0,49365d527202f179b93e478f5b32107eb92aaa3f,20261009,PROVISIONAL_METADATA_ONLY_PENDING_HASH_AND_NEAR_DUPLICATE_AUDIT
RAISE_REAL,0159.parquet:123,0159.parquet,123,000005454.tiff,0,RAISE,kandinsky_2_2,LatDiff,CompEval,test,TIFF,4928x3264,RGB,False,,NOT_IN_SOURCE_METADATA,NOT_IN_SOURCE_METADATA,OwensLab/CommunityForensics-Eval,7d4a74a88d2cac93b513c0853bf92c260eaceea0,49365d527202f179b93e478f5b32107eb92aaa3f,20261009,PROVISIONAL_METADATA_ONLY_PENDING_HASH_AND_NEAR_DUPLICATE_AUDIT
RAISE_REAL,0324.parquet:95,0324.parquet,95,000007022.tiff,0,RAISE,DeciDiffusionV2,LatDiff,CompEval,test,TIFF,4928x3264,RGB,False,,NOT_IN_SOURCE_METADATA,NOT_IN_SOURCE_METADATA,OwensLab/CommunityForensics-Eval,7d4a74a88d2cac93b513c0853bf92c260eaceea0,49365d527202f179b93e478f5b32107eb92aaa3f,20261009,PROVISIONAL_METADATA_ONLY_PENDING_HASH_AND_NEAR_DUPLICATE_AUDIT
RAISE_REAL,0322.parquet:12,0322.parquet,12,000001143.tiff,0,RAISE,DeciDiffusionV2,LatDiff,CompEval,test,TIFF,4928x3264,RGB,False,,NOT_IN_SOURCE_METADATA,NOT_IN_SOURCE_METADATA,OwensLab/CommunityForensics-Eval,7d4a74a88d2cac93b513c0853bf92c260eaceea0,49365d527202f179b93e478f5b32107eb92aaa3f,20261009,PROVISIONAL_METADATA_ONLY_PENDING_HASH_AND_NEAR_DUPLICATE_AUDIT
RAISE_REAL,0397.parquet:21,0397.parquet,21,000006619.tiff,0,RAISE,LCM_lora_ssd1b,LatDiff,CompEval,test,TIFF,3264x4928,RGB,False,,NOT_IN_SOURCE_METADATA,NOT_IN_SOURCE_METADATA,OwensLab/CommunityForensics-Eval,7d4a74a88d2cac93b513c0853bf92c260eaceea0,49365d527202f179b93e478f5b32107eb92aaa3f,20261009,PROVISIONAL_METADATA_ONLY_PENDING_HASH_AND_NEAR_DUPLICATE_AUDIT
RAISE_REAL,0112.parquet:36,0112.parquet,36,000002793.tiff,0,RAISE,LCM_lora_sdv15,LatDiff,CompEval,test,TIFF,4288x2848,RGB,False,,NOT_IN_SOURCE_METADATA,NOT_IN_SOURCE_METADATA,OwensLab/CommunityForensics-Eval,7d4a74a88d2cac93b513c0853bf92c260eaceea0,49365d527202f179b93e478f5b32107eb92aaa3f,20261009,PROVISIONAL_METADATA_ONLY_PENDING_HASH_AND_NEAR_DUPLICATE_AUDIT
RAISE_REAL,0162.parquet:91,0162.parquet,91,000006933.tiff,0,RAISE,kandinsky_2_2,LatDiff,CompEval,test,TIFF,4928x3264,RGB,False,,NOT_IN_SOURCE_METADATA,NOT_IN_SOURCE_METADATA,OwensLab/CommunityForensics-Eval,7d4a74a88d2cac93b513c0853bf92c260eaceea0,49365d527202f179b93e478f5b32107eb92aaa3f,20261009,PROVISIONAL_METADATA_ONLY_PENDING_HASH_AND_NEAR_DUPLICATE_AUDIT
RAISE_REAL,0260.parquet:5,0260.parquet,5,000003057.tiff,0,RAISE,stable_cascade,Other,CompEval,test,TIFF,2848x4288,RGB,False,,NOT_IN_SOURCE_METADATA,NOT_IN_SOURCE_METADATA,OwensLab/CommunityForensics-Eval,7d4a74a88d2cac93b513c0853bf92c260eaceea0,49365d527202f179b93e478f5b32107eb92aaa3f,20261009,PROVISIONAL_METADATA_ONLY_PENDING_HASH_AND_NEAR_DUPLICATE_AUDIT
RAISE_REAL,0374.parquet:9,0374.parquet,9,000001309.tiff,0,RAISE,LCM_lora_sdxl,LatDiff,CompEval,test,TIFF,3264x4928,RGB,False,,NOT_IN_SOURCE_METADATA,NOT_IN_SOURCE_METADATA,OwensLab/CommunityForensics-Eval,7d4a74a88d2cac93b513c0853bf92c260eaceea0,49365d527202f179b93e478f5b32107eb92aaa3f,20261009,PROVISIONAL_METADATA_ONLY_PENDING_HASH_AND_NEAR_DUPLICATE_AUDIT
RAISE_REAL,0040.parquet:104,0040.parquet,104,000006151.tiff,0,RAISE,GALIP,GAN,CompEval,test,TIFF,4928x3264,RGB,False,,NOT_IN_SOURCE_METADATA,NOT_IN_SOURCE_METADATA,OwensLab/CommunityForensics-Eval,7d4a74a88d2cac93b513c0853bf92c260eaceea0,49365d527202f179b93e478f5b32107eb92aaa3f,20261009,PROVISIONAL_METADATA_ONLY_PENDING_HASH_AND_NEAR_DUPLICATE_AUDIT
RAISE_REAL,0040.parquet:4,0040.parquet,4,000003705.tiff,0,RAISE,GALIP,GAN,CompEval,test,TIFF,4288x2848,RGB,False,,NOT_IN_SOURCE_METADATA,NOT_IN_SOURCE_METADATA,OwensLab/CommunityForensics-Eval,7d4a74a88d2cac93b513c0853bf92c260eaceea0,49365d527202f179b93e478f5b32107eb92aaa3f,20261009,PROVISIONAL_METADATA_ONLY_PENDING_HASH_AND_NEAR_DUPLICATE_AUDIT
RAISE_REAL,0166.parquet:70,0166.parquet,70,000007699.tiff,0,RAISE,kandinsky_2_2,LatDiff,CompEval,test,TIFF,4928x3264,RGB,False,,NOT_IN_SOURCE_METADATA,NOT_IN_SOURCE_METADATA,OwensLab/CommunityForensics-Eval,7d4a74a88d2cac93b513c0853bf92c260eaceea0,49365d527202f179b93e478f5b32107eb92aaa3f,20261009,PROVISIONAL_METADATA_ONLY_PENDING_HASH_AND_NEAR_DUPLICATE_AUDIT
RAISE_REAL,0377.parquet:54,0377.parquet,54,000006446.tiff,0,RAISE,LCM_lora_sdxl,LatDiff,CompEval,test,TIFF,4928x3264,RGB,False,,NOT_IN_SOURCE_METADATA,NOT_IN_SOURCE_METADATA,OwensLab/CommunityForensics-Eval,7d4a74a88d2cac93b513c0853bf92c260eaceea0,49365d527202f179b93e478f5b32107eb92aaa3f,20261009,PROVISIONAL_METADATA_ONLY_PENDING_HASH_AND_NEAR_DUPLICATE_AUDIT
RAISE_REAL,0163.parquet:85,0163.parquet,85,000004225.tiff,0,RAISE,kandinsky_2_2,LatDiff,CompEval,test,TIFF,4928x3264,RGB,False,,NOT_IN_SOURCE_METADATA,NOT_IN_SOURCE_METADATA,OwensLab/CommunityForensics-Eval,7d4a74a88d2cac93b513c0853bf92c260eaceea0,49365d527202f179b93e478f5b32107eb92aaa3f,20261009,PROVISIONAL_METADATA_ONLY_PENDING_HASH_AND_NEAR_DUPLICATE_AUDIT
RAISE_REAL,0259.parquet:34,0259.parquet,34,000004045.tiff,0,RAISE,stable_cascade,Other,CompEval,test,TIFF,4928x3264,RGB,False,,NOT_IN_SOURCE_METADATA,NOT_IN_SOURCE_METADATA,OwensLab/CommunityForensics-Eval,7d4a74a88d2cac93b513c0853bf92c260eaceea0,49365d527202f179b93e478f5b32107eb92aaa3f,20261009,PROVISIONAL_METADATA_ONLY_PENDING_HASH_AND_NEAR_DUPLICATE_AUDIT
RAISE_REAL,0323.parquet:108,0323.parquet,108,000007210.tiff,0,RAISE,DeciDiffusionV2,LatDiff,CompEval,test,TIFF,4928x3264,RGB,False,,NOT_IN_SOURCE_METADATA,NOT_IN_SOURCE_METADATA,OwensLab/CommunityForensics-Eval,7d4a74a88d2cac93b513c0853bf92c260eaceea0,49365d527202f179b93e478f5b32107eb92aaa3f,20261009,PROVISIONAL_METADATA_ONLY_PENDING_HASH_AND_NEAR_DUPLICATE_AUDIT
RAISE_REAL,0063.parquet:75,0063.parquet,75,000000261.tiff,0,RAISE,LCM_lora_sdxl,LatDiff,CompEval,test,TIFF,4928x3264,RGB,False,,NOT_IN_SOURCE_METADATA,NOT_IN_SOURCE_METADATA,OwensLab/CommunityForensics-Eval,7d4a74a88d2cac93b513c0853bf92c260eaceea0,49365d527202f179b93e478f5b32107eb92aaa3f,20261009,PROVISIONAL_METADATA_ONLY_PENDING_HASH_AND_NEAR_DUPLICATE_AUDIT
RAISE_REAL,0114.parquet:103,0114.parquet,103,000005787.tiff,0,RAISE,LCM_lora_sdv15,LatDiff,CompEval,test,TIFF,4928x3264,RGB,False,,NOT_IN_SOURCE_METADATA,NOT_IN_SOURCE_METADATA,OwensLab/CommunityForensics-Eval,7d4a74a88d2cac93b513c0853bf92c260eaceea0,49365d527202f179b93e478f5b32107eb92aaa3f,20261009,PROVISIONAL_METADATA_ONLY_PENDING_HASH_AND_NEAR_DUPLICATE_AUDIT
RAISE_REAL,0399.parquet:65,0399.parquet,65,000001217.tiff,0,RAISE,LCM_lora_ssd1b,LatDiff,CompEval,test,TIFF,3264x4928,RGB,False,,NOT_IN_SOURCE_METADATA,NOT_IN_SOURCE_METADATA,OwensLab/CommunityForensics-Eval,7d4a74a88d2cac93b513c0853bf92c260eaceea0,49365d527202f179b93e478f5b32107eb92aaa3f,20261009,PROVISIONAL_METADATA_ONLY_PENDING_HASH_AND_NEAR_DUPLICATE_AUDIT
RAISE_REAL,0160.parquet:111,0160.parquet,111,000006013.tiff,0,RAISE,kandinsky_2_2,LatDiff,CompEval,test,TIFF,4928x3264,RGB,False,,NOT_IN_SOURCE_METADATA,NOT_IN_SOURCE_METADATA,OwensLab/CommunityForensics-Eval,7d4a74a88d2cac93b513c0853bf92c260eaceea0,49365d527202f179b93e478f5b32107eb92aaa3f,20261009,PROVISIONAL_METADATA_ONLY_PENDING_HASH_AND_NEAR_DUPLICATE_AUDIT
RAISE_REAL,0402.parquet:115,0402.parquet,115,000004585.tiff,0,RAISE,LCM_lora_ssd1b,LatDiff,CompEval,test,TIFF,4928x3264,RGB,False,,NOT_IN_SOURCE_METADATA,NOT_IN_SOURCE_METADATA,OwensLab/CommunityForensics-Eval,7d4a74a88d2cac93b513c0853bf92c260eaceea0,49365d527202f179b93e478f5b32107eb92aaa3f,20261009,PROVISIONAL_METADATA_ONLY_PENDING_HASH_AND_NEAR_DUPLICATE_AUDIT
RAISE_REAL,0375.parquet:41,0375.parquet,41,000001704.tiff,0,RAISE,LCM_lora_sdxl,LatDiff,CompEval,test,TIFF,4928x3264,RGB,False,,NOT_IN_SOURCE_METADATA,NOT_IN_SOURCE_METADATA,OwensLab/CommunityForensics-Eval,7d4a74a88d2cac93b513c0853bf92c260eaceea0,49365d527202f179b93e478f5b32107eb92aaa3f,20261009,PROVISIONAL_METADATA_ONLY_PENDING_HASH_AND_NEAR_DUPLICATE_AUDIT
RAISE_REAL,0316.parquet:6,0316.parquet,6,000003440.tiff,0,RAISE,DeciDiffusionV2,LatDiff,CompEval,test,TIFF,4288x2848,RGB,False,,NOT_IN_SOURCE_METADATA,NOT_IN_SOURCE_METADATA,OwensLab/CommunityForensics-Eval,7d4a74a88d2cac93b513c0853bf92c260eaceea0,49365d527202f179b93e478f5b32107eb92aaa3f,20261009,PROVISIONAL_METADATA_ONLY_PENDING_HASH_AND_NEAR_DUPLICATE_AUDIT
RAISE_REAL,0258.parquet:90,0258.parquet,90,000000872.tiff,0,RAISE,stable_cascade,Other,CompEval,test,TIFF,3264x4928,RGB,False,,NOT_IN_SOURCE_METADATA,NOT_IN_SOURCE_METADATA,OwensLab/CommunityForensics-Eval,7d4a74a88d2cac93b513c0853bf92c260eaceea0,49365d527202f179b93e478f5b32107eb92aaa3f,20261009,PROVISIONAL_METADATA_ONLY_PENDING_HASH_AND_NEAR_DUPLICATE_AUDIT
RAISE_REAL,0045.parquet:31,0045.parquet,31,000001721.tiff,0,RAISE,GALIP,GAN,CompEval,test,TIFF,4928x3264,RGB,False,,NOT_IN_SOURCE_METADATA,NOT_IN_SOURCE_METADATA,OwensLab/CommunityForensics-Eval,7d4a74a88d2cac93b513c0853bf92c260eaceea0,49365d527202f179b93e478f5b32107eb92aaa3f,20261009,PROVISIONAL_METADATA_ONLY_PENDING_HASH_AND_NEAR_DUPLICATE_AUDIT
RAISE_REAL,0088.parquet:98,0088.parquet,98,000001871.tiff,0,RAISE,kvikontent_midjourney_v6,LatDiff,CompEval,test,TIFF,4928x3264,RGB,False,,NOT_IN_SOURCE_METADATA,NOT_IN_SOURCE_METADATA,OwensLab/CommunityForensics-Eval,7d4a74a88d2cac93b513c0853bf92c260eaceea0,49365d527202f179b93e478f5b32107eb92aaa3f,20261009,PROVISIONAL_METADATA_ONLY_PENDING_HASH_AND_NEAR_DUPLICATE_AUDIT
RAISE_REAL,0321.parquet:9,0321.parquet,9,000004061.tiff,0,RAISE,DeciDiffusionV2,LatDiff,CompEval,test,TIFF,4928x3264,RGB,False,,NOT_IN_SOURCE_METADATA,NOT_IN_SOURCE_METADATA,OwensLab/CommunityForensics-Eval,7d4a74a88d2cac93b513c0853bf92c260eaceea0,49365d527202f179b93e478f5b32107eb92aaa3f,20261009,PROVISIONAL_METADATA_ONLY_PENDING_HASH_AND_NEAR_DUPLICATE_AUDIT
RAISE_REAL,0093.parquet:21,0093.parquet,21,000002571.tiff,0,RAISE,kvikontent_midjourney_v6,LatDiff,CompEval,test,TIFF,2848x4288,RGB,False,,NOT_IN_SOURCE_METADATA,NOT_IN_SOURCE_METADATA,OwensLab/CommunityForensics-Eval,7d4a74a88d2cac93b513c0853bf92c260eaceea0,49365d527202f179b93e478f5b32107eb92aaa3f,20261009,PROVISIONAL_METADATA_ONLY_PENDING_HASH_AND_NEAR_DUPLICATE_AUDIT
RAISE_REAL,0268.parquet:88,0268.parquet,88,000001249.tiff,0,RAISE,GALIP,GAN,CompEval,test,TIFF,4928x3264,RGB,False,,NOT_IN_SOURCE_METADATA,NOT_IN_SOURCE_METADATA,OwensLab/CommunityForensics-Eval,7d4a74a88d2cac93b513c0853bf92c260eaceea0,49365d527202f179b93e478f5b32107eb92aaa3f,20261009,PROVISIONAL_METADATA_ONLY_PENDING_HASH_AND_NEAR_DUPLICATE_AUDIT
RAISE_REAL,0219.parquet:59,0219.parquet,59,000004616.tiff,0,RAISE,kvikontent_midjourney_v6,LatDiff,CompEval,test,TIFF,4928x3264,RGB,False,,NOT_IN_SOURCE_METADATA,NOT_IN_SOURCE_METADATA,OwensLab/CommunityForensics-Eval,7d4a74a88d2cac93b513c0853bf92c260eaceea0,49365d527202f179b93e478f5b32107eb92aaa3f,20261009,PROVISIONAL_METADATA_ONLY_PENDING_HASH_AND_NEAR_DUPLICATE_AUDIT
RAISE_REAL,0117.parquet:45,0117.parquet,45,000007929.tiff,0,RAISE,LCM_lora_sdv15,LatDiff,CompEval,test,TIFF,4928x3264,RGB,False,,NOT_IN_SOURCE_METADATA,NOT_IN_SOURCE_METADATA,OwensLab/CommunityForensics-Eval,7d4a74a88d2cac93b513c0853bf92c260eaceea0,49365d527202f179b93e478f5b32107eb92aaa3f,20261009,PROVISIONAL_METADATA_ONLY_PENDING_HASH_AND_NEAR_DUPLICATE_AUDIT
RAISE_REAL,0403.parquet:17,0403.parquet,17,000007608.tiff,0,RAISE,LCM_lora_ssd1b,LatDiff,CompEval,test,TIFF,4928x3264,RGB,False,,NOT_IN_SOURCE_METADATA,NOT_IN_SOURCE_METADATA,OwensLab/CommunityForensics-Eval,7d4a74a88d2cac93b513c0853bf92c260eaceea0,49365d527202f179b93e478f5b32107eb92aaa3f,20261009,PROVISIONAL_METADATA_ONLY_PENDING_HASH_AND_NEAR_DUPLICATE_AUDIT
RAISE_REAL,0166.parquet:21,0166.parquet,21,000007572.tiff,0,RAISE,kandinsky_2_2,LatDiff,CompEval,test,TIFF,4928x3264,RGB,False,,NOT_IN_SOURCE_METADATA,NOT_IN_SOURCE_METADATA,OwensLab/CommunityForensics-Eval,7d4a74a88d2cac93b513c0853bf92c260eaceea0,49365d527202f179b93e478f5b32107eb92aaa3f,20261009,PROVISIONAL_METADATA_ONLY_PENDING_HASH_AND_NEAR_DUPLICATE_AUDIT
RAISE_REAL,0042.parquet:22,0042.parquet,22,000000937.tiff,0,RAISE,GALIP,GAN,CompEval,test,TIFF,4928x3264,RGB,False,,NOT_IN_SOURCE_METADATA,NOT_IN_SOURCE_METADATA,OwensLab/CommunityForensics-Eval,7d4a74a88d2cac93b513c0853bf92c260eaceea0,49365d527202f179b93e478f5b32107eb92aaa3f,20261009,PROVISIONAL_METADATA_ONLY_PENDING_HASH_AND_NEAR_DUPLICATE_AUDIT
RAISE_REAL,0044.parquet:73,0044.parquet,73,000007039.tiff,0,RAISE,GALIP,GAN,CompEval,test,TIFF,4928x3264,RGB,False,,NOT_IN_SOURCE_METADATA,NOT_IN_SOURCE_METADATA,OwensLab/CommunityForensics-Eval,7d4a74a88d2cac93b513c0853bf92c260eaceea0,49365d527202f179b93e478f5b32107eb92aaa3f,20261009,PROVISIONAL_METADATA_ONLY_PENDING_HASH_AND_NEAR_DUPLICATE_AUDIT
RAISE_REAL,0374.parquet:54,0374.parquet,54,000004940.tiff,0,RAISE,LCM_lora_sdxl,LatDiff,CompEval,test,TIFF,3264x4928,RGB,False,,NOT_IN_SOURCE_METADATA,NOT_IN_SOURCE_METADATA,OwensLab/CommunityForensics-Eval,7d4a74a88d2cac93b513c0853bf92c260eaceea0,49365d527202f179b93e478f5b32107eb92aaa3f,20261009,PROVISIONAL_METADATA_ONLY_PENDING_HASH_AND_NEAR_DUPLICATE_AUDIT
RAISE_REAL,0166.parquet:113,0166.parquet,113,000007271.tiff,0,RAISE,kandinsky_2_2,LatDiff,CompEval,test,TIFF,4928x3264,RGB,False,,NOT_IN_SOURCE_METADATA,NOT_IN_SOURCE_METADATA,OwensLab/CommunityForensics-Eval,7d4a74a88d2cac93b513c0853bf92c260eaceea0,49365d527202f179b93e478f5b32107eb92aaa3f,20261009,PROVISIONAL_METADATA_ONLY_PENDING_HASH_AND_NEAR_DUPLICATE_AUDIT
RAISE_REAL,0400.parquet:22,0400.parquet,22,000006243.tiff,0,RAISE,LCM_lora_ssd1b,LatDiff,CompEval,test,TIFF,4928x3264,RGB,False,,NOT_IN_SOURCE_METADATA,NOT_IN_SOURCE_METADATA,OwensLab/CommunityForensics-Eval,7d4a74a88d2cac93b513c0853bf92c260eaceea0,49365d527202f179b93e478f5b32107eb92aaa3f,20261009,PROVISIONAL_METADATA_ONLY_PENDING_HASH_AND_NEAR_DUPLICATE_AUDIT
RAISE_REAL,0404.parquet:21,0404.parquet,21,000000858.tiff,0,RAISE,LCM_lora_ssd1b,LatDiff,CompEval,test,TIFF,4928x3264,RGB,False,,NOT_IN_SOURCE_METADATA,NOT_IN_SOURCE_METADATA,OwensLab/CommunityForensics-Eval,7d4a74a88d2cac93b513c0853bf92c260eaceea0,49365d527202f179b93e478f5b32107eb92aaa3f,20261009,PROVISIONAL_METADATA_ONLY_PENDING_HASH_AND_NEAR_DUPLICATE_AUDIT
RAISE_REAL,0364.parquet:47,0364.parquet,47,000001954.tiff,0,RAISE,LCM_lora_sdv15,LatDiff,CompEval,test,TIFF,4288x2848,RGB,False,,NOT_IN_SOURCE_METADATA,NOT_IN_SOURCE_METADATA,OwensLab/CommunityForensics-Eval,7d4a74a88d2cac93b513c0853bf92c260eaceea0,49365d527202f179b93e478f5b32107eb92aaa3f,20261009,PROVISIONAL_METADATA_ONLY_PENDING_HASH_AND_NEAR_DUPLICATE_AUDIT
RAISE_REAL,0161.parquet:32,0161.parquet,32,000000138.tiff,0,RAISE,kandinsky_2_2,LatDiff,CompEval,test,TIFF,2000x3008,RGB,False,,NOT_IN_SOURCE_METADATA,NOT_IN_SOURCE_METADATA,OwensLab/CommunityForensics-Eval,7d4a74a88d2cac93b513c0853bf92c260eaceea0,49365d527202f179b93e478f5b32107eb92aaa3f,20261009,PROVISIONAL_METADATA_ONLY_PENDING_HASH_AND_NEAR_DUPLICATE_AUDIT
RAISE_REAL,0161.parquet:17,0161.parquet,17,000000628.tiff,0,RAISE,kandinsky_2_2,LatDiff,CompEval,test,TIFF,4928x3264,RGB,False,,NOT_IN_SOURCE_METADATA,NOT_IN_SOURCE_METADATA,OwensLab/CommunityForensics-Eval,7d4a74a88d2cac93b513c0853bf92c260eaceea0,49365d527202f179b93e478f5b32107eb92aaa3f,20261009,PROVISIONAL_METADATA_ONLY_PENDING_HASH_AND_NEAR_DUPLICATE_AUDIT
RAISE_REAL,0117.parquet:21,0117.parquet,21,000000123.tiff,0,RAISE,LCM_lora_sdv15,LatDiff,CompEval,test,TIFF,2000x3008,RGB,False,,NOT_IN_SOURCE_METADATA,NOT_IN_SOURCE_METADATA,OwensLab/CommunityForensics-Eval,7d4a74a88d2cac93b513c0853bf92c260eaceea0,49365d527202f179b93e478f5b32107eb92aaa3f,20261009,PROVISIONAL_METADATA_ONLY_PENDING_HASH_AND_NEAR_DUPLICATE_AUDIT
RAISE_REAL,0397.parquet:114,0397.parquet,114,000003007.tiff,0,RAISE,LCM_lora_ssd1b,LatDiff,CompEval,test,TIFF,2848x4288,RGB,False,,NOT_IN_SOURCE_METADATA,NOT_IN_SOURCE_METADATA,OwensLab/CommunityForensics-Eval,7d4a74a88d2cac93b513c0853bf92c260eaceea0,49365d527202f179b93e478f5b32107eb92aaa3f,20261009,PROVISIONAL_METADATA_ONLY_PENDING_HASH_AND_NEAR_DUPLICATE_AUDIT
RAISE_REAL,0165.parquet:23,0165.parquet,23,000004406.tiff,0,RAISE,kandinsky_2_2,LatDiff,CompEval,test,TIFF,4928x3264,RGB,False,,NOT_IN_SOURCE_METADATA,NOT_IN_SOURCE_METADATA,OwensLab/CommunityForensics-Eval,7d4a74a88d2cac93b513c0853bf92c260eaceea0,49365d527202f179b93e478f5b32107eb92aaa3f,20261009,PROVISIONAL_METADATA_ONLY_PENDING_HASH_AND_NEAR_DUPLICATE_AUDIT
RAISE_REAL,0115.parquet:45,0115.parquet,45,000003000.tiff,0,RAISE,LCM_lora_sdv15,LatDiff,CompEval,test,TIFF,2848x4288,RGB,False,,NOT_IN_SOURCE_METADATA,NOT_IN_SOURCE_METADATA,OwensLab/CommunityForensics-Eval,7d4a74a88d2cac93b513c0853bf92c260eaceea0,49365d527202f179b93e478f5b32107eb92aaa3f,20261009,PROVISIONAL_METADATA_ONLY_PENDING_HASH_AND_NEAR_DUPLICATE_AUDIT
RAISE_REAL,0116.parquet:125,0116.parquet,125,000002776.tiff,0,RAISE,LCM_lora_sdv15,LatDiff,CompEval,test,TIFF,4288x2848,RGB,False,,NOT_IN_SOURCE_METADATA,NOT_IN_SOURCE_METADATA,OwensLab/CommunityForensics-Eval,7d4a74a88d2cac93b513c0853bf92c260eaceea0,49365d527202f179b93e478f5b32107eb92aaa3f,20261009,PROVISIONAL_METADATA_ONLY_PENDING_HASH_AND_NEAR_DUPLICATE_AUDIT
RAISE_REAL,0162.parquet:82,0162.parquet,82,000004570.tiff,0,RAISE,kandinsky_2_2,LatDiff,CompEval,test,TIFF,3264x4928,RGB,False,,NOT_IN_SOURCE_METADATA,NOT_IN_SOURCE_METADATA,OwensLab/CommunityForensics-Eval,7d4a74a88d2cac93b513c0853bf92c260eaceea0,49365d527202f179b93e478f5b32107eb92aaa3f,20261009,PROVISIONAL_METADATA_ONLY_PENDING_HASH_AND_NEAR_DUPLICATE_AUDIT
RAISE_REAL,0198.parquet:108,0198.parquet,108,000006381.tiff,0,RAISE,LCM_lora_ssd1b,LatDiff,CompEval,test,TIFF,4928x3264,RGB,False,,NOT_IN_SOURCE_METADATA,NOT_IN_SOURCE_METADATA,OwensLab/CommunityForensics-Eval,7d4a74a88d2cac93b513c0853bf92c260eaceea0,49365d527202f179b93e478f5b32107eb92aaa3f,20261009,PROVISIONAL_METADATA_ONLY_PENDING_HASH_AND_NEAR_DUPLICATE_AUDIT
RAISE_REAL,0323.parquet:34,0323.parquet,34,000001061.tiff,0,RAISE,DeciDiffusionV2,LatDiff,CompEval,test,TIFF,4928x3264,RGB,False,,NOT_IN_SOURCE_METADATA,NOT_IN_SOURCE_METADATA,OwensLab/CommunityForensics-Eval,7d4a74a88d2cac93b513c0853bf92c260eaceea0,49365d527202f179b93e478f5b32107eb92aaa3f,20261009,PROVISIONAL_METADATA_ONLY_PENDING_HASH_AND_NEAR_DUPLICATE_AUDIT
RAISE_REAL,0259.parquet:88,0259.parquet,88,000005450.tiff,0,RAISE,stable_cascade,Other,CompEval,test,TIFF,4928x3264,RGB,False,,NOT_IN_SOURCE_METADATA,NOT_IN_SOURCE_METADATA,OwensLab/CommunityForensics-Eval,7d4a74a88d2cac93b513c0853bf92c260eaceea0,49365d527202f179b93e478f5b32107eb92aaa3f,20261009,PROVISIONAL_METADATA_ONLY_PENDING_HASH_AND_NEAR_DUPLICATE_AUDIT
RAISE_REAL,0116.parquet:78,0116.parquet,78,000000844.tiff,0,RAISE,LCM_lora_sdv15,LatDiff,CompEval,test,TIFF,4928x3264,RGB,False,,NOT_IN_SOURCE_METADATA,NOT_IN_SOURCE_METADATA,OwensLab/CommunityForensics-Eval,7d4a74a88d2cac93b513c0853bf92c260eaceea0,49365d527202f179b93e478f5b32107eb92aaa3f,20261009,PROVISIONAL_METADATA_ONLY_PENDING_HASH_AND_NEAR_DUPLICATE_AUDIT
RAISE_REAL,0256.parquet:59,0256.parquet,59,000000165.tiff,0,RAISE,stable_cascade,Other,CompEval,test,TIFF,3008x2000,RGB,False,,NOT_IN_SOURCE_METADATA,NOT_IN_SOURCE_METADATA,OwensLab/CommunityForensics-Eval,7d4a74a88d2cac93b513c0853bf92c260eaceea0,49365d527202f179b93e478f5b32107eb92aaa3f,20261009,PROVISIONAL_METADATA_ONLY_PENDING_HASH_AND_NEAR_DUPLICATE_AUDIT
RAISE_REAL,0219.parquet:114,0219.parquet,114,000007071.tiff,0,RAISE,kvikontent_midjourney_v6,LatDiff,CompEval,test,TIFF,4928x3264,RGB,False,,NOT_IN_SOURCE_METADATA,NOT_IN_SOURCE_METADATA,OwensLab/CommunityForensics-Eval,7d4a74a88d2cac93b513c0853bf92c260eaceea0,49365d527202f179b93e478f5b32107eb92aaa3f,20261009,PROVISIONAL_METADATA_ONLY_PENDING_HASH_AND_NEAR_DUPLICATE_AUDIT
RAISE_REAL,0325.parquet:25,0325.parquet,25,000006556.tiff,0,RAISE,DeciDiffusionV2,LatDiff,CompEval,test,TIFF,4928x3264,RGB,False,,NOT_IN_SOURCE_METADATA,NOT_IN_SOURCE_METADATA,OwensLab/CommunityForensics-Eval,7d4a74a88d2cac93b513c0853bf92c260eaceea0,49365d527202f179b93e478f5b32107eb92aaa3f,20261009,PROVISIONAL_METADATA_ONLY_PENDING_HASH_AND_NEAR_DUPLICATE_AUDIT
RAISE_REAL,0089.parquet:11,0089.parquet,11,000002679.tiff,0,RAISE,kvikontent_midjourney_v6,LatDiff,CompEval,test,TIFF,4288x2848,RGB,False,,NOT_IN_SOURCE_METADATA,NOT_IN_SOURCE_METADATA,OwensLab/CommunityForensics-Eval,7d4a74a88d2cac93b513c0853bf92c260eaceea0,49365d527202f179b93e478f5b32107eb92aaa3f,20261009,PROVISIONAL_METADATA_ONLY_PENDING_HASH_AND_NEAR_DUPLICATE_AUDIT
RAISE_REAL,0089.parquet:101,0089.parquet,101,000003537.tiff,0,RAISE,kvikontent_midjourney_v6,LatDiff,CompEval,test,TIFF,4288x2848,RGB,False,,NOT_IN_SOURCE_METADATA,NOT_IN_SOURCE_METADATA,OwensLab/CommunityForensics-Eval,7d4a74a88d2cac93b513c0853bf92c260eaceea0,49365d527202f179b93e478f5b32107eb92aaa3f,20261009,PROVISIONAL_METADATA_ONLY_PENDING_HASH_AND_NEAR_DUPLICATE_AUDIT
RAISE_REAL,0042.parquet:84,0042.parquet,84,000001929.tiff,0,RAISE,GALIP,GAN,CompEval,test,TIFF,4288x2848,RGB,False,,NOT_IN_SOURCE_METADATA,NOT_IN_SOURCE_METADATA,OwensLab/CommunityForensics-Eval,7d4a74a88d2cac93b513c0853bf92c260eaceea0,49365d527202f179b93e478f5b32107eb92aaa3f,20261009,PROVISIONAL_METADATA_ONLY_PENDING_HASH_AND_NEAR_DUPLICATE_AUDIT
RAISE_REAL,0364.parquet:63,0364.parquet,63,000000550.tiff,0,RAISE,LCM_lora_sdv15,LatDiff,CompEval,test,TIFF,2848x4288,RGB,False,,NOT_IN_SOURCE_METADATA,NOT_IN_SOURCE_METADATA,OwensLab/CommunityForensics-Eval,7d4a74a88d2cac93b513c0853bf92c260eaceea0,49365d527202f179b93e478f5b32107eb92aaa3f,20261009,PROVISIONAL_METADATA_ONLY_PENDING_HASH_AND_NEAR_DUPLICATE_AUDIT
RAISE_REAL,0165.parquet:56,0165.parquet,56,000004970.tiff,0,RAISE,kandinsky_2_2,LatDiff,CompEval,test,TIFF,4928x3264,RGB,False,,NOT_IN_SOURCE_METADATA,NOT_IN_SOURCE_METADATA,OwensLab/CommunityForensics-Eval,7d4a74a88d2cac93b513c0853bf92c260eaceea0,49365d527202f179b93e478f5b32107eb92aaa3f,20261009,PROVISIONAL_METADATA_ONLY_PENDING_HASH_AND_NEAR_DUPLICATE_AUDIT
RAISE_REAL,0262.parquet:21,0262.parquet,21,000003058.tiff,0,RAISE,stable_cascade,Other,CompEval,test,TIFF,4288x2848,RGB,False,,NOT_IN_SOURCE_METADATA,NOT_IN_SOURCE_METADATA,OwensLab/CommunityForensics-Eval,7d4a74a88d2cac93b513c0853bf92c260eaceea0,49365d527202f179b93e478f5b32107eb92aaa3f,20261009,PROVISIONAL_METADATA_ONLY_PENDING_HASH_AND_NEAR_DUPLICATE_AUDIT
RAISE_REAL,0256.parquet:51,0256.parquet,51,000004251.tiff,0,RAISE,stable_cascade,Other,CompEval,test,TIFF,4928x3264,RGB,False,,NOT_IN_SOURCE_METADATA,NOT_IN_SOURCE_METADATA,OwensLab/CommunityForensics-Eval,7d4a74a88d2cac93b513c0853bf92c260eaceea0,49365d527202f179b93e478f5b32107eb92aaa3f,20261009,PROVISIONAL_METADATA_ONLY_PENDING_HASH_AND_NEAR_DUPLICATE_AUDIT
RAISE_REAL,0112.parquet:33,0112.parquet,33,000007818.tiff,0,RAISE,LCM_lora_sdv15,LatDiff,CompEval,test,TIFF,4928x3264,RGB,False,,NOT_IN_SOURCE_METADATA,NOT_IN_SOURCE_METADATA,OwensLab/CommunityForensics-Eval,7d4a74a88d2cac93b513c0853bf92c260eaceea0,49365d527202f179b93e478f5b32107eb92aaa3f,20261009,PROVISIONAL_METADATA_ONLY_PENDING_HASH_AND_NEAR_DUPLICATE_AUDIT
RAISE_REAL,0397.parquet:7,0397.parquet,7,000003033.tiff,0,RAISE,LCM_lora_ssd1b,LatDiff,CompEval,test,TIFF,4288x2848,RGB,False,,NOT_IN_SOURCE_METADATA,NOT_IN_SOURCE_METADATA,OwensLab/CommunityForensics-Eval,7d4a74a88d2cac93b513c0853bf92c260eaceea0,49365d527202f179b93e478f5b32107eb92aaa3f,20261009,PROVISIONAL_METADATA_ONLY_PENDING_HASH_AND_NEAR_DUPLICATE_AUDIT
RAISE_REAL,0359.parquet:65,0359.parquet,65,000006321.tiff,0,RAISE,LCM_lora_sdv15,LatDiff,CompEval,test,TIFF,4928x3264,RGB,False,,NOT_IN_SOURCE_METADATA,NOT_IN_SOURCE_METADATA,OwensLab/CommunityForensics-Eval,7d4a74a88d2cac93b513c0853bf92c260eaceea0,49365d527202f179b93e478f5b32107eb92aaa3f,20261009,PROVISIONAL_METADATA_ONLY_PENDING_HASH_AND_NEAR_DUPLICATE_AUDIT
RAISE_REAL,0163.parquet:15,0163.parquet,15,000002546.tiff,0,RAISE,kandinsky_2_2,LatDiff,CompEval,test,TIFF,4288x2848,RGB,False,,NOT_IN_SOURCE_METADATA,NOT_IN_SOURCE_METADATA,OwensLab/CommunityForensics-Eval,7d4a74a88d2cac93b513c0853bf92c260eaceea0,49365d527202f179b93e478f5b32107eb92aaa3f,20261009,PROVISIONAL_METADATA_ONLY_PENDING_HASH_AND_NEAR_DUPLICATE_AUDIT
RAISE_REAL,0323.parquet:96,0323.parquet,96,000003750.tiff,0,RAISE,DeciDiffusionV2,LatDiff,CompEval,test,TIFF,4288x2848,RGB,False,,NOT_IN_SOURCE_METADATA,NOT_IN_SOURCE_METADATA,OwensLab/CommunityForensics-Eval,7d4a74a88d2cac93b513c0853bf92c260eaceea0,49365d527202f179b93e478f5b32107eb92aaa3f,20261009,PROVISIONAL_METADATA_ONLY_PENDING_HASH_AND_NEAR_DUPLICATE_AUDIT
RAISE_REAL,0257.parquet:106,0257.parquet,106,000003868.tiff,0,RAISE,stable_cascade,Other,CompEval,test,TIFF,4288x2848,RGB,False,,NOT_IN_SOURCE_METADATA,NOT_IN_SOURCE_METADATA,OwensLab/CommunityForensics-Eval,7d4a74a88d2cac93b513c0853bf92c260eaceea0,49365d527202f179b93e478f5b32107eb92aaa3f,20261009,PROVISIONAL_METADATA_ONLY_PENDING_HASH_AND_NEAR_DUPLICATE_AUDIT
RAISE_REAL,0322.parquet:120,0322.parquet,120,000001631.tiff,0,RAISE,DeciDiffusionV2,LatDiff,CompEval,test,TIFF,4928x3264,RGB,False,,NOT_IN_SOURCE_METADATA,NOT_IN_SOURCE_METADATA,OwensLab/CommunityForensics-Eval,7d4a74a88d2cac93b513c0853bf92c260eaceea0,49365d527202f179b93e478f5b32107eb92aaa3f,20261009,PROVISIONAL_METADATA_ONLY_PENDING_HASH_AND_NEAR_DUPLICATE_AUDIT
RAISE_REAL,0043.parquet:86,0043.parquet,86,000002275.tiff,0,RAISE,GALIP,GAN,CompEval,test,TIFF,4288x2848,RGB,False,,NOT_IN_SOURCE_METADATA,NOT_IN_SOURCE_METADATA,OwensLab/CommunityForensics-Eval,7d4a74a88d2cac93b513c0853bf92c260eaceea0,49365d527202f179b93e478f5b32107eb92aaa3f,20261009,PROVISIONAL_METADATA_ONLY_PENDING_HASH_AND_NEAR_DUPLICATE_AUDIT
RAISE_REAL,0093.parquet:118,0093.parquet,118,000007740.tiff,0,RAISE,kvikontent_midjourney_v6,LatDiff,CompEval,test,TIFF,4928x3264,RGB,False,,NOT_IN_SOURCE_METADATA,NOT_IN_SOURCE_METADATA,OwensLab/CommunityForensics-Eval,7d4a74a88d2cac93b513c0853bf92c260eaceea0,49365d527202f179b93e478f5b32107eb92aaa3f,20261009,PROVISIONAL_METADATA_ONLY_PENDING_HASH_AND_NEAR_DUPLICATE_AUDIT
RAISE_REAL,0402.parquet:92,0402.parquet,92,000008105.tiff,0,RAISE,LCM_lora_ssd1b,LatDiff,CompEval,test,TIFF,4928x3264,RGB,False,,NOT_IN_SOURCE_METADATA,NOT_IN_SOURCE_METADATA,OwensLab/CommunityForensics-Eval,7d4a74a88d2cac93b513c0853bf92c260eaceea0,49365d527202f179b93e478f5b32107eb92aaa3f,20261009,PROVISIONAL_METADATA_ONLY_PENDING_HASH_AND_NEAR_DUPLICATE_AUDIT
RAISE_REAL,0403.parquet:8,0403.parquet,8,000008111.tiff,0,RAISE,LCM_lora_ssd1b,LatDiff,CompEval,test,TIFF,4928x3264,RGB,False,,NOT_IN_SOURCE_METADATA,NOT_IN_SOURCE_METADATA,OwensLab/CommunityForensics-Eval,7d4a74a88d2cac93b513c0853bf92c260eaceea0,49365d527202f179b93e478f5b32107eb92aaa3f,20261009,PROVISIONAL_METADATA_ONLY_PENDING_HASH_AND_NEAR_DUPLICATE_AUDIT
RAISE_REAL,0321.parquet:106,0321.parquet,106,000000906.tiff,0,RAISE,DeciDiffusionV2,LatDiff,CompEval,test,TIFF,3264x4928,RGB,False,,NOT_IN_SOURCE_METADATA,NOT_IN_SOURCE_METADATA,OwensLab/CommunityForensics-Eval,7d4a74a88d2cac93b513c0853bf92c260eaceea0,49365d527202f179b93e478f5b32107eb92aaa3f,20261009,PROVISIONAL_METADATA_ONLY_PENDING_HASH_AND_NEAR_DUPLICATE_AUDIT
RAISE_REAL,0398.parquet:31,0398.parquet,31,000005398.tiff,0,RAISE,LCM_lora_ssd1b,LatDiff,CompEval,test,TIFF,4928x3264,RGB,False,,NOT_IN_SOURCE_METADATA,NOT_IN_SOURCE_METADATA,OwensLab/CommunityForensics-Eval,7d4a74a88d2cac93b513c0853bf92c260eaceea0,49365d527202f179b93e478f5b32107eb92aaa3f,20261009,PROVISIONAL_METADATA_ONLY_PENDING_HASH_AND_NEAR_DUPLICATE_AUDIT
RAISE_REAL,0379.parquet:39,0379.parquet,39,000001485.tiff,0,RAISE,LCM_lora_sdxl,LatDiff,CompEval,test,TIFF,4928x3264,RGB,False,,NOT_IN_SOURCE_METADATA,NOT_IN_SOURCE_METADATA,OwensLab/CommunityForensics-Eval,7d4a74a88d2cac93b513c0853bf92c260eaceea0,49365d527202f179b93e478f5b32107eb92aaa3f,20261009,PROVISIONAL_METADATA_ONLY_PENDING_HASH_AND_NEAR_DUPLICATE_AUDIT
RAISE_REAL,0268.parquet:119,0268.parquet,119,000004618.tiff,0,RAISE,GALIP,GAN,CompEval,test,TIFF,4928x3264,RGB,False,,NOT_IN_SOURCE_METADATA,NOT_IN_SOURCE_METADATA,OwensLab/CommunityForensics-Eval,7d4a74a88d2cac93b513c0853bf92c260eaceea0,49365d527202f179b93e478f5b32107eb92aaa3f,20261009,PROVISIONAL_METADATA_ONLY_PENDING_HASH_AND_NEAR_DUPLICATE_AUDIT
RAISE_REAL,0374.parquet:79,0374.parquet,79,000001263.tiff,0,RAISE,LCM_lora_sdxl,LatDiff,CompEval,test,TIFF,4928x3264,RGB,False,,NOT_IN_SOURCE_METADATA,NOT_IN_SOURCE_METADATA,OwensLab/CommunityForensics-Eval,7d4a74a88d2cac93b513c0853bf92c260eaceea0,49365d527202f179b93e478f5b32107eb92aaa3f,20261009,PROVISIONAL_METADATA_ONLY_PENDING_HASH_AND_NEAR_DUPLICATE_AUDIT
RAISE_REAL,0093.parquet:120,0093.parquet,120,000001237.tiff,0,RAISE,kvikontent_midjourney_v6,LatDiff,CompEval,test,TIFF,4928x3264,RGB,False,,NOT_IN_SOURCE_METADATA,NOT_IN_SOURCE_METADATA,OwensLab/CommunityForensics-Eval,7d4a74a88d2cac93b513c0853bf92c260eaceea0,49365d527202f179b93e478f5b32107eb92aaa3f,20261009,PROVISIONAL_METADATA_ONLY_PENDING_HASH_AND_NEAR_DUPLICATE_AUDIT
RAISE_REAL,0165.parquet:108,0165.parquet,108,000006916.tiff,0,RAISE,kandinsky_2_2,LatDiff,CompEval,test,TIFF,4928x3264,RGB,False,,NOT_IN_SOURCE_METADATA,NOT_IN_SOURCE_METADATA,OwensLab/CommunityForensics-Eval,7d4a74a88d2cac93b513c0853bf92c260eaceea0,49365d527202f179b93e478f5b32107eb92aaa3f,20261009,PROVISIONAL_METADATA_ONLY_PENDING_HASH_AND_NEAR_DUPLICATE_AUDIT
RAISE_REAL,0310.parquet:79,0310.parquet,79,000001022.tiff,0,RAISE,DeciDiffusionV2,LatDiff,CompEval,test,TIFF,4928x3264,RGB,False,,NOT_IN_SOURCE_METADATA,NOT_IN_SOURCE_METADATA,OwensLab/CommunityForensics-Eval,7d4a74a88d2cac93b513c0853bf92c260eaceea0,49365d527202f179b93e478f5b32107eb92aaa3f,20261009,PROVISIONAL_METADATA_ONLY_PENDING_HASH_AND_NEAR_DUPLICATE_AUDIT
RAISE_REAL,0222.parquet:44,0222.parquet,44,000001207.tiff,0,RAISE,kvikontent_midjourney_v6,LatDiff,CompEval,test,TIFF,4928x3264,RGB,False,,NOT_IN_SOURCE_METADATA,NOT_IN_SOURCE_METADATA,OwensLab/CommunityForensics-Eval,7d4a74a88d2cac93b513c0853bf92c260eaceea0,49365d527202f179b93e478f5b32107eb92aaa3f,20261009,PROVISIONAL_METADATA_ONLY_PENDING_HASH_AND_NEAR_DUPLICATE_AUDIT
RAISE_REAL,0268.parquet:93,0268.parquet,93,000002137.tiff,0,RAISE,GALIP,GAN,CompEval,test,TIFF,2848x4288,RGB,False,,NOT_IN_SOURCE_METADATA,NOT_IN_SOURCE_METADATA,OwensLab/CommunityForensics-Eval,7d4a74a88d2cac93b513c0853bf92c260eaceea0,49365d527202f179b93e478f5b32107eb92aaa3f,20261009,PROVISIONAL_METADATA_ONLY_PENDING_HASH_AND_NEAR_DUPLICATE_AUDIT
RAISE_REAL,0377.parquet:32,0377.parquet,32,000000099.tiff,0,RAISE,LCM_lora_sdxl,LatDiff,CompEval,test,TIFF,4928x3264,RGB,False,,NOT_IN_SOURCE_METADATA,NOT_IN_SOURCE_METADATA,OwensLab/CommunityForensics-Eval,7d4a74a88d2cac93b513c0853bf92c260eaceea0,49365d527202f179b93e478f5b32107eb92aaa3f,20261009,PROVISIONAL_METADATA_ONLY_PENDING_HASH_AND_NEAR_DUPLICATE_AUDIT
RAISE_REAL,0400.parquet:71,0400.parquet,71,000000363.tiff,0,RAISE,LCM_lora_ssd1b,LatDiff,CompEval,test,TIFF,4928x3264,RGB,False,,NOT_IN_SOURCE_METADATA,NOT_IN_SOURCE_METADATA,OwensLab/CommunityForensics-Eval,7d4a74a88d2cac93b513c0853bf92c260eaceea0,49365d527202f179b93e478f5b32107eb92aaa3f,20261009,PROVISIONAL_METADATA_ONLY_PENDING_HASH_AND_NEAR_DUPLICATE_AUDIT
RAISE_REAL,0222.parquet:51,0222.parquet,51,000005160.tiff,0,RAISE,kvikontent_midjourney_v6,LatDiff,CompEval,test,TIFF,4928x3264,RGB,False,,NOT_IN_SOURCE_METADATA,NOT_IN_SOURCE_METADATA,OwensLab/CommunityForensics-Eval,7d4a74a88d2cac93b513c0853bf92c260eaceea0,49365d527202f179b93e478f5b32107eb92aaa3f,20261009,PROVISIONAL_METADATA_ONLY_PENDING_HASH_AND_NEAR_DUPLICATE_AUDIT
RAISE_REAL,0113.parquet:60,0113.parquet,60,000004151.tiff,0,RAISE,LCM_lora_sdv15,LatDiff,CompEval,test,TIFF,4928x3264,RGB,False,,NOT_IN_SOURCE_METADATA,NOT_IN_SOURCE_METADATA,OwensLab/CommunityForensics-Eval,7d4a74a88d2cac93b513c0853bf92c260eaceea0,49365d527202f179b93e478f5b32107eb92aaa3f,20261009,PROVISIONAL_METADATA_ONLY_PENDING_HASH_AND_NEAR_DUPLICATE_AUDIT
RAISE_REAL,0257.parquet:89,0257.parquet,89,000006256.tiff,0,RAISE,stable_cascade,Other,CompEval,test,TIFF,4928x3264,RGB,False,,NOT_IN_SOURCE_METADATA,NOT_IN_SOURCE_METADATA,OwensLab/CommunityForensics-Eval,7d4a74a88d2cac93b513c0853bf92c260eaceea0,49365d527202f179b93e478f5b32107eb92aaa3f,20261009,PROVISIONAL_METADATA_ONLY_PENDING_HASH_AND_NEAR_DUPLICATE_AUDIT
RAISE_REAL,0310.parquet:76,0310.parquet,76,000001842.tiff,0,RAISE,DeciDiffusionV2,LatDiff,CompEval,test,TIFF,4928x3264,RGB,False,,NOT_IN_SOURCE_METADATA,NOT_IN_SOURCE_METADATA,OwensLab/CommunityForensics-Eval,7d4a74a88d2cac93b513c0853bf92c260eaceea0,49365d527202f179b93e478f5b32107eb92aaa3f,20261009,PROVISIONAL_METADATA_ONLY_PENDING_HASH_AND_NEAR_DUPLICATE_AUDIT
RAISE_REAL,0259.parquet:1,0259.parquet,1,000005803.tiff,0,RAISE,stable_cascade,Other,CompEval,test,TIFF,4928x3264,RGB,False,,NOT_IN_SOURCE_METADATA,NOT_IN_SOURCE_METADATA,OwensLab/CommunityForensics-Eval,7d4a74a88d2cac93b513c0853bf92c260eaceea0,49365d527202f179b93e478f5b32107eb92aaa3f,20261009,PROVISIONAL_METADATA_ONLY_PENDING_HASH_AND_NEAR_DUPLICATE_AUDIT
RAISE_REAL,0118.parquet:114,0118.parquet,114,000006540.tiff,0,RAISE,LCM_lora_sdv15,LatDiff,CompEval,test,TIFF,3264x4928,RGB,False,,NOT_IN_SOURCE_METADATA,NOT_IN_SOURCE_METADATA,OwensLab/CommunityForensics-Eval,7d4a74a88d2cac93b513c0853bf92c260eaceea0,49365d527202f179b93e478f5b32107eb92aaa3f,20261009,PROVISIONAL_METADATA_ONLY_PENDING_HASH_AND_NEAR_DUPLICATE_AUDIT
RAISE_REAL,0258.parquet:105,0258.parquet,105,000002706.tiff,0,RAISE,stable_cascade,Other,CompEval,test,TIFF,4288x2848,RGB,False,,NOT_IN_SOURCE_METADATA,NOT_IN_SOURCE_METADATA,OwensLab/CommunityForensics-Eval,7d4a74a88d2cac93b513c0853bf92c260eaceea0,49365d527202f179b93e478f5b32107eb92aaa3f,20261009,PROVISIONAL_METADATA_ONLY_PENDING_HASH_AND_NEAR_DUPLICATE_AUDIT
RAISE_REAL,0088.parquet:112,0088.parquet,112,000006769.tiff,0,RAISE,kvikontent_midjourney_v6,LatDiff,CompEval,test,TIFF,4928x3264,RGB,False,,NOT_IN_SOURCE_METADATA,NOT_IN_SOURCE_METADATA,OwensLab/CommunityForensics-Eval,7d4a74a88d2cac93b513c0853bf92c260eaceea0,49365d527202f179b93e478f5b32107eb92aaa3f,20261009,PROVISIONAL_METADATA_ONLY_PENDING_HASH_AND_NEAR_DUPLICATE_AUDIT
RAISE_REAL,0015.parquet:107,0015.parquet,107,000004913.tiff,0,RAISE,kandinsky_2_2,LatDiff,CompEval,test,TIFF,4928x3264,RGB,False,,NOT_IN_SOURCE_METADATA,NOT_IN_SOURCE_METADATA,OwensLab/CommunityForensics-Eval,7d4a74a88d2cac93b513c0853bf92c260eaceea0,49365d527202f179b93e478f5b32107eb92aaa3f,20261009,PROVISIONAL_METADATA_ONLY_PENDING_HASH_AND_NEAR_DUPLICATE_AUDIT
RAISE_REAL,0380.parquet:76,0380.parquet,76,000005447.tiff,0,RAISE,LCM_lora_sdxl,LatDiff,CompEval,test,TIFF,4928x3264,RGB,False,,NOT_IN_SOURCE_METADATA,NOT_IN_SOURCE_METADATA,OwensLab/CommunityForensics-Eval,7d4a74a88d2cac93b513c0853bf92c260eaceea0,49365d527202f179b93e478f5b32107eb92aaa3f,20261009,PROVISIONAL_METADATA_ONLY_PENDING_HASH_AND_NEAR_DUPLICATE_AUDIT
RAISE_REAL,0258.parquet:16,0258.parquet,16,000004947.tiff,0,RAISE,stable_cascade,Other,CompEval,test,TIFF,3264x4928,RGB,False,,NOT_IN_SOURCE_METADATA,NOT_IN_SOURCE_METADATA,OwensLab/CommunityForensics-Eval,7d4a74a88d2cac93b513c0853bf92c260eaceea0,49365d527202f179b93e478f5b32107eb92aaa3f,20261009,PROVISIONAL_METADATA_ONLY_PENDING_HASH_AND_NEAR_DUPLICATE_AUDIT
RAISE_REAL,0270.parquet:2,0270.parquet,2,000006174.tiff,0,RAISE,GALIP,GAN,CompEval,test,TIFF,4928x3264,RGB,False,,NOT_IN_SOURCE_METADATA,NOT_IN_SOURCE_METADATA,OwensLab/CommunityForensics-Eval,7d4a74a88d2cac93b513c0853bf92c260eaceea0,49365d527202f179b93e478f5b32107eb92aaa3f,20261009,PROVISIONAL_METADATA_ONLY_PENDING_HASH_AND_NEAR_DUPLICATE_AUDIT
RAISE_REAL,0088.parquet:25,0088.parquet,25,000005622.tiff,0,RAISE,kvikontent_midjourney_v6,LatDiff,CompEval,test,TIFF,4928x3264,RGB,False,,NOT_IN_SOURCE_METADATA,NOT_IN_SOURCE_METADATA,OwensLab/CommunityForensics-Eval,7d4a74a88d2cac93b513c0853bf92c260eaceea0,49365d527202f179b93e478f5b32107eb92aaa3f,20261009,PROVISIONAL_METADATA_ONLY_PENDING_HASH_AND_NEAR_DUPLICATE_AUDIT
RAISE_REAL,0399.parquet:56,0399.parquet,56,000006879.tiff,0,RAISE,LCM_lora_ssd1b,LatDiff,CompEval,test,TIFF,4928x3264,RGB,False,,NOT_IN_SOURCE_METADATA,NOT_IN_SOURCE_METADATA,OwensLab/CommunityForensics-Eval,7d4a74a88d2cac93b513c0853bf92c260eaceea0,49365d527202f179b93e478f5b32107eb92aaa3f,20261009,PROVISIONAL_METADATA_ONLY_PENDING_HASH_AND_NEAR_DUPLICATE_AUDIT
RAISE_REAL,0161.parquet:42,0161.parquet,42,000005650.tiff,0,RAISE,kandinsky_2_2,LatDiff,CompEval,test,TIFF,4928x3264,RGB,False,,NOT_IN_SOURCE_METADATA,NOT_IN_SOURCE_METADATA,OwensLab/CommunityForensics-Eval,7d4a74a88d2cac93b513c0853bf92c260eaceea0,49365d527202f179b93e478f5b32107eb92aaa3f,20261009,PROVISIONAL_METADATA_ONLY_PENDING_HASH_AND_NEAR_DUPLICATE_AUDIT
RAISE_REAL,0323.parquet:24,0323.parquet,24,000005228.tiff,0,RAISE,DeciDiffusionV2,LatDiff,CompEval,test,TIFF,3264x4928,RGB,False,,NOT_IN_SOURCE_METADATA,NOT_IN_SOURCE_METADATA,OwensLab/CommunityForensics-Eval,7d4a74a88d2cac93b513c0853bf92c260eaceea0,49365d527202f179b93e478f5b32107eb92aaa3f,20261009,PROVISIONAL_METADATA_ONLY_PENDING_HASH_AND_NEAR_DUPLICATE_AUDIT
RAISE_REAL,0089.parquet:42,0089.parquet,42,000006118.tiff,0,RAISE,kvikontent_midjourney_v6,LatDiff,CompEval,test,TIFF,4928x3264,RGB,False,,NOT_IN_SOURCE_METADATA,NOT_IN_SOURCE_METADATA,OwensLab/CommunityForensics-Eval,7d4a74a88d2cac93b513c0853bf92c260eaceea0,49365d527202f179b93e478f5b32107eb92aaa3f,20261009,PROVISIONAL_METADATA_ONLY_PENDING_HASH_AND_NEAR_DUPLICATE_AUDIT
RAISE_REAL,0322.parquet:101,0322.parquet,101,000005104.tiff,0,RAISE,DeciDiffusionV2,LatDiff,CompEval,test,TIFF,4928x3264,RGB,False,,NOT_IN_SOURCE_METADATA,NOT_IN_SOURCE_METADATA,OwensLab/CommunityForensics-Eval,7d4a74a88d2cac93b513c0853bf92c260eaceea0,49365d527202f179b93e478f5b32107eb92aaa3f,20261009,PROVISIONAL_METADATA_ONLY_PENDING_HASH_AND_NEAR_DUPLICATE_AUDIT
RAISE_REAL,0117.parquet:88,0117.parquet,88,000008054.tiff,0,RAISE,LCM_lora_sdv15,LatDiff,CompEval,test,TIFF,4928x3264,RGB,False,,NOT_IN_SOURCE_METADATA,NOT_IN_SOURCE_METADATA,OwensLab/CommunityForensics-Eval,7d4a74a88d2cac93b513c0853bf92c260eaceea0,49365d527202f179b93e478f5b32107eb92aaa3f,20261009,PROVISIONAL_METADATA_ONLY_PENDING_HASH_AND_NEAR_DUPLICATE_AUDIT
RAISE_REAL,0255.parquet:100,0255.parquet,100,000001801.tiff,0,RAISE,stable_cascade,Other,CompEval,test,TIFF,4928x3264,RGB,False,,NOT_IN_SOURCE_METADATA,NOT_IN_SOURCE_METADATA,OwensLab/CommunityForensics-Eval,7d4a74a88d2cac93b513c0853bf92c260eaceea0,49365d527202f179b93e478f5b32107eb92aaa3f,20261009,PROVISIONAL_METADATA_ONLY_PENDING_HASH_AND_NEAR_DUPLICATE_AUDIT
RAISE_REAL,0166.parquet:106,0166.parquet,106,000001060.tiff,0,RAISE,kandinsky_2_2,LatDiff,CompEval,test,TIFF,4928x3264,RGB,False,,NOT_IN_SOURCE_METADATA,NOT_IN_SOURCE_METADATA,OwensLab/CommunityForensics-Eval,7d4a74a88d2cac93b513c0853bf92c260eaceea0,49365d527202f179b93e478f5b32107eb92aaa3f,20261009,PROVISIONAL_METADATA_ONLY_PENDING_HASH_AND_NEAR_DUPLICATE_AUDIT
RAISE_REAL,0404.parquet:34,0404.parquet,34,000002540.tiff,0,RAISE,LCM_lora_ssd1b,LatDiff,CompEval,test,TIFF,4288x2848,RGB,False,,NOT_IN_SOURCE_METADATA,NOT_IN_SOURCE_METADATA,OwensLab/CommunityForensics-Eval,7d4a74a88d2cac93b513c0853bf92c260eaceea0,49365d527202f179b93e478f5b32107eb92aaa3f,20261009,PROVISIONAL_METADATA_ONLY_PENDING_HASH_AND_NEAR_DUPLICATE_AUDIT
RAISE_REAL,0222.parquet:61,0222.parquet,61,000004409.tiff,0,RAISE,kvikontent_midjourney_v6,LatDiff,CompEval,test,TIFF,4928x3264,RGB,False,,NOT_IN_SOURCE_METADATA,NOT_IN_SOURCE_METADATA,OwensLab/CommunityForensics-Eval,7d4a74a88d2cac93b513c0853bf92c260eaceea0,49365d527202f179b93e478f5b32107eb92aaa3f,20261009,PROVISIONAL_METADATA_ONLY_PENDING_HASH_AND_NEAR_DUPLICATE_AUDIT
RAISE_REAL,0315.parquet:44,0315.parquet,44,000006346.tiff,0,RAISE,DeciDiffusionV2,LatDiff,CompEval,test,TIFF,4928x3264,RGB,False,,NOT_IN_SOURCE_METADATA,NOT_IN_SOURCE_METADATA,OwensLab/CommunityForensics-Eval,7d4a74a88d2cac93b513c0853bf92c260eaceea0,49365d527202f179b93e478f5b32107eb92aaa3f,20261009,PROVISIONAL_METADATA_ONLY_PENDING_HASH_AND_NEAR_DUPLICATE_AUDIT
RAISE_REAL,0041.parquet:32,0041.parquet,32,000003664.tiff,0,RAISE,GALIP,GAN,CompEval,test,TIFF,4288x2848,RGB,False,,NOT_IN_SOURCE_METADATA,NOT_IN_SOURCE_METADATA,OwensLab/CommunityForensics-Eval,7d4a74a88d2cac93b513c0853bf92c260eaceea0,49365d527202f179b93e478f5b32107eb92aaa3f,20261009,PROVISIONAL_METADATA_ONLY_PENDING_HASH_AND_NEAR_DUPLICATE_AUDIT
RAISE_REAL,0219.parquet:54,0219.parquet,54,000005541.tiff,0,RAISE,kvikontent_midjourney_v6,LatDiff,CompEval,test,TIFF,4928x3264,RGB,False,,NOT_IN_SOURCE_METADATA,NOT_IN_SOURCE_METADATA,OwensLab/CommunityForensics-Eval,7d4a74a88d2cac93b513c0853bf92c260eaceea0,49365d527202f179b93e478f5b32107eb92aaa3f,20261009,PROVISIONAL_METADATA_ONLY_PENDING_HASH_AND_NEAR_DUPLICATE_AUDIT
RAISE_REAL,0043.parquet:70,0043.parquet,70,000004745.tiff,0,RAISE,GALIP,GAN,CompEval,test,TIFF,3264x4928,RGB,False,,NOT_IN_SOURCE_METADATA,NOT_IN_SOURCE_METADATA,OwensLab/CommunityForensics-Eval,7d4a74a88d2cac93b513c0853bf92c260eaceea0,49365d527202f179b93e478f5b32107eb92aaa3f,20261009,PROVISIONAL_METADATA_ONLY_PENDING_HASH_AND_NEAR_DUPLICATE_AUDIT
RAISE_REAL,0399.parquet:21,0399.parquet,21,000006643.tiff,0,RAISE,LCM_lora_ssd1b,LatDiff,CompEval,test,TIFF,4928x3264,RGB,False,,NOT_IN_SOURCE_METADATA,NOT_IN_SOURCE_METADATA,OwensLab/CommunityForensics-Eval,7d4a74a88d2cac93b513c0853bf92c260eaceea0,49365d527202f179b93e478f5b32107eb92aaa3f,20261009,PROVISIONAL_METADATA_ONLY_PENDING_HASH_AND_NEAR_DUPLICATE_AUDIT
RAISE_REAL,0254.parquet:97,0254.parquet,97,000000601.tiff,0,RAISE,stable_cascade,Other,CompEval,test,TIFF,4928x3264,RGB,False,,NOT_IN_SOURCE_METADATA,NOT_IN_SOURCE_METADATA,OwensLab/CommunityForensics-Eval,7d4a74a88d2cac93b513c0853bf92c260eaceea0,49365d527202f179b93e478f5b32107eb92aaa3f,20261009,PROVISIONAL_METADATA_ONLY_PENDING_HASH_AND_NEAR_DUPLICATE_AUDIT
RAISE_REAL,0325.parquet:69,0325.parquet,69,000007828.tiff,0,RAISE,DeciDiffusionV2,LatDiff,CompEval,test,TIFF,4928x3264,RGB,False,,NOT_IN_SOURCE_METADATA,NOT_IN_SOURCE_METADATA,OwensLab/CommunityForensics-Eval,7d4a74a88d2cac93b513c0853bf92c260eaceea0,49365d527202f179b93e478f5b32107eb92aaa3f,20261009,PROVISIONAL_METADATA_ONLY_PENDING_HASH_AND_NEAR_DUPLICATE_AUDIT
RAISE_REAL,0364.parquet:108,0364.parquet,108,000004765.tiff,0,RAISE,LCM_lora_sdv15,LatDiff,CompEval,test,TIFF,4928x3264,RGB,False,,NOT_IN_SOURCE_METADATA,NOT_IN_SOURCE_METADATA,OwensLab/CommunityForensics-Eval,7d4a74a88d2cac93b513c0853bf92c260eaceea0,49365d527202f179b93e478f5b32107eb92aaa3f,20261009,PROVISIONAL_METADATA_ONLY_PENDING_HASH_AND_NEAR_DUPLICATE_AUDIT
RAISE_REAL,0243.parquet:100,0243.parquet,100,000001840.tiff,0,RAISE,kandinsky_2_2,LatDiff,CompEval,test,TIFF,4928x3264,RGB,False,,NOT_IN_SOURCE_METADATA,NOT_IN_SOURCE_METADATA,OwensLab/CommunityForensics-Eval,7d4a74a88d2cac93b513c0853bf92c260eaceea0,49365d527202f179b93e478f5b32107eb92aaa3f,20261009,PROVISIONAL_METADATA_ONLY_PENDING_HASH_AND_NEAR_DUPLICATE_AUDIT
RAISE_REAL,0117.parquet:36,0117.parquet,36,000005965.tiff,0,RAISE,LCM_lora_sdv15,LatDiff,CompEval,test,TIFF,4928x3264,RGB,False,,NOT_IN_SOURCE_METADATA,NOT_IN_SOURCE_METADATA,OwensLab/CommunityForensics-Eval,7d4a74a88d2cac93b513c0853bf92c260eaceea0,49365d527202f179b93e478f5b32107eb92aaa3f,20261009,PROVISIONAL_METADATA_ONLY_PENDING_HASH_AND_NEAR_DUPLICATE_AUDIT
RAISE_REAL,0041.parquet:107,0041.parquet,107,000002752.tiff,0,RAISE,GALIP,GAN,CompEval,test,TIFF,4288x2848,RGB,False,,NOT_IN_SOURCE_METADATA,NOT_IN_SOURCE_METADATA,OwensLab/CommunityForensics-Eval,7d4a74a88d2cac93b513c0853bf92c260eaceea0,49365d527202f179b93e478f5b32107eb92aaa3f,20261009,PROVISIONAL_METADATA_ONLY_PENDING_HASH_AND_NEAR_DUPLICATE_AUDIT
RAISE_REAL,0063.parquet:88,0063.parquet,88,000006943.tiff,0,RAISE,LCM_lora_sdxl,LatDiff,CompEval,test,TIFF,4928x3264,RGB,False,,NOT_IN_SOURCE_METADATA,NOT_IN_SOURCE_METADATA,OwensLab/CommunityForensics-Eval,7d4a74a88d2cac93b513c0853bf92c260eaceea0,49365d527202f179b93e478f5b32107eb92aaa3f,20261009,PROVISIONAL_METADATA_ONLY_PENDING_HASH_AND_NEAR_DUPLICATE_AUDIT
RAISE_REAL,0255.parquet:116,0255.parquet,116,000002506.tiff,0,RAISE,stable_cascade,Other,CompEval,test,TIFF,4288x2848,RGB,False,,NOT_IN_SOURCE_METADATA,NOT_IN_SOURCE_METADATA,OwensLab/CommunityForensics-Eval,7d4a74a88d2cac93b513c0853bf92c260eaceea0,49365d527202f179b93e478f5b32107eb92aaa3f,20261009,PROVISIONAL_METADATA_ONLY_PENDING_HASH_AND_NEAR_DUPLICATE_AUDIT
RAISE_REAL,0323.parquet:23,0323.parquet,23,000007283.tiff,0,RAISE,DeciDiffusionV2,LatDiff,CompEval,test,TIFF,4928x3264,RGB,False,,NOT_IN_SOURCE_METADATA,NOT_IN_SOURCE_METADATA,OwensLab/CommunityForensics-Eval,7d4a74a88d2cac93b513c0853bf92c260eaceea0,49365d527202f179b93e478f5b32107eb92aaa3f,20261009,PROVISIONAL_METADATA_ONLY_PENDING_HASH_AND_NEAR_DUPLICATE_AUDIT
RAISE_REAL,0376.parquet:117,0376.parquet,117,000000876.tiff,0,RAISE,LCM_lora_sdxl,LatDiff,CompEval,test,TIFF,4928x3264,RGB,False,,NOT_IN_SOURCE_METADATA,NOT_IN_SOURCE_METADATA,OwensLab/CommunityForensics-Eval,7d4a74a88d2cac93b513c0853bf92c260eaceea0,49365d527202f179b93e478f5b32107eb92aaa3f,20261009,PROVISIONAL_METADATA_ONLY_PENDING_HASH_AND_NEAR_DUPLICATE_AUDIT
RAISE_REAL,0378.parquet:95,0378.parquet,95,000004511.tiff,0,RAISE,LCM_lora_sdxl,LatDiff,CompEval,test,TIFF,4928x3264,RGB,False,,NOT_IN_SOURCE_METADATA,NOT_IN_SOURCE_METADATA,OwensLab/CommunityForensics-Eval,7d4a74a88d2cac93b513c0853bf92c260eaceea0,49365d527202f179b93e478f5b32107eb92aaa3f,20261009,PROVISIONAL_METADATA_ONLY_PENDING_HASH_AND_NEAR_DUPLICATE_AUDIT
RAISE_REAL,0404.parquet:49,0404.parquet,49,000007886.tiff,0,RAISE,LCM_lora_ssd1b,LatDiff,CompEval,test,TIFF,4928x3264,RGB,False,,NOT_IN_SOURCE_METADATA,NOT_IN_SOURCE_METADATA,OwensLab/CommunityForensics-Eval,7d4a74a88d2cac93b513c0853bf92c260eaceea0,49365d527202f179b93e478f5b32107eb92aaa3f,20261009,PROVISIONAL_METADATA_ONLY_PENDING_HASH_AND_NEAR_DUPLICATE_AUDIT
RAISE_REAL,0256.parquet:30,0256.parquet,30,000003332.tiff,0,RAISE,stable_cascade,Other,CompEval,test,TIFF,4288x2848,RGB,False,,NOT_IN_SOURCE_METADATA,NOT_IN_SOURCE_METADATA,OwensLab/CommunityForensics-Eval,7d4a74a88d2cac93b513c0853bf92c260eaceea0,49365d527202f179b93e478f5b32107eb92aaa3f,20261009,PROVISIONAL_METADATA_ONLY_PENDING_HASH_AND_NEAR_DUPLICATE_AUDIT
RAISE_REAL,0400.parquet:113,0400.parquet,113,000005403.tiff,0,RAISE,LCM_lora_ssd1b,LatDiff,CompEval,test,TIFF,4928x3264,RGB,False,,NOT_IN_SOURCE_METADATA,NOT_IN_SOURCE_METADATA,OwensLab/CommunityForensics-Eval,7d4a74a88d2cac93b513c0853bf92c260eaceea0,49365d527202f179b93e478f5b32107eb92aaa3f,20261009,PROVISIONAL_METADATA_ONLY_PENDING_HASH_AND_NEAR_DUPLICATE_AUDIT
RAISE_REAL,0398.parquet:115,0398.parquet,115,000002971.tiff,0,RAISE,LCM_lora_ssd1b,LatDiff,CompEval,test,TIFF,4288x2848,RGB,False,,NOT_IN_SOURCE_METADATA,NOT_IN_SOURCE_METADATA,OwensLab/CommunityForensics-Eval,7d4a74a88d2cac93b513c0853bf92c260eaceea0,49365d527202f179b93e478f5b32107eb92aaa3f,20261009,PROVISIONAL_METADATA_ONLY_PENDING_HASH_AND_NEAR_DUPLICATE_AUDIT
RAISE_REAL,0315.parquet:58,0315.parquet,58,000002171.tiff,0,RAISE,DeciDiffusionV2,LatDiff,CompEval,test,TIFF,2848x4288,RGB,False,,NOT_IN_SOURCE_METADATA,NOT_IN_SOURCE_METADATA,OwensLab/CommunityForensics-Eval,7d4a74a88d2cac93b513c0853bf92c260eaceea0,49365d527202f179b93e478f5b32107eb92aaa3f,20261009,PROVISIONAL_METADATA_ONLY_PENDING_HASH_AND_NEAR_DUPLICATE_AUDIT
RAISE_REAL,0374.parquet:16,0374.parquet,16,000006091.tiff,0,RAISE,LCM_lora_sdxl,LatDiff,CompEval,test,TIFF,3264x4928,RGB,False,,NOT_IN_SOURCE_METADATA,NOT_IN_SOURCE_METADATA,OwensLab/CommunityForensics-Eval,7d4a74a88d2cac93b513c0853bf92c260eaceea0,49365d527202f179b93e478f5b32107eb92aaa3f,20261009,PROVISIONAL_METADATA_ONLY_PENDING_HASH_AND_NEAR_DUPLICATE_AUDIT
RAISE_REAL,0261.parquet:26,0261.parquet,26,000004082.tiff,0,RAISE,stable_cascade,Other,CompEval,test,TIFF,4928x3264,RGB,False,,NOT_IN_SOURCE_METADATA,NOT_IN_SOURCE_METADATA,OwensLab/CommunityForensics-Eval,7d4a74a88d2cac93b513c0853bf92c260eaceea0,49365d527202f179b93e478f5b32107eb92aaa3f,20261009,PROVISIONAL_METADATA_ONLY_PENDING_HASH_AND_NEAR_DUPLICATE_AUDIT
RAISE_REAL,0044.parquet:92,0044.parquet,92,000006104.tiff,0,RAISE,GALIP,GAN,CompEval,test,TIFF,4928x3264,RGB,False,,NOT_IN_SOURCE_METADATA,NOT_IN_SOURCE_METADATA,OwensLab/CommunityForensics-Eval,7d4a74a88d2cac93b513c0853bf92c260eaceea0,49365d527202f179b93e478f5b32107eb92aaa3f,20261009,PROVISIONAL_METADATA_ONLY_PENDING_HASH_AND_NEAR_DUPLICATE_AUDIT
RAISE_REAL,0221.parquet:124,0221.parquet,124,000006021.tiff,0,RAISE,kvikontent_midjourney_v6,LatDiff,CompEval,test,TIFF,3264x4928,RGB,False,,NOT_IN_SOURCE_METADATA,NOT_IN_SOURCE_METADATA,OwensLab/CommunityForensics-Eval,7d4a74a88d2cac93b513c0853bf92c260eaceea0,49365d527202f179b93e478f5b32107eb92aaa3f,20261009,PROVISIONAL_METADATA_ONLY_PENDING_HASH_AND_NEAR_DUPLICATE_AUDIT
RAISE_REAL,0380.parquet:43,0380.parquet,43,000005966.tiff,0,RAISE,LCM_lora_sdxl,LatDiff,CompEval,test,TIFF,4928x3264,RGB,False,,NOT_IN_SOURCE_METADATA,NOT_IN_SOURCE_METADATA,OwensLab/CommunityForensics-Eval,7d4a74a88d2cac93b513c0853bf92c260eaceea0,49365d527202f179b93e478f5b32107eb92aaa3f,20261009,PROVISIONAL_METADATA_ONLY_PENDING_HASH_AND_NEAR_DUPLICATE_AUDIT
RAISE_REAL,0321.parquet:80,0321.parquet,80,000002590.tiff,0,RAISE,DeciDiffusionV2,LatDiff,CompEval,test,TIFF,2848x4288,RGB,False,,NOT_IN_SOURCE_METADATA,NOT_IN_SOURCE_METADATA,OwensLab/CommunityForensics-Eval,7d4a74a88d2cac93b513c0853bf92c260eaceea0,49365d527202f179b93e478f5b32107eb92aaa3f,20261009,PROVISIONAL_METADATA_ONLY_PENDING_HASH_AND_NEAR_DUPLICATE_AUDIT
RAISE_REAL,0160.parquet:53,0160.parquet,53,000006966.tiff,0,RAISE,kandinsky_2_2,LatDiff,CompEval,test,TIFF,4928x3264,RGB,False,,NOT_IN_SOURCE_METADATA,NOT_IN_SOURCE_METADATA,OwensLab/CommunityForensics-Eval,7d4a74a88d2cac93b513c0853bf92c260eaceea0,49365d527202f179b93e478f5b32107eb92aaa3f,20261009,PROVISIONAL_METADATA_ONLY_PENDING_HASH_AND_NEAR_DUPLICATE_AUDIT
RAISE_REAL,0114.parquet:45,0114.parquet,45,000003013.tiff,0,RAISE,LCM_lora_sdv15,LatDiff,CompEval,test,TIFF,4288x2848,RGB,False,,NOT_IN_SOURCE_METADATA,NOT_IN_SOURCE_METADATA,OwensLab/CommunityForensics-Eval,7d4a74a88d2cac93b513c0853bf92c260eaceea0,49365d527202f179b93e478f5b32107eb92aaa3f,20261009,PROVISIONAL_METADATA_ONLY_PENDING_HASH_AND_NEAR_DUPLICATE_AUDIT
RAISE_REAL,0258.parquet:41,0258.parquet,41,000007668.tiff,0,RAISE,stable_cascade,Other,CompEval,test,TIFF,4928x3264,RGB,False,,NOT_IN_SOURCE_METADATA,NOT_IN_SOURCE_METADATA,OwensLab/CommunityForensics-Eval,7d4a74a88d2cac93b513c0853bf92c260eaceea0,49365d527202f179b93e478f5b32107eb92aaa3f,20261009,PROVISIONAL_METADATA_ONLY_PENDING_HASH_AND_NEAR_DUPLICATE_AUDIT
RAISE_REAL,0379.parquet:8,0379.parquet,8,000008023.tiff,0,RAISE,LCM_lora_sdxl,LatDiff,CompEval,test,TIFF,3264x4928,RGB,False,,NOT_IN_SOURCE_METADATA,NOT_IN_SOURCE_METADATA,OwensLab/CommunityForensics-Eval,7d4a74a88d2cac93b513c0853bf92c260eaceea0,49365d527202f179b93e478f5b32107eb92aaa3f,20261009,PROVISIONAL_METADATA_ONLY_PENDING_HASH_AND_NEAR_DUPLICATE_AUDIT
RAISE_REAL,0269.parquet:122,0269.parquet,122,000005738.tiff,0,RAISE,GALIP,GAN,CompEval,test,TIFF,4928x3264,RGB,False,,NOT_IN_SOURCE_METADATA,NOT_IN_SOURCE_METADATA,OwensLab/CommunityForensics-Eval,7d4a74a88d2cac93b513c0853bf92c260eaceea0,49365d527202f179b93e478f5b32107eb92aaa3f,20261009,PROVISIONAL_METADATA_ONLY_PENDING_HASH_AND_NEAR_DUPLICATE_AUDIT
RAISE_REAL,0095.parquet:112,0095.parquet,112,000004146.tiff,0,RAISE,stable_cascade,Other,CompEval,test,TIFF,4928x3264,RGB,False,,NOT_IN_SOURCE_METADATA,NOT_IN_SOURCE_METADATA,OwensLab/CommunityForensics-Eval,7d4a74a88d2cac93b513c0853bf92c260eaceea0,49365d527202f179b93e478f5b32107eb92aaa3f,20261009,PROVISIONAL_METADATA_ONLY_PENDING_HASH_AND_NEAR_DUPLICATE_AUDIT
RAISE_REAL,0325.parquet:34,0325.parquet,34,000000647.tiff,0,RAISE,DeciDiffusionV2,LatDiff,CompEval,test,TIFF,4928x3264,RGB,False,,NOT_IN_SOURCE_METADATA,NOT_IN_SOURCE_METADATA,OwensLab/CommunityForensics-Eval,7d4a74a88d2cac93b513c0853bf92c260eaceea0,49365d527202f179b93e478f5b32107eb92aaa3f,20261009,PROVISIONAL_METADATA_ONLY_PENDING_HASH_AND_NEAR_DUPLICATE_AUDIT
RAISE_REAL,0093.parquet:8,0093.parquet,8,000004647.tiff,0,RAISE,kvikontent_midjourney_v6,LatDiff,CompEval,test,TIFF,4928x3264,RGB,False,,NOT_IN_SOURCE_METADATA,NOT_IN_SOURCE_METADATA,OwensLab/CommunityForensics-Eval,7d4a74a88d2cac93b513c0853bf92c260eaceea0,49365d527202f179b93e478f5b32107eb92aaa3f,20261009,PROVISIONAL_METADATA_ONLY_PENDING_HASH_AND_NEAR_DUPLICATE_AUDIT
RAISE_REAL,0116.parquet:112,0116.parquet,112,000002719.tiff,0,RAISE,LCM_lora_sdv15,LatDiff,CompEval,test,TIFF,4288x2848,RGB,False,,NOT_IN_SOURCE_METADATA,NOT_IN_SOURCE_METADATA,OwensLab/CommunityForensics-Eval,7d4a74a88d2cac93b513c0853bf92c260eaceea0,49365d527202f179b93e478f5b32107eb92aaa3f,20261009,PROVISIONAL_METADATA_ONLY_PENDING_HASH_AND_NEAR_DUPLICATE_AUDIT
RAISE_REAL,0261.parquet:30,0261.parquet,30,000007481.tiff,0,RAISE,stable_cascade,Other,CompEval,test,TIFF,4928x3264,RGB,False,,NOT_IN_SOURCE_METADATA,NOT_IN_SOURCE_METADATA,OwensLab/CommunityForensics-Eval,7d4a74a88d2cac93b513c0853bf92c260eaceea0,49365d527202f179b93e478f5b32107eb92aaa3f,20261009,PROVISIONAL_METADATA_ONLY_PENDING_HASH_AND_NEAR_DUPLICATE_AUDIT
RAISE_REAL,0166.parquet:56,0166.parquet,56,000002129.tiff,0,RAISE,kandinsky_2_2,LatDiff,CompEval,test,TIFF,4288x2848,RGB,False,,NOT_IN_SOURCE_METADATA,NOT_IN_SOURCE_METADATA,OwensLab/CommunityForensics-Eval,7d4a74a88d2cac93b513c0853bf92c260eaceea0,49365d527202f179b93e478f5b32107eb92aaa3f,20261009,PROVISIONAL_METADATA_ONLY_PENDING_HASH_AND_NEAR_DUPLICATE_AUDIT
RAISE_REAL,0258.parquet:59,0258.parquet,59,000004305.tiff,0,RAISE,stable_cascade,Other,CompEval,test,TIFF,4928x3264,RGB,False,,NOT_IN_SOURCE_METADATA,NOT_IN_SOURCE_METADATA,OwensLab/CommunityForensics-Eval,7d4a74a88d2cac93b513c0853bf92c260eaceea0,49365d527202f179b93e478f5b32107eb92aaa3f,20261009,PROVISIONAL_METADATA_ONLY_PENDING_HASH_AND_NEAR_DUPLICATE_AUDIT
RAISE_REAL,0254.parquet:65,0254.parquet,65,000000132.tiff,0,RAISE,stable_cascade,Other,CompEval,test,TIFF,3008x2000,RGB,False,,NOT_IN_SOURCE_METADATA,NOT_IN_SOURCE_METADATA,OwensLab/CommunityForensics-Eval,7d4a74a88d2cac93b513c0853bf92c260eaceea0,49365d527202f179b93e478f5b32107eb92aaa3f,20261009,PROVISIONAL_METADATA_ONLY_PENDING_HASH_AND_NEAR_DUPLICATE_AUDIT
RAISE_REAL,0119.parquet:54,0119.parquet,54,000000971.tiff,0,RAISE,LCM_lora_sdv15,LatDiff,CompEval,test,TIFF,4928x3264,RGB,False,,NOT_IN_SOURCE_METADATA,NOT_IN_SOURCE_METADATA,OwensLab/CommunityForensics-Eval,7d4a74a88d2cac93b513c0853bf92c260eaceea0,49365d527202f179b93e478f5b32107eb92aaa3f,20261009,PROVISIONAL_METADATA_ONLY_PENDING_HASH_AND_NEAR_DUPLICATE_AUDIT
RAISE_REAL,0373.parquet:73,0373.parquet,73,000006831.tiff,0,RAISE,LCM_lora_sdxl,LatDiff,CompEval,test,TIFF,4928x3264,RGB,False,,NOT_IN_SOURCE_METADATA,NOT_IN_SOURCE_METADATA,OwensLab/CommunityForensics-Eval,7d4a74a88d2cac93b513c0853bf92c260eaceea0,49365d527202f179b93e478f5b32107eb92aaa3f,20261009,PROVISIONAL_METADATA_ONLY_PENDING_HASH_AND_NEAR_DUPLICATE_AUDIT
RAISE_REAL,0399.parquet:16,0399.parquet,16,000000316.tiff,0,RAISE,LCM_lora_ssd1b,LatDiff,CompEval,test,TIFF,4928x3264,RGB,False,,NOT_IN_SOURCE_METADATA,NOT_IN_SOURCE_METADATA,OwensLab/CommunityForensics-Eval,7d4a74a88d2cac93b513c0853bf92c260eaceea0,49365d527202f179b93e478f5b32107eb92aaa3f,20261009,PROVISIONAL_METADATA_ONLY_PENDING_HASH_AND_NEAR_DUPLICATE_AUDIT
RAISE_REAL,0164.parquet:19,0164.parquet,19,000005510.tiff,0,RAISE,kandinsky_2_2,LatDiff,CompEval,test,TIFF,4928x3264,RGB,False,,NOT_IN_SOURCE_METADATA,NOT_IN_SOURCE_METADATA,OwensLab/CommunityForensics-Eval,7d4a74a88d2cac93b513c0853bf92c260eaceea0,49365d527202f179b93e478f5b32107eb92aaa3f,20261009,PROVISIONAL_METADATA_ONLY_PENDING_HASH_AND_NEAR_DUPLICATE_AUDIT
RAISE_REAL,0323.parquet:69,0323.parquet,69,000005314.tiff,0,RAISE,DeciDiffusionV2,LatDiff,CompEval,test,TIFF,4928x3264,RGB,False,,NOT_IN_SOURCE_METADATA,NOT_IN_SOURCE_METADATA,OwensLab/CommunityForensics-Eval,7d4a74a88d2cac93b513c0853bf92c260eaceea0,49365d527202f179b93e478f5b32107eb92aaa3f,20261009,PROVISIONAL_METADATA_ONLY_PENDING_HASH_AND_NEAR_DUPLICATE_AUDIT
RAISE_REAL,0257.parquet:100,0257.parquet,100,000002632.tiff,0,RAISE,stable_cascade,Other,CompEval,test,TIFF,4288x2848,RGB,False,,NOT_IN_SOURCE_METADATA,NOT_IN_SOURCE_METADATA,OwensLab/CommunityForensics-Eval,7d4a74a88d2cac93b513c0853bf92c260eaceea0,49365d527202f179b93e478f5b32107eb92aaa3f,20261009,PROVISIONAL_METADATA_ONLY_PENDING_HASH_AND_NEAR_DUPLICATE_AUDIT
RAISE_REAL,0112.parquet:32,0112.parquet,32,000000121.tiff,0,RAISE,LCM_lora_sdv15,LatDiff,CompEval,test,TIFF,3008x2000,RGB,False,,NOT_IN_SOURCE_METADATA,NOT_IN_SOURCE_METADATA,OwensLab/CommunityForensics-Eval,7d4a74a88d2cac93b513c0853bf92c260eaceea0,49365d527202f179b93e478f5b32107eb92aaa3f,20261009,PROVISIONAL_METADATA_ONLY_PENDING_HASH_AND_NEAR_DUPLICATE_AUDIT
RAISE_REAL,0269.parquet:104,0269.parquet,104,000006564.tiff,0,RAISE,GALIP,GAN,CompEval,test,TIFF,3264x4928,RGB,False,,NOT_IN_SOURCE_METADATA,NOT_IN_SOURCE_METADATA,OwensLab/CommunityForensics-Eval,7d4a74a88d2cac93b513c0853bf92c260eaceea0,49365d527202f179b93e478f5b32107eb92aaa3f,20261009,PROVISIONAL_METADATA_ONLY_PENDING_HASH_AND_NEAR_DUPLICATE_AUDIT
RAISE_REAL,0045.parquet:54,0045.parquet,54,000004681.tiff,0,RAISE,GALIP,GAN,CompEval,test,TIFF,4928x3264,RGB,False,,NOT_IN_SOURCE_METADATA,NOT_IN_SOURCE_METADATA,OwensLab/CommunityForensics-Eval,7d4a74a88d2cac93b513c0853bf92c260eaceea0,49365d527202f179b93e478f5b32107eb92aaa3f,20261009,PROVISIONAL_METADATA_ONLY_PENDING_HASH_AND_NEAR_DUPLICATE_AUDIT
RAISE_REAL,0040.parquet:11,0040.parquet,11,000000966.tiff,0,RAISE,GALIP,GAN,CompEval,test,TIFF,4928x3264,RGB,False,,NOT_IN_SOURCE_METADATA,NOT_IN_SOURCE_METADATA,OwensLab/CommunityForensics-Eval,7d4a74a88d2cac93b513c0853bf92c260eaceea0,49365d527202f179b93e478f5b32107eb92aaa3f,20261009,PROVISIONAL_METADATA_ONLY_PENDING_HASH_AND_NEAR_DUPLICATE_AUDIT
RAISE_REAL,0089.parquet:55,0089.parquet,55,000004666.tiff,0,RAISE,kvikontent_midjourney_v6,LatDiff,CompEval,test,TIFF,4928x3264,RGB,False,,NOT_IN_SOURCE_METADATA,NOT_IN_SOURCE_METADATA,OwensLab/CommunityForensics-Eval,7d4a74a88d2cac93b513c0853bf92c260eaceea0,49365d527202f179b93e478f5b32107eb92aaa3f,20261009,PROVISIONAL_METADATA_ONLY_PENDING_HASH_AND_NEAR_DUPLICATE_AUDIT
RAISE_REAL,0166.parquet:41,0166.parquet,41,000004952.tiff,0,RAISE,kandinsky_2_2,LatDiff,CompEval,test,TIFF,3264x4928,RGB,False,,NOT_IN_SOURCE_METADATA,NOT_IN_SOURCE_METADATA,OwensLab/CommunityForensics-Eval,7d4a74a88d2cac93b513c0853bf92c260eaceea0,49365d527202f179b93e478f5b32107eb92aaa3f,20261009,PROVISIONAL_METADATA_ONLY_PENDING_HASH_AND_NEAR_DUPLICATE_AUDIT
RAISE_REAL,0165.parquet:91,0165.parquet,91,000005194.tiff,0,RAISE,kandinsky_2_2,LatDiff,CompEval,test,TIFF,4928x3264,RGB,False,,NOT_IN_SOURCE_METADATA,NOT_IN_SOURCE_METADATA,OwensLab/CommunityForensics-Eval,7d4a74a88d2cac93b513c0853bf92c260eaceea0,49365d527202f179b93e478f5b32107eb92aaa3f,20261009,PROVISIONAL_METADATA_ONLY_PENDING_HASH_AND_NEAR_DUPLICATE_AUDIT
RAISE_REAL,0309.parquet:124,0309.parquet,124,000007780.tiff,0,RAISE,DeciDiffusionV2,LatDiff,CompEval,test,TIFF,4928x3264,RGB,False,,NOT_IN_SOURCE_METADATA,NOT_IN_SOURCE_METADATA,OwensLab/CommunityForensics-Eval,7d4a74a88d2cac93b513c0853bf92c260eaceea0,49365d527202f179b93e478f5b32107eb92aaa3f,20261009,PROVISIONAL_METADATA_ONLY_PENDING_HASH_AND_NEAR_DUPLICATE_AUDIT
RAISE_REAL,0374.parquet:117,0374.parquet,117,000007314.tiff,0,RAISE,LCM_lora_sdxl,LatDiff,CompEval,test,TIFF,4928x3264,RGB,False,,NOT_IN_SOURCE_METADATA,NOT_IN_SOURCE_METADATA,OwensLab/CommunityForensics-Eval,7d4a74a88d2cac93b513c0853bf92c260eaceea0,49365d527202f179b93e478f5b32107eb92aaa3f,20261009,PROVISIONAL_METADATA_ONLY_PENDING_HASH_AND_NEAR_DUPLICATE_AUDIT
RAISE_REAL,0319.parquet:77,0319.parquet,77,000003723.tiff,0,RAISE,DeciDiffusionV2,LatDiff,CompEval,test,TIFF,4288x2848,RGB,False,,NOT_IN_SOURCE_METADATA,NOT_IN_SOURCE_METADATA,OwensLab/CommunityForensics-Eval,7d4a74a88d2cac93b513c0853bf92c260eaceea0,49365d527202f179b93e478f5b32107eb92aaa3f,20261009,PROVISIONAL_METADATA_ONLY_PENDING_HASH_AND_NEAR_DUPLICATE_AUDIT
RAISE_REAL,0322.parquet:40,0322.parquet,40,000003101.tiff,0,RAISE,DeciDiffusionV2,LatDiff,CompEval,test,TIFF,4288x2848,RGB,False,,NOT_IN_SOURCE_METADATA,NOT_IN_SOURCE_METADATA,OwensLab/CommunityForensics-Eval,7d4a74a88d2cac93b513c0853bf92c260eaceea0,49365d527202f179b93e478f5b32107eb92aaa3f,20261009,PROVISIONAL_METADATA_ONLY_PENDING_HASH_AND_NEAR_DUPLICATE_AUDIT
RAISE_REAL,0319.parquet:46,0319.parquet,46,000002488.tiff,0,RAISE,DeciDiffusionV2,LatDiff,CompEval,test,TIFF,2848x4288,RGB,False,,NOT_IN_SOURCE_METADATA,NOT_IN_SOURCE_METADATA,OwensLab/CommunityForensics-Eval,7d4a74a88d2cac93b513c0853bf92c260eaceea0,49365d527202f179b93e478f5b32107eb92aaa3f,20261009,PROVISIONAL_METADATA_ONLY_PENDING_HASH_AND_NEAR_DUPLICATE_AUDIT
RAISE_REAL,0164.parquet:0,0164.parquet,0,000005378.tiff,0,RAISE,kandinsky_2_2,LatDiff,CompEval,test,TIFF,3264x4928,RGB,False,,NOT_IN_SOURCE_METADATA,NOT_IN_SOURCE_METADATA,OwensLab/CommunityForensics-Eval,7d4a74a88d2cac93b513c0853bf92c260eaceea0,49365d527202f179b93e478f5b32107eb92aaa3f,20261009,PROVISIONAL_METADATA_ONLY_PENDING_HASH_AND_NEAR_DUPLICATE_AUDIT
RAISE_REAL,0219.parquet:27,0219.parquet,27,000006587.tiff,0,RAISE,kvikontent_midjourney_v6,LatDiff,CompEval,test,TIFF,4928x3264,RGB,False,,NOT_IN_SOURCE_METADATA,NOT_IN_SOURCE_METADATA,OwensLab/CommunityForensics-Eval,7d4a74a88d2cac93b513c0853bf92c260eaceea0,49365d527202f179b93e478f5b32107eb92aaa3f,20261009,PROVISIONAL_METADATA_ONLY_PENDING_HASH_AND_NEAR_DUPLICATE_AUDIT
RAISE_REAL,0401.parquet:116,0401.parquet,116,000004844.tiff,0,RAISE,LCM_lora_ssd1b,LatDiff,CompEval,test,TIFF,4928x3264,RGB,False,,NOT_IN_SOURCE_METADATA,NOT_IN_SOURCE_METADATA,OwensLab/CommunityForensics-Eval,7d4a74a88d2cac93b513c0853bf92c260eaceea0,49365d527202f179b93e478f5b32107eb92aaa3f,20261009,PROVISIONAL_METADATA_ONLY_PENDING_HASH_AND_NEAR_DUPLICATE_AUDIT
RAISE_REAL,0095.parquet:84,0095.parquet,84,000001455.tiff,0,RAISE,kvikontent_midjourney_v6,LatDiff,CompEval,test,TIFF,4928x3264,RGB,False,,NOT_IN_SOURCE_METADATA,NOT_IN_SOURCE_METADATA,OwensLab/CommunityForensics-Eval,7d4a74a88d2cac93b513c0853bf92c260eaceea0,49365d527202f179b93e478f5b32107eb92aaa3f,20261009,PROVISIONAL_METADATA_ONLY_PENDING_HASH_AND_NEAR_DUPLICATE_AUDIT
RAISE_REAL,0041.parquet:103,0041.parquet,103,000000005.tiff,0,RAISE,GALIP,GAN,CompEval,test,TIFF,2848x4288,RGB,False,,NOT_IN_SOURCE_METADATA,NOT_IN_SOURCE_METADATA,OwensLab/CommunityForensics-Eval,7d4a74a88d2cac93b513c0853bf92c260eaceea0,49365d527202f179b93e478f5b32107eb92aaa3f,20261009,PROVISIONAL_METADATA_ONLY_PENDING_HASH_AND_NEAR_DUPLICATE_AUDIT
RAISE_REAL,0325.parquet:39,0325.parquet,39,000007757.tiff,0,RAISE,DeciDiffusionV2,LatDiff,CompEval,test,TIFF,4928x3264,RGB,False,,NOT_IN_SOURCE_METADATA,NOT_IN_SOURCE_METADATA,OwensLab/CommunityForensics-Eval,7d4a74a88d2cac93b513c0853bf92c260eaceea0,49365d527202f179b93e478f5b32107eb92aaa3f,20261009,PROVISIONAL_METADATA_ONLY_PENDING_HASH_AND_NEAR_DUPLICATE_AUDIT
RAISE_REAL,0378.parquet:65,0378.parquet,65,000005551.tiff,0,RAISE,LCM_lora_sdxl,LatDiff,CompEval,test,TIFF,3264x4928,RGB,False,,NOT_IN_SOURCE_METADATA,NOT_IN_SOURCE_METADATA,OwensLab/CommunityForensics-Eval,7d4a74a88d2cac93b513c0853bf92c260eaceea0,49365d527202f179b93e478f5b32107eb92aaa3f,20261009,PROVISIONAL_METADATA_ONLY_PENDING_HASH_AND_NEAR_DUPLICATE_AUDIT
RAISE_REAL,0222.parquet:96,0222.parquet,96,000004705.tiff,0,RAISE,kvikontent_midjourney_v6,LatDiff,CompEval,test,TIFF,4928x3264,RGB,False,,NOT_IN_SOURCE_METADATA,NOT_IN_SOURCE_METADATA,OwensLab/CommunityForensics-Eval,7d4a74a88d2cac93b513c0853bf92c260eaceea0,49365d527202f179b93e478f5b32107eb92aaa3f,20261009,PROVISIONAL_METADATA_ONLY_PENDING_HASH_AND_NEAR_DUPLICATE_AUDIT
RAISE_REAL,0093.parquet:43,0093.parquet,43,000000437.tiff,0,RAISE,kvikontent_midjourney_v6,LatDiff,CompEval,test,TIFF,4288x2848,RGB,False,,NOT_IN_SOURCE_METADATA,NOT_IN_SOURCE_METADATA,OwensLab/CommunityForensics-Eval,7d4a74a88d2cac93b513c0853bf92c260eaceea0,49365d527202f179b93e478f5b32107eb92aaa3f,20261009,PROVISIONAL_METADATA_ONLY_PENDING_HASH_AND_NEAR_DUPLICATE_AUDIT
RAISE_REAL,0376.parquet:64,0376.parquet,64,000000198.tiff,0,RAISE,LCM_lora_sdxl,LatDiff,CompEval,test,TIFF,4928x3264,RGB,False,,NOT_IN_SOURCE_METADATA,NOT_IN_SOURCE_METADATA,OwensLab/CommunityForensics-Eval,7d4a74a88d2cac93b513c0853bf92c260eaceea0,49365d527202f179b93e478f5b32107eb92aaa3f,20261009,PROVISIONAL_METADATA_ONLY_PENDING_HASH_AND_NEAR_DUPLICATE_AUDIT
RAISE_REAL,0364.parquet:65,0364.parquet,65,000002136.tiff,0,RAISE,LCM_lora_sdv15,LatDiff,CompEval,test,TIFF,4288x2848,RGB,False,,NOT_IN_SOURCE_METADATA,NOT_IN_SOURCE_METADATA,OwensLab/CommunityForensics-Eval,7d4a74a88d2cac93b513c0853bf92c260eaceea0,49365d527202f179b93e478f5b32107eb92aaa3f,20261009,PROVISIONAL_METADATA_ONLY_PENDING_HASH_AND_NEAR_DUPLICATE_AUDIT
RAISE_REAL,0261.parquet:57,0261.parquet,57,000005040.tiff,0,RAISE,stable_cascade,Other,CompEval,test,TIFF,4928x3264,RGB,False,,NOT_IN_SOURCE_METADATA,NOT_IN_SOURCE_METADATA,OwensLab/CommunityForensics-Eval,7d4a74a88d2cac93b513c0853bf92c260eaceea0,49365d527202f179b93e478f5b32107eb92aaa3f,20261009,PROVISIONAL_METADATA_ONLY_PENDING_HASH_AND_NEAR_DUPLICATE_AUDIT
RAISE_REAL,0258.parquet:5,0258.parquet,5,000003819.tiff,0,RAISE,stable_cascade,Other,CompEval,test,TIFF,4288x2848,RGB,False,,NOT_IN_SOURCE_METADATA,NOT_IN_SOURCE_METADATA,OwensLab/CommunityForensics-Eval,7d4a74a88d2cac93b513c0853bf92c260eaceea0,49365d527202f179b93e478f5b32107eb92aaa3f,20261009,PROVISIONAL_METADATA_ONLY_PENDING_HASH_AND_NEAR_DUPLICATE_AUDIT
RAISE_REAL,0324.parquet:94,0324.parquet,94,000003454.tiff,0,RAISE,DeciDiffusionV2,LatDiff,CompEval,test,TIFF,2848x4288,RGB,False,,NOT_IN_SOURCE_METADATA,NOT_IN_SOURCE_METADATA,OwensLab/CommunityForensics-Eval,7d4a74a88d2cac93b513c0853bf92c260eaceea0,49365d527202f179b93e478f5b32107eb92aaa3f,20261009,PROVISIONAL_METADATA_ONLY_PENDING_HASH_AND_NEAR_DUPLICATE_AUDIT
RAISE_REAL,0220.parquet:105,0220.parquet,105,000006960.tiff,0,RAISE,kvikontent_midjourney_v6,LatDiff,CompEval,test,TIFF,4928x3264,RGB,False,,NOT_IN_SOURCE_METADATA,NOT_IN_SOURCE_METADATA,OwensLab/CommunityForensics-Eval,7d4a74a88d2cac93b513c0853bf92c260eaceea0,49365d527202f179b93e478f5b32107eb92aaa3f,20261009,PROVISIONAL_METADATA_ONLY_PENDING_HASH_AND_NEAR_DUPLICATE_AUDIT
RAISE_REAL,0261.parquet:43,0261.parquet,43,000002234.tiff,0,RAISE,stable_cascade,Other,CompEval,test,TIFF,4288x2848,RGB,False,,NOT_IN_SOURCE_METADATA,NOT_IN_SOURCE_METADATA,OwensLab/CommunityForensics-Eval,7d4a74a88d2cac93b513c0853bf92c260eaceea0,49365d527202f179b93e478f5b32107eb92aaa3f,20261009,PROVISIONAL_METADATA_ONLY_PENDING_HASH_AND_NEAR_DUPLICATE_AUDIT
RAISE_REAL,0219.parquet:45,0219.parquet,45,000008044.tiff,0,RAISE,kvikontent_midjourney_v6,LatDiff,CompEval,test,TIFF,4928x3264,RGB,False,,NOT_IN_SOURCE_METADATA,NOT_IN_SOURCE_METADATA,OwensLab/CommunityForensics-Eval,7d4a74a88d2cac93b513c0853bf92c260eaceea0,49365d527202f179b93e478f5b32107eb92aaa3f,20261009,PROVISIONAL_METADATA_ONLY_PENDING_HASH_AND_NEAR_DUPLICATE_AUDIT
RAISE_REAL,0160.parquet:124,0160.parquet,124,000008009.tiff,0,RAISE,kandinsky_2_2,LatDiff,CompEval,test,TIFF,4928x3264,RGB,False,,NOT_IN_SOURCE_METADATA,NOT_IN_SOURCE_METADATA,OwensLab/CommunityForensics-Eval,7d4a74a88d2cac93b513c0853bf92c260eaceea0,49365d527202f179b93e478f5b32107eb92aaa3f,20261009,PROVISIONAL_METADATA_ONLY_PENDING_HASH_AND_NEAR_DUPLICATE_AUDIT
RAISE_REAL,0118.parquet:115,0118.parquet,115,000004235.tiff,0,RAISE,LCM_lora_sdv15,LatDiff,CompEval,test,TIFF,4928x3264,RGB,False,,NOT_IN_SOURCE_METADATA,NOT_IN_SOURCE_METADATA,OwensLab/CommunityForensics-Eval,7d4a74a88d2cac93b513c0853bf92c260eaceea0,49365d527202f179b93e478f5b32107eb92aaa3f,20261009,PROVISIONAL_METADATA_ONLY_PENDING_HASH_AND_NEAR_DUPLICATE_AUDIT
RAISE_REAL,0116.parquet:86,0116.parquet,86,000004281.tiff,0,RAISE,LCM_lora_sdv15,LatDiff,CompEval,test,TIFF,4928x3264,RGB,False,,NOT_IN_SOURCE_METADATA,NOT_IN_SOURCE_METADATA,OwensLab/CommunityForensics-Eval,7d4a74a88d2cac93b513c0853bf92c260eaceea0,49365d527202f179b93e478f5b32107eb92aaa3f,20261009,PROVISIONAL_METADATA_ONLY_PENDING_HASH_AND_NEAR_DUPLICATE_AUDIT
RAISE_REAL,0041.parquet:54,0041.parquet,54,000005823.tiff,0,RAISE,GALIP,GAN,CompEval,test,TIFF,3264x4928,RGB,False,,NOT_IN_SOURCE_METADATA,NOT_IN_SOURCE_METADATA,OwensLab/CommunityForensics-Eval,7d4a74a88d2cac93b513c0853bf92c260eaceea0,49365d527202f179b93e478f5b32107eb92aaa3f,20261009,PROVISIONAL_METADATA_ONLY_PENDING_HASH_AND_NEAR_DUPLICATE_AUDIT
RAISE_REAL,0118.parquet:30,0118.parquet,30,000007366.tiff,0,RAISE,LCM_lora_sdv15,LatDiff,CompEval,test,TIFF,4928x3264,RGB,False,,NOT_IN_SOURCE_METADATA,NOT_IN_SOURCE_METADATA,OwensLab/CommunityForensics-Eval,7d4a74a88d2cac93b513c0853bf92c260eaceea0,49365d527202f179b93e478f5b32107eb92aaa3f,20261009,PROVISIONAL_METADATA_ONLY_PENDING_HASH_AND_NEAR_DUPLICATE_AUDIT
RAISE_REAL,0403.parquet:83,0403.parquet,83,000000269.tiff,0,RAISE,LCM_lora_ssd1b,LatDiff,CompEval,test,TIFF,3264x4928,RGB,False,,NOT_IN_SOURCE_METADATA,NOT_IN_SOURCE_METADATA,OwensLab/CommunityForensics-Eval,7d4a74a88d2cac93b513c0853bf92c260eaceea0,49365d527202f179b93e478f5b32107eb92aaa3f,20261009,PROVISIONAL_METADATA_ONLY_PENDING_HASH_AND_NEAR_DUPLICATE_AUDIT
RAISE_REAL,0015.parquet:110,0015.parquet,110,000007038.tiff,0,RAISE,kandinsky_2_2,LatDiff,CompEval,test,TIFF,4928x3264,RGB,False,,NOT_IN_SOURCE_METADATA,NOT_IN_SOURCE_METADATA,OwensLab/CommunityForensics-Eval,7d4a74a88d2cac93b513c0853bf92c260eaceea0,49365d527202f179b93e478f5b32107eb92aaa3f,20261009,PROVISIONAL_METADATA_ONLY_PENDING_HASH_AND_NEAR_DUPLICATE_AUDIT
RAISE_REAL,0040.parquet:3,0040.parquet,3,000007864.tiff,0,RAISE,GALIP,GAN,CompEval,test,TIFF,4928x3264,RGB,False,,NOT_IN_SOURCE_METADATA,NOT_IN_SOURCE_METADATA,OwensLab/CommunityForensics-Eval,7d4a74a88d2cac93b513c0853bf92c260eaceea0,49365d527202f179b93e478f5b32107eb92aaa3f,20261009,PROVISIONAL_METADATA_ONLY_PENDING_HASH_AND_NEAR_DUPLICATE_AUDIT
RAISE_REAL,0379.parquet:17,0379.parquet,17,000000944.tiff,0,RAISE,LCM_lora_sdxl,LatDiff,CompEval,test,TIFF,3264x4928,RGB,False,,NOT_IN_SOURCE_METADATA,NOT_IN_SOURCE_METADATA,OwensLab/CommunityForensics-Eval,7d4a74a88d2cac93b513c0853bf92c260eaceea0,49365d527202f179b93e478f5b32107eb92aaa3f,20261009,PROVISIONAL_METADATA_ONLY_PENDING_HASH_AND_NEAR_DUPLICATE_AUDIT
RAISE_REAL,0044.parquet:99,0044.parquet,99,000001075.tiff,0,RAISE,GALIP,GAN,CompEval,test,TIFF,4928x3264,RGB,False,,NOT_IN_SOURCE_METADATA,NOT_IN_SOURCE_METADATA,OwensLab/CommunityForensics-Eval,7d4a74a88d2cac93b513c0853bf92c260eaceea0,49365d527202f179b93e478f5b32107eb92aaa3f,20261009,PROVISIONAL_METADATA_ONLY_PENDING_HASH_AND_NEAR_DUPLICATE_AUDIT
RAISE_REAL,0222.parquet:92,0222.parquet,92,000007621.tiff,0,RAISE,kvikontent_midjourney_v6,LatDiff,CompEval,test,TIFF,4928x3264,RGB,False,,NOT_IN_SOURCE_METADATA,NOT_IN_SOURCE_METADATA,OwensLab/CommunityForensics-Eval,7d4a74a88d2cac93b513c0853bf92c260eaceea0,49365d527202f179b93e478f5b32107eb92aaa3f,20261009,PROVISIONAL_METADATA_ONLY_PENDING_HASH_AND_NEAR_DUPLICATE_AUDIT
RAISE_REAL,0323.parquet:90,0323.parquet,90,000002643.tiff,0,RAISE,DeciDiffusionV2,LatDiff,CompEval,test,TIFF,4288x2848,RGB,False,,NOT_IN_SOURCE_METADATA,NOT_IN_SOURCE_METADATA,OwensLab/CommunityForensics-Eval,7d4a74a88d2cac93b513c0853bf92c260eaceea0,49365d527202f179b93e478f5b32107eb92aaa3f,20261009,PROVISIONAL_METADATA_ONLY_PENDING_HASH_AND_NEAR_DUPLICATE_AUDIT
RAISE_REAL,0260.parquet:67,0260.parquet,67,000002941.tiff,0,RAISE,stable_cascade,Other,CompEval,test,TIFF,4288x2848,RGB,False,,NOT_IN_SOURCE_METADATA,NOT_IN_SOURCE_METADATA,OwensLab/CommunityForensics-Eval,7d4a74a88d2cac93b513c0853bf92c260eaceea0,49365d527202f179b93e478f5b32107eb92aaa3f,20261009,PROVISIONAL_METADATA_ONLY_PENDING_HASH_AND_NEAR_DUPLICATE_AUDIT
RAISE_REAL,0403.parquet:27,0403.parquet,27,000004081.tiff,0,RAISE,LCM_lora_ssd1b,LatDiff,CompEval,test,TIFF,4928x3264,RGB,False,,NOT_IN_SOURCE_METADATA,NOT_IN_SOURCE_METADATA,OwensLab/CommunityForensics-Eval,7d4a74a88d2cac93b513c0853bf92c260eaceea0,49365d527202f179b93e478f5b32107eb92aaa3f,20261009,PROVISIONAL_METADATA_ONLY_PENDING_HASH_AND_NEAR_DUPLICATE_AUDIT
RAISE_REAL,0380.parquet:67,0380.parquet,67,000001943.tiff,0,RAISE,LCM_lora_sdxl,LatDiff,CompEval,test,TIFF,4288x2848,RGB,False,,NOT_IN_SOURCE_METADATA,NOT_IN_SOURCE_METADATA,OwensLab/CommunityForensics-Eval,7d4a74a88d2cac93b513c0853bf92c260eaceea0,49365d527202f179b93e478f5b32107eb92aaa3f,20261009,PROVISIONAL_METADATA_ONLY_PENDING_HASH_AND_NEAR_DUPLICATE_AUDIT
RAISE_REAL,0045.parquet:22,0045.parquet,22,000002842.tiff,0,RAISE,GALIP,GAN,CompEval,test,TIFF,4288x2848,RGB,False,,NOT_IN_SOURCE_METADATA,NOT_IN_SOURCE_METADATA,OwensLab/CommunityForensics-Eval,7d4a74a88d2cac93b513c0853bf92c260eaceea0,49365d527202f179b93e478f5b32107eb92aaa3f,20261009,PROVISIONAL_METADATA_ONLY_PENDING_HASH_AND_NEAR_DUPLICATE_AUDIT
RAISE_REAL,0378.parquet:87,0378.parquet,87,000005683.tiff,0,RAISE,LCM_lora_sdxl,LatDiff,CompEval,test,TIFF,4928x3264,RGB,False,,NOT_IN_SOURCE_METADATA,NOT_IN_SOURCE_METADATA,OwensLab/CommunityForensics-Eval,7d4a74a88d2cac93b513c0853bf92c260eaceea0,49365d527202f179b93e478f5b32107eb92aaa3f,20261009,PROVISIONAL_METADATA_ONLY_PENDING_HASH_AND_NEAR_DUPLICATE_AUDIT
RAISE_REAL,0373.parquet:67,0373.parquet,67,000004794.tiff,0,RAISE,LCM_lora_sdxl,LatDiff,CompEval,test,TIFF,3264x4928,RGB,False,,NOT_IN_SOURCE_METADATA,NOT_IN_SOURCE_METADATA,OwensLab/CommunityForensics-Eval,7d4a74a88d2cac93b513c0853bf92c260eaceea0,49365d527202f179b93e478f5b32107eb92aaa3f,20261009,PROVISIONAL_METADATA_ONLY_PENDING_HASH_AND_NEAR_DUPLICATE_AUDIT
RAISE_REAL,0324.parquet:14,0324.parquet,14,000001790.tiff,0,RAISE,DeciDiffusionV2,LatDiff,CompEval,test,TIFF,4928x3264,RGB,False,,NOT_IN_SOURCE_METADATA,NOT_IN_SOURCE_METADATA,OwensLab/CommunityForensics-Eval,7d4a74a88d2cac93b513c0853bf92c260eaceea0,49365d527202f179b93e478f5b32107eb92aaa3f,20261009,PROVISIONAL_METADATA_ONLY_PENDING_HASH_AND_NEAR_DUPLICATE_AUDIT
RAISE_REAL,0403.parquet:25,0403.parquet,25,000006032.tiff,0,RAISE,LCM_lora_ssd1b,LatDiff,CompEval,test,TIFF,4928x3264,RGB,False,,NOT_IN_SOURCE_METADATA,NOT_IN_SOURCE_METADATA,OwensLab/CommunityForensics-Eval,7d4a74a88d2cac93b513c0853bf92c260eaceea0,49365d527202f179b93e478f5b32107eb92aaa3f,20261009,PROVISIONAL_METADATA_ONLY_PENDING_HASH_AND_NEAR_DUPLICATE_AUDIT
RAISE_REAL,0319.parquet:74,0319.parquet,74,000004096.tiff,0,RAISE,DeciDiffusionV2,LatDiff,CompEval,test,TIFF,4928x3264,RGB,False,,NOT_IN_SOURCE_METADATA,NOT_IN_SOURCE_METADATA,OwensLab/CommunityForensics-Eval,7d4a74a88d2cac93b513c0853bf92c260eaceea0,49365d527202f179b93e478f5b32107eb92aaa3f,20261009,PROVISIONAL_METADATA_ONLY_PENDING_HASH_AND_NEAR_DUPLICATE_AUDIT
RAISE_REAL,0375.parquet:16,0375.parquet,16,000005979.tiff,0,RAISE,LCM_lora_sdxl,LatDiff,CompEval,test,TIFF,3264x4928,RGB,False,,NOT_IN_SOURCE_METADATA,NOT_IN_SOURCE_METADATA,OwensLab/CommunityForensics-Eval,7d4a74a88d2cac93b513c0853bf92c260eaceea0,49365d527202f179b93e478f5b32107eb92aaa3f,20261009,PROVISIONAL_METADATA_ONLY_PENDING_HASH_AND_NEAR_DUPLICATE_AUDIT
RAISE_REAL,0116.parquet:24,0116.parquet,24,000001132.tiff,0,RAISE,LCM_lora_sdv15,LatDiff,CompEval,test,TIFF,4928x3264,RGB,False,,NOT_IN_SOURCE_METADATA,NOT_IN_SOURCE_METADATA,OwensLab/CommunityForensics-Eval,7d4a74a88d2cac93b513c0853bf92c260eaceea0,49365d527202f179b93e478f5b32107eb92aaa3f,20261009,PROVISIONAL_METADATA_ONLY_PENDING_HASH_AND_NEAR_DUPLICATE_AUDIT
RAISE_REAL,0088.parquet:75,0088.parquet,75,000001703.tiff,0,RAISE,kvikontent_midjourney_v6,LatDiff,CompEval,test,TIFF,4928x3264,RGB,False,,NOT_IN_SOURCE_METADATA,NOT_IN_SOURCE_METADATA,OwensLab/CommunityForensics-Eval,7d4a74a88d2cac93b513c0853bf92c260eaceea0,49365d527202f179b93e478f5b32107eb92aaa3f,20261009,PROVISIONAL_METADATA_ONLY_PENDING_HASH_AND_NEAR_DUPLICATE_AUDIT
RAISE_REAL,0164.parquet:89,0164.parquet,89,000000759.tiff,0,RAISE,kandinsky_2_2,LatDiff,CompEval,test,TIFF,4928x3264,RGB,False,,NOT_IN_SOURCE_METADATA,NOT_IN_SOURCE_METADATA,OwensLab/CommunityForensics-Eval,7d4a74a88d2cac93b513c0853bf92c260eaceea0,49365d527202f179b93e478f5b32107eb92aaa3f,20261009,PROVISIONAL_METADATA_ONLY_PENDING_HASH_AND_NEAR_DUPLICATE_AUDIT
RAISE_REAL,0094.parquet:17,0094.parquet,17,000001499.tiff,0,RAISE,kvikontent_midjourney_v6,LatDiff,CompEval,test,TIFF,4928x3264,RGB,False,,NOT_IN_SOURCE_METADATA,NOT_IN_SOURCE_METADATA,OwensLab/CommunityForensics-Eval,7d4a74a88d2cac93b513c0853bf92c260eaceea0,49365d527202f179b93e478f5b32107eb92aaa3f,20261009,PROVISIONAL_METADATA_ONLY_PENDING_HASH_AND_NEAR_DUPLICATE_AUDIT
RAISE_REAL,0159.parquet:114,0159.parquet,114,000006698.tiff,0,RAISE,kandinsky_2_2,LatDiff,CompEval,test,TIFF,4928x3264,RGB,False,,NOT_IN_SOURCE_METADATA,NOT_IN_SOURCE_METADATA,OwensLab/CommunityForensics-Eval,7d4a74a88d2cac93b513c0853bf92c260eaceea0,49365d527202f179b93e478f5b32107eb92aaa3f,20261009,PROVISIONAL_METADATA_ONLY_PENDING_HASH_AND_NEAR_DUPLICATE_AUDIT
RAISE_REAL,0254.parquet:85,0254.parquet,85,000003002.tiff,0,RAISE,stable_cascade,Other,CompEval,test,TIFF,2848x4288,RGB,False,,NOT_IN_SOURCE_METADATA,NOT_IN_SOURCE_METADATA,OwensLab/CommunityForensics-Eval,7d4a74a88d2cac93b513c0853bf92c260eaceea0,49365d527202f179b93e478f5b32107eb92aaa3f,20261009,PROVISIONAL_METADATA_ONLY_PENDING_HASH_AND_NEAR_DUPLICATE_AUDIT
RAISE_REAL,0160.parquet:76,0160.parquet,76,000006557.tiff,0,RAISE,kandinsky_2_2,LatDiff,CompEval,test,TIFF,4928x3264,RGB,False,,NOT_IN_SOURCE_METADATA,NOT_IN_SOURCE_METADATA,OwensLab/CommunityForensics-Eval,7d4a74a88d2cac93b513c0853bf92c260eaceea0,49365d527202f179b93e478f5b32107eb92aaa3f,20261009,PROVISIONAL_METADATA_ONLY_PENDING_HASH_AND_NEAR_DUPLICATE_AUDIT
RAISE_REAL,0377.parquet:86,0377.parquet,86,000000114.tiff,0,RAISE,LCM_lora_sdxl,LatDiff,CompEval,test,TIFF,3008x2000,RGB,False,,NOT_IN_SOURCE_METADATA,NOT_IN_SOURCE_METADATA,OwensLab/CommunityForensics-Eval,7d4a74a88d2cac93b513c0853bf92c260eaceea0,49365d527202f179b93e478f5b32107eb92aaa3f,20261009,PROVISIONAL_METADATA_ONLY_PENDING_HASH_AND_NEAR_DUPLICATE_AUDIT
RAISE_REAL,0198.parquet:98,0198.parquet,98,000006201.tiff,0,RAISE,LCM_lora_ssd1b,LatDiff,CompEval,test,TIFF,4928x3264,RGB,False,,NOT_IN_SOURCE_METADATA,NOT_IN_SOURCE_METADATA,OwensLab/CommunityForensics-Eval,7d4a74a88d2cac93b513c0853bf92c260eaceea0,49365d527202f179b93e478f5b32107eb92aaa3f,20261009,PROVISIONAL_METADATA_ONLY_PENDING_HASH_AND_NEAR_DUPLICATE_AUDIT
RAISE_REAL,0063.parquet:92,0063.parquet,92,000007686.tiff,0,RAISE,LCM_lora_sdxl,LatDiff,CompEval,test,TIFF,4928x3264,RGB,False,,NOT_IN_SOURCE_METADATA,NOT_IN_SOURCE_METADATA,OwensLab/CommunityForensics-Eval,7d4a74a88d2cac93b513c0853bf92c260eaceea0,49365d527202f179b93e478f5b32107eb92aaa3f,20261009,PROVISIONAL_METADATA_ONLY_PENDING_HASH_AND_NEAR_DUPLICATE_AUDIT
RAISE_REAL,0163.parquet:122,0163.parquet,122,000004696.tiff,0,RAISE,kandinsky_2_2,LatDiff,CompEval,test,TIFF,4928x3264,RGB,False,,NOT_IN_SOURCE_METADATA,NOT_IN_SOURCE_METADATA,OwensLab/CommunityForensics-Eval,7d4a74a88d2cac93b513c0853bf92c260eaceea0,49365d527202f179b93e478f5b32107eb92aaa3f,20261009,PROVISIONAL_METADATA_ONLY_PENDING_HASH_AND_NEAR_DUPLICATE_AUDIT
RAISE_REAL,0089.parquet:16,0089.parquet,16,000006004.tiff,0,RAISE,kvikontent_midjourney_v6,LatDiff,CompEval,test,TIFF,4928x3264,RGB,False,,NOT_IN_SOURCE_METADATA,NOT_IN_SOURCE_METADATA,OwensLab/CommunityForensics-Eval,7d4a74a88d2cac93b513c0853bf92c260eaceea0,49365d527202f179b93e478f5b32107eb92aaa3f,20261009,PROVISIONAL_METADATA_ONLY_PENDING_HASH_AND_NEAR_DUPLICATE_AUDIT
RAISE_REAL,0257.parquet:84,0257.parquet,84,000002336.tiff,0,RAISE,stable_cascade,Other,CompEval,test,TIFF,4288x2848,RGB,False,,NOT_IN_SOURCE_METADATA,NOT_IN_SOURCE_METADATA,OwensLab/CommunityForensics-Eval,7d4a74a88d2cac93b513c0853bf92c260eaceea0,49365d527202f179b93e478f5b32107eb92aaa3f,20261009,PROVISIONAL_METADATA_ONLY_PENDING_HASH_AND_NEAR_DUPLICATE_AUDIT
RAISE_REAL,0378.parquet:108,0378.parquet,108,000000973.tiff,0,RAISE,LCM_lora_sdxl,LatDiff,CompEval,test,TIFF,4928x3264,RGB,False,,NOT_IN_SOURCE_METADATA,NOT_IN_SOURCE_METADATA,OwensLab/CommunityForensics-Eval,7d4a74a88d2cac93b513c0853bf92c260eaceea0,49365d527202f179b93e478f5b32107eb92aaa3f,20261009,PROVISIONAL_METADATA_ONLY_PENDING_HASH_AND_NEAR_DUPLICATE_AUDIT
RAISE_REAL,0114.parquet:26,0114.parquet,26,000002472.tiff,0,RAISE,LCM_lora_sdv15,LatDiff,CompEval,test,TIFF,2848x4288,RGB,False,,NOT_IN_SOURCE_METADATA,NOT_IN_SOURCE_METADATA,OwensLab/CommunityForensics-Eval,7d4a74a88d2cac93b513c0853bf92c260eaceea0,49365d527202f179b93e478f5b32107eb92aaa3f,20261009,PROVISIONAL_METADATA_ONLY_PENDING_HASH_AND_NEAR_DUPLICATE_AUDIT
RAISE_REAL,0377.parquet:40,0377.parquet,40,000005506.tiff,0,RAISE,LCM_lora_sdxl,LatDiff,CompEval,test,TIFF,4928x3264,RGB,False,,NOT_IN_SOURCE_METADATA,NOT_IN_SOURCE_METADATA,OwensLab/CommunityForensics-Eval,7d4a74a88d2cac93b513c0853bf92c260eaceea0,49365d527202f179b93e478f5b32107eb92aaa3f,20261009,PROVISIONAL_METADATA_ONLY_PENDING_HASH_AND_NEAR_DUPLICATE_AUDIT
RAISE_REAL,0259.parquet:115,0259.parquet,115,000001893.tiff,0,RAISE,stable_cascade,Other,CompEval,test,TIFF,4928x3264,RGB,False,,NOT_IN_SOURCE_METADATA,NOT_IN_SOURCE_METADATA,OwensLab/CommunityForensics-Eval,7d4a74a88d2cac93b513c0853bf92c260eaceea0,49365d527202f179b93e478f5b32107eb92aaa3f,20261009,PROVISIONAL_METADATA_ONLY_PENDING_HASH_AND_NEAR_DUPLICATE_AUDIT
RAISE_REAL,0093.parquet:65,0093.parquet,65,000000972.tiff,0,RAISE,kvikontent_midjourney_v6,LatDiff,CompEval,test,TIFF,4928x3264,RGB,False,,NOT_IN_SOURCE_METADATA,NOT_IN_SOURCE_METADATA,OwensLab/CommunityForensics-Eval,7d4a74a88d2cac93b513c0853bf92c260eaceea0,49365d527202f179b93e478f5b32107eb92aaa3f,20261009,PROVISIONAL_METADATA_ONLY_PENDING_HASH_AND_NEAR_DUPLICATE_AUDIT
RAISE_REAL,0115.parquet:74,0115.parquet,74,000006454.tiff,0,RAISE,LCM_lora_sdv15,LatDiff,CompEval,test,TIFF,4928x3264,RGB,False,,NOT_IN_SOURCE_METADATA,NOT_IN_SOURCE_METADATA,OwensLab/CommunityForensics-Eval,7d4a74a88d2cac93b513c0853bf92c260eaceea0,49365d527202f179b93e478f5b32107eb92aaa3f,20261009,PROVISIONAL_METADATA_ONLY_PENDING_HASH_AND_NEAR_DUPLICATE_AUDIT
RAISE_REAL,0161.parquet:125,0161.parquet,125,000000028.tiff,0,RAISE,kandinsky_2_2,LatDiff,CompEval,test,TIFF,4288x2848,RGB,False,,NOT_IN_SOURCE_METADATA,NOT_IN_SOURCE_METADATA,OwensLab/CommunityForensics-Eval,7d4a74a88d2cac93b513c0853bf92c260eaceea0,49365d527202f179b93e478f5b32107eb92aaa3f,20261009,PROVISIONAL_METADATA_ONLY_PENDING_HASH_AND_NEAR_DUPLICATE_AUDIT
RAISE_REAL,0261.parquet:101,0261.parquet,101,000007409.tiff,0,RAISE,stable_cascade,Other,CompEval,test,TIFF,4928x3264,RGB,False,,NOT_IN_SOURCE_METADATA,NOT_IN_SOURCE_METADATA,OwensLab/CommunityForensics-Eval,7d4a74a88d2cac93b513c0853bf92c260eaceea0,49365d527202f179b93e478f5b32107eb92aaa3f,20261009,PROVISIONAL_METADATA_ONLY_PENDING_HASH_AND_NEAR_DUPLICATE_AUDIT
RAISE_REAL,0220.parquet:38,0220.parquet,38,000007799.tiff,0,RAISE,kvikontent_midjourney_v6,LatDiff,CompEval,test,TIFF,4928x3264,RGB,False,,NOT_IN_SOURCE_METADATA,NOT_IN_SOURCE_METADATA,OwensLab/CommunityForensics-Eval,7d4a74a88d2cac93b513c0853bf92c260eaceea0,49365d527202f179b93e478f5b32107eb92aaa3f,20261009,PROVISIONAL_METADATA_ONLY_PENDING_HASH_AND_NEAR_DUPLICATE_AUDIT
RAISE_REAL,0117.parquet:105,0117.parquet,105,000007619.tiff,0,RAISE,LCM_lora_sdv15,LatDiff,CompEval,test,TIFF,4928x3264,RGB,False,,NOT_IN_SOURCE_METADATA,NOT_IN_SOURCE_METADATA,OwensLab/CommunityForensics-Eval,7d4a74a88d2cac93b513c0853bf92c260eaceea0,49365d527202f179b93e478f5b32107eb92aaa3f,20261009,PROVISIONAL_METADATA_ONLY_PENDING_HASH_AND_NEAR_DUPLICATE_AUDIT
RAISE_REAL,0089.parquet:49,0089.parquet,49,000004969.tiff,0,RAISE,kvikontent_midjourney_v6,LatDiff,CompEval,test,TIFF,4928x3264,RGB,False,,NOT_IN_SOURCE_METADATA,NOT_IN_SOURCE_METADATA,OwensLab/CommunityForensics-Eval,7d4a74a88d2cac93b513c0853bf92c260eaceea0,49365d527202f179b93e478f5b32107eb92aaa3f,20261009,PROVISIONAL_METADATA_ONLY_PENDING_HASH_AND_NEAR_DUPLICATE_AUDIT
RAISE_REAL,0397.parquet:58,0397.parquet,58,000008022.tiff,0,RAISE,LCM_lora_ssd1b,LatDiff,CompEval,test,TIFF,3264x4928,RGB,False,,NOT_IN_SOURCE_METADATA,NOT_IN_SOURCE_METADATA,OwensLab/CommunityForensics-Eval,7d4a74a88d2cac93b513c0853bf92c260eaceea0,49365d527202f179b93e478f5b32107eb92aaa3f,20261009,PROVISIONAL_METADATA_ONLY_PENDING_HASH_AND_NEAR_DUPLICATE_AUDIT
RAISE_REAL,0359.parquet:52,0359.parquet,52,000005121.tiff,0,RAISE,LCM_lora_sdv15,LatDiff,CompEval,test,TIFF,4928x3264,RGB,False,,NOT_IN_SOURCE_METADATA,NOT_IN_SOURCE_METADATA,OwensLab/CommunityForensics-Eval,7d4a74a88d2cac93b513c0853bf92c260eaceea0,49365d527202f179b93e478f5b32107eb92aaa3f,20261009,PROVISIONAL_METADATA_ONLY_PENDING_HASH_AND_NEAR_DUPLICATE_AUDIT
RAISE_REAL,0255.parquet:15,0255.parquet,15,000003886.tiff,0,RAISE,stable_cascade,Other,CompEval,test,TIFF,2848x4288,RGB,False,,NOT_IN_SOURCE_METADATA,NOT_IN_SOURCE_METADATA,OwensLab/CommunityForensics-Eval,7d4a74a88d2cac93b513c0853bf92c260eaceea0,49365d527202f179b93e478f5b32107eb92aaa3f,20261009,PROVISIONAL_METADATA_ONLY_PENDING_HASH_AND_NEAR_DUPLICATE_AUDIT
RAISE_REAL,0063.parquet:95,0063.parquet,95,000004040.tiff,0,RAISE,LCM_lora_sdxl,LatDiff,CompEval,test,TIFF,4288x2848,RGB,False,,NOT_IN_SOURCE_METADATA,NOT_IN_SOURCE_METADATA,OwensLab/CommunityForensics-Eval,7d4a74a88d2cac93b513c0853bf92c260eaceea0,49365d527202f179b93e478f5b32107eb92aaa3f,20261009,PROVISIONAL_METADATA_ONLY_PENDING_HASH_AND_NEAR_DUPLICATE_AUDIT
RAISE_REAL,0315.parquet:74,0315.parquet,74,000001381.tiff,0,RAISE,DeciDiffusionV2,LatDiff,CompEval,test,TIFF,4928x3264,RGB,False,,NOT_IN_SOURCE_METADATA,NOT_IN_SOURCE_METADATA,OwensLab/CommunityForensics-Eval,7d4a74a88d2cac93b513c0853bf92c260eaceea0,49365d527202f179b93e478f5b32107eb92aaa3f,20261009,PROVISIONAL_METADATA_ONLY_PENDING_HASH_AND_NEAR_DUPLICATE_AUDIT
RAISE_REAL,0115.parquet:118,0115.parquet,118,000003120.tiff,0,RAISE,LCM_lora_sdv15,LatDiff,CompEval,test,TIFF,2848x4288,RGB,False,,NOT_IN_SOURCE_METADATA,NOT_IN_SOURCE_METADATA,OwensLab/CommunityForensics-Eval,7d4a74a88d2cac93b513c0853bf92c260eaceea0,49365d527202f179b93e478f5b32107eb92aaa3f,20261009,PROVISIONAL_METADATA_ONLY_PENDING_HASH_AND_NEAR_DUPLICATE_AUDIT
RAISE_REAL,0116.parquet:107,0116.parquet,107,000006600.tiff,0,RAISE,LCM_lora_sdv15,LatDiff,CompEval,test,TIFF,4928x3264,RGB,False,,NOT_IN_SOURCE_METADATA,NOT_IN_SOURCE_METADATA,OwensLab/CommunityForensics-Eval,7d4a74a88d2cac93b513c0853bf92c260eaceea0,49365d527202f179b93e478f5b32107eb92aaa3f,20261009,PROVISIONAL_METADATA_ONLY_PENDING_HASH_AND_NEAR_DUPLICATE_AUDIT
RAISE_REAL,0115.parquet:92,0115.parquet,92,000003633.tiff,0,RAISE,LCM_lora_sdv15,LatDiff,CompEval,test,TIFF,4288x2848,RGB,False,,NOT_IN_SOURCE_METADATA,NOT_IN_SOURCE_METADATA,OwensLab/CommunityForensics-Eval,7d4a74a88d2cac93b513c0853bf92c260eaceea0,49365d527202f179b93e478f5b32107eb92aaa3f,20261009,PROVISIONAL_METADATA_ONLY_PENDING_HASH_AND_NEAR_DUPLICATE_AUDIT
RAISE_REAL,0270.parquet:13,0270.parquet,13,000003322.tiff,0,RAISE,GALIP,GAN,CompEval,test,TIFF,4288x2848,RGB,False,,NOT_IN_SOURCE_METADATA,NOT_IN_SOURCE_METADATA,OwensLab/CommunityForensics-Eval,7d4a74a88d2cac93b513c0853bf92c260eaceea0,49365d527202f179b93e478f5b32107eb92aaa3f,20261009,PROVISIONAL_METADATA_ONLY_PENDING_HASH_AND_NEAR_DUPLICATE_AUDIT
RAISE_REAL,0375.parquet:21,0375.parquet,21,000002891.tiff,0,RAISE,LCM_lora_sdxl,LatDiff,CompEval,test,TIFF,4288x2848,RGB,False,,NOT_IN_SOURCE_METADATA,NOT_IN_SOURCE_METADATA,OwensLab/CommunityForensics-Eval,7d4a74a88d2cac93b513c0853bf92c260eaceea0,49365d527202f179b93e478f5b32107eb92aaa3f,20261009,PROVISIONAL_METADATA_ONLY_PENDING_HASH_AND_NEAR_DUPLICATE_AUDIT
RAISE_REAL,0045.parquet:103,0045.parquet,103,000001694.tiff,0,RAISE,GALIP,GAN,CompEval,test,TIFF,4928x3264,RGB,False,,NOT_IN_SOURCE_METADATA,NOT_IN_SOURCE_METADATA,OwensLab/CommunityForensics-Eval,7d4a74a88d2cac93b513c0853bf92c260eaceea0,49365d527202f179b93e478f5b32107eb92aaa3f,20261009,PROVISIONAL_METADATA_ONLY_PENDING_HASH_AND_NEAR_DUPLICATE_AUDIT
RAISE_REAL,0258.parquet:1,0258.parquet,1,000002638.tiff,0,RAISE,stable_cascade,Other,CompEval,test,TIFF,4288x2848,RGB,False,,NOT_IN_SOURCE_METADATA,NOT_IN_SOURCE_METADATA,OwensLab/CommunityForensics-Eval,7d4a74a88d2cac93b513c0853bf92c260eaceea0,49365d527202f179b93e478f5b32107eb92aaa3f,20261009,PROVISIONAL_METADATA_ONLY_PENDING_HASH_AND_NEAR_DUPLICATE_AUDIT
RAISE_REAL,0041.parquet:67,0041.parquet,67,000007249.tiff,0,RAISE,GALIP,GAN,CompEval,test,TIFF,4928x3264,RGB,False,,NOT_IN_SOURCE_METADATA,NOT_IN_SOURCE_METADATA,OwensLab/CommunityForensics-Eval,7d4a74a88d2cac93b513c0853bf92c260eaceea0,49365d527202f179b93e478f5b32107eb92aaa3f,20261009,PROVISIONAL_METADATA_ONLY_PENDING_HASH_AND_NEAR_DUPLICATE_AUDIT
RAISE_REAL,0089.parquet:78,0089.parquet,78,000001196.tiff,0,RAISE,kvikontent_midjourney_v6,LatDiff,CompEval,test,TIFF,4928x3264,RGB,False,,NOT_IN_SOURCE_METADATA,NOT_IN_SOURCE_METADATA,OwensLab/CommunityForensics-Eval,7d4a74a88d2cac93b513c0853bf92c260eaceea0,49365d527202f179b93e478f5b32107eb92aaa3f,20261009,PROVISIONAL_METADATA_ONLY_PENDING_HASH_AND_NEAR_DUPLICATE_AUDIT
RAISE_REAL,0164.parquet:68,0164.parquet,68,000001761.tiff,0,RAISE,kandinsky_2_2,LatDiff,CompEval,test,TIFF,3264x4928,RGB,False,,NOT_IN_SOURCE_METADATA,NOT_IN_SOURCE_METADATA,OwensLab/CommunityForensics-Eval,7d4a74a88d2cac93b513c0853bf92c260eaceea0,49365d527202f179b93e478f5b32107eb92aaa3f,20261009,PROVISIONAL_METADATA_ONLY_PENDING_HASH_AND_NEAR_DUPLICATE_AUDIT
RAISE_REAL,0322.parquet:33,0322.parquet,33,000001163.tiff,0,RAISE,DeciDiffusionV2,LatDiff,CompEval,test,TIFF,4928x3264,RGB,False,,NOT_IN_SOURCE_METADATA,NOT_IN_SOURCE_METADATA,OwensLab/CommunityForensics-Eval,7d4a74a88d2cac93b513c0853bf92c260eaceea0,49365d527202f179b93e478f5b32107eb92aaa3f,20261009,PROVISIONAL_METADATA_ONLY_PENDING_HASH_AND_NEAR_DUPLICATE_AUDIT
RAISE_REAL,0160.parquet:23,0160.parquet,23,000000289.tiff,0,RAISE,kandinsky_2_2,LatDiff,CompEval,test,TIFF,3264x4928,RGB,False,,NOT_IN_SOURCE_METADATA,NOT_IN_SOURCE_METADATA,OwensLab/CommunityForensics-Eval,7d4a74a88d2cac93b513c0853bf92c260eaceea0,49365d527202f179b93e478f5b32107eb92aaa3f,20261009,PROVISIONAL_METADATA_ONLY_PENDING_HASH_AND_NEAR_DUPLICATE_AUDIT
RAISE_REAL,0255.parquet:33,0255.parquet,33,000007833.tiff,0,RAISE,stable_cascade,Other,CompEval,test,TIFF,4928x3264,RGB,False,,NOT_IN_SOURCE_METADATA,NOT_IN_SOURCE_METADATA,OwensLab/CommunityForensics-Eval,7d4a74a88d2cac93b513c0853bf92c260eaceea0,49365d527202f179b93e478f5b32107eb92aaa3f,20261009,PROVISIONAL_METADATA_ONLY_PENDING_HASH_AND_NEAR_DUPLICATE_AUDIT
RAISE_REAL,0260.parquet:97,0260.parquet,97,000002082.tiff,0,RAISE,stable_cascade,Other,CompEval,test,TIFF,2848x4288,RGB,False,,NOT_IN_SOURCE_METADATA,NOT_IN_SOURCE_METADATA,OwensLab/CommunityForensics-Eval,7d4a74a88d2cac93b513c0853bf92c260eaceea0,49365d527202f179b93e478f5b32107eb92aaa3f,20261009,PROVISIONAL_METADATA_ONLY_PENDING_HASH_AND_NEAR_DUPLICATE_AUDIT
RAISE_REAL,0095.parquet:69,0095.parquet,69,000000866.tiff,0,RAISE,kvikontent_midjourney_v6,LatDiff,CompEval,test,TIFF,4928x3264,RGB,False,,NOT_IN_SOURCE_METADATA,NOT_IN_SOURCE_METADATA,OwensLab/CommunityForensics-Eval,7d4a74a88d2cac93b513c0853bf92c260eaceea0,49365d527202f179b93e478f5b32107eb92aaa3f,20261009,PROVISIONAL_METADATA_ONLY_PENDING_HASH_AND_NEAR_DUPLICATE_AUDIT
RAISE_REAL,0315.parquet:77,0315.parquet,77,000004240.tiff,0,RAISE,DeciDiffusionV2,LatDiff,CompEval,test,TIFF,4928x3264,RGB,False,,NOT_IN_SOURCE_METADATA,NOT_IN_SOURCE_METADATA,OwensLab/CommunityForensics-Eval,7d4a74a88d2cac93b513c0853bf92c260eaceea0,49365d527202f179b93e478f5b32107eb92aaa3f,20261009,PROVISIONAL_METADATA_ONLY_PENDING_HASH_AND_NEAR_DUPLICATE_AUDIT
RAISE_REAL,0256.parquet:44,0256.parquet,44,000004229.tiff,0,RAISE,stable_cascade,Other,CompEval,test,TIFF,4928x3264,RGB,False,,NOT_IN_SOURCE_METADATA,NOT_IN_SOURCE_METADATA,OwensLab/CommunityForensics-Eval,7d4a74a88d2cac93b513c0853bf92c260eaceea0,49365d527202f179b93e478f5b32107eb92aaa3f,20261009,PROVISIONAL_METADATA_ONLY_PENDING_HASH_AND_NEAR_DUPLICATE_AUDIT
RAISE_REAL,0365.parquet:43,0365.parquet,43,000000021.tiff,0,RAISE,LCM_lora_sdv15,LatDiff,CompEval,test,TIFF,4288x2848,RGB,False,,NOT_IN_SOURCE_METADATA,NOT_IN_SOURCE_METADATA,OwensLab/CommunityForensics-Eval,7d4a74a88d2cac93b513c0853bf92c260eaceea0,49365d527202f179b93e478f5b32107eb92aaa3f,20261009,PROVISIONAL_METADATA_ONLY_PENDING_HASH_AND_NEAR_DUPLICATE_AUDIT
RAISE_REAL,0043.parquet:76,0043.parquet,76,000007337.tiff,0,RAISE,GALIP,GAN,CompEval,test,TIFF,4928x3264,RGB,False,,NOT_IN_SOURCE_METADATA,NOT_IN_SOURCE_METADATA,OwensLab/CommunityForensics-Eval,7d4a74a88d2cac93b513c0853bf92c260eaceea0,49365d527202f179b93e478f5b32107eb92aaa3f,20261009,PROVISIONAL_METADATA_ONLY_PENDING_HASH_AND_NEAR_DUPLICATE_AUDIT
RAISE_REAL,0219.parquet:107,0219.parquet,107,000002484.tiff,0,RAISE,kvikontent_midjourney_v6,LatDiff,CompEval,test,TIFF,4288x2848,RGB,False,,NOT_IN_SOURCE_METADATA,NOT_IN_SOURCE_METADATA,OwensLab/CommunityForensics-Eval,7d4a74a88d2cac93b513c0853bf92c260eaceea0,49365d527202f179b93e478f5b32107eb92aaa3f,20261009,PROVISIONAL_METADATA_ONLY_PENDING_HASH_AND_NEAR_DUPLICATE_AUDIT
RAISE_REAL,0094.parquet:7,0094.parquet,7,000004520.tiff,0,RAISE,kvikontent_midjourney_v6,LatDiff,CompEval,test,TIFF,4928x3264,RGB,False,,NOT_IN_SOURCE_METADATA,NOT_IN_SOURCE_METADATA,OwensLab/CommunityForensics-Eval,7d4a74a88d2cac93b513c0853bf92c260eaceea0,49365d527202f179b93e478f5b32107eb92aaa3f,20261009,PROVISIONAL_METADATA_ONLY_PENDING_HASH_AND_NEAR_DUPLICATE_AUDIT
RAISE_REAL,0164.parquet:87,0164.parquet,87,000007697.tiff,0,RAISE,kandinsky_2_2,LatDiff,CompEval,test,TIFF,4928x3264,RGB,False,,NOT_IN_SOURCE_METADATA,NOT_IN_SOURCE_METADATA,OwensLab/CommunityForensics-Eval,7d4a74a88d2cac93b513c0853bf92c260eaceea0,49365d527202f179b93e478f5b32107eb92aaa3f,20261009,PROVISIONAL_METADATA_ONLY_PENDING_HASH_AND_NEAR_DUPLICATE_AUDIT
RAISE_REAL,0220.parquet:121,0220.parquet,121,000003594.tiff,0,RAISE,kvikontent_midjourney_v6,LatDiff,CompEval,test,TIFF,2848x4288,RGB,False,,NOT_IN_SOURCE_METADATA,NOT_IN_SOURCE_METADATA,OwensLab/CommunityForensics-Eval,7d4a74a88d2cac93b513c0853bf92c260eaceea0,49365d527202f179b93e478f5b32107eb92aaa3f,20261009,PROVISIONAL_METADATA_ONLY_PENDING_HASH_AND_NEAR_DUPLICATE_AUDIT
RAISE_REAL,0402.parquet:26,0402.parquet,26,000007676.tiff,0,RAISE,LCM_lora_ssd1b,LatDiff,CompEval,test,TIFF,4928x3264,RGB,False,,NOT_IN_SOURCE_METADATA,NOT_IN_SOURCE_METADATA,OwensLab/CommunityForensics-Eval,7d4a74a88d2cac93b513c0853bf92c260eaceea0,49365d527202f179b93e478f5b32107eb92aaa3f,20261009,PROVISIONAL_METADATA_ONLY_PENDING_HASH_AND_NEAR_DUPLICATE_AUDIT
RAISE_REAL,0398.parquet:64,0398.parquet,64,000000467.tiff,0,RAISE,LCM_lora_ssd1b,LatDiff,CompEval,test,TIFF,4288x2848,RGB,False,,NOT_IN_SOURCE_METADATA,NOT_IN_SOURCE_METADATA,OwensLab/CommunityForensics-Eval,7d4a74a88d2cac93b513c0853bf92c260eaceea0,49365d527202f179b93e478f5b32107eb92aaa3f,20261009,PROVISIONAL_METADATA_ONLY_PENDING_HASH_AND_NEAR_DUPLICATE_AUDIT
RAISE_REAL,0374.parquet:42,0374.parquet,42,000007200.tiff,0,RAISE,LCM_lora_sdxl,LatDiff,CompEval,test,TIFF,4928x3264,RGB,False,,NOT_IN_SOURCE_METADATA,NOT_IN_SOURCE_METADATA,OwensLab/CommunityForensics-Eval,7d4a74a88d2cac93b513c0853bf92c260eaceea0,49365d527202f179b93e478f5b32107eb92aaa3f,20261009,PROVISIONAL_METADATA_ONLY_PENDING_HASH_AND_NEAR_DUPLICATE_AUDIT
RAISE_REAL,0161.parquet:39,0161.parquet,39,000005517.tiff,0,RAISE,kandinsky_2_2,LatDiff,CompEval,test,TIFF,4928x3264,RGB,False,,NOT_IN_SOURCE_METADATA,NOT_IN_SOURCE_METADATA,OwensLab/CommunityForensics-Eval,7d4a74a88d2cac93b513c0853bf92c260eaceea0,49365d527202f179b93e478f5b32107eb92aaa3f,20261009,PROVISIONAL_METADATA_ONLY_PENDING_HASH_AND_NEAR_DUPLICATE_AUDIT
RAISE_REAL,0113.parquet:65,0113.parquet,65,000005592.tiff,0,RAISE,LCM_lora_sdv15,LatDiff,CompEval,test,TIFF,4928x3264,RGB,False,,NOT_IN_SOURCE_METADATA,NOT_IN_SOURCE_METADATA,OwensLab/CommunityForensics-Eval,7d4a74a88d2cac93b513c0853bf92c260eaceea0,49365d527202f179b93e478f5b32107eb92aaa3f,20261009,PROVISIONAL_METADATA_ONLY_PENDING_HASH_AND_NEAR_DUPLICATE_AUDIT
RAISE_REAL,0269.parquet:32,0269.parquet,32,000003803.tiff,0,RAISE,GALIP,GAN,CompEval,test,TIFF,2848x4288,RGB,False,,NOT_IN_SOURCE_METADATA,NOT_IN_SOURCE_METADATA,OwensLab/CommunityForensics-Eval,7d4a74a88d2cac93b513c0853bf92c260eaceea0,49365d527202f179b93e478f5b32107eb92aaa3f,20261009,PROVISIONAL_METADATA_ONLY_PENDING_HASH_AND_NEAR_DUPLICATE_AUDIT
RAISE_REAL,0377.parquet:8,0377.parquet,8,000004372.tiff,0,RAISE,LCM_lora_sdxl,LatDiff,CompEval,test,TIFF,4928x3264,RGB,False,,NOT_IN_SOURCE_METADATA,NOT_IN_SOURCE_METADATA,OwensLab/CommunityForensics-Eval,7d4a74a88d2cac93b513c0853bf92c260eaceea0,49365d527202f179b93e478f5b32107eb92aaa3f,20261009,PROVISIONAL_METADATA_ONLY_PENDING_HASH_AND_NEAR_DUPLICATE_AUDIT
RAISE_REAL,0261.parquet:75,0261.parquet,75,000001051.tiff,0,RAISE,stable_cascade,Other,CompEval,test,TIFF,4928x3264,RGB,False,,NOT_IN_SOURCE_METADATA,NOT_IN_SOURCE_METADATA,OwensLab/CommunityForensics-Eval,7d4a74a88d2cac93b513c0853bf92c260eaceea0,49365d527202f179b93e478f5b32107eb92aaa3f,20261009,PROVISIONAL_METADATA_ONLY_PENDING_HASH_AND_NEAR_DUPLICATE_AUDIT
RAISE_REAL,0089.parquet:38,0089.parquet,38,000006805.tiff,0,RAISE,kvikontent_midjourney_v6,LatDiff,CompEval,test,TIFF,3264x4928,RGB,False,,NOT_IN_SOURCE_METADATA,NOT_IN_SOURCE_METADATA,OwensLab/CommunityForensics-Eval,7d4a74a88d2cac93b513c0853bf92c260eaceea0,49365d527202f179b93e478f5b32107eb92aaa3f,20261009,PROVISIONAL_METADATA_ONLY_PENDING_HASH_AND_NEAR_DUPLICATE_AUDIT
RAISE_REAL,0397.parquet:124,0397.parquet,124,000000678.tiff,0,RAISE,LCM_lora_ssd1b,LatDiff,CompEval,test,TIFF,4928x3264,RGB,False,,NOT_IN_SOURCE_METADATA,NOT_IN_SOURCE_METADATA,OwensLab/CommunityForensics-Eval,7d4a74a88d2cac93b513c0853bf92c260eaceea0,49365d527202f179b93e478f5b32107eb92aaa3f,20261009,PROVISIONAL_METADATA_ONLY_PENDING_HASH_AND_NEAR_DUPLICATE_AUDIT
RAISE_REAL,0118.parquet:36,0118.parquet,36,000001037.tiff,0,RAISE,LCM_lora_sdv15,LatDiff,CompEval,test,TIFF,4928x3264,RGB,False,,NOT_IN_SOURCE_METADATA,NOT_IN_SOURCE_METADATA,OwensLab/CommunityForensics-Eval,7d4a74a88d2cac93b513c0853bf92c260eaceea0,49365d527202f179b93e478f5b32107eb92aaa3f,20261009,PROVISIONAL_METADATA_ONLY_PENDING_HASH_AND_NEAR_DUPLICATE_AUDIT
RAISE_REAL,0254.parquet:91,0254.parquet,91,000005415.tiff,0,RAISE,stable_cascade,Other,CompEval,test,TIFF,4928x3264,RGB,False,,NOT_IN_SOURCE_METADATA,NOT_IN_SOURCE_METADATA,OwensLab/CommunityForensics-Eval,7d4a74a88d2cac93b513c0853bf92c260eaceea0,49365d527202f179b93e478f5b32107eb92aaa3f,20261009,PROVISIONAL_METADATA_ONLY_PENDING_HASH_AND_NEAR_DUPLICATE_AUDIT
RAISE_REAL,0041.parquet:114,0041.parquet,114,000001121.tiff,0,RAISE,GALIP,GAN,CompEval,test,TIFF,4928x3264,RGB,False,,NOT_IN_SOURCE_METADATA,NOT_IN_SOURCE_METADATA,OwensLab/CommunityForensics-Eval,7d4a74a88d2cac93b513c0853bf92c260eaceea0,49365d527202f179b93e478f5b32107eb92aaa3f,20261009,PROVISIONAL_METADATA_ONLY_PENDING_HASH_AND_NEAR_DUPLICATE_AUDIT
RAISE_REAL,0376.parquet:0,0376.parquet,0,000006794.tiff,0,RAISE,LCM_lora_sdxl,LatDiff,CompEval,test,TIFF,4928x3264,RGB,False,,NOT_IN_SOURCE_METADATA,NOT_IN_SOURCE_METADATA,OwensLab/CommunityForensics-Eval,7d4a74a88d2cac93b513c0853bf92c260eaceea0,49365d527202f179b93e478f5b32107eb92aaa3f,20261009,PROVISIONAL_METADATA_ONLY_PENDING_HASH_AND_NEAR_DUPLICATE_AUDIT
RAISE_REAL,0268.parquet:92,0268.parquet,92,000005801.tiff,0,RAISE,GALIP,GAN,CompEval,test,TIFF,4928x3264,RGB,False,,NOT_IN_SOURCE_METADATA,NOT_IN_SOURCE_METADATA,OwensLab/CommunityForensics-Eval,7d4a74a88d2cac93b513c0853bf92c260eaceea0,49365d527202f179b93e478f5b32107eb92aaa3f,20261009,PROVISIONAL_METADATA_ONLY_PENDING_HASH_AND_NEAR_DUPLICATE_AUDIT
RAISE_REAL,0400.parquet:7,0400.parquet,7,000005898.tiff,0,RAISE,LCM_lora_ssd1b,LatDiff,CompEval,test,TIFF,4928x3264,RGB,False,,NOT_IN_SOURCE_METADATA,NOT_IN_SOURCE_METADATA,OwensLab/CommunityForensics-Eval,7d4a74a88d2cac93b513c0853bf92c260eaceea0,49365d527202f179b93e478f5b32107eb92aaa3f,20261009,PROVISIONAL_METADATA_ONLY_PENDING_HASH_AND_NEAR_DUPLICATE_AUDIT
RAISE_REAL,0379.parquet:86,0379.parquet,86,000006841.tiff,0,RAISE,LCM_lora_sdxl,LatDiff,CompEval,test,TIFF,4928x3264,RGB,False,,NOT_IN_SOURCE_METADATA,NOT_IN_SOURCE_METADATA,OwensLab/CommunityForensics-Eval,7d4a74a88d2cac93b513c0853bf92c260eaceea0,49365d527202f179b93e478f5b32107eb92aaa3f,20261009,PROVISIONAL_METADATA_ONLY_PENDING_HASH_AND_NEAR_DUPLICATE_AUDIT
RAISE_REAL,0256.parquet:46,0256.parquet,46,000000985.tiff,0,RAISE,stable_cascade,Other,CompEval,test,TIFF,4928x3264,RGB,False,,NOT_IN_SOURCE_METADATA,NOT_IN_SOURCE_METADATA,OwensLab/CommunityForensics-Eval,7d4a74a88d2cac93b513c0853bf92c260eaceea0,49365d527202f179b93e478f5b32107eb92aaa3f,20261009,PROVISIONAL_METADATA_ONLY_PENDING_HASH_AND_NEAR_DUPLICATE_AUDIT
RAISE_REAL,0270.parquet:14,0270.parquet,14,000006020.tiff,0,RAISE,GALIP,GAN,CompEval,test,TIFF,4928x3264,RGB,False,,NOT_IN_SOURCE_METADATA,NOT_IN_SOURCE_METADATA,OwensLab/CommunityForensics-Eval,7d4a74a88d2cac93b513c0853bf92c260eaceea0,49365d527202f179b93e478f5b32107eb92aaa3f,20261009,PROVISIONAL_METADATA_ONLY_PENDING_HASH_AND_NEAR_DUPLICATE_AUDIT
RAISE_REAL,0270.parquet:1,0270.parquet,1,000000962.tiff,0,RAISE,GALIP,GAN,CompEval,test,TIFF,3264x4928,RGB,False,,NOT_IN_SOURCE_METADATA,NOT_IN_SOURCE_METADATA,OwensLab/CommunityForensics-Eval,7d4a74a88d2cac93b513c0853bf92c260eaceea0,49365d527202f179b93e478f5b32107eb92aaa3f,20261009,PROVISIONAL_METADATA_ONLY_PENDING_HASH_AND_NEAR_DUPLICATE_AUDIT
RAISE_REAL,0320.parquet:79,0320.parquet,79,000006370.tiff,0,RAISE,DeciDiffusionV2,LatDiff,CompEval,test,TIFF,3264x4928,RGB,False,,NOT_IN_SOURCE_METADATA,NOT_IN_SOURCE_METADATA,OwensLab/CommunityForensics-Eval,7d4a74a88d2cac93b513c0853bf92c260eaceea0,49365d527202f179b93e478f5b32107eb92aaa3f,20261009,PROVISIONAL_METADATA_ONLY_PENDING_HASH_AND_NEAR_DUPLICATE_AUDIT
RAISE_REAL,0115.parquet:106,0115.parquet,106,000002078.tiff,0,RAISE,LCM_lora_sdv15,LatDiff,CompEval,test,TIFF,4288x2848,RGB,False,,NOT_IN_SOURCE_METADATA,NOT_IN_SOURCE_METADATA,OwensLab/CommunityForensics-Eval,7d4a74a88d2cac93b513c0853bf92c260eaceea0,49365d527202f179b93e478f5b32107eb92aaa3f,20261009,PROVISIONAL_METADATA_ONLY_PENDING_HASH_AND_NEAR_DUPLICATE_AUDIT
RAISE_REAL,0319.parquet:36,0319.parquet,36,000002938.tiff,0,RAISE,DeciDiffusionV2,LatDiff,CompEval,test,TIFF,4288x2848,RGB,False,,NOT_IN_SOURCE_METADATA,NOT_IN_SOURCE_METADATA,OwensLab/CommunityForensics-Eval,7d4a74a88d2cac93b513c0853bf92c260eaceea0,49365d527202f179b93e478f5b32107eb92aaa3f,20261009,PROVISIONAL_METADATA_ONLY_PENDING_HASH_AND_NEAR_DUPLICATE_AUDIT
RAISE_REAL,0401.parquet:63,0401.parquet,63,000001663.tiff,0,RAISE,LCM_lora_ssd1b,LatDiff,CompEval,test,TIFF,4928x3264,RGB,False,,NOT_IN_SOURCE_METADATA,NOT_IN_SOURCE_METADATA,OwensLab/CommunityForensics-Eval,7d4a74a88d2cac93b513c0853bf92c260eaceea0,49365d527202f179b93e478f5b32107eb92aaa3f,20261009,PROVISIONAL_METADATA_ONLY_PENDING_HASH_AND_NEAR_DUPLICATE_AUDIT
RAISE_REAL,0040.parquet:40,0040.parquet,40,000002070.tiff,0,RAISE,GALIP,GAN,CompEval,test,TIFF,2848x4288,RGB,False,,NOT_IN_SOURCE_METADATA,NOT_IN_SOURCE_METADATA,OwensLab/CommunityForensics-Eval,7d4a74a88d2cac93b513c0853bf92c260eaceea0,49365d527202f179b93e478f5b32107eb92aaa3f,20261009,PROVISIONAL_METADATA_ONLY_PENDING_HASH_AND_NEAR_DUPLICATE_AUDIT
RAISE_REAL,0161.parquet:33,0161.parquet,33,000007226.tiff,0,RAISE,kandinsky_2_2,LatDiff,CompEval,test,TIFF,4928x3264,RGB,False,,NOT_IN_SOURCE_METADATA,NOT_IN_SOURCE_METADATA,OwensLab/CommunityForensics-Eval,7d4a74a88d2cac93b513c0853bf92c260eaceea0,49365d527202f179b93e478f5b32107eb92aaa3f,20261009,PROVISIONAL_METADATA_ONLY_PENDING_HASH_AND_NEAR_DUPLICATE_AUDIT
RAISE_REAL,0310.parquet:46,0310.parquet,46,000001488.tiff,0,RAISE,DeciDiffusionV2,LatDiff,CompEval,test,TIFF,4928x3264,RGB,False,,NOT_IN_SOURCE_METADATA,NOT_IN_SOURCE_METADATA,OwensLab/CommunityForensics-Eval,7d4a74a88d2cac93b513c0853bf92c260eaceea0,49365d527202f179b93e478f5b32107eb92aaa3f,20261009,PROVISIONAL_METADATA_ONLY_PENDING_HASH_AND_NEAR_DUPLICATE_AUDIT
RAISE_REAL,0040.parquet:49,0040.parquet,49,000005255.tiff,0,RAISE,GALIP,GAN,CompEval,test,TIFF,4928x3264,RGB,False,,NOT_IN_SOURCE_METADATA,NOT_IN_SOURCE_METADATA,OwensLab/CommunityForensics-Eval,7d4a74a88d2cac93b513c0853bf92c260eaceea0,49365d527202f179b93e478f5b32107eb92aaa3f,20261009,PROVISIONAL_METADATA_ONLY_PENDING_HASH_AND_NEAR_DUPLICATE_AUDIT
RAISE_REAL,0375.parquet:98,0375.parquet,98,000000570.tiff,0,RAISE,LCM_lora_sdxl,LatDiff,CompEval,test,TIFF,4288x2848,RGB,False,,NOT_IN_SOURCE_METADATA,NOT_IN_SOURCE_METADATA,OwensLab/CommunityForensics-Eval,7d4a74a88d2cac93b513c0853bf92c260eaceea0,49365d527202f179b93e478f5b32107eb92aaa3f,20261009,PROVISIONAL_METADATA_ONLY_PENDING_HASH_AND_NEAR_DUPLICATE_AUDIT
RAISE_REAL,0162.parquet:65,0162.parquet,65,000006298.tiff,0,RAISE,kandinsky_2_2,LatDiff,CompEval,test,TIFF,3264x4928,RGB,False,,NOT_IN_SOURCE_METADATA,NOT_IN_SOURCE_METADATA,OwensLab/CommunityForensics-Eval,7d4a74a88d2cac93b513c0853bf92c260eaceea0,49365d527202f179b93e478f5b32107eb92aaa3f,20261009,PROVISIONAL_METADATA_ONLY_PENDING_HASH_AND_NEAR_DUPLICATE_AUDIT
RAISE_REAL,0398.parquet:90,0398.parquet,90,000006442.tiff,0,RAISE,LCM_lora_ssd1b,LatDiff,CompEval,test,TIFF,3264x4928,RGB,False,,NOT_IN_SOURCE_METADATA,NOT_IN_SOURCE_METADATA,OwensLab/CommunityForensics-Eval,7d4a74a88d2cac93b513c0853bf92c260eaceea0,49365d527202f179b93e478f5b32107eb92aaa3f,20261009,PROVISIONAL_METADATA_ONLY_PENDING_HASH_AND_NEAR_DUPLICATE_AUDIT
RAISE_REAL,0259.parquet:33,0259.parquet,33,000001767.tiff,0,RAISE,stable_cascade,Other,CompEval,test,TIFF,4928x3264,RGB,False,,NOT_IN_SOURCE_METADATA,NOT_IN_SOURCE_METADATA,OwensLab/CommunityForensics-Eval,7d4a74a88d2cac93b513c0853bf92c260eaceea0,49365d527202f179b93e478f5b32107eb92aaa3f,20261009,PROVISIONAL_METADATA_ONLY_PENDING_HASH_AND_NEAR_DUPLICATE_AUDIT
RAISE_REAL,0164.parquet:4,0164.parquet,4,000003591.tiff,0,RAISE,kandinsky_2_2,LatDiff,CompEval,test,TIFF,2848x4288,RGB,False,,NOT_IN_SOURCE_METADATA,NOT_IN_SOURCE_METADATA,OwensLab/CommunityForensics-Eval,7d4a74a88d2cac93b513c0853bf92c260eaceea0,49365d527202f179b93e478f5b32107eb92aaa3f,20261009,PROVISIONAL_METADATA_ONLY_PENDING_HASH_AND_NEAR_DUPLICATE_AUDIT
RAISE_REAL,0401.parquet:45,0401.parquet,45,000006696.tiff,0,RAISE,LCM_lora_ssd1b,LatDiff,CompEval,test,TIFF,4928x3264,RGB,False,,NOT_IN_SOURCE_METADATA,NOT_IN_SOURCE_METADATA,OwensLab/CommunityForensics-Eval,7d4a74a88d2cac93b513c0853bf92c260eaceea0,49365d527202f179b93e478f5b32107eb92aaa3f,20261009,PROVISIONAL_METADATA_ONLY_PENDING_HASH_AND_NEAR_DUPLICATE_AUDIT
RAISE_REAL,0310.parquet:52,0310.parquet,52,000004731.tiff,0,RAISE,DeciDiffusionV2,LatDiff,CompEval,test,TIFF,3264x4928,RGB,False,,NOT_IN_SOURCE_METADATA,NOT_IN_SOURCE_METADATA,OwensLab/CommunityForensics-Eval,7d4a74a88d2cac93b513c0853bf92c260eaceea0,49365d527202f179b93e478f5b32107eb92aaa3f,20261009,PROVISIONAL_METADATA_ONLY_PENDING_HASH_AND_NEAR_DUPLICATE_AUDIT
RAISE_REAL,0089.parquet:29,0089.parquet,29,000006152.tiff,0,RAISE,kvikontent_midjourney_v6,LatDiff,CompEval,test,TIFF,4928x3264,RGB,False,,NOT_IN_SOURCE_METADATA,NOT_IN_SOURCE_METADATA,OwensLab/CommunityForensics-Eval,7d4a74a88d2cac93b513c0853bf92c260eaceea0,49365d527202f179b93e478f5b32107eb92aaa3f,20261009,PROVISIONAL_METADATA_ONLY_PENDING_HASH_AND_NEAR_DUPLICATE_AUDIT
RAISE_REAL,0378.parquet:44,0378.parquet,44,000004641.tiff,0,RAISE,LCM_lora_sdxl,LatDiff,CompEval,test,TIFF,4928x3264,RGB,False,,NOT_IN_SOURCE_METADATA,NOT_IN_SOURCE_METADATA,OwensLab/CommunityForensics-Eval,7d4a74a88d2cac93b513c0853bf92c260eaceea0,49365d527202f179b93e478f5b32107eb92aaa3f,20261009,PROVISIONAL_METADATA_ONLY_PENDING_HASH_AND_NEAR_DUPLICATE_AUDIT
RAISE_REAL,0365.parquet:46,0365.parquet,46,000004866.tiff,0,RAISE,LCM_lora_sdv15,LatDiff,CompEval,test,TIFF,3264x4928,RGB,False,,NOT_IN_SOURCE_METADATA,NOT_IN_SOURCE_METADATA,OwensLab/CommunityForensics-Eval,7d4a74a88d2cac93b513c0853bf92c260eaceea0,49365d527202f179b93e478f5b32107eb92aaa3f,20261009,PROVISIONAL_METADATA_ONLY_PENDING_HASH_AND_NEAR_DUPLICATE_AUDIT
RAISE_AI_DeciDiffusionV2,0310.parquet:104,0310.parquet,104,000137.png,1,RAISE,DeciDiffusionV2,LatDiff,CompEval,test,PNG,512x512,RGB,False,,NOT_IN_SOURCE_METADATA,NOT_IN_SOURCE_METADATA,OwensLab/CommunityForensics-Eval,7d4a74a88d2cac93b513c0853bf92c260eaceea0,49365d527202f179b93e478f5b32107eb92aaa3f,20261009,PROVISIONAL_METADATA_ONLY_PENDING_HASH_AND_NEAR_DUPLICATE_AUDIT
RAISE_AI_DeciDiffusionV2,0317.parquet:40,0317.parquet,40,000979.png,1,RAISE,DeciDiffusionV2,LatDiff,CompEval,test,PNG,512x512,RGB,False,,NOT_IN_SOURCE_METADATA,NOT_IN_SOURCE_METADATA,OwensLab/CommunityForensics-Eval,7d4a74a88d2cac93b513c0853bf92c260eaceea0,49365d527202f179b93e478f5b32107eb92aaa3f,20261009,PROVISIONAL_METADATA_ONLY_PENDING_HASH_AND_NEAR_DUPLICATE_AUDIT
RAISE_AI_DeciDiffusionV2,0316.parquet:47,0316.parquet,47,000411.png,1,RAISE,DeciDiffusionV2,LatDiff,CompEval,test,PNG,512x512,RGB,False,,NOT_IN_SOURCE_METADATA,NOT_IN_SOURCE_METADATA,OwensLab/CommunityForensics-Eval,7d4a74a88d2cac93b513c0853bf92c260eaceea0,49365d527202f179b93e478f5b32107eb92aaa3f,20261009,PROVISIONAL_METADATA_ONLY_PENDING_HASH_AND_NEAR_DUPLICATE_AUDIT
RAISE_AI_DeciDiffusionV2,0312.parquet:95,0312.parquet,95,000647.png,1,RAISE,DeciDiffusionV2,LatDiff,CompEval,test,PNG,512x512,RGB,False,,NOT_IN_SOURCE_METADATA,NOT_IN_SOURCE_METADATA,OwensLab/CommunityForensics-Eval,7d4a74a88d2cac93b513c0853bf92c260eaceea0,49365d527202f179b93e478f5b32107eb92aaa3f,20261009,PROVISIONAL_METADATA_ONLY_PENDING_HASH_AND_NEAR_DUPLICATE_AUDIT
RAISE_AI_DeciDiffusionV2,0314.parquet:61,0314.parquet,61,000086.png,1,RAISE,DeciDiffusionV2,LatDiff,CompEval,test,PNG,512x512,RGB,False,,NOT_IN_SOURCE_METADATA,NOT_IN_SOURCE_METADATA,OwensLab/CommunityForensics-Eval,7d4a74a88d2cac93b513c0853bf92c260eaceea0,49365d527202f179b93e478f5b32107eb92aaa3f,20261009,PROVISIONAL_METADATA_ONLY_PENDING_HASH_AND_NEAR_DUPLICATE_AUDIT
RAISE_AI_DeciDiffusionV2,0318.parquet:74,0318.parquet,74,000361.png,1,RAISE,DeciDiffusionV2,LatDiff,CompEval,test,PNG,512x512,RGB,False,,NOT_IN_SOURCE_METADATA,NOT_IN_SOURCE_METADATA,OwensLab/CommunityForensics-Eval,7d4a74a88d2cac93b513c0853bf92c260eaceea0,49365d527202f179b93e478f5b32107eb92aaa3f,20261009,PROVISIONAL_METADATA_ONLY_PENDING_HASH_AND_NEAR_DUPLICATE_AUDIT
RAISE_AI_DeciDiffusionV2,0311.parquet:0,0311.parquet,0,000270.png,1,RAISE,DeciDiffusionV2,LatDiff,CompEval,test,PNG,512x512,RGB,False,,NOT_IN_SOURCE_METADATA,NOT_IN_SOURCE_METADATA,OwensLab/CommunityForensics-Eval,7d4a74a88d2cac93b513c0853bf92c260eaceea0,49365d527202f179b93e478f5b32107eb92aaa3f,20261009,PROVISIONAL_METADATA_ONLY_PENDING_HASH_AND_NEAR_DUPLICATE_AUDIT
RAISE_AI_DeciDiffusionV2,0312.parquet:57,0312.parquet,57,000156.png,1,RAISE,DeciDiffusionV2,LatDiff,CompEval,test,PNG,512x512,RGB,False,,NOT_IN_SOURCE_METADATA,NOT_IN_SOURCE_METADATA,OwensLab/CommunityForensics-Eval,7d4a74a88d2cac93b513c0853bf92c260eaceea0,49365d527202f179b93e478f5b32107eb92aaa3f,20261009,PROVISIONAL_METADATA_ONLY_PENDING_HASH_AND_NEAR_DUPLICATE_AUDIT
RAISE_AI_DeciDiffusionV2,0313.parquet:96,0313.parquet,96,000310.png,1,RAISE,DeciDiffusionV2,LatDiff,CompEval,test,PNG,512x512,RGB,False,,NOT_IN_SOURCE_METADATA,NOT_IN_SOURCE_METADATA,OwensLab/CommunityForensics-Eval,7d4a74a88d2cac93b513c0853bf92c260eaceea0,49365d527202f179b93e478f5b32107eb92aaa3f,20261009,PROVISIONAL_METADATA_ONLY_PENDING_HASH_AND_NEAR_DUPLICATE_AUDIT
RAISE_AI_DeciDiffusionV2,0318.parquet:8,0318.parquet,8,000024.png,1,RAISE,DeciDiffusionV2,LatDiff,CompEval,test,PNG,512x512,RGB,False,,NOT_IN_SOURCE_METADATA,NOT_IN_SOURCE_METADATA,OwensLab/CommunityForensics-Eval,7d4a74a88d2cac93b513c0853bf92c260eaceea0,49365d527202f179b93e478f5b32107eb92aaa3f,20261009,PROVISIONAL_METADATA_ONLY_PENDING_HASH_AND_NEAR_DUPLICATE_AUDIT
RAISE_AI_DeciDiffusionV2,0318.parquet:29,0318.parquet,29,000555.png,1,RAISE,DeciDiffusionV2,LatDiff,CompEval,test,PNG,512x512,RGB,False,,NOT_IN_SOURCE_METADATA,NOT_IN_SOURCE_METADATA,OwensLab/CommunityForensics-Eval,7d4a74a88d2cac93b513c0853bf92c260eaceea0,49365d527202f179b93e478f5b32107eb92aaa3f,20261009,PROVISIONAL_METADATA_ONLY_PENDING_HASH_AND_NEAR_DUPLICATE_AUDIT
RAISE_AI_DeciDiffusionV2,0314.parquet:79,0314.parquet,79,000068.png,1,RAISE,DeciDiffusionV2,LatDiff,CompEval,test,PNG,512x512,RGB,False,,NOT_IN_SOURCE_METADATA,NOT_IN_SOURCE_METADATA,OwensLab/CommunityForensics-Eval,7d4a74a88d2cac93b513c0853bf92c260eaceea0,49365d527202f179b93e478f5b32107eb92aaa3f,20261009,PROVISIONAL_METADATA_ONLY_PENDING_HASH_AND_NEAR_DUPLICATE_AUDIT
RAISE_AI_DeciDiffusionV2,0313.parquet:23,0313.parquet,23,000450.png,1,RAISE,DeciDiffusionV2,LatDiff,CompEval,test,PNG,512x512,RGB,False,,NOT_IN_SOURCE_METADATA,NOT_IN_SOURCE_METADATA,OwensLab/CommunityForensics-Eval,7d4a74a88d2cac93b513c0853bf92c260eaceea0,49365d527202f179b93e478f5b32107eb92aaa3f,20261009,PROVISIONAL_METADATA_ONLY_PENDING_HASH_AND_NEAR_DUPLICATE_AUDIT
RAISE_AI_DeciDiffusionV2,0311.parquet:49,0311.parquet,49,000974.png,1,RAISE,DeciDiffusionV2,LatDiff,CompEval,test,PNG,512x512,RGB,False,,NOT_IN_SOURCE_METADATA,NOT_IN_SOURCE_METADATA,OwensLab/CommunityForensics-Eval,7d4a74a88d2cac93b513c0853bf92c260eaceea0,49365d527202f179b93e478f5b32107eb92aaa3f,20261009,PROVISIONAL_METADATA_ONLY_PENDING_HASH_AND_NEAR_DUPLICATE_AUDIT
RAISE_AI_DeciDiffusionV2,0317.parquet:75,0317.parquet,75,000042.png,1,RAISE,DeciDiffusionV2,LatDiff,CompEval,test,PNG,512x512,RGB,False,,NOT_IN_SOURCE_METADATA,NOT_IN_SOURCE_METADATA,OwensLab/CommunityForensics-Eval,7d4a74a88d2cac93b513c0853bf92c260eaceea0,49365d527202f179b93e478f5b32107eb92aaa3f,20261009,PROVISIONAL_METADATA_ONLY_PENDING_HASH_AND_NEAR_DUPLICATE_AUDIT
RAISE_AI_DeciDiffusionV2,0317.parquet:44,0317.parquet,44,000050.png,1,RAISE,DeciDiffusionV2,LatDiff,CompEval,test,PNG,512x512,RGB,False,,NOT_IN_SOURCE_METADATA,NOT_IN_SOURCE_METADATA,OwensLab/CommunityForensics-Eval,7d4a74a88d2cac93b513c0853bf92c260eaceea0,49365d527202f179b93e478f5b32107eb92aaa3f,20261009,PROVISIONAL_METADATA_ONLY_PENDING_HASH_AND_NEAR_DUPLICATE_AUDIT
RAISE_AI_DeciDiffusionV2,0312.parquet:124,0312.parquet,124,000682.png,1,RAISE,DeciDiffusionV2,LatDiff,CompEval,test,PNG,512x512,RGB,False,,NOT_IN_SOURCE_METADATA,NOT_IN_SOURCE_METADATA,OwensLab/CommunityForensics-Eval,7d4a74a88d2cac93b513c0853bf92c260eaceea0,49365d527202f179b93e478f5b32107eb92aaa3f,20261009,PROVISIONAL_METADATA_ONLY_PENDING_HASH_AND_NEAR_DUPLICATE_AUDIT
RAISE_AI_DeciDiffusionV2,0312.parquet:54,0312.parquet,54,000255.png,1,RAISE,DeciDiffusionV2,LatDiff,CompEval,test,PNG,512x512,RGB,False,,NOT_IN_SOURCE_METADATA,NOT_IN_SOURCE_METADATA,OwensLab/CommunityForensics-Eval,7d4a74a88d2cac93b513c0853bf92c260eaceea0,49365d527202f179b93e478f5b32107eb92aaa3f,20261009,PROVISIONAL_METADATA_ONLY_PENDING_HASH_AND_NEAR_DUPLICATE_AUDIT
RAISE_AI_DeciDiffusionV2,0314.parquet:86,0314.parquet,86,000057.png,1,RAISE,DeciDiffusionV2,LatDiff,CompEval,test,PNG,512x512,RGB,False,,NOT_IN_SOURCE_METADATA,NOT_IN_SOURCE_METADATA,OwensLab/CommunityForensics-Eval,7d4a74a88d2cac93b513c0853bf92c260eaceea0,49365d527202f179b93e478f5b32107eb92aaa3f,20261009,PROVISIONAL_METADATA_ONLY_PENDING_HASH_AND_NEAR_DUPLICATE_AUDIT
RAISE_AI_DeciDiffusionV2,0318.parquet:77,0318.parquet,77,000132.png,1,RAISE,DeciDiffusionV2,LatDiff,CompEval,test,PNG,512x512,RGB,False,,NOT_IN_SOURCE_METADATA,NOT_IN_SOURCE_METADATA,OwensLab/CommunityForensics-Eval,7d4a74a88d2cac93b513c0853bf92c260eaceea0,49365d527202f179b93e478f5b32107eb92aaa3f,20261009,PROVISIONAL_METADATA_ONLY_PENDING_HASH_AND_NEAR_DUPLICATE_AUDIT
RAISE_AI_DeciDiffusionV2,0310.parquet:87,0310.parquet,87,000914.png,1,RAISE,DeciDiffusionV2,LatDiff,CompEval,test,PNG,512x512,RGB,False,,NOT_IN_SOURCE_METADATA,NOT_IN_SOURCE_METADATA,OwensLab/CommunityForensics-Eval,7d4a74a88d2cac93b513c0853bf92c260eaceea0,49365d527202f179b93e478f5b32107eb92aaa3f,20261009,PROVISIONAL_METADATA_ONLY_PENDING_HASH_AND_NEAR_DUPLICATE_AUDIT
RAISE_AI_DeciDiffusionV2,0315.parquet:120,0315.parquet,120,000611.png,1,RAISE,DeciDiffusionV2,LatDiff,CompEval,test,PNG,512x512,RGB,False,,NOT_IN_SOURCE_METADATA,NOT_IN_SOURCE_METADATA,OwensLab/CommunityForensics-Eval,7d4a74a88d2cac93b513c0853bf92c260eaceea0,49365d527202f179b93e478f5b32107eb92aaa3f,20261009,PROVISIONAL_METADATA_ONLY_PENDING_HASH_AND_NEAR_DUPLICATE_AUDIT
RAISE_AI_DeciDiffusionV2,0311.parquet:92,0311.parquet,92,000475.png,1,RAISE,DeciDiffusionV2,LatDiff,CompEval,test,PNG,512x512,RGB,False,,NOT_IN_SOURCE_METADATA,NOT_IN_SOURCE_METADATA,OwensLab/CommunityForensics-Eval,7d4a74a88d2cac93b513c0853bf92c260eaceea0,49365d527202f179b93e478f5b32107eb92aaa3f,20261009,PROVISIONAL_METADATA_ONLY_PENDING_HASH_AND_NEAR_DUPLICATE_AUDIT
RAISE_AI_DeciDiffusionV2,0318.parquet:35,0318.parquet,35,000206.png,1,RAISE,DeciDiffusionV2,LatDiff,CompEval,test,PNG,512x512,RGB,False,,NOT_IN_SOURCE_METADATA,NOT_IN_SOURCE_METADATA,OwensLab/CommunityForensics-Eval,7d4a74a88d2cac93b513c0853bf92c260eaceea0,49365d527202f179b93e478f5b32107eb92aaa3f,20261009,PROVISIONAL_METADATA_ONLY_PENDING_HASH_AND_NEAR_DUPLICATE_AUDIT
RAISE_AI_DeciDiffusionV2,0311.parquet:64,0311.parquet,64,000019.png,1,RAISE,DeciDiffusionV2,LatDiff,CompEval,test,PNG,512x512,RGB,False,,NOT_IN_SOURCE_METADATA,NOT_IN_SOURCE_METADATA,OwensLab/CommunityForensics-Eval,7d4a74a88d2cac93b513c0853bf92c260eaceea0,49365d527202f179b93e478f5b32107eb92aaa3f,20261009,PROVISIONAL_METADATA_ONLY_PENDING_HASH_AND_NEAR_DUPLICATE_AUDIT
RAISE_AI_DeciDiffusionV2,0316.parquet:16,0316.parquet,16,000793.png,1,RAISE,DeciDiffusionV2,LatDiff,CompEval,test,PNG,512x512,RGB,False,,NOT_IN_SOURCE_METADATA,NOT_IN_SOURCE_METADATA,OwensLab/CommunityForensics-Eval,7d4a74a88d2cac93b513c0853bf92c260eaceea0,49365d527202f179b93e478f5b32107eb92aaa3f,20261009,PROVISIONAL_METADATA_ONLY_PENDING_HASH_AND_NEAR_DUPLICATE_AUDIT
RAISE_AI_DeciDiffusionV2,0313.parquet:58,0313.parquet,58,000389.png,1,RAISE,DeciDiffusionV2,LatDiff,CompEval,test,PNG,512x512,RGB,False,,NOT_IN_SOURCE_METADATA,NOT_IN_SOURCE_METADATA,OwensLab/CommunityForensics-Eval,7d4a74a88d2cac93b513c0853bf92c260eaceea0,49365d527202f179b93e478f5b32107eb92aaa3f,20261009,PROVISIONAL_METADATA_ONLY_PENDING_HASH_AND_NEAR_DUPLICATE_AUDIT
RAISE_AI_DeciDiffusionV2,0315.parquet:29,0315.parquet,29,000714.png,1,RAISE,DeciDiffusionV2,LatDiff,CompEval,test,PNG,512x512,RGB,False,,NOT_IN_SOURCE_METADATA,NOT_IN_SOURCE_METADATA,OwensLab/CommunityForensics-Eval,7d4a74a88d2cac93b513c0853bf92c260eaceea0,49365d527202f179b93e478f5b32107eb92aaa3f,20261009,PROVISIONAL_METADATA_ONLY_PENDING_HASH_AND_NEAR_DUPLICATE_AUDIT
RAISE_AI_DeciDiffusionV2,0312.parquet:70,0312.parquet,70,000209.png,1,RAISE,DeciDiffusionV2,LatDiff,CompEval,test,PNG,512x512,RGB,False,,NOT_IN_SOURCE_METADATA,NOT_IN_SOURCE_METADATA,OwensLab/CommunityForensics-Eval,7d4a74a88d2cac93b513c0853bf92c260eaceea0,49365d527202f179b93e478f5b32107eb92aaa3f,20261009,PROVISIONAL_METADATA_ONLY_PENDING_HASH_AND_NEAR_DUPLICATE_AUDIT
RAISE_AI_DeciDiffusionV2,0314.parquet:39,0314.parquet,39,000804.png,1,RAISE,DeciDiffusionV2,LatDiff,CompEval,test,PNG,512x512,RGB,False,,NOT_IN_SOURCE_METADATA,NOT_IN_SOURCE_METADATA,OwensLab/CommunityForensics-Eval,7d4a74a88d2cac93b513c0853bf92c260eaceea0,49365d527202f179b93e478f5b32107eb92aaa3f,20261009,PROVISIONAL_METADATA_ONLY_PENDING_HASH_AND_NEAR_DUPLICATE_AUDIT
RAISE_AI_DeciDiffusionV2,0316.parquet:95,0316.parquet,95,000381.png,1,RAISE,DeciDiffusionV2,LatDiff,CompEval,test,PNG,512x512,RGB,False,,NOT_IN_SOURCE_METADATA,NOT_IN_SOURCE_METADATA,OwensLab/CommunityForensics-Eval,7d4a74a88d2cac93b513c0853bf92c260eaceea0,49365d527202f179b93e478f5b32107eb92aaa3f,20261009,PROVISIONAL_METADATA_ONLY_PENDING_HASH_AND_NEAR_DUPLICATE_AUDIT
RAISE_AI_DeciDiffusionV2,0317.parquet:78,0317.parquet,78,000513.png,1,RAISE,DeciDiffusionV2,LatDiff,CompEval,test,PNG,512x512,RGB,False,,NOT_IN_SOURCE_METADATA,NOT_IN_SOURCE_METADATA,OwensLab/CommunityForensics-Eval,7d4a74a88d2cac93b513c0853bf92c260eaceea0,49365d527202f179b93e478f5b32107eb92aaa3f,20261009,PROVISIONAL_METADATA_ONLY_PENDING_HASH_AND_NEAR_DUPLICATE_AUDIT
RAISE_AI_DeciDiffusionV2,0312.parquet:74,0312.parquet,74,000971.png,1,RAISE,DeciDiffusionV2,LatDiff,CompEval,test,PNG,512x512,RGB,False,,NOT_IN_SOURCE_METADATA,NOT_IN_SOURCE_METADATA,OwensLab/CommunityForensics-Eval,7d4a74a88d2cac93b513c0853bf92c260eaceea0,49365d527202f179b93e478f5b32107eb92aaa3f,20261009,PROVISIONAL_METADATA_ONLY_PENDING_HASH_AND_NEAR_DUPLICATE_AUDIT
RAISE_AI_DeciDiffusionV2,0317.parquet:14,0317.parquet,14,000472.png,1,RAISE,DeciDiffusionV2,LatDiff,CompEval,test,PNG,512x512,RGB,False,,NOT_IN_SOURCE_METADATA,NOT_IN_SOURCE_METADATA,OwensLab/CommunityForensics-Eval,7d4a74a88d2cac93b513c0853bf92c260eaceea0,49365d527202f179b93e478f5b32107eb92aaa3f,20261009,PROVISIONAL_METADATA_ONLY_PENDING_HASH_AND_NEAR_DUPLICATE_AUDIT
RAISE_AI_DeciDiffusionV2,0316.parquet:28,0316.parquet,28,000687.png,1,RAISE,DeciDiffusionV2,LatDiff,CompEval,test,PNG,512x512,RGB,False,,NOT_IN_SOURCE_METADATA,NOT_IN_SOURCE_METADATA,OwensLab/CommunityForensics-Eval,7d4a74a88d2cac93b513c0853bf92c260eaceea0,49365d527202f179b93e478f5b32107eb92aaa3f,20261009,PROVISIONAL_METADATA_ONLY_PENDING_HASH_AND_NEAR_DUPLICATE_AUDIT
RAISE_AI_DeciDiffusionV2,0317.parquet:89,0317.parquet,89,000321.png,1,RAISE,DeciDiffusionV2,LatDiff,CompEval,test,PNG,512x512,RGB,False,,NOT_IN_SOURCE_METADATA,NOT_IN_SOURCE_METADATA,OwensLab/CommunityForensics-Eval,7d4a74a88d2cac93b513c0853bf92c260eaceea0,49365d527202f179b93e478f5b32107eb92aaa3f,20261009,PROVISIONAL_METADATA_ONLY_PENDING_HASH_AND_NEAR_DUPLICATE_AUDIT
RAISE_AI_DeciDiffusionV2,0313.parquet:34,0313.parquet,34,000420.png,1,RAISE,DeciDiffusionV2,LatDiff,CompEval,test,PNG,512x512,RGB,False,,NOT_IN_SOURCE_METADATA,NOT_IN_SOURCE_METADATA,OwensLab/CommunityForensics-Eval,7d4a74a88d2cac93b513c0853bf92c260eaceea0,49365d527202f179b93e478f5b32107eb92aaa3f,20261009,PROVISIONAL_METADATA_ONLY_PENDING_HASH_AND_NEAR_DUPLICATE_AUDIT
RAISE_AI_DeciDiffusionV2,0316.parquet:10,0316.parquet,10,000246.png,1,RAISE,DeciDiffusionV2,LatDiff,CompEval,test,PNG,512x512,RGB,False,,NOT_IN_SOURCE_METADATA,NOT_IN_SOURCE_METADATA,OwensLab/CommunityForensics-Eval,7d4a74a88d2cac93b513c0853bf92c260eaceea0,49365d527202f179b93e478f5b32107eb92aaa3f,20261009,PROVISIONAL_METADATA_ONLY_PENDING_HASH_AND_NEAR_DUPLICATE_AUDIT
RAISE_AI_DeciDiffusionV2,0127.parquet:97,0127.parquet,97,000101.png,1,RAISE,DeciDiffusionV2,LatDiff,CompEval,test,PNG,512x512,RGB,False,,NOT_IN_SOURCE_METADATA,NOT_IN_SOURCE_METADATA,OwensLab/CommunityForensics-Eval,7d4a74a88d2cac93b513c0853bf92c260eaceea0,49365d527202f179b93e478f5b32107eb92aaa3f,20261009,PROVISIONAL_METADATA_ONLY_PENDING_HASH_AND_NEAR_DUPLICATE_AUDIT
RAISE_AI_DeciDiffusionV2,0317.parquet:93,0317.parquet,93,000334.png,1,RAISE,DeciDiffusionV2,LatDiff,CompEval,test,PNG,512x512,RGB,False,,NOT_IN_SOURCE_METADATA,NOT_IN_SOURCE_METADATA,OwensLab/CommunityForensics-Eval,7d4a74a88d2cac93b513c0853bf92c260eaceea0,49365d527202f179b93e478f5b32107eb92aaa3f,20261009,PROVISIONAL_METADATA_ONLY_PENDING_HASH_AND_NEAR_DUPLICATE_AUDIT
RAISE_AI_DeciDiffusionV2,0316.parquet:20,0316.parquet,20,000481.png,1,RAISE,DeciDiffusionV2,LatDiff,CompEval,test,PNG,512x512,RGB,False,,NOT_IN_SOURCE_METADATA,NOT_IN_SOURCE_METADATA,OwensLab/CommunityForensics-Eval,7d4a74a88d2cac93b513c0853bf92c260eaceea0,49365d527202f179b93e478f5b32107eb92aaa3f,20261009,PROVISIONAL_METADATA_ONLY_PENDING_HASH_AND_NEAR_DUPLICATE_AUDIT
RAISE_AI_DeciDiffusionV2,0311.parquet:42,0311.parquet,42,000630.png,1,RAISE,DeciDiffusionV2,LatDiff,CompEval,test,PNG,512x512,RGB,False,,NOT_IN_SOURCE_METADATA,NOT_IN_SOURCE_METADATA,OwensLab/CommunityForensics-Eval,7d4a74a88d2cac93b513c0853bf92c260eaceea0,49365d527202f179b93e478f5b32107eb92aaa3f,20261009,PROVISIONAL_METADATA_ONLY_PENDING_HASH_AND_NEAR_DUPLICATE_AUDIT
RAISE_AI_DeciDiffusionV2,0314.parquet:100,0314.parquet,100,000193.png,1,RAISE,DeciDiffusionV2,LatDiff,CompEval,test,PNG,512x512,RGB,False,,NOT_IN_SOURCE_METADATA,NOT_IN_SOURCE_METADATA,OwensLab/CommunityForensics-Eval,7d4a74a88d2cac93b513c0853bf92c260eaceea0,49365d527202f179b93e478f5b32107eb92aaa3f,20261009,PROVISIONAL_METADATA_ONLY_PENDING_HASH_AND_NEAR_DUPLICATE_AUDIT
RAISE_AI_DeciDiffusionV2,0313.parquet:85,0313.parquet,85,000623.png,1,RAISE,DeciDiffusionV2,LatDiff,CompEval,test,PNG,512x512,RGB,False,,NOT_IN_SOURCE_METADATA,NOT_IN_SOURCE_METADATA,OwensLab/CommunityForensics-Eval,7d4a74a88d2cac93b513c0853bf92c260eaceea0,49365d527202f179b93e478f5b32107eb92aaa3f,20261009,PROVISIONAL_METADATA_ONLY_PENDING_HASH_AND_NEAR_DUPLICATE_AUDIT
RAISE_AI_DeciDiffusionV2,0312.parquet:110,0312.parquet,110,000283.png,1,RAISE,DeciDiffusionV2,LatDiff,CompEval,test,PNG,512x512,RGB,False,,NOT_IN_SOURCE_METADATA,NOT_IN_SOURCE_METADATA,OwensLab/CommunityForensics-Eval,7d4a74a88d2cac93b513c0853bf92c260eaceea0,49365d527202f179b93e478f5b32107eb92aaa3f,20261009,PROVISIONAL_METADATA_ONLY_PENDING_HASH_AND_NEAR_DUPLICATE_AUDIT
RAISE_AI_DeciDiffusionV2,0317.parquet:45,0317.parquet,45,000510.png,1,RAISE,DeciDiffusionV2,LatDiff,CompEval,test,PNG,512x512,RGB,False,,NOT_IN_SOURCE_METADATA,NOT_IN_SOURCE_METADATA,OwensLab/CommunityForensics-Eval,7d4a74a88d2cac93b513c0853bf92c260eaceea0,49365d527202f179b93e478f5b32107eb92aaa3f,20261009,PROVISIONAL_METADATA_ONLY_PENDING_HASH_AND_NEAR_DUPLICATE_AUDIT
RAISE_AI_DeciDiffusionV2,0317.parquet:10,0317.parquet,10,000416.png,1,RAISE,DeciDiffusionV2,LatDiff,CompEval,test,PNG,512x512,RGB,False,,NOT_IN_SOURCE_METADATA,NOT_IN_SOURCE_METADATA,OwensLab/CommunityForensics-Eval,7d4a74a88d2cac93b513c0853bf92c260eaceea0,49365d527202f179b93e478f5b32107eb92aaa3f,20261009,PROVISIONAL_METADATA_ONLY_PENDING_HASH_AND_NEAR_DUPLICATE_AUDIT
RAISE_AI_DeciDiffusionV2,0127.parquet:96,0127.parquet,96,000987.png,1,RAISE,DeciDiffusionV2,LatDiff,CompEval,test,PNG,512x512,RGB,False,,NOT_IN_SOURCE_METADATA,NOT_IN_SOURCE_METADATA,OwensLab/CommunityForensics-Eval,7d4a74a88d2cac93b513c0853bf92c260eaceea0,49365d527202f179b93e478f5b32107eb92aaa3f,20261009,PROVISIONAL_METADATA_ONLY_PENDING_HASH_AND_NEAR_DUPLICATE_AUDIT
RAISE_AI_DeciDiffusionV2,0314.parquet:32,0314.parquet,32,000935.png,1,RAISE,DeciDiffusionV2,LatDiff,CompEval,test,PNG,512x512,RGB,False,,NOT_IN_SOURCE_METADATA,NOT_IN_SOURCE_METADATA,OwensLab/CommunityForensics-Eval,7d4a74a88d2cac93b513c0853bf92c260eaceea0,49365d527202f179b93e478f5b32107eb92aaa3f,20261009,PROVISIONAL_METADATA_ONLY_PENDING_HASH_AND_NEAR_DUPLICATE_AUDIT
RAISE_AI_DeciDiffusionV2,0314.parquet:98,0314.parquet,98,000993.png,1,RAISE,DeciDiffusionV2,LatDiff,CompEval,test,PNG,512x512,RGB,False,,NOT_IN_SOURCE_METADATA,NOT_IN_SOURCE_METADATA,OwensLab/CommunityForensics-Eval,7d4a74a88d2cac93b513c0853bf92c260eaceea0,49365d527202f179b93e478f5b32107eb92aaa3f,20261009,PROVISIONAL_METADATA_ONLY_PENDING_HASH_AND_NEAR_DUPLICATE_AUDIT
RAISE_AI_DeciDiffusionV2,0313.parquet:55,0313.parquet,55,000541.png,1,RAISE,DeciDiffusionV2,LatDiff,CompEval,test,PNG,512x512,RGB,False,,NOT_IN_SOURCE_METADATA,NOT_IN_SOURCE_METADATA,OwensLab/CommunityForensics-Eval,7d4a74a88d2cac93b513c0853bf92c260eaceea0,49365d527202f179b93e478f5b32107eb92aaa3f,20261009,PROVISIONAL_METADATA_ONLY_PENDING_HASH_AND_NEAR_DUPLICATE_AUDIT
RAISE_AI_DeciDiffusionV2,0315.parquet:32,0315.parquet,32,000269.png,1,RAISE,DeciDiffusionV2,LatDiff,CompEval,test,PNG,512x512,RGB,False,,NOT_IN_SOURCE_METADATA,NOT_IN_SOURCE_METADATA,OwensLab/CommunityForensics-Eval,7d4a74a88d2cac93b513c0853bf92c260eaceea0,49365d527202f179b93e478f5b32107eb92aaa3f,20261009,PROVISIONAL_METADATA_ONLY_PENDING_HASH_AND_NEAR_DUPLICATE_AUDIT
RAISE_AI_DeciDiffusionV2,0314.parquet:108,0314.parquet,108,000178.png,1,RAISE,DeciDiffusionV2,LatDiff,CompEval,test,PNG,512x512,RGB,False,,NOT_IN_SOURCE_METADATA,NOT_IN_SOURCE_METADATA,OwensLab/CommunityForensics-Eval,7d4a74a88d2cac93b513c0853bf92c260eaceea0,49365d527202f179b93e478f5b32107eb92aaa3f,20261009,PROVISIONAL_METADATA_ONLY_PENDING_HASH_AND_NEAR_DUPLICATE_AUDIT
RAISE_AI_DeciDiffusionV2,0312.parquet:33,0312.parquet,33,000523.png,1,RAISE,DeciDiffusionV2,LatDiff,CompEval,test,PNG,512x512,RGB,False,,NOT_IN_SOURCE_METADATA,NOT_IN_SOURCE_METADATA,OwensLab/CommunityForensics-Eval,7d4a74a88d2cac93b513c0853bf92c260eaceea0,49365d527202f179b93e478f5b32107eb92aaa3f,20261009,PROVISIONAL_METADATA_ONLY_PENDING_HASH_AND_NEAR_DUPLICATE_AUDIT
RAISE_AI_DeciDiffusionV2,0311.parquet:79,0311.parquet,79,000591.png,1,RAISE,DeciDiffusionV2,LatDiff,CompEval,test,PNG,512x512,RGB,False,,NOT_IN_SOURCE_METADATA,NOT_IN_SOURCE_METADATA,OwensLab/CommunityForensics-Eval,7d4a74a88d2cac93b513c0853bf92c260eaceea0,49365d527202f179b93e478f5b32107eb92aaa3f,20261009,PROVISIONAL_METADATA_ONLY_PENDING_HASH_AND_NEAR_DUPLICATE_AUDIT
RAISE_AI_DeciDiffusionV2,0312.parquet:86,0312.parquet,86,000098.png,1,RAISE,DeciDiffusionV2,LatDiff,CompEval,test,PNG,512x512,RGB,False,,NOT_IN_SOURCE_METADATA,NOT_IN_SOURCE_METADATA,OwensLab/CommunityForensics-Eval,7d4a74a88d2cac93b513c0853bf92c260eaceea0,49365d527202f179b93e478f5b32107eb92aaa3f,20261009,PROVISIONAL_METADATA_ONLY_PENDING_HASH_AND_NEAR_DUPLICATE_AUDIT
RAISE_AI_DeciDiffusionV2,0315.parquet:37,0315.parquet,37,000499.png,1,RAISE,DeciDiffusionV2,LatDiff,CompEval,test,PNG,512x512,RGB,False,,NOT_IN_SOURCE_METADATA,NOT_IN_SOURCE_METADATA,OwensLab/CommunityForensics-Eval,7d4a74a88d2cac93b513c0853bf92c260eaceea0,49365d527202f179b93e478f5b32107eb92aaa3f,20261009,PROVISIONAL_METADATA_ONLY_PENDING_HASH_AND_NEAR_DUPLICATE_AUDIT
RAISE_AI_DeciDiffusionV2,0314.parquet:24,0314.parquet,24,000780.png,1,RAISE,DeciDiffusionV2,LatDiff,CompEval,test,PNG,512x512,RGB,False,,NOT_IN_SOURCE_METADATA,NOT_IN_SOURCE_METADATA,OwensLab/CommunityForensics-Eval,7d4a74a88d2cac93b513c0853bf92c260eaceea0,49365d527202f179b93e478f5b32107eb92aaa3f,20261009,PROVISIONAL_METADATA_ONLY_PENDING_HASH_AND_NEAR_DUPLICATE_AUDIT
RAISE_AI_DeciDiffusionV2,0317.parquet:104,0317.parquet,104,000852.png,1,RAISE,DeciDiffusionV2,LatDiff,CompEval,test,PNG,512x512,RGB,False,,NOT_IN_SOURCE_METADATA,NOT_IN_SOURCE_METADATA,OwensLab/CommunityForensics-Eval,7d4a74a88d2cac93b513c0853bf92c260eaceea0,49365d527202f179b93e478f5b32107eb92aaa3f,20261009,PROVISIONAL_METADATA_ONLY_PENDING_HASH_AND_NEAR_DUPLICATE_AUDIT
RAISE_AI_DeciDiffusionV2,0310.parquet:109,0310.parquet,109,000159.png,1,RAISE,DeciDiffusionV2,LatDiff,CompEval,test,PNG,512x512,RGB,False,,NOT_IN_SOURCE_METADATA,NOT_IN_SOURCE_METADATA,OwensLab/CommunityForensics-Eval,7d4a74a88d2cac93b513c0853bf92c260eaceea0,49365d527202f179b93e478f5b32107eb92aaa3f,20261009,PROVISIONAL_METADATA_ONLY_PENDING_HASH_AND_NEAR_DUPLICATE_AUDIT
RAISE_AI_DeciDiffusionV2,0314.parquet:2,0314.parquet,2,000959.png,1,RAISE,DeciDiffusionV2,LatDiff,CompEval,test,PNG,512x512,RGB,False,,NOT_IN_SOURCE_METADATA,NOT_IN_SOURCE_METADATA,OwensLab/CommunityForensics-Eval,7d4a74a88d2cac93b513c0853bf92c260eaceea0,49365d527202f179b93e478f5b32107eb92aaa3f,20261009,PROVISIONAL_METADATA_ONLY_PENDING_HASH_AND_NEAR_DUPLICATE_AUDIT
RAISE_AI_DeciDiffusionV2,0313.parquet:79,0313.parquet,79,000838.png,1,RAISE,DeciDiffusionV2,LatDiff,CompEval,test,PNG,512x512,RGB,False,,NOT_IN_SOURCE_METADATA,NOT_IN_SOURCE_METADATA,OwensLab/CommunityForensics-Eval,7d4a74a88d2cac93b513c0853bf92c260eaceea0,49365d527202f179b93e478f5b32107eb92aaa3f,20261009,PROVISIONAL_METADATA_ONLY_PENDING_HASH_AND_NEAR_DUPLICATE_AUDIT
RAISE_AI_DeciDiffusionV2,0318.parquet:78,0318.parquet,78,000256.png,1,RAISE,DeciDiffusionV2,LatDiff,CompEval,test,PNG,512x512,RGB,False,,NOT_IN_SOURCE_METADATA,NOT_IN_SOURCE_METADATA,OwensLab/CommunityForensics-Eval,7d4a74a88d2cac93b513c0853bf92c260eaceea0,49365d527202f179b93e478f5b32107eb92aaa3f,20261009,PROVISIONAL_METADATA_ONLY_PENDING_HASH_AND_NEAR_DUPLICATE_AUDIT
RAISE_AI_DeciDiffusionV2,0315.parquet:34,0315.parquet,34,000876.png,1,RAISE,DeciDiffusionV2,LatDiff,CompEval,test,PNG,512x512,RGB,False,,NOT_IN_SOURCE_METADATA,NOT_IN_SOURCE_METADATA,OwensLab/CommunityForensics-Eval,7d4a74a88d2cac93b513c0853bf92c260eaceea0,49365d527202f179b93e478f5b32107eb92aaa3f,20261009,PROVISIONAL_METADATA_ONLY_PENDING_HASH_AND_NEAR_DUPLICATE_AUDIT
RAISE_AI_DeciDiffusionV2,0314.parquet:69,0314.parquet,69,000579.png,1,RAISE,DeciDiffusionV2,LatDiff,CompEval,test,PNG,512x512,RGB,False,,NOT_IN_SOURCE_METADATA,NOT_IN_SOURCE_METADATA,OwensLab/CommunityForensics-Eval,7d4a74a88d2cac93b513c0853bf92c260eaceea0,49365d527202f179b93e478f5b32107eb92aaa3f,20261009,PROVISIONAL_METADATA_ONLY_PENDING_HASH_AND_NEAR_DUPLICATE_AUDIT
RAISE_AI_DeciDiffusionV2,0313.parquet:94,0313.parquet,94,000278.png,1,RAISE,DeciDiffusionV2,LatDiff,CompEval,test,PNG,512x512,RGB,False,,NOT_IN_SOURCE_METADATA,NOT_IN_SOURCE_METADATA,OwensLab/CommunityForensics-Eval,7d4a74a88d2cac93b513c0853bf92c260eaceea0,49365d527202f179b93e478f5b32107eb92aaa3f,20261009,PROVISIONAL_METADATA_ONLY_PENDING_HASH_AND_NEAR_DUPLICATE_AUDIT
RAISE_AI_DeciDiffusionV2,0317.parquet:15,0317.parquet,15,000646.png,1,RAISE,DeciDiffusionV2,LatDiff,CompEval,test,PNG,512x512,RGB,False,,NOT_IN_SOURCE_METADATA,NOT_IN_SOURCE_METADATA,OwensLab/CommunityForensics-Eval,7d4a74a88d2cac93b513c0853bf92c260eaceea0,49365d527202f179b93e478f5b32107eb92aaa3f,20261009,PROVISIONAL_METADATA_ONLY_PENDING_HASH_AND_NEAR_DUPLICATE_AUDIT
RAISE_AI_DeciDiffusionV2,0313.parquet:120,0313.parquet,120,000453.png,1,RAISE,DeciDiffusionV2,LatDiff,CompEval,test,PNG,512x512,RGB,False,,NOT_IN_SOURCE_METADATA,NOT_IN_SOURCE_METADATA,OwensLab/CommunityForensics-Eval,7d4a74a88d2cac93b513c0853bf92c260eaceea0,49365d527202f179b93e478f5b32107eb92aaa3f,20261009,PROVISIONAL_METADATA_ONLY_PENDING_HASH_AND_NEAR_DUPLICATE_AUDIT
RAISE_AI_DeciDiffusionV2,0313.parquet:32,0313.parquet,32,000931.png,1,RAISE,DeciDiffusionV2,LatDiff,CompEval,test,PNG,512x512,RGB,False,,NOT_IN_SOURCE_METADATA,NOT_IN_SOURCE_METADATA,OwensLab/CommunityForensics-Eval,7d4a74a88d2cac93b513c0853bf92c260eaceea0,49365d527202f179b93e478f5b32107eb92aaa3f,20261009,PROVISIONAL_METADATA_ONLY_PENDING_HASH_AND_NEAR_DUPLICATE_AUDIT
RAISE_AI_DeciDiffusionV2,0310.parquet:112,0310.parquet,112,000586.png,1,RAISE,DeciDiffusionV2,LatDiff,CompEval,test,PNG,512x512,RGB,False,,NOT_IN_SOURCE_METADATA,NOT_IN_SOURCE_METADATA,OwensLab/CommunityForensics-Eval,7d4a74a88d2cac93b513c0853bf92c260eaceea0,49365d527202f179b93e478f5b32107eb92aaa3f,20261009,PROVISIONAL_METADATA_ONLY_PENDING_HASH_AND_NEAR_DUPLICATE_AUDIT
RAISE_AI_DeciDiffusionV2,0314.parquet:72,0314.parquet,72,000761.png,1,RAISE,DeciDiffusionV2,LatDiff,CompEval,test,PNG,512x512,RGB,False,,NOT_IN_SOURCE_METADATA,NOT_IN_SOURCE_METADATA,OwensLab/CommunityForensics-Eval,7d4a74a88d2cac93b513c0853bf92c260eaceea0,49365d527202f179b93e478f5b32107eb92aaa3f,20261009,PROVISIONAL_METADATA_ONLY_PENDING_HASH_AND_NEAR_DUPLICATE_AUDIT
RAISE_AI_DeciDiffusionV2,0311.parquet:68,0311.parquet,68,000969.png,1,RAISE,DeciDiffusionV2,LatDiff,CompEval,test,PNG,512x512,RGB,False,,NOT_IN_SOURCE_METADATA,NOT_IN_SOURCE_METADATA,OwensLab/CommunityForensics-Eval,7d4a74a88d2cac93b513c0853bf92c260eaceea0,49365d527202f179b93e478f5b32107eb92aaa3f,20261009,PROVISIONAL_METADATA_ONLY_PENDING_HASH_AND_NEAR_DUPLICATE_AUDIT
RAISE_AI_DeciDiffusionV2,0314.parquet:3,0314.parquet,3,000285.png,1,RAISE,DeciDiffusionV2,LatDiff,CompEval,test,PNG,512x512,RGB,False,,NOT_IN_SOURCE_METADATA,NOT_IN_SOURCE_METADATA,OwensLab/CommunityForensics-Eval,7d4a74a88d2cac93b513c0853bf92c260eaceea0,49365d527202f179b93e478f5b32107eb92aaa3f,20261009,PROVISIONAL_METADATA_ONLY_PENDING_HASH_AND_NEAR_DUPLICATE_AUDIT
RAISE_AI_DeciDiffusionV2,0312.parquet:31,0312.parquet,31,000096.png,1,RAISE,DeciDiffusionV2,LatDiff,CompEval,test,PNG,512x512,RGB,False,,NOT_IN_SOURCE_METADATA,NOT_IN_SOURCE_METADATA,OwensLab/CommunityForensics-Eval,7d4a74a88d2cac93b513c0853bf92c260eaceea0,49365d527202f179b93e478f5b32107eb92aaa3f,20261009,PROVISIONAL_METADATA_ONLY_PENDING_HASH_AND_NEAR_DUPLICATE_AUDIT
RAISE_AI_DeciDiffusionV2,0316.parquet:92,0316.parquet,92,000076.png,1,RAISE,DeciDiffusionV2,LatDiff,CompEval,test,PNG,512x512,RGB,False,,NOT_IN_SOURCE_METADATA,NOT_IN_SOURCE_METADATA,OwensLab/CommunityForensics-Eval,7d4a74a88d2cac93b513c0853bf92c260eaceea0,49365d527202f179b93e478f5b32107eb92aaa3f,20261009,PROVISIONAL_METADATA_ONLY_PENDING_HASH_AND_NEAR_DUPLICATE_AUDIT
RAISE_AI_DeciDiffusionV2,0318.parquet:117,0318.parquet,117,000384.png,1,RAISE,DeciDiffusionV2,LatDiff,CompEval,test,PNG,512x512,RGB,False,,NOT_IN_SOURCE_METADATA,NOT_IN_SOURCE_METADATA,OwensLab/CommunityForensics-Eval,7d4a74a88d2cac93b513c0853bf92c260eaceea0,49365d527202f179b93e478f5b32107eb92aaa3f,20261009,PROVISIONAL_METADATA_ONLY_PENDING_HASH_AND_NEAR_DUPLICATE_AUDIT
RAISE_AI_DeciDiffusionV2,0318.parquet:89,0318.parquet,89,000924.png,1,RAISE,DeciDiffusionV2,LatDiff,CompEval,test,PNG,512x512,RGB,False,,NOT_IN_SOURCE_METADATA,NOT_IN_SOURCE_METADATA,OwensLab/CommunityForensics-Eval,7d4a74a88d2cac93b513c0853bf92c260eaceea0,49365d527202f179b93e478f5b32107eb92aaa3f,20261009,PROVISIONAL_METADATA_ONLY_PENDING_HASH_AND_NEAR_DUPLICATE_AUDIT
RAISE_AI_DeciDiffusionV2,0312.parquet:101,0312.parquet,101,000956.png,1,RAISE,DeciDiffusionV2,LatDiff,CompEval,test,PNG,512x512,RGB,False,,NOT_IN_SOURCE_METADATA,NOT_IN_SOURCE_METADATA,OwensLab/CommunityForensics-Eval,7d4a74a88d2cac93b513c0853bf92c260eaceea0,49365d527202f179b93e478f5b32107eb92aaa3f,20261009,PROVISIONAL_METADATA_ONLY_PENDING_HASH_AND_NEAR_DUPLICATE_AUDIT
RAISE_AI_DeciDiffusionV2,0318.parquet:38,0318.parquet,38,000496.png,1,RAISE,DeciDiffusionV2,LatDiff,CompEval,test,PNG,512x512,RGB,False,,NOT_IN_SOURCE_METADATA,NOT_IN_SOURCE_METADATA,OwensLab/CommunityForensics-Eval,7d4a74a88d2cac93b513c0853bf92c260eaceea0,49365d527202f179b93e478f5b32107eb92aaa3f,20261009,PROVISIONAL_METADATA_ONLY_PENDING_HASH_AND_NEAR_DUPLICATE_AUDIT
RAISE_AI_DeciDiffusionV2,0310.parquet:103,0310.parquet,103,000605.png,1,RAISE,DeciDiffusionV2,LatDiff,CompEval,test,PNG,512x512,RGB,False,,NOT_IN_SOURCE_METADATA,NOT_IN_SOURCE_METADATA,OwensLab/CommunityForensics-Eval,7d4a74a88d2cac93b513c0853bf92c260eaceea0,49365d527202f179b93e478f5b32107eb92aaa3f,20261009,PROVISIONAL_METADATA_ONLY_PENDING_HASH_AND_NEAR_DUPLICATE_AUDIT
RAISE_AI_DeciDiffusionV2,0314.parquet:109,0314.parquet,109,000897.png,1,RAISE,DeciDiffusionV2,LatDiff,CompEval,test,PNG,512x512,RGB,False,,NOT_IN_SOURCE_METADATA,NOT_IN_SOURCE_METADATA,OwensLab/CommunityForensics-Eval,7d4a74a88d2cac93b513c0853bf92c260eaceea0,49365d527202f179b93e478f5b32107eb92aaa3f,20261009,PROVISIONAL_METADATA_ONLY_PENDING_HASH_AND_NEAR_DUPLICATE_AUDIT
RAISE_AI_DeciDiffusionV2,0311.parquet:47,0311.parquet,47,000125.png,1,RAISE,DeciDiffusionV2,LatDiff,CompEval,test,PNG,512x512,RGB,False,,NOT_IN_SOURCE_METADATA,NOT_IN_SOURCE_METADATA,OwensLab/CommunityForensics-Eval,7d4a74a88d2cac93b513c0853bf92c260eaceea0,49365d527202f179b93e478f5b32107eb92aaa3f,20261009,PROVISIONAL_METADATA_ONLY_PENDING_HASH_AND_NEAR_DUPLICATE_AUDIT
RAISE_AI_DeciDiffusionV2,0313.parquet:24,0313.parquet,24,000458.png,1,RAISE,DeciDiffusionV2,LatDiff,CompEval,test,PNG,512x512,RGB,False,,NOT_IN_SOURCE_METADATA,NOT_IN_SOURCE_METADATA,OwensLab/CommunityForensics-Eval,7d4a74a88d2cac93b513c0853bf92c260eaceea0,49365d527202f179b93e478f5b32107eb92aaa3f,20261009,PROVISIONAL_METADATA_ONLY_PENDING_HASH_AND_NEAR_DUPLICATE_AUDIT
RAISE_AI_DeciDiffusionV2,0314.parquet:88,0314.parquet,88,000856.png,1,RAISE,DeciDiffusionV2,LatDiff,CompEval,test,PNG,512x512,RGB,False,,NOT_IN_SOURCE_METADATA,NOT_IN_SOURCE_METADATA,OwensLab/CommunityForensics-Eval,7d4a74a88d2cac93b513c0853bf92c260eaceea0,49365d527202f179b93e478f5b32107eb92aaa3f,20261009,PROVISIONAL_METADATA_ONLY_PENDING_HASH_AND_NEAR_DUPLICATE_AUDIT
RAISE_AI_DeciDiffusionV2,0313.parquet:22,0313.parquet,22,000906.png,1,RAISE,DeciDiffusionV2,LatDiff,CompEval,test,PNG,512x512,RGB,False,,NOT_IN_SOURCE_METADATA,NOT_IN_SOURCE_METADATA,OwensLab/CommunityForensics-Eval,7d4a74a88d2cac93b513c0853bf92c260eaceea0,49365d527202f179b93e478f5b32107eb92aaa3f,20261009,PROVISIONAL_METADATA_ONLY_PENDING_HASH_AND_NEAR_DUPLICATE_AUDIT
RAISE_AI_DeciDiffusionV2,0316.parquet:57,0316.parquet,57,000257.png,1,RAISE,DeciDiffusionV2,LatDiff,CompEval,test,PNG,512x512,RGB,False,,NOT_IN_SOURCE_METADATA,NOT_IN_SOURCE_METADATA,OwensLab/CommunityForensics-Eval,7d4a74a88d2cac93b513c0853bf92c260eaceea0,49365d527202f179b93e478f5b32107eb92aaa3f,20261009,PROVISIONAL_METADATA_ONLY_PENDING_HASH_AND_NEAR_DUPLICATE_AUDIT
RAISE_AI_DeciDiffusionV2,0127.parquet:101,0127.parquet,101,000656.png,1,RAISE,DeciDiffusionV2,LatDiff,CompEval,test,PNG,512x512,RGB,False,,NOT_IN_SOURCE_METADATA,NOT_IN_SOURCE_METADATA,OwensLab/CommunityForensics-Eval,7d4a74a88d2cac93b513c0853bf92c260eaceea0,49365d527202f179b93e478f5b32107eb92aaa3f,20261009,PROVISIONAL_METADATA_ONLY_PENDING_HASH_AND_NEAR_DUPLICATE_AUDIT
RAISE_AI_DeciDiffusionV2,0314.parquet:121,0314.parquet,121,000359.png,1,RAISE,DeciDiffusionV2,LatDiff,CompEval,test,PNG,512x512,RGB,False,,NOT_IN_SOURCE_METADATA,NOT_IN_SOURCE_METADATA,OwensLab/CommunityForensics-Eval,7d4a74a88d2cac93b513c0853bf92c260eaceea0,49365d527202f179b93e478f5b32107eb92aaa3f,20261009,PROVISIONAL_METADATA_ONLY_PENDING_HASH_AND_NEAR_DUPLICATE_AUDIT
RAISE_AI_DeciDiffusionV2,0318.parquet:96,0318.parquet,96,000345.png,1,RAISE,DeciDiffusionV2,LatDiff,CompEval,test,PNG,512x512,RGB,False,,NOT_IN_SOURCE_METADATA,NOT_IN_SOURCE_METADATA,OwensLab/CommunityForensics-Eval,7d4a74a88d2cac93b513c0853bf92c260eaceea0,49365d527202f179b93e478f5b32107eb92aaa3f,20261009,PROVISIONAL_METADATA_ONLY_PENDING_HASH_AND_NEAR_DUPLICATE_AUDIT
RAISE_AI_DeciDiffusionV2,0310.parquet:114,0310.parquet,114,000964.png,1,RAISE,DeciDiffusionV2,LatDiff,CompEval,test,PNG,512x512,RGB,False,,NOT_IN_SOURCE_METADATA,NOT_IN_SOURCE_METADATA,OwensLab/CommunityForensics-Eval,7d4a74a88d2cac93b513c0853bf92c260eaceea0,49365d527202f179b93e478f5b32107eb92aaa3f,20261009,PROVISIONAL_METADATA_ONLY_PENDING_HASH_AND_NEAR_DUPLICATE_AUDIT
RAISE_AI_DeciDiffusionV2,0316.parquet:125,0316.parquet,125,000839.png,1,RAISE,DeciDiffusionV2,LatDiff,CompEval,test,PNG,512x512,RGB,False,,NOT_IN_SOURCE_METADATA,NOT_IN_SOURCE_METADATA,OwensLab/CommunityForensics-Eval,7d4a74a88d2cac93b513c0853bf92c260eaceea0,49365d527202f179b93e478f5b32107eb92aaa3f,20261009,PROVISIONAL_METADATA_ONLY_PENDING_HASH_AND_NEAR_DUPLICATE_AUDIT
RAISE_AI_DeciDiffusionV2,0314.parquet:92,0314.parquet,92,000302.png,1,RAISE,DeciDiffusionV2,LatDiff,CompEval,test,PNG,512x512,RGB,False,,NOT_IN_SOURCE_METADATA,NOT_IN_SOURCE_METADATA,OwensLab/CommunityForensics-Eval,7d4a74a88d2cac93b513c0853bf92c260eaceea0,49365d527202f179b93e478f5b32107eb92aaa3f,20261009,PROVISIONAL_METADATA_ONLY_PENDING_HASH_AND_NEAR_DUPLICATE_AUDIT
RAISE_AI_DeciDiffusionV2,0315.parquet:109,0315.parquet,109,000167.png,1,RAISE,DeciDiffusionV2,LatDiff,CompEval,test,PNG,512x512,RGB,False,,NOT_IN_SOURCE_METADATA,NOT_IN_SOURCE_METADATA,OwensLab/CommunityForensics-Eval,7d4a74a88d2cac93b513c0853bf92c260eaceea0,49365d527202f179b93e478f5b32107eb92aaa3f,20261009,PROVISIONAL_METADATA_ONLY_PENDING_HASH_AND_NEAR_DUPLICATE_AUDIT
RAISE_AI_DeciDiffusionV2,0318.parquet:82,0318.parquet,82,000577.png,1,RAISE,DeciDiffusionV2,LatDiff,CompEval,test,PNG,512x512,RGB,False,,NOT_IN_SOURCE_METADATA,NOT_IN_SOURCE_METADATA,OwensLab/CommunityForensics-Eval,7d4a74a88d2cac93b513c0853bf92c260eaceea0,49365d527202f179b93e478f5b32107eb92aaa3f,20261009,PROVISIONAL_METADATA_ONLY_PENDING_HASH_AND_NEAR_DUPLICATE_AUDIT
RAISE_AI_DeciDiffusionV2,0310.parquet:124,0310.parquet,124,000833.png,1,RAISE,DeciDiffusionV2,LatDiff,CompEval,test,PNG,512x512,RGB,False,,NOT_IN_SOURCE_METADATA,NOT_IN_SOURCE_METADATA,OwensLab/CommunityForensics-Eval,7d4a74a88d2cac93b513c0853bf92c260eaceea0,49365d527202f179b93e478f5b32107eb92aaa3f,20261009,PROVISIONAL_METADATA_ONLY_PENDING_HASH_AND_NEAR_DUPLICATE_AUDIT
RAISE_AI_DeciDiffusionV2,0313.parquet:61,0313.parquet,61,000314.png,1,RAISE,DeciDiffusionV2,LatDiff,CompEval,test,PNG,512x512,RGB,False,,NOT_IN_SOURCE_METADATA,NOT_IN_SOURCE_METADATA,OwensLab/CommunityForensics-Eval,7d4a74a88d2cac93b513c0853bf92c260eaceea0,49365d527202f179b93e478f5b32107eb92aaa3f,20261009,PROVISIONAL_METADATA_ONLY_PENDING_HASH_AND_NEAR_DUPLICATE_AUDIT
RAISE_AI_DeciDiffusionV2,0317.parquet:74,0317.parquet,74,000895.png,1,RAISE,DeciDiffusionV2,LatDiff,CompEval,test,PNG,512x512,RGB,False,,NOT_IN_SOURCE_METADATA,NOT_IN_SOURCE_METADATA,OwensLab/CommunityForensics-Eval,7d4a74a88d2cac93b513c0853bf92c260eaceea0,49365d527202f179b93e478f5b32107eb92aaa3f,20261009,PROVISIONAL_METADATA_ONLY_PENDING_HASH_AND_NEAR_DUPLICATE_AUDIT
RAISE_AI_DeciDiffusionV2,0313.parquet:45,0313.parquet,45,000661.png,1,RAISE,DeciDiffusionV2,LatDiff,CompEval,test,PNG,512x512,RGB,False,,NOT_IN_SOURCE_METADATA,NOT_IN_SOURCE_METADATA,OwensLab/CommunityForensics-Eval,7d4a74a88d2cac93b513c0853bf92c260eaceea0,49365d527202f179b93e478f5b32107eb92aaa3f,20261009,PROVISIONAL_METADATA_ONLY_PENDING_HASH_AND_NEAR_DUPLICATE_AUDIT
RAISE_AI_DeciDiffusionV2,0318.parquet:102,0318.parquet,102,000573.png,1,RAISE,DeciDiffusionV2,LatDiff,CompEval,test,PNG,512x512,RGB,False,,NOT_IN_SOURCE_METADATA,NOT_IN_SOURCE_METADATA,OwensLab/CommunityForensics-Eval,7d4a74a88d2cac93b513c0853bf92c260eaceea0,49365d527202f179b93e478f5b32107eb92aaa3f,20261009,PROVISIONAL_METADATA_ONLY_PENDING_HASH_AND_NEAR_DUPLICATE_AUDIT
RAISE_AI_DeciDiffusionV2,0315.parquet:21,0315.parquet,21,000179.png,1,RAISE,DeciDiffusionV2,LatDiff,CompEval,test,PNG,512x512,RGB,False,,NOT_IN_SOURCE_METADATA,NOT_IN_SOURCE_METADATA,OwensLab/CommunityForensics-Eval,7d4a74a88d2cac93b513c0853bf92c260eaceea0,49365d527202f179b93e478f5b32107eb92aaa3f,20261009,PROVISIONAL_METADATA_ONLY_PENDING_HASH_AND_NEAR_DUPLICATE_AUDIT
RAISE_AI_GALIP,0124.parquet:12,0124.parquet,12,000029.png,1,RAISE,GALIP,GAN,CompEval,test,PNG,224x224,RGB,False,,NOT_IN_SOURCE_METADATA,NOT_IN_SOURCE_METADATA,OwensLab/CommunityForensics-Eval,7d4a74a88d2cac93b513c0853bf92c260eaceea0,49365d527202f179b93e478f5b32107eb92aaa3f,20261009,PROVISIONAL_METADATA_ONLY_PENDING_HASH_AND_NEAR_DUPLICATE_AUDIT
RAISE_AI_GALIP,0120.parquet:30,0120.parquet,30,000444.png,1,RAISE,GALIP,GAN,CompEval,test,PNG,224x224,RGB,False,,NOT_IN_SOURCE_METADATA,NOT_IN_SOURCE_METADATA,OwensLab/CommunityForensics-Eval,7d4a74a88d2cac93b513c0853bf92c260eaceea0,49365d527202f179b93e478f5b32107eb92aaa3f,20261009,PROVISIONAL_METADATA_ONLY_PENDING_HASH_AND_NEAR_DUPLICATE_AUDIT
RAISE_AI_GALIP,0124.parquet:43,0124.parquet,43,000200.png,1,RAISE,GALIP,GAN,CompEval,test,PNG,224x224,RGB,False,,NOT_IN_SOURCE_METADATA,NOT_IN_SOURCE_METADATA,OwensLab/CommunityForensics-Eval,7d4a74a88d2cac93b513c0853bf92c260eaceea0,49365d527202f179b93e478f5b32107eb92aaa3f,20261009,PROVISIONAL_METADATA_ONLY_PENDING_HASH_AND_NEAR_DUPLICATE_AUDIT
RAISE_AI_GALIP,0125.parquet:26,0125.parquet,26,000558.png,1,RAISE,GALIP,GAN,CompEval,test,PNG,224x224,RGB,False,,NOT_IN_SOURCE_METADATA,NOT_IN_SOURCE_METADATA,OwensLab/CommunityForensics-Eval,7d4a74a88d2cac93b513c0853bf92c260eaceea0,49365d527202f179b93e478f5b32107eb92aaa3f,20261009,PROVISIONAL_METADATA_ONLY_PENDING_HASH_AND_NEAR_DUPLICATE_AUDIT
RAISE_AI_GALIP,0046.parquet:49,0046.parquet,49,000760.png,1,RAISE,GALIP,GAN,CompEval,test,PNG,224x224,RGB,False,,NOT_IN_SOURCE_METADATA,NOT_IN_SOURCE_METADATA,OwensLab/CommunityForensics-Eval,7d4a74a88d2cac93b513c0853bf92c260eaceea0,49365d527202f179b93e478f5b32107eb92aaa3f,20261009,PROVISIONAL_METADATA_ONLY_PENDING_HASH_AND_NEAR_DUPLICATE_AUDIT
RAISE_AI_GALIP,0123.parquet:23,0123.parquet,23,000176.png,1,RAISE,GALIP,GAN,CompEval,test,PNG,224x224,RGB,False,,NOT_IN_SOURCE_METADATA,NOT_IN_SOURCE_METADATA,OwensLab/CommunityForensics-Eval,7d4a74a88d2cac93b513c0853bf92c260eaceea0,49365d527202f179b93e478f5b32107eb92aaa3f,20261009,PROVISIONAL_METADATA_ONLY_PENDING_HASH_AND_NEAR_DUPLICATE_AUDIT
RAISE_AI_GALIP,0120.parquet:86,0120.parquet,86,000187.png,1,RAISE,GALIP,GAN,CompEval,test,PNG,224x224,RGB,False,,NOT_IN_SOURCE_METADATA,NOT_IN_SOURCE_METADATA,OwensLab/CommunityForensics-Eval,7d4a74a88d2cac93b513c0853bf92c260eaceea0,49365d527202f179b93e478f5b32107eb92aaa3f,20261009,PROVISIONAL_METADATA_ONLY_PENDING_HASH_AND_NEAR_DUPLICATE_AUDIT
RAISE_AI_GALIP,0124.parquet:101,0124.parquet,101,000175.png,1,RAISE,GALIP,GAN,CompEval,test,PNG,224x224,RGB,False,,NOT_IN_SOURCE_METADATA,NOT_IN_SOURCE_METADATA,OwensLab/CommunityForensics-Eval,7d4a74a88d2cac93b513c0853bf92c260eaceea0,49365d527202f179b93e478f5b32107eb92aaa3f,20261009,PROVISIONAL_METADATA_ONLY_PENDING_HASH_AND_NEAR_DUPLICATE_AUDIT
RAISE_AI_GALIP,0124.parquet:42,0124.parquet,42,000594.png,1,RAISE,GALIP,GAN,CompEval,test,PNG,224x224,RGB,False,,NOT_IN_SOURCE_METADATA,NOT_IN_SOURCE_METADATA,OwensLab/CommunityForensics-Eval,7d4a74a88d2cac93b513c0853bf92c260eaceea0,49365d527202f179b93e478f5b32107eb92aaa3f,20261009,PROVISIONAL_METADATA_ONLY_PENDING_HASH_AND_NEAR_DUPLICATE_AUDIT
RAISE_AI_GALIP,0122.parquet:68,0122.parquet,68,000870.png,1,RAISE,GALIP,GAN,CompEval,test,PNG,224x224,RGB,False,,NOT_IN_SOURCE_METADATA,NOT_IN_SOURCE_METADATA,OwensLab/CommunityForensics-Eval,7d4a74a88d2cac93b513c0853bf92c260eaceea0,49365d527202f179b93e478f5b32107eb92aaa3f,20261009,PROVISIONAL_METADATA_ONLY_PENDING_HASH_AND_NEAR_DUPLICATE_AUDIT
RAISE_AI_GALIP,0121.parquet:45,0121.parquet,45,000398.png,1,RAISE,GALIP,GAN,CompEval,test,PNG,224x224,RGB,False,,NOT_IN_SOURCE_METADATA,NOT_IN_SOURCE_METADATA,OwensLab/CommunityForensics-Eval,7d4a74a88d2cac93b513c0853bf92c260eaceea0,49365d527202f179b93e478f5b32107eb92aaa3f,20261009,PROVISIONAL_METADATA_ONLY_PENDING_HASH_AND_NEAR_DUPLICATE_AUDIT
RAISE_AI_GALIP,0124.parquet:114,0124.parquet,114,000509.png,1,RAISE,GALIP,GAN,CompEval,test,PNG,224x224,RGB,False,,NOT_IN_SOURCE_METADATA,NOT_IN_SOURCE_METADATA,OwensLab/CommunityForensics-Eval,7d4a74a88d2cac93b513c0853bf92c260eaceea0,49365d527202f179b93e478f5b32107eb92aaa3f,20261009,PROVISIONAL_METADATA_ONLY_PENDING_HASH_AND_NEAR_DUPLICATE_AUDIT
RAISE_AI_GALIP,0046.parquet:103,0046.parquet,103,000668.png,1,RAISE,GALIP,GAN,CompEval,test,PNG,224x224,RGB,False,,NOT_IN_SOURCE_METADATA,NOT_IN_SOURCE_METADATA,OwensLab/CommunityForensics-Eval,7d4a74a88d2cac93b513c0853bf92c260eaceea0,49365d527202f179b93e478f5b32107eb92aaa3f,20261009,PROVISIONAL_METADATA_ONLY_PENDING_HASH_AND_NEAR_DUPLICATE_AUDIT
RAISE_AI_GALIP,0121.parquet:56,0121.parquet,56,000242.png,1,RAISE,GALIP,GAN,CompEval,test,PNG,224x224,RGB,False,,NOT_IN_SOURCE_METADATA,NOT_IN_SOURCE_METADATA,OwensLab/CommunityForensics-Eval,7d4a74a88d2cac93b513c0853bf92c260eaceea0,49365d527202f179b93e478f5b32107eb92aaa3f,20261009,PROVISIONAL_METADATA_ONLY_PENDING_HASH_AND_NEAR_DUPLICATE_AUDIT
RAISE_AI_GALIP,0121.parquet:119,0121.parquet,119,000754.png,1,RAISE,GALIP,GAN,CompEval,test,PNG,224x224,RGB,False,,NOT_IN_SOURCE_METADATA,NOT_IN_SOURCE_METADATA,OwensLab/CommunityForensics-Eval,7d4a74a88d2cac93b513c0853bf92c260eaceea0,49365d527202f179b93e478f5b32107eb92aaa3f,20261009,PROVISIONAL_METADATA_ONLY_PENDING_HASH_AND_NEAR_DUPLICATE_AUDIT
RAISE_AI_GALIP,0121.parquet:66,0121.parquet,66,000866.png,1,RAISE,GALIP,GAN,CompEval,test,PNG,224x224,RGB,False,,NOT_IN_SOURCE_METADATA,NOT_IN_SOURCE_METADATA,OwensLab/CommunityForensics-Eval,7d4a74a88d2cac93b513c0853bf92c260eaceea0,49365d527202f179b93e478f5b32107eb92aaa3f,20261009,PROVISIONAL_METADATA_ONLY_PENDING_HASH_AND_NEAR_DUPLICATE_AUDIT
RAISE_AI_GALIP,0125.parquet:28,0125.parquet,28,000841.png,1,RAISE,GALIP,GAN,CompEval,test,PNG,224x224,RGB,False,,NOT_IN_SOURCE_METADATA,NOT_IN_SOURCE_METADATA,OwensLab/CommunityForensics-Eval,7d4a74a88d2cac93b513c0853bf92c260eaceea0,49365d527202f179b93e478f5b32107eb92aaa3f,20261009,PROVISIONAL_METADATA_ONLY_PENDING_HASH_AND_NEAR_DUPLICATE_AUDIT
RAISE_AI_GALIP,0123.parquet:80,0123.parquet,80,000856.png,1,RAISE,GALIP,GAN,CompEval,test,PNG,224x224,RGB,False,,NOT_IN_SOURCE_METADATA,NOT_IN_SOURCE_METADATA,OwensLab/CommunityForensics-Eval,7d4a74a88d2cac93b513c0853bf92c260eaceea0,49365d527202f179b93e478f5b32107eb92aaa3f,20261009,PROVISIONAL_METADATA_ONLY_PENDING_HASH_AND_NEAR_DUPLICATE_AUDIT
RAISE_AI_GALIP,0125.parquet:39,0125.parquet,39,000037.png,1,RAISE,GALIP,GAN,CompEval,test,PNG,224x224,RGB,False,,NOT_IN_SOURCE_METADATA,NOT_IN_SOURCE_METADATA,OwensLab/CommunityForensics-Eval,7d4a74a88d2cac93b513c0853bf92c260eaceea0,49365d527202f179b93e478f5b32107eb92aaa3f,20261009,PROVISIONAL_METADATA_ONLY_PENDING_HASH_AND_NEAR_DUPLICATE_AUDIT
RAISE_AI_GALIP,0123.parquet:118,0123.parquet,118,000379.png,1,RAISE,GALIP,GAN,CompEval,test,PNG,224x224,RGB,False,,NOT_IN_SOURCE_METADATA,NOT_IN_SOURCE_METADATA,OwensLab/CommunityForensics-Eval,7d4a74a88d2cac93b513c0853bf92c260eaceea0,49365d527202f179b93e478f5b32107eb92aaa3f,20261009,PROVISIONAL_METADATA_ONLY_PENDING_HASH_AND_NEAR_DUPLICATE_AUDIT
RAISE_AI_GALIP,0121.parquet:51,0121.parquet,51,000768.png,1,RAISE,GALIP,GAN,CompEval,test,PNG,224x224,RGB,False,,NOT_IN_SOURCE_METADATA,NOT_IN_SOURCE_METADATA,OwensLab/CommunityForensics-Eval,7d4a74a88d2cac93b513c0853bf92c260eaceea0,49365d527202f179b93e478f5b32107eb92aaa3f,20261009,PROVISIONAL_METADATA_ONLY_PENDING_HASH_AND_NEAR_DUPLICATE_AUDIT
RAISE_AI_GALIP,0046.parquet:67,0046.parquet,67,000045.png,1,RAISE,GALIP,GAN,CompEval,test,PNG,224x224,RGB,False,,NOT_IN_SOURCE_METADATA,NOT_IN_SOURCE_METADATA,OwensLab/CommunityForensics-Eval,7d4a74a88d2cac93b513c0853bf92c260eaceea0,49365d527202f179b93e478f5b32107eb92aaa3f,20261009,PROVISIONAL_METADATA_ONLY_PENDING_HASH_AND_NEAR_DUPLICATE_AUDIT
RAISE_AI_GALIP,0047.parquet:95,0047.parquet,95,000806.png,1,RAISE,GALIP,GAN,CompEval,test,PNG,224x224,RGB,False,,NOT_IN_SOURCE_METADATA,NOT_IN_SOURCE_METADATA,OwensLab/CommunityForensics-Eval,7d4a74a88d2cac93b513c0853bf92c260eaceea0,49365d527202f179b93e478f5b32107eb92aaa3f,20261009,PROVISIONAL_METADATA_ONLY_PENDING_HASH_AND_NEAR_DUPLICATE_AUDIT
RAISE_AI_GALIP,0047.parquet:91,0047.parquet,91,000728.png,1,RAISE,GALIP,GAN,CompEval,test,PNG,224x224,RGB,False,,NOT_IN_SOURCE_METADATA,NOT_IN_SOURCE_METADATA,OwensLab/CommunityForensics-Eval,7d4a74a88d2cac93b513c0853bf92c260eaceea0,49365d527202f179b93e478f5b32107eb92aaa3f,20261009,PROVISIONAL_METADATA_ONLY_PENDING_HASH_AND_NEAR_DUPLICATE_AUDIT
RAISE_AI_GALIP,0121.parquet:53,0121.parquet,53,000006.png,1,RAISE,GALIP,GAN,CompEval,test,PNG,224x224,RGB,False,,NOT_IN_SOURCE_METADATA,NOT_IN_SOURCE_METADATA,OwensLab/CommunityForensics-Eval,7d4a74a88d2cac93b513c0853bf92c260eaceea0,49365d527202f179b93e478f5b32107eb92aaa3f,20261009,PROVISIONAL_METADATA_ONLY_PENDING_HASH_AND_NEAR_DUPLICATE_AUDIT
RAISE_AI_GALIP,0126.parquet:15,0126.parquet,15,000471.png,1,RAISE,GALIP,GAN,CompEval,test,PNG,224x224,RGB,False,,NOT_IN_SOURCE_METADATA,NOT_IN_SOURCE_METADATA,OwensLab/CommunityForensics-Eval,7d4a74a88d2cac93b513c0853bf92c260eaceea0,49365d527202f179b93e478f5b32107eb92aaa3f,20261009,PROVISIONAL_METADATA_ONLY_PENDING_HASH_AND_NEAR_DUPLICATE_AUDIT
RAISE_AI_GALIP,0046.parquet:41,0046.parquet,41,000062.png,1,RAISE,GALIP,GAN,CompEval,test,PNG,224x224,RGB,False,,NOT_IN_SOURCE_METADATA,NOT_IN_SOURCE_METADATA,OwensLab/CommunityForensics-Eval,7d4a74a88d2cac93b513c0853bf92c260eaceea0,49365d527202f179b93e478f5b32107eb92aaa3f,20261009,PROVISIONAL_METADATA_ONLY_PENDING_HASH_AND_NEAR_DUPLICATE_AUDIT
RAISE_AI_GALIP,0047.parquet:86,0047.parquet,86,000437.png,1,RAISE,GALIP,GAN,CompEval,test,PNG,224x224,RGB,False,,NOT_IN_SOURCE_METADATA,NOT_IN_SOURCE_METADATA,OwensLab/CommunityForensics-Eval,7d4a74a88d2cac93b513c0853bf92c260eaceea0,49365d527202f179b93e478f5b32107eb92aaa3f,20261009,PROVISIONAL_METADATA_ONLY_PENDING_HASH_AND_NEAR_DUPLICATE_AUDIT
RAISE_AI_GALIP,0122.parquet:101,0122.parquet,101,000497.png,1,RAISE,GALIP,GAN,CompEval,test,PNG,224x224,RGB,False,,NOT_IN_SOURCE_METADATA,NOT_IN_SOURCE_METADATA,OwensLab/CommunityForensics-Eval,7d4a74a88d2cac93b513c0853bf92c260eaceea0,49365d527202f179b93e478f5b32107eb92aaa3f,20261009,PROVISIONAL_METADATA_ONLY_PENDING_HASH_AND_NEAR_DUPLICATE_AUDIT
RAISE_AI_GALIP,0046.parquet:10,0046.parquet,10,000623.png,1,RAISE,GALIP,GAN,CompEval,test,PNG,224x224,RGB,False,,NOT_IN_SOURCE_METADATA,NOT_IN_SOURCE_METADATA,OwensLab/CommunityForensics-Eval,7d4a74a88d2cac93b513c0853bf92c260eaceea0,49365d527202f179b93e478f5b32107eb92aaa3f,20261009,PROVISIONAL_METADATA_ONLY_PENDING_HASH_AND_NEAR_DUPLICATE_AUDIT
RAISE_AI_GALIP,0046.parquet:116,0046.parquet,116,000374.png,1,RAISE,GALIP,GAN,CompEval,test,PNG,224x224,RGB,False,,NOT_IN_SOURCE_METADATA,NOT_IN_SOURCE_METADATA,OwensLab/CommunityForensics-Eval,7d4a74a88d2cac93b513c0853bf92c260eaceea0,49365d527202f179b93e478f5b32107eb92aaa3f,20261009,PROVISIONAL_METADATA_ONLY_PENDING_HASH_AND_NEAR_DUPLICATE_AUDIT
RAISE_AI_GALIP,0046.parquet:35,0046.parquet,35,000077.png,1,RAISE,GALIP,GAN,CompEval,test,PNG,224x224,RGB,False,,NOT_IN_SOURCE_METADATA,NOT_IN_SOURCE_METADATA,OwensLab/CommunityForensics-Eval,7d4a74a88d2cac93b513c0853bf92c260eaceea0,49365d527202f179b93e478f5b32107eb92aaa3f,20261009,PROVISIONAL_METADATA_ONLY_PENDING_HASH_AND_NEAR_DUPLICATE_AUDIT
RAISE_AI_GALIP,0047.parquet:0,0047.parquet,0,000636.png,1,RAISE,GALIP,GAN,CompEval,test,PNG,224x224,RGB,False,,NOT_IN_SOURCE_METADATA,NOT_IN_SOURCE_METADATA,OwensLab/CommunityForensics-Eval,7d4a74a88d2cac93b513c0853bf92c260eaceea0,49365d527202f179b93e478f5b32107eb92aaa3f,20261009,PROVISIONAL_METADATA_ONLY_PENDING_HASH_AND_NEAR_DUPLICATE_AUDIT
RAISE_AI_GALIP,0119.parquet:123,0119.parquet,123,000285.png,1,RAISE,GALIP,GAN,CompEval,test,PNG,224x224,RGB,False,,NOT_IN_SOURCE_METADATA,NOT_IN_SOURCE_METADATA,OwensLab/CommunityForensics-Eval,7d4a74a88d2cac93b513c0853bf92c260eaceea0,49365d527202f179b93e478f5b32107eb92aaa3f,20261009,PROVISIONAL_METADATA_ONLY_PENDING_HASH_AND_NEAR_DUPLICATE_AUDIT
RAISE_AI_GALIP,0046.parquet:101,0046.parquet,101,000838.png,1,RAISE,GALIP,GAN,CompEval,test,PNG,224x224,RGB,False,,NOT_IN_SOURCE_METADATA,NOT_IN_SOURCE_METADATA,OwensLab/CommunityForensics-Eval,7d4a74a88d2cac93b513c0853bf92c260eaceea0,49365d527202f179b93e478f5b32107eb92aaa3f,20261009,PROVISIONAL_METADATA_ONLY_PENDING_HASH_AND_NEAR_DUPLICATE_AUDIT
RAISE_AI_GALIP,0123.parquet:25,0123.parquet,25,000787.png,1,RAISE,GALIP,GAN,CompEval,test,PNG,224x224,RGB,False,,NOT_IN_SOURCE_METADATA,NOT_IN_SOURCE_METADATA,OwensLab/CommunityForensics-Eval,7d4a74a88d2cac93b513c0853bf92c260eaceea0,49365d527202f179b93e478f5b32107eb92aaa3f,20261009,PROVISIONAL_METADATA_ONLY_PENDING_HASH_AND_NEAR_DUPLICATE_AUDIT
RAISE_AI_GALIP,0120.parquet:122,0120.parquet,122,000514.png,1,RAISE,GALIP,GAN,CompEval,test,PNG,224x224,RGB,False,,NOT_IN_SOURCE_METADATA,NOT_IN_SOURCE_METADATA,OwensLab/CommunityForensics-Eval,7d4a74a88d2cac93b513c0853bf92c260eaceea0,49365d527202f179b93e478f5b32107eb92aaa3f,20261009,PROVISIONAL_METADATA_ONLY_PENDING_HASH_AND_NEAR_DUPLICATE_AUDIT
RAISE_AI_GALIP,0120.parquet:40,0120.parquet,40,000230.png,1,RAISE,GALIP,GAN,CompEval,test,PNG,224x224,RGB,False,,NOT_IN_SOURCE_METADATA,NOT_IN_SOURCE_METADATA,OwensLab/CommunityForensics-Eval,7d4a74a88d2cac93b513c0853bf92c260eaceea0,49365d527202f179b93e478f5b32107eb92aaa3f,20261009,PROVISIONAL_METADATA_ONLY_PENDING_HASH_AND_NEAR_DUPLICATE_AUDIT
RAISE_AI_GALIP,0047.parquet:102,0047.parquet,102,000447.png,1,RAISE,GALIP,GAN,CompEval,test,PNG,224x224,RGB,False,,NOT_IN_SOURCE_METADATA,NOT_IN_SOURCE_METADATA,OwensLab/CommunityForensics-Eval,7d4a74a88d2cac93b513c0853bf92c260eaceea0,49365d527202f179b93e478f5b32107eb92aaa3f,20261009,PROVISIONAL_METADATA_ONLY_PENDING_HASH_AND_NEAR_DUPLICATE_AUDIT
RAISE_AI_GALIP,0122.parquet:92,0122.parquet,92,000028.png,1,RAISE,GALIP,GAN,CompEval,test,PNG,224x224,RGB,False,,NOT_IN_SOURCE_METADATA,NOT_IN_SOURCE_METADATA,OwensLab/CommunityForensics-Eval,7d4a74a88d2cac93b513c0853bf92c260eaceea0,49365d527202f179b93e478f5b32107eb92aaa3f,20261009,PROVISIONAL_METADATA_ONLY_PENDING_HASH_AND_NEAR_DUPLICATE_AUDIT
RAISE_AI_GALIP,0122.parquet:84,0122.parquet,84,000721.png,1,RAISE,GALIP,GAN,CompEval,test,PNG,224x224,RGB,False,,NOT_IN_SOURCE_METADATA,NOT_IN_SOURCE_METADATA,OwensLab/CommunityForensics-Eval,7d4a74a88d2cac93b513c0853bf92c260eaceea0,49365d527202f179b93e478f5b32107eb92aaa3f,20261009,PROVISIONAL_METADATA_ONLY_PENDING_HASH_AND_NEAR_DUPLICATE_AUDIT
RAISE_AI_GALIP,0121.parquet:99,0121.parquet,99,000988.png,1,RAISE,GALIP,GAN,CompEval,test,PNG,224x224,RGB,False,,NOT_IN_SOURCE_METADATA,NOT_IN_SOURCE_METADATA,OwensLab/CommunityForensics-Eval,7d4a74a88d2cac93b513c0853bf92c260eaceea0,49365d527202f179b93e478f5b32107eb92aaa3f,20261009,PROVISIONAL_METADATA_ONLY_PENDING_HASH_AND_NEAR_DUPLICATE_AUDIT
RAISE_AI_GALIP,0047.parquet:50,0047.parquet,50,000545.png,1,RAISE,GALIP,GAN,CompEval,test,PNG,224x224,RGB,False,,NOT_IN_SOURCE_METADATA,NOT_IN_SOURCE_METADATA,OwensLab/CommunityForensics-Eval,7d4a74a88d2cac93b513c0853bf92c260eaceea0,49365d527202f179b93e478f5b32107eb92aaa3f,20261009,PROVISIONAL_METADATA_ONLY_PENDING_HASH_AND_NEAR_DUPLICATE_AUDIT
RAISE_AI_GALIP,0122.parquet:71,0122.parquet,71,000113.png,1,RAISE,GALIP,GAN,CompEval,test,PNG,224x224,RGB,False,,NOT_IN_SOURCE_METADATA,NOT_IN_SOURCE_METADATA,OwensLab/CommunityForensics-Eval,7d4a74a88d2cac93b513c0853bf92c260eaceea0,49365d527202f179b93e478f5b32107eb92aaa3f,20261009,PROVISIONAL_METADATA_ONLY_PENDING_HASH_AND_NEAR_DUPLICATE_AUDIT
RAISE_AI_GALIP,0126.parquet:1,0126.parquet,1,000297.png,1,RAISE,GALIP,GAN,CompEval,test,PNG,224x224,RGB,False,,NOT_IN_SOURCE_METADATA,NOT_IN_SOURCE_METADATA,OwensLab/CommunityForensics-Eval,7d4a74a88d2cac93b513c0853bf92c260eaceea0,49365d527202f179b93e478f5b32107eb92aaa3f,20261009,PROVISIONAL_METADATA_ONLY_PENDING_HASH_AND_NEAR_DUPLICATE_AUDIT
RAISE_AI_GALIP,0124.parquet:8,0124.parquet,8,000842.png,1,RAISE,GALIP,GAN,CompEval,test,PNG,224x224,RGB,False,,NOT_IN_SOURCE_METADATA,NOT_IN_SOURCE_METADATA,OwensLab/CommunityForensics-Eval,7d4a74a88d2cac93b513c0853bf92c260eaceea0,49365d527202f179b93e478f5b32107eb92aaa3f,20261009,PROVISIONAL_METADATA_ONLY_PENDING_HASH_AND_NEAR_DUPLICATE_AUDIT
RAISE_AI_GALIP,0121.parquet:68,0121.parquet,68,000098.png,1,RAISE,GALIP,GAN,CompEval,test,PNG,224x224,RGB,False,,NOT_IN_SOURCE_METADATA,NOT_IN_SOURCE_METADATA,OwensLab/CommunityForensics-Eval,7d4a74a88d2cac93b513c0853bf92c260eaceea0,49365d527202f179b93e478f5b32107eb92aaa3f,20261009,PROVISIONAL_METADATA_ONLY_PENDING_HASH_AND_NEAR_DUPLICATE_AUDIT
RAISE_AI_GALIP,0124.parquet:121,0124.parquet,121,000363.png,1,RAISE,GALIP,GAN,CompEval,test,PNG,224x224,RGB,False,,NOT_IN_SOURCE_METADATA,NOT_IN_SOURCE_METADATA,OwensLab/CommunityForensics-Eval,7d4a74a88d2cac93b513c0853bf92c260eaceea0,49365d527202f179b93e478f5b32107eb92aaa3f,20261009,PROVISIONAL_METADATA_ONLY_PENDING_HASH_AND_NEAR_DUPLICATE_AUDIT
RAISE_AI_GALIP,0120.parquet:68,0120.parquet,68,000573.png,1,RAISE,GALIP,GAN,CompEval,test,PNG,224x224,RGB,False,,NOT_IN_SOURCE_METADATA,NOT_IN_SOURCE_METADATA,OwensLab/CommunityForensics-Eval,7d4a74a88d2cac93b513c0853bf92c260eaceea0,49365d527202f179b93e478f5b32107eb92aaa3f,20261009,PROVISIONAL_METADATA_ONLY_PENDING_HASH_AND_NEAR_DUPLICATE_AUDIT
RAISE_AI_GALIP,0122.parquet:50,0122.parquet,50,000579.png,1,RAISE,GALIP,GAN,CompEval,test,PNG,224x224,RGB,False,,NOT_IN_SOURCE_METADATA,NOT_IN_SOURCE_METADATA,OwensLab/CommunityForensics-Eval,7d4a74a88d2cac93b513c0853bf92c260eaceea0,49365d527202f179b93e478f5b32107eb92aaa3f,20261009,PROVISIONAL_METADATA_ONLY_PENDING_HASH_AND_NEAR_DUPLICATE_AUDIT
RAISE_AI_GALIP,0120.parquet:103,0120.parquet,103,000899.png,1,RAISE,GALIP,GAN,CompEval,test,PNG,224x224,RGB,False,,NOT_IN_SOURCE_METADATA,NOT_IN_SOURCE_METADATA,OwensLab/CommunityForensics-Eval,7d4a74a88d2cac93b513c0853bf92c260eaceea0,49365d527202f179b93e478f5b32107eb92aaa3f,20261009,PROVISIONAL_METADATA_ONLY_PENDING_HASH_AND_NEAR_DUPLICATE_AUDIT
RAISE_AI_GALIP,0122.parquet:1,0122.parquet,1,000348.png,1,RAISE,GALIP,GAN,CompEval,test,PNG,224x224,RGB,False,,NOT_IN_SOURCE_METADATA,NOT_IN_SOURCE_METADATA,OwensLab/CommunityForensics-Eval,7d4a74a88d2cac93b513c0853bf92c260eaceea0,49365d527202f179b93e478f5b32107eb92aaa3f,20261009,PROVISIONAL_METADATA_ONLY_PENDING_HASH_AND_NEAR_DUPLICATE_AUDIT
RAISE_AI_GALIP,0047.parquet:98,0047.parquet,98,000539.png,1,RAISE,GALIP,GAN,CompEval,test,PNG,224x224,RGB,False,,NOT_IN_SOURCE_METADATA,NOT_IN_SOURCE_METADATA,OwensLab/CommunityForensics-Eval,7d4a74a88d2cac93b513c0853bf92c260eaceea0,49365d527202f179b93e478f5b32107eb92aaa3f,20261009,PROVISIONAL_METADATA_ONLY_PENDING_HASH_AND_NEAR_DUPLICATE_AUDIT
RAISE_AI_GALIP,0125.parquet:41,0125.parquet,41,000858.png,1,RAISE,GALIP,GAN,CompEval,test,PNG,224x224,RGB,False,,NOT_IN_SOURCE_METADATA,NOT_IN_SOURCE_METADATA,OwensLab/CommunityForensics-Eval,7d4a74a88d2cac93b513c0853bf92c260eaceea0,49365d527202f179b93e478f5b32107eb92aaa3f,20261009,PROVISIONAL_METADATA_ONLY_PENDING_HASH_AND_NEAR_DUPLICATE_AUDIT
RAISE_AI_GALIP,0124.parquet:124,0124.parquet,124,000342.png,1,RAISE,GALIP,GAN,CompEval,test,PNG,224x224,RGB,False,,NOT_IN_SOURCE_METADATA,NOT_IN_SOURCE_METADATA,OwensLab/CommunityForensics-Eval,7d4a74a88d2cac93b513c0853bf92c260eaceea0,49365d527202f179b93e478f5b32107eb92aaa3f,20261009,PROVISIONAL_METADATA_ONLY_PENDING_HASH_AND_NEAR_DUPLICATE_AUDIT
RAISE_AI_GALIP,0122.parquet:98,0122.parquet,98,000963.png,1,RAISE,GALIP,GAN,CompEval,test,PNG,224x224,RGB,False,,NOT_IN_SOURCE_METADATA,NOT_IN_SOURCE_METADATA,OwensLab/CommunityForensics-Eval,7d4a74a88d2cac93b513c0853bf92c260eaceea0,49365d527202f179b93e478f5b32107eb92aaa3f,20261009,PROVISIONAL_METADATA_ONLY_PENDING_HASH_AND_NEAR_DUPLICATE_AUDIT
RAISE_AI_GALIP,0123.parquet:116,0123.parquet,116,000032.png,1,RAISE,GALIP,GAN,CompEval,test,PNG,224x224,RGB,False,,NOT_IN_SOURCE_METADATA,NOT_IN_SOURCE_METADATA,OwensLab/CommunityForensics-Eval,7d4a74a88d2cac93b513c0853bf92c260eaceea0,49365d527202f179b93e478f5b32107eb92aaa3f,20261009,PROVISIONAL_METADATA_ONLY_PENDING_HASH_AND_NEAR_DUPLICATE_AUDIT
RAISE_AI_GALIP,0123.parquet:27,0123.parquet,27,000793.png,1,RAISE,GALIP,GAN,CompEval,test,PNG,224x224,RGB,False,,NOT_IN_SOURCE_METADATA,NOT_IN_SOURCE_METADATA,OwensLab/CommunityForensics-Eval,7d4a74a88d2cac93b513c0853bf92c260eaceea0,49365d527202f179b93e478f5b32107eb92aaa3f,20261009,PROVISIONAL_METADATA_ONLY_PENDING_HASH_AND_NEAR_DUPLICATE_AUDIT
RAISE_AI_GALIP,0120.parquet:99,0120.parquet,99,000659.png,1,RAISE,GALIP,GAN,CompEval,test,PNG,224x224,RGB,False,,NOT_IN_SOURCE_METADATA,NOT_IN_SOURCE_METADATA,OwensLab/CommunityForensics-Eval,7d4a74a88d2cac93b513c0853bf92c260eaceea0,49365d527202f179b93e478f5b32107eb92aaa3f,20261009,PROVISIONAL_METADATA_ONLY_PENDING_HASH_AND_NEAR_DUPLICATE_AUDIT
RAISE_AI_GALIP,0125.parquet:5,0125.parquet,5,000571.png,1,RAISE,GALIP,GAN,CompEval,test,PNG,224x224,RGB,False,,NOT_IN_SOURCE_METADATA,NOT_IN_SOURCE_METADATA,OwensLab/CommunityForensics-Eval,7d4a74a88d2cac93b513c0853bf92c260eaceea0,49365d527202f179b93e478f5b32107eb92aaa3f,20261009,PROVISIONAL_METADATA_ONLY_PENDING_HASH_AND_NEAR_DUPLICATE_AUDIT
RAISE_AI_GALIP,0125.parquet:59,0125.parquet,59,000641.png,1,RAISE,GALIP,GAN,CompEval,test,PNG,224x224,RGB,False,,NOT_IN_SOURCE_METADATA,NOT_IN_SOURCE_METADATA,OwensLab/CommunityForensics-Eval,7d4a74a88d2cac93b513c0853bf92c260eaceea0,49365d527202f179b93e478f5b32107eb92aaa3f,20261009,PROVISIONAL_METADATA_ONLY_PENDING_HASH_AND_NEAR_DUPLICATE_AUDIT
RAISE_AI_GALIP,0125.parquet:113,0125.parquet,113,000921.png,1,RAISE,GALIP,GAN,CompEval,test,PNG,224x224,RGB,False,,NOT_IN_SOURCE_METADATA,NOT_IN_SOURCE_METADATA,OwensLab/CommunityForensics-Eval,7d4a74a88d2cac93b513c0853bf92c260eaceea0,49365d527202f179b93e478f5b32107eb92aaa3f,20261009,PROVISIONAL_METADATA_ONLY_PENDING_HASH_AND_NEAR_DUPLICATE_AUDIT
RAISE_AI_GALIP,0124.parquet:16,0124.parquet,16,000510.png,1,RAISE,GALIP,GAN,CompEval,test,PNG,224x224,RGB,False,,NOT_IN_SOURCE_METADATA,NOT_IN_SOURCE_METADATA,OwensLab/CommunityForensics-Eval,7d4a74a88d2cac93b513c0853bf92c260eaceea0,49365d527202f179b93e478f5b32107eb92aaa3f,20261009,PROVISIONAL_METADATA_ONLY_PENDING_HASH_AND_NEAR_DUPLICATE_AUDIT
RAISE_AI_GALIP,0123.parquet:6,0123.parquet,6,000718.png,1,RAISE,GALIP,GAN,CompEval,test,PNG,224x224,RGB,False,,NOT_IN_SOURCE_METADATA,NOT_IN_SOURCE_METADATA,OwensLab/CommunityForensics-Eval,7d4a74a88d2cac93b513c0853bf92c260eaceea0,49365d527202f179b93e478f5b32107eb92aaa3f,20261009,PROVISIONAL_METADATA_ONLY_PENDING_HASH_AND_NEAR_DUPLICATE_AUDIT
RAISE_AI_GALIP,0047.parquet:70,0047.parquet,70,000700.png,1,RAISE,GALIP,GAN,CompEval,test,PNG,224x224,RGB,False,,NOT_IN_SOURCE_METADATA,NOT_IN_SOURCE_METADATA,OwensLab/CommunityForensics-Eval,7d4a74a88d2cac93b513c0853bf92c260eaceea0,49365d527202f179b93e478f5b32107eb92aaa3f,20261009,PROVISIONAL_METADATA_ONLY_PENDING_HASH_AND_NEAR_DUPLICATE_AUDIT
RAISE_AI_GALIP,0046.parquet:90,0046.parquet,90,000352.png,1,RAISE,GALIP,GAN,CompEval,test,PNG,224x224,RGB,False,,NOT_IN_SOURCE_METADATA,NOT_IN_SOURCE_METADATA,OwensLab/CommunityForensics-Eval,7d4a74a88d2cac93b513c0853bf92c260eaceea0,49365d527202f179b93e478f5b32107eb92aaa3f,20261009,PROVISIONAL_METADATA_ONLY_PENDING_HASH_AND_NEAR_DUPLICATE_AUDIT
RAISE_AI_GALIP,0124.parquet:59,0124.parquet,59,000416.png,1,RAISE,GALIP,GAN,CompEval,test,PNG,224x224,RGB,False,,NOT_IN_SOURCE_METADATA,NOT_IN_SOURCE_METADATA,OwensLab/CommunityForensics-Eval,7d4a74a88d2cac93b513c0853bf92c260eaceea0,49365d527202f179b93e478f5b32107eb92aaa3f,20261009,PROVISIONAL_METADATA_ONLY_PENDING_HASH_AND_NEAR_DUPLICATE_AUDIT
RAISE_AI_GALIP,0124.parquet:40,0124.parquet,40,000017.png,1,RAISE,GALIP,GAN,CompEval,test,PNG,224x224,RGB,False,,NOT_IN_SOURCE_METADATA,NOT_IN_SOURCE_METADATA,OwensLab/CommunityForensics-Eval,7d4a74a88d2cac93b513c0853bf92c260eaceea0,49365d527202f179b93e478f5b32107eb92aaa3f,20261009,PROVISIONAL_METADATA_ONLY_PENDING_HASH_AND_NEAR_DUPLICATE_AUDIT
RAISE_AI_GALIP,0125.parquet:23,0125.parquet,23,000615.png,1,RAISE,GALIP,GAN,CompEval,test,PNG,224x224,RGB,False,,NOT_IN_SOURCE_METADATA,NOT_IN_SOURCE_METADATA,OwensLab/CommunityForensics-Eval,7d4a74a88d2cac93b513c0853bf92c260eaceea0,49365d527202f179b93e478f5b32107eb92aaa3f,20261009,PROVISIONAL_METADATA_ONLY_PENDING_HASH_AND_NEAR_DUPLICATE_AUDIT
RAISE_AI_GALIP,0121.parquet:15,0121.parquet,15,000766.png,1,RAISE,GALIP,GAN,CompEval,test,PNG,224x224,RGB,False,,NOT_IN_SOURCE_METADATA,NOT_IN_SOURCE_METADATA,OwensLab/CommunityForensics-Eval,7d4a74a88d2cac93b513c0853bf92c260eaceea0,49365d527202f179b93e478f5b32107eb92aaa3f,20261009,PROVISIONAL_METADATA_ONLY_PENDING_HASH_AND_NEAR_DUPLICATE_AUDIT
RAISE_AI_GALIP,0047.parquet:83,0047.parquet,83,000642.png,1,RAISE,GALIP,GAN,CompEval,test,PNG,224x224,RGB,False,,NOT_IN_SOURCE_METADATA,NOT_IN_SOURCE_METADATA,OwensLab/CommunityForensics-Eval,7d4a74a88d2cac93b513c0853bf92c260eaceea0,49365d527202f179b93e478f5b32107eb92aaa3f,20261009,PROVISIONAL_METADATA_ONLY_PENDING_HASH_AND_NEAR_DUPLICATE_AUDIT
RAISE_AI_GALIP,0046.parquet:29,0046.parquet,29,000339.png,1,RAISE,GALIP,GAN,CompEval,test,PNG,224x224,RGB,False,,NOT_IN_SOURCE_METADATA,NOT_IN_SOURCE_METADATA,OwensLab/CommunityForensics-Eval,7d4a74a88d2cac93b513c0853bf92c260eaceea0,49365d527202f179b93e478f5b32107eb92aaa3f,20261009,PROVISIONAL_METADATA_ONLY_PENDING_HASH_AND_NEAR_DUPLICATE_AUDIT
RAISE_AI_GALIP,0119.parquet:122,0119.parquet,122,000586.png,1,RAISE,GALIP,GAN,CompEval,test,PNG,224x224,RGB,False,,NOT_IN_SOURCE_METADATA,NOT_IN_SOURCE_METADATA,OwensLab/CommunityForensics-Eval,7d4a74a88d2cac93b513c0853bf92c260eaceea0,49365d527202f179b93e478f5b32107eb92aaa3f,20261009,PROVISIONAL_METADATA_ONLY_PENDING_HASH_AND_NEAR_DUPLICATE_AUDIT
RAISE_AI_GALIP,0047.parquet:30,0047.parquet,30,000156.png,1,RAISE,GALIP,GAN,CompEval,test,PNG,224x224,RGB,False,,NOT_IN_SOURCE_METADATA,NOT_IN_SOURCE_METADATA,OwensLab/CommunityForensics-Eval,7d4a74a88d2cac93b513c0853bf92c260eaceea0,49365d527202f179b93e478f5b32107eb92aaa3f,20261009,PROVISIONAL_METADATA_ONLY_PENDING_HASH_AND_NEAR_DUPLICATE_AUDIT
RAISE_AI_GALIP,0124.parquet:53,0124.parquet,53,000727.png,1,RAISE,GALIP,GAN,CompEval,test,PNG,224x224,RGB,False,,NOT_IN_SOURCE_METADATA,NOT_IN_SOURCE_METADATA,OwensLab/CommunityForensics-Eval,7d4a74a88d2cac93b513c0853bf92c260eaceea0,49365d527202f179b93e478f5b32107eb92aaa3f,20261009,PROVISIONAL_METADATA_ONLY_PENDING_HASH_AND_NEAR_DUPLICATE_AUDIT
RAISE_AI_GALIP,0126.parquet:16,0126.parquet,16,000548.png,1,RAISE,GALIP,GAN,CompEval,test,PNG,224x224,RGB,False,,NOT_IN_SOURCE_METADATA,NOT_IN_SOURCE_METADATA,OwensLab/CommunityForensics-Eval,7d4a74a88d2cac93b513c0853bf92c260eaceea0,49365d527202f179b93e478f5b32107eb92aaa3f,20261009,PROVISIONAL_METADATA_ONLY_PENDING_HASH_AND_NEAR_DUPLICATE_AUDIT
RAISE_AI_GALIP,0046.parquet:124,0046.parquet,124,000140.png,1,RAISE,GALIP,GAN,CompEval,test,PNG,224x224,RGB,False,,NOT_IN_SOURCE_METADATA,NOT_IN_SOURCE_METADATA,OwensLab/CommunityForensics-Eval,7d4a74a88d2cac93b513c0853bf92c260eaceea0,49365d527202f179b93e478f5b32107eb92aaa3f,20261009,PROVISIONAL_METADATA_ONLY_PENDING_HASH_AND_NEAR_DUPLICATE_AUDIT
RAISE_AI_GALIP,0046.parquet:59,0046.parquet,59,000228.png,1,RAISE,GALIP,GAN,CompEval,test,PNG,224x224,RGB,False,,NOT_IN_SOURCE_METADATA,NOT_IN_SOURCE_METADATA,OwensLab/CommunityForensics-Eval,7d4a74a88d2cac93b513c0853bf92c260eaceea0,49365d527202f179b93e478f5b32107eb92aaa3f,20261009,PROVISIONAL_METADATA_ONLY_PENDING_HASH_AND_NEAR_DUPLICATE_AUDIT
RAISE_AI_GALIP,0120.parquet:120,0120.parquet,120,000924.png,1,RAISE,GALIP,GAN,CompEval,test,PNG,224x224,RGB,False,,NOT_IN_SOURCE_METADATA,NOT_IN_SOURCE_METADATA,OwensLab/CommunityForensics-Eval,7d4a74a88d2cac93b513c0853bf92c260eaceea0,49365d527202f179b93e478f5b32107eb92aaa3f,20261009,PROVISIONAL_METADATA_ONLY_PENDING_HASH_AND_NEAR_DUPLICATE_AUDIT
RAISE_AI_GALIP,0122.parquet:65,0122.parquet,65,000953.png,1,RAISE,GALIP,GAN,CompEval,test,PNG,224x224,RGB,False,,NOT_IN_SOURCE_METADATA,NOT_IN_SOURCE_METADATA,OwensLab/CommunityForensics-Eval,7d4a74a88d2cac93b513c0853bf92c260eaceea0,49365d527202f179b93e478f5b32107eb92aaa3f,20261009,PROVISIONAL_METADATA_ONLY_PENDING_HASH_AND_NEAR_DUPLICATE_AUDIT
RAISE_AI_GALIP,0122.parquet:66,0122.parquet,66,000619.png,1,RAISE,GALIP,GAN,CompEval,test,PNG,224x224,RGB,False,,NOT_IN_SOURCE_METADATA,NOT_IN_SOURCE_METADATA,OwensLab/CommunityForensics-Eval,7d4a74a88d2cac93b513c0853bf92c260eaceea0,49365d527202f179b93e478f5b32107eb92aaa3f,20261009,PROVISIONAL_METADATA_ONLY_PENDING_HASH_AND_NEAR_DUPLICATE_AUDIT
RAISE_AI_GALIP,0124.parquet:93,0124.parquet,93,000465.png,1,RAISE,GALIP,GAN,CompEval,test,PNG,224x224,RGB,False,,NOT_IN_SOURCE_METADATA,NOT_IN_SOURCE_METADATA,OwensLab/CommunityForensics-Eval,7d4a74a88d2cac93b513c0853bf92c260eaceea0,49365d527202f179b93e478f5b32107eb92aaa3f,20261009,PROVISIONAL_METADATA_ONLY_PENDING_HASH_AND_NEAR_DUPLICATE_AUDIT
RAISE_AI_GALIP,0046.parquet:60,0046.parquet,60,000431.png,1,RAISE,GALIP,GAN,CompEval,test,PNG,224x224,RGB,False,,NOT_IN_SOURCE_METADATA,NOT_IN_SOURCE_METADATA,OwensLab/CommunityForensics-Eval,7d4a74a88d2cac93b513c0853bf92c260eaceea0,49365d527202f179b93e478f5b32107eb92aaa3f,20261009,PROVISIONAL_METADATA_ONLY_PENDING_HASH_AND_NEAR_DUPLICATE_AUDIT
RAISE_AI_GALIP,0046.parquet:57,0046.parquet,57,000266.png,1,RAISE,GALIP,GAN,CompEval,test,PNG,224x224,RGB,False,,NOT_IN_SOURCE_METADATA,NOT_IN_SOURCE_METADATA,OwensLab/CommunityForensics-Eval,7d4a74a88d2cac93b513c0853bf92c260eaceea0,49365d527202f179b93e478f5b32107eb92aaa3f,20261009,PROVISIONAL_METADATA_ONLY_PENDING_HASH_AND_NEAR_DUPLICATE_AUDIT
RAISE_AI_GALIP,0120.parquet:15,0120.parquet,15,000298.png,1,RAISE,GALIP,GAN,CompEval,test,PNG,224x224,RGB,False,,NOT_IN_SOURCE_METADATA,NOT_IN_SOURCE_METADATA,OwensLab/CommunityForensics-Eval,7d4a74a88d2cac93b513c0853bf92c260eaceea0,49365d527202f179b93e478f5b32107eb92aaa3f,20261009,PROVISIONAL_METADATA_ONLY_PENDING_HASH_AND_NEAR_DUPLICATE_AUDIT
RAISE_AI_GALIP,0122.parquet:47,0122.parquet,47,000354.png,1,RAISE,GALIP,GAN,CompEval,test,PNG,224x224,RGB,False,,NOT_IN_SOURCE_METADATA,NOT_IN_SOURCE_METADATA,OwensLab/CommunityForensics-Eval,7d4a74a88d2cac93b513c0853bf92c260eaceea0,49365d527202f179b93e478f5b32107eb92aaa3f,20261009,PROVISIONAL_METADATA_ONLY_PENDING_HASH_AND_NEAR_DUPLICATE_AUDIT
RAISE_AI_GALIP,0123.parquet:8,0123.parquet,8,000634.png,1,RAISE,GALIP,GAN,CompEval,test,PNG,224x224,RGB,False,,NOT_IN_SOURCE_METADATA,NOT_IN_SOURCE_METADATA,OwensLab/CommunityForensics-Eval,7d4a74a88d2cac93b513c0853bf92c260eaceea0,49365d527202f179b93e478f5b32107eb92aaa3f,20261009,PROVISIONAL_METADATA_ONLY_PENDING_HASH_AND_NEAR_DUPLICATE_AUDIT
RAISE_AI_GALIP,0122.parquet:5,0122.parquet,5,000459.png,1,RAISE,GALIP,GAN,CompEval,test,PNG,224x224,RGB,False,,NOT_IN_SOURCE_METADATA,NOT_IN_SOURCE_METADATA,OwensLab/CommunityForensics-Eval,7d4a74a88d2cac93b513c0853bf92c260eaceea0,49365d527202f179b93e478f5b32107eb92aaa3f,20261009,PROVISIONAL_METADATA_ONLY_PENDING_HASH_AND_NEAR_DUPLICATE_AUDIT
RAISE_AI_GALIP,0122.parquet:33,0122.parquet,33,000274.png,1,RAISE,GALIP,GAN,CompEval,test,PNG,224x224,RGB,False,,NOT_IN_SOURCE_METADATA,NOT_IN_SOURCE_METADATA,OwensLab/CommunityForensics-Eval,7d4a74a88d2cac93b513c0853bf92c260eaceea0,49365d527202f179b93e478f5b32107eb92aaa3f,20261009,PROVISIONAL_METADATA_ONLY_PENDING_HASH_AND_NEAR_DUPLICATE_AUDIT
RAISE_AI_GALIP,0046.parquet:39,0046.parquet,39,000468.png,1,RAISE,GALIP,GAN,CompEval,test,PNG,224x224,RGB,False,,NOT_IN_SOURCE_METADATA,NOT_IN_SOURCE_METADATA,OwensLab/CommunityForensics-Eval,7d4a74a88d2cac93b513c0853bf92c260eaceea0,49365d527202f179b93e478f5b32107eb92aaa3f,20261009,PROVISIONAL_METADATA_ONLY_PENDING_HASH_AND_NEAR_DUPLICATE_AUDIT
RAISE_AI_GALIP,0046.parquet:123,0046.parquet,123,000096.png,1,RAISE,GALIP,GAN,CompEval,test,PNG,224x224,RGB,False,,NOT_IN_SOURCE_METADATA,NOT_IN_SOURCE_METADATA,OwensLab/CommunityForensics-Eval,7d4a74a88d2cac93b513c0853bf92c260eaceea0,49365d527202f179b93e478f5b32107eb92aaa3f,20261009,PROVISIONAL_METADATA_ONLY_PENDING_HASH_AND_NEAR_DUPLICATE_AUDIT
RAISE_AI_GALIP,0046.parquet:102,0046.parquet,102,000941.png,1,RAISE,GALIP,GAN,CompEval,test,PNG,224x224,RGB,False,,NOT_IN_SOURCE_METADATA,NOT_IN_SOURCE_METADATA,OwensLab/CommunityForensics-Eval,7d4a74a88d2cac93b513c0853bf92c260eaceea0,49365d527202f179b93e478f5b32107eb92aaa3f,20261009,PROVISIONAL_METADATA_ONLY_PENDING_HASH_AND_NEAR_DUPLICATE_AUDIT
RAISE_AI_GALIP,0121.parquet:33,0121.parquet,33,000054.png,1,RAISE,GALIP,GAN,CompEval,test,PNG,224x224,RGB,False,,NOT_IN_SOURCE_METADATA,NOT_IN_SOURCE_METADATA,OwensLab/CommunityForensics-Eval,7d4a74a88d2cac93b513c0853bf92c260eaceea0,49365d527202f179b93e478f5b32107eb92aaa3f,20261009,PROVISIONAL_METADATA_ONLY_PENDING_HASH_AND_NEAR_DUPLICATE_AUDIT
RAISE_AI_GALIP,0046.parquet:86,0046.parquet,86,000415.png,1,RAISE,GALIP,GAN,CompEval,test,PNG,224x224,RGB,False,,NOT_IN_SOURCE_METADATA,NOT_IN_SOURCE_METADATA,OwensLab/CommunityForensics-Eval,7d4a74a88d2cac93b513c0853bf92c260eaceea0,49365d527202f179b93e478f5b32107eb92aaa3f,20261009,PROVISIONAL_METADATA_ONLY_PENDING_HASH_AND_NEAR_DUPLICATE_AUDIT
RAISE_AI_GALIP,0047.parquet:17,0047.parquet,17,000791.png,1,RAISE,GALIP,GAN,CompEval,test,PNG,224x224,RGB,False,,NOT_IN_SOURCE_METADATA,NOT_IN_SOURCE_METADATA,OwensLab/CommunityForensics-Eval,7d4a74a88d2cac93b513c0853bf92c260eaceea0,49365d527202f179b93e478f5b32107eb92aaa3f,20261009,PROVISIONAL_METADATA_ONLY_PENDING_HASH_AND_NEAR_DUPLICATE_AUDIT
RAISE_AI_GALIP,0124.parquet:96,0124.parquet,96,000010.png,1,RAISE,GALIP,GAN,CompEval,test,PNG,224x224,RGB,False,,NOT_IN_SOURCE_METADATA,NOT_IN_SOURCE_METADATA,OwensLab/CommunityForensics-Eval,7d4a74a88d2cac93b513c0853bf92c260eaceea0,49365d527202f179b93e478f5b32107eb92aaa3f,20261009,PROVISIONAL_METADATA_ONLY_PENDING_HASH_AND_NEAR_DUPLICATE_AUDIT
RAISE_AI_GALIP,0121.parquet:17,0121.parquet,17,000536.png,1,RAISE,GALIP,GAN,CompEval,test,PNG,224x224,RGB,False,,NOT_IN_SOURCE_METADATA,NOT_IN_SOURCE_METADATA,OwensLab/CommunityForensics-Eval,7d4a74a88d2cac93b513c0853bf92c260eaceea0,49365d527202f179b93e478f5b32107eb92aaa3f,20261009,PROVISIONAL_METADATA_ONLY_PENDING_HASH_AND_NEAR_DUPLICATE_AUDIT
RAISE_AI_GALIP,0121.parquet:121,0121.parquet,121,000158.png,1,RAISE,GALIP,GAN,CompEval,test,PNG,224x224,RGB,False,,NOT_IN_SOURCE_METADATA,NOT_IN_SOURCE_METADATA,OwensLab/CommunityForensics-Eval,7d4a74a88d2cac93b513c0853bf92c260eaceea0,49365d527202f179b93e478f5b32107eb92aaa3f,20261009,PROVISIONAL_METADATA_ONLY_PENDING_HASH_AND_NEAR_DUPLICATE_AUDIT
RAISE_AI_GALIP,0047.parquet:51,0047.parquet,51,000391.png,1,RAISE,GALIP,GAN,CompEval,test,PNG,224x224,RGB,False,,NOT_IN_SOURCE_METADATA,NOT_IN_SOURCE_METADATA,OwensLab/CommunityForensics-Eval,7d4a74a88d2cac93b513c0853bf92c260eaceea0,49365d527202f179b93e478f5b32107eb92aaa3f,20261009,PROVISIONAL_METADATA_ONLY_PENDING_HASH_AND_NEAR_DUPLICATE_AUDIT
RAISE_AI_GALIP,0125.parquet:1,0125.parquet,1,000942.png,1,RAISE,GALIP,GAN,CompEval,test,PNG,224x224,RGB,False,,NOT_IN_SOURCE_METADATA,NOT_IN_SOURCE_METADATA,OwensLab/CommunityForensics-Eval,7d4a74a88d2cac93b513c0853bf92c260eaceea0,49365d527202f179b93e478f5b32107eb92aaa3f,20261009,PROVISIONAL_METADATA_ONLY_PENDING_HASH_AND_NEAR_DUPLICATE_AUDIT
RAISE_AI_kandinsky_2_2,0238.parquet:88,0238.parquet,88,000360.png,1,RAISE,kandinsky_2_2,LatDiff,CompEval,test,PNG,768x768,RGB,False,,NOT_IN_SOURCE_METADATA,NOT_IN_SOURCE_METADATA,OwensLab/CommunityForensics-Eval,7d4a74a88d2cac93b513c0853bf92c260eaceea0,49365d527202f179b93e478f5b32107eb92aaa3f,20261009,PROVISIONAL_METADATA_ONLY_PENDING_HASH_AND_NEAR_DUPLICATE_AUDIT
RAISE_AI_kandinsky_2_2,0243.parquet:5,0243.parquet,5,000931.png,1,RAISE,kandinsky_2_2,LatDiff,CompEval,test,PNG,768x768,RGB,False,,NOT_IN_SOURCE_METADATA,NOT_IN_SOURCE_METADATA,OwensLab/CommunityForensics-Eval,7d4a74a88d2cac93b513c0853bf92c260eaceea0,49365d527202f179b93e478f5b32107eb92aaa3f,20261009,PROVISIONAL_METADATA_ONLY_PENDING_HASH_AND_NEAR_DUPLICATE_AUDIT
RAISE_AI_kandinsky_2_2,0244.parquet:92,0244.parquet,92,000590.png,1,RAISE,kandinsky_2_2,LatDiff,CompEval,test,PNG,768x768,RGB,False,,NOT_IN_SOURCE_METADATA,NOT_IN_SOURCE_METADATA,OwensLab/CommunityForensics-Eval,7d4a74a88d2cac93b513c0853bf92c260eaceea0,49365d527202f179b93e478f5b32107eb92aaa3f,20261009,PROVISIONAL_METADATA_ONLY_PENDING_HASH_AND_NEAR_DUPLICATE_AUDIT
RAISE_AI_kandinsky_2_2,0240.parquet:122,0240.parquet,122,000871.png,1,RAISE,kandinsky_2_2,LatDiff,CompEval,test,PNG,768x768,RGB,False,,NOT_IN_SOURCE_METADATA,NOT_IN_SOURCE_METADATA,OwensLab/CommunityForensics-Eval,7d4a74a88d2cac93b513c0853bf92c260eaceea0,49365d527202f179b93e478f5b32107eb92aaa3f,20261009,PROVISIONAL_METADATA_ONLY_PENDING_HASH_AND_NEAR_DUPLICATE_AUDIT
RAISE_AI_kandinsky_2_2,0242.parquet:111,0242.parquet,111,000444.png,1,RAISE,kandinsky_2_2,LatDiff,CompEval,test,PNG,768x768,RGB,False,,NOT_IN_SOURCE_METADATA,NOT_IN_SOURCE_METADATA,OwensLab/CommunityForensics-Eval,7d4a74a88d2cac93b513c0853bf92c260eaceea0,49365d527202f179b93e478f5b32107eb92aaa3f,20261009,PROVISIONAL_METADATA_ONLY_PENDING_HASH_AND_NEAR_DUPLICATE_AUDIT
RAISE_AI_kandinsky_2_2,0162.parquet:11,0162.parquet,11,000073.png,1,RAISE,kandinsky_2_2,LatDiff,CompEval,test,PNG,768x768,RGB,False,,NOT_IN_SOURCE_METADATA,NOT_IN_SOURCE_METADATA,OwensLab/CommunityForensics-Eval,7d4a74a88d2cac93b513c0853bf92c260eaceea0,49365d527202f179b93e478f5b32107eb92aaa3f,20261009,PROVISIONAL_METADATA_ONLY_PENDING_HASH_AND_NEAR_DUPLICATE_AUDIT
RAISE_AI_kandinsky_2_2,0167.parquet:18,0167.parquet,18,000166.png,1,RAISE,kandinsky_2_2,LatDiff,CompEval,test,PNG,768x768,RGB,False,,NOT_IN_SOURCE_METADATA,NOT_IN_SOURCE_METADATA,OwensLab/CommunityForensics-Eval,7d4a74a88d2cac93b513c0853bf92c260eaceea0,49365d527202f179b93e478f5b32107eb92aaa3f,20261009,PROVISIONAL_METADATA_ONLY_PENDING_HASH_AND_NEAR_DUPLICATE_AUDIT
RAISE_AI_kandinsky_2_2,0241.parquet:9,0241.parquet,9,000973.png,1,RAISE,kandinsky_2_2,LatDiff,CompEval,test,PNG,768x768,RGB,False,,NOT_IN_SOURCE_METADATA,NOT_IN_SOURCE_METADATA,OwensLab/CommunityForensics-Eval,7d4a74a88d2cac93b513c0853bf92c260eaceea0,49365d527202f179b93e478f5b32107eb92aaa3f,20261009,PROVISIONAL_METADATA_ONLY_PENDING_HASH_AND_NEAR_DUPLICATE_AUDIT
RAISE_AI_kandinsky_2_2,0244.parquet:47,0244.parquet,47,000215.png,1,RAISE,kandinsky_2_2,LatDiff,CompEval,test,PNG,768x768,RGB,False,,NOT_IN_SOURCE_METADATA,NOT_IN_SOURCE_METADATA,OwensLab/CommunityForensics-Eval,7d4a74a88d2cac93b513c0853bf92c260eaceea0,49365d527202f179b93e478f5b32107eb92aaa3f,20261009,PROVISIONAL_METADATA_ONLY_PENDING_HASH_AND_NEAR_DUPLICATE_AUDIT
RAISE_AI_kandinsky_2_2,0162.parquet:7,0162.parquet,7,000795.png,1,RAISE,kandinsky_2_2,LatDiff,CompEval,test,PNG,768x768,RGB,False,,NOT_IN_SOURCE_METADATA,NOT_IN_SOURCE_METADATA,OwensLab/CommunityForensics-Eval,7d4a74a88d2cac93b513c0853bf92c260eaceea0,49365d527202f179b93e478f5b32107eb92aaa3f,20261009,PROVISIONAL_METADATA_ONLY_PENDING_HASH_AND_NEAR_DUPLICATE_AUDIT
RAISE_AI_kandinsky_2_2,0242.parquet:118,0242.parquet,118,000502.png,1,RAISE,kandinsky_2_2,LatDiff,CompEval,test,PNG,768x768,RGB,False,,NOT_IN_SOURCE_METADATA,NOT_IN_SOURCE_METADATA,OwensLab/CommunityForensics-Eval,7d4a74a88d2cac93b513c0853bf92c260eaceea0,49365d527202f179b93e478f5b32107eb92aaa3f,20261009,PROVISIONAL_METADATA_ONLY_PENDING_HASH_AND_NEAR_DUPLICATE_AUDIT
RAISE_AI_kandinsky_2_2,0238.parquet:110,0238.parquet,110,000168.png,1,RAISE,kandinsky_2_2,LatDiff,CompEval,test,PNG,768x768,RGB,False,,NOT_IN_SOURCE_METADATA,NOT_IN_SOURCE_METADATA,OwensLab/CommunityForensics-Eval,7d4a74a88d2cac93b513c0853bf92c260eaceea0,49365d527202f179b93e478f5b32107eb92aaa3f,20261009,PROVISIONAL_METADATA_ONLY_PENDING_HASH_AND_NEAR_DUPLICATE_AUDIT
RAISE_AI_kandinsky_2_2,0244.parquet:20,0244.parquet,20,000159.png,1,RAISE,kandinsky_2_2,LatDiff,CompEval,test,PNG,768x768,RGB,False,,NOT_IN_SOURCE_METADATA,NOT_IN_SOURCE_METADATA,OwensLab/CommunityForensics-Eval,7d4a74a88d2cac93b513c0853bf92c260eaceea0,49365d527202f179b93e478f5b32107eb92aaa3f,20261009,PROVISIONAL_METADATA_ONLY_PENDING_HASH_AND_NEAR_DUPLICATE_AUDIT
RAISE_AI_kandinsky_2_2,0245.parquet:106,0245.parquet,106,000702.png,1,RAISE,kandinsky_2_2,LatDiff,CompEval,test,PNG,768x768,RGB,False,,NOT_IN_SOURCE_METADATA,NOT_IN_SOURCE_METADATA,OwensLab/CommunityForensics-Eval,7d4a74a88d2cac93b513c0853bf92c260eaceea0,49365d527202f179b93e478f5b32107eb92aaa3f,20261009,PROVISIONAL_METADATA_ONLY_PENDING_HASH_AND_NEAR_DUPLICATE_AUDIT
RAISE_AI_kandinsky_2_2,0245.parquet:81,0245.parquet,81,000827.png,1,RAISE,kandinsky_2_2,LatDiff,CompEval,test,PNG,768x768,RGB,False,,NOT_IN_SOURCE_METADATA,NOT_IN_SOURCE_METADATA,OwensLab/CommunityForensics-Eval,7d4a74a88d2cac93b513c0853bf92c260eaceea0,49365d527202f179b93e478f5b32107eb92aaa3f,20261009,PROVISIONAL_METADATA_ONLY_PENDING_HASH_AND_NEAR_DUPLICATE_AUDIT
RAISE_AI_kandinsky_2_2,0239.parquet:118,0239.parquet,118,000964.png,1,RAISE,kandinsky_2_2,LatDiff,CompEval,test,PNG,768x768,RGB,False,,NOT_IN_SOURCE_METADATA,NOT_IN_SOURCE_METADATA,OwensLab/CommunityForensics-Eval,7d4a74a88d2cac93b513c0853bf92c260eaceea0,49365d527202f179b93e478f5b32107eb92aaa3f,20261009,PROVISIONAL_METADATA_ONLY_PENDING_HASH_AND_NEAR_DUPLICATE_AUDIT
RAISE_AI_kandinsky_2_2,0239.parquet:12,0239.parquet,12,000622.png,1,RAISE,kandinsky_2_2,LatDiff,CompEval,test,PNG,768x768,RGB,False,,NOT_IN_SOURCE_METADATA,NOT_IN_SOURCE_METADATA,OwensLab/CommunityForensics-Eval,7d4a74a88d2cac93b513c0853bf92c260eaceea0,49365d527202f179b93e478f5b32107eb92aaa3f,20261009,PROVISIONAL_METADATA_ONLY_PENDING_HASH_AND_NEAR_DUPLICATE_AUDIT
RAISE_AI_kandinsky_2_2,0243.parquet:12,0243.parquet,12,000210.png,1,RAISE,kandinsky_2_2,LatDiff,CompEval,test,PNG,768x768,RGB,False,,NOT_IN_SOURCE_METADATA,NOT_IN_SOURCE_METADATA,OwensLab/CommunityForensics-Eval,7d4a74a88d2cac93b513c0853bf92c260eaceea0,49365d527202f179b93e478f5b32107eb92aaa3f,20261009,PROVISIONAL_METADATA_ONLY_PENDING_HASH_AND_NEAR_DUPLICATE_AUDIT
RAISE_AI_kandinsky_2_2,0244.parquet:5,0244.parquet,5,000899.png,1,RAISE,kandinsky_2_2,LatDiff,CompEval,test,PNG,768x768,RGB,False,,NOT_IN_SOURCE_METADATA,NOT_IN_SOURCE_METADATA,OwensLab/CommunityForensics-Eval,7d4a74a88d2cac93b513c0853bf92c260eaceea0,49365d527202f179b93e478f5b32107eb92aaa3f,20261009,PROVISIONAL_METADATA_ONLY_PENDING_HASH_AND_NEAR_DUPLICATE_AUDIT
RAISE_AI_kandinsky_2_2,0241.parquet:12,0241.parquet,12,000550.png,1,RAISE,kandinsky_2_2,LatDiff,CompEval,test,PNG,768x768,RGB,False,,NOT_IN_SOURCE_METADATA,NOT_IN_SOURCE_METADATA,OwensLab/CommunityForensics-Eval,7d4a74a88d2cac93b513c0853bf92c260eaceea0,49365d527202f179b93e478f5b32107eb92aaa3f,20261009,PROVISIONAL_METADATA_ONLY_PENDING_HASH_AND_NEAR_DUPLICATE_AUDIT
RAISE_AI_kandinsky_2_2,0242.parquet:59,0242.parquet,59,000276.png,1,RAISE,kandinsky_2_2,LatDiff,CompEval,test,PNG,768x768,RGB,False,,NOT_IN_SOURCE_METADATA,NOT_IN_SOURCE_METADATA,OwensLab/CommunityForensics-Eval,7d4a74a88d2cac93b513c0853bf92c260eaceea0,49365d527202f179b93e478f5b32107eb92aaa3f,20261009,PROVISIONAL_METADATA_ONLY_PENDING_HASH_AND_NEAR_DUPLICATE_AUDIT
RAISE_AI_kandinsky_2_2,0246.parquet:45,0246.parquet,45,000853.png,1,RAISE,kandinsky_2_2,LatDiff,CompEval,test,PNG,768x768,RGB,False,,NOT_IN_SOURCE_METADATA,NOT_IN_SOURCE_METADATA,OwensLab/CommunityForensics-Eval,7d4a74a88d2cac93b513c0853bf92c260eaceea0,49365d527202f179b93e478f5b32107eb92aaa3f,20261009,PROVISIONAL_METADATA_ONLY_PENDING_HASH_AND_NEAR_DUPLICATE_AUDIT
RAISE_AI_kandinsky_2_2,0241.parquet:48,0241.parquet,48,000243.png,1,RAISE,kandinsky_2_2,LatDiff,CompEval,test,PNG,768x768,RGB,False,,NOT_IN_SOURCE_METADATA,NOT_IN_SOURCE_METADATA,OwensLab/CommunityForensics-Eval,7d4a74a88d2cac93b513c0853bf92c260eaceea0,49365d527202f179b93e478f5b32107eb92aaa3f,20261009,PROVISIONAL_METADATA_ONLY_PENDING_HASH_AND_NEAR_DUPLICATE_AUDIT
RAISE_AI_kandinsky_2_2,0241.parquet:83,0241.parquet,83,000563.png,1,RAISE,kandinsky_2_2,LatDiff,CompEval,test,PNG,768x768,RGB,False,,NOT_IN_SOURCE_METADATA,NOT_IN_SOURCE_METADATA,OwensLab/CommunityForensics-Eval,7d4a74a88d2cac93b513c0853bf92c260eaceea0,49365d527202f179b93e478f5b32107eb92aaa3f,20261009,PROVISIONAL_METADATA_ONLY_PENDING_HASH_AND_NEAR_DUPLICATE_AUDIT
RAISE_AI_kandinsky_2_2,0244.parquet:99,0244.parquet,99,000562.png,1,RAISE,kandinsky_2_2,LatDiff,CompEval,test,PNG,768x768,RGB,False,,NOT_IN_SOURCE_METADATA,NOT_IN_SOURCE_METADATA,OwensLab/CommunityForensics-Eval,7d4a74a88d2cac93b513c0853bf92c260eaceea0,49365d527202f179b93e478f5b32107eb92aaa3f,20261009,PROVISIONAL_METADATA_ONLY_PENDING_HASH_AND_NEAR_DUPLICATE_AUDIT
RAISE_AI_kandinsky_2_2,0241.parquet:112,0241.parquet,112,000710.png,1,RAISE,kandinsky_2_2,LatDiff,CompEval,test,PNG,768x768,RGB,False,,NOT_IN_SOURCE_METADATA,NOT_IN_SOURCE_METADATA,OwensLab/CommunityForensics-Eval,7d4a74a88d2cac93b513c0853bf92c260eaceea0,49365d527202f179b93e478f5b32107eb92aaa3f,20261009,PROVISIONAL_METADATA_ONLY_PENDING_HASH_AND_NEAR_DUPLICATE_AUDIT
RAISE_AI_kandinsky_2_2,0244.parquet:81,0244.parquet,81,000339.png,1,RAISE,kandinsky_2_2,LatDiff,CompEval,test,PNG,768x768,RGB,False,,NOT_IN_SOURCE_METADATA,NOT_IN_SOURCE_METADATA,OwensLab/CommunityForensics-Eval,7d4a74a88d2cac93b513c0853bf92c260eaceea0,49365d527202f179b93e478f5b32107eb92aaa3f,20261009,PROVISIONAL_METADATA_ONLY_PENDING_HASH_AND_NEAR_DUPLICATE_AUDIT
RAISE_AI_kandinsky_2_2,0245.parquet:37,0245.parquet,37,000019.png,1,RAISE,kandinsky_2_2,LatDiff,CompEval,test,PNG,768x768,RGB,False,,NOT_IN_SOURCE_METADATA,NOT_IN_SOURCE_METADATA,OwensLab/CommunityForensics-Eval,7d4a74a88d2cac93b513c0853bf92c260eaceea0,49365d527202f179b93e478f5b32107eb92aaa3f,20261009,PROVISIONAL_METADATA_ONLY_PENDING_HASH_AND_NEAR_DUPLICATE_AUDIT
RAISE_AI_kandinsky_2_2,0243.parquet:81,0243.parquet,81,000199.png,1,RAISE,kandinsky_2_2,LatDiff,CompEval,test,PNG,768x768,RGB,False,,NOT_IN_SOURCE_METADATA,NOT_IN_SOURCE_METADATA,OwensLab/CommunityForensics-Eval,7d4a74a88d2cac93b513c0853bf92c260eaceea0,49365d527202f179b93e478f5b32107eb92aaa3f,20261009,PROVISIONAL_METADATA_ONLY_PENDING_HASH_AND_NEAR_DUPLICATE_AUDIT
RAISE_AI_kandinsky_2_2,0243.parquet:4,0243.parquet,4,000268.png,1,RAISE,kandinsky_2_2,LatDiff,CompEval,test,PNG,768x768,RGB,False,,NOT_IN_SOURCE_METADATA,NOT_IN_SOURCE_METADATA,OwensLab/CommunityForensics-Eval,7d4a74a88d2cac93b513c0853bf92c260eaceea0,49365d527202f179b93e478f5b32107eb92aaa3f,20261009,PROVISIONAL_METADATA_ONLY_PENDING_HASH_AND_NEAR_DUPLICATE_AUDIT
RAISE_AI_kandinsky_2_2,0244.parquet:111,0244.parquet,111,000307.png,1,RAISE,kandinsky_2_2,LatDiff,CompEval,test,PNG,768x768,RGB,False,,NOT_IN_SOURCE_METADATA,NOT_IN_SOURCE_METADATA,OwensLab/CommunityForensics-Eval,7d4a74a88d2cac93b513c0853bf92c260eaceea0,49365d527202f179b93e478f5b32107eb92aaa3f,20261009,PROVISIONAL_METADATA_ONLY_PENDING_HASH_AND_NEAR_DUPLICATE_AUDIT
RAISE_AI_kandinsky_2_2,0244.parquet:80,0244.parquet,80,000487.png,1,RAISE,kandinsky_2_2,LatDiff,CompEval,test,PNG,768x768,RGB,False,,NOT_IN_SOURCE_METADATA,NOT_IN_SOURCE_METADATA,OwensLab/CommunityForensics-Eval,7d4a74a88d2cac93b513c0853bf92c260eaceea0,49365d527202f179b93e478f5b32107eb92aaa3f,20261009,PROVISIONAL_METADATA_ONLY_PENDING_HASH_AND_NEAR_DUPLICATE_AUDIT
RAISE_AI_kandinsky_2_2,0243.parquet:18,0243.parquet,18,000273.png,1,RAISE,kandinsky_2_2,LatDiff,CompEval,test,PNG,768x768,RGB,False,,NOT_IN_SOURCE_METADATA,NOT_IN_SOURCE_METADATA,OwensLab/CommunityForensics-Eval,7d4a74a88d2cac93b513c0853bf92c260eaceea0,49365d527202f179b93e478f5b32107eb92aaa3f,20261009,PROVISIONAL_METADATA_ONLY_PENDING_HASH_AND_NEAR_DUPLICATE_AUDIT
RAISE_AI_kandinsky_2_2,0245.parquet:123,0245.parquet,123,000862.png,1,RAISE,kandinsky_2_2,LatDiff,CompEval,test,PNG,768x768,RGB,False,,NOT_IN_SOURCE_METADATA,NOT_IN_SOURCE_METADATA,OwensLab/CommunityForensics-Eval,7d4a74a88d2cac93b513c0853bf92c260eaceea0,49365d527202f179b93e478f5b32107eb92aaa3f,20261009,PROVISIONAL_METADATA_ONLY_PENDING_HASH_AND_NEAR_DUPLICATE_AUDIT
RAISE_AI_kandinsky_2_2,0238.parquet:121,0238.parquet,121,000825.png,1,RAISE,kandinsky_2_2,LatDiff,CompEval,test,PNG,768x768,RGB,False,,NOT_IN_SOURCE_METADATA,NOT_IN_SOURCE_METADATA,OwensLab/CommunityForensics-Eval,7d4a74a88d2cac93b513c0853bf92c260eaceea0,49365d527202f179b93e478f5b32107eb92aaa3f,20261009,PROVISIONAL_METADATA_ONLY_PENDING_HASH_AND_NEAR_DUPLICATE_AUDIT
RAISE_AI_kandinsky_2_2,0240.parquet:77,0240.parquet,77,000666.png,1,RAISE,kandinsky_2_2,LatDiff,CompEval,test,PNG,768x768,RGB,False,,NOT_IN_SOURCE_METADATA,NOT_IN_SOURCE_METADATA,OwensLab/CommunityForensics-Eval,7d4a74a88d2cac93b513c0853bf92c260eaceea0,49365d527202f179b93e478f5b32107eb92aaa3f,20261009,PROVISIONAL_METADATA_ONLY_PENDING_HASH_AND_NEAR_DUPLICATE_AUDIT
RAISE_AI_kandinsky_2_2,0239.parquet:90,0239.parquet,90,000096.png,1,RAISE,kandinsky_2_2,LatDiff,CompEval,test,PNG,768x768,RGB,False,,NOT_IN_SOURCE_METADATA,NOT_IN_SOURCE_METADATA,OwensLab/CommunityForensics-Eval,7d4a74a88d2cac93b513c0853bf92c260eaceea0,49365d527202f179b93e478f5b32107eb92aaa3f,20261009,PROVISIONAL_METADATA_ONLY_PENDING_HASH_AND_NEAR_DUPLICATE_AUDIT
RAISE_AI_kandinsky_2_2,0245.parquet:45,0245.parquet,45,000812.png,1,RAISE,kandinsky_2_2,LatDiff,CompEval,test,PNG,768x768,RGB,False,,NOT_IN_SOURCE_METADATA,NOT_IN_SOURCE_METADATA,OwensLab/CommunityForensics-Eval,7d4a74a88d2cac93b513c0853bf92c260eaceea0,49365d527202f179b93e478f5b32107eb92aaa3f,20261009,PROVISIONAL_METADATA_ONLY_PENDING_HASH_AND_NEAR_DUPLICATE_AUDIT
RAISE_AI_kandinsky_2_2,0246.parquet:27,0246.parquet,27,000226.png,1,RAISE,kandinsky_2_2,LatDiff,CompEval,test,PNG,768x768,RGB,False,,NOT_IN_SOURCE_METADATA,NOT_IN_SOURCE_METADATA,OwensLab/CommunityForensics-Eval,7d4a74a88d2cac93b513c0853bf92c260eaceea0,49365d527202f179b93e478f5b32107eb92aaa3f,20261009,PROVISIONAL_METADATA_ONLY_PENDING_HASH_AND_NEAR_DUPLICATE_AUDIT
RAISE_AI_kandinsky_2_2,0241.parquet:59,0241.parquet,59,000203.png,1,RAISE,kandinsky_2_2,LatDiff,CompEval,test,PNG,768x768,RGB,False,,NOT_IN_SOURCE_METADATA,NOT_IN_SOURCE_METADATA,OwensLab/CommunityForensics-Eval,7d4a74a88d2cac93b513c0853bf92c260eaceea0,49365d527202f179b93e478f5b32107eb92aaa3f,20261009,PROVISIONAL_METADATA_ONLY_PENDING_HASH_AND_NEAR_DUPLICATE_AUDIT
RAISE_AI_kandinsky_2_2,0239.parquet:46,0239.parquet,46,000133.png,1,RAISE,kandinsky_2_2,LatDiff,CompEval,test,PNG,768x768,RGB,False,,NOT_IN_SOURCE_METADATA,NOT_IN_SOURCE_METADATA,OwensLab/CommunityForensics-Eval,7d4a74a88d2cac93b513c0853bf92c260eaceea0,49365d527202f179b93e478f5b32107eb92aaa3f,20261009,PROVISIONAL_METADATA_ONLY_PENDING_HASH_AND_NEAR_DUPLICATE_AUDIT
RAISE_AI_kandinsky_2_2,0239.parquet:85,0239.parquet,85,000717.png,1,RAISE,kandinsky_2_2,LatDiff,CompEval,test,PNG,768x768,RGB,False,,NOT_IN_SOURCE_METADATA,NOT_IN_SOURCE_METADATA,OwensLab/CommunityForensics-Eval,7d4a74a88d2cac93b513c0853bf92c260eaceea0,49365d527202f179b93e478f5b32107eb92aaa3f,20261009,PROVISIONAL_METADATA_ONLY_PENDING_HASH_AND_NEAR_DUPLICATE_AUDIT
RAISE_AI_kandinsky_2_2,0240.parquet:87,0240.parquet,87,000678.png,1,RAISE,kandinsky_2_2,LatDiff,CompEval,test,PNG,768x768,RGB,False,,NOT_IN_SOURCE_METADATA,NOT_IN_SOURCE_METADATA,OwensLab/CommunityForensics-Eval,7d4a74a88d2cac93b513c0853bf92c260eaceea0,49365d527202f179b93e478f5b32107eb92aaa3f,20261009,PROVISIONAL_METADATA_ONLY_PENDING_HASH_AND_NEAR_DUPLICATE_AUDIT
RAISE_AI_kandinsky_2_2,0238.parquet:106,0238.parquet,106,000171.png,1,RAISE,kandinsky_2_2,LatDiff,CompEval,test,PNG,768x768,RGB,False,,NOT_IN_SOURCE_METADATA,NOT_IN_SOURCE_METADATA,OwensLab/CommunityForensics-Eval,7d4a74a88d2cac93b513c0853bf92c260eaceea0,49365d527202f179b93e478f5b32107eb92aaa3f,20261009,PROVISIONAL_METADATA_ONLY_PENDING_HASH_AND_NEAR_DUPLICATE_AUDIT
RAISE_AI_kandinsky_2_2,0244.parquet:25,0244.parquet,25,000632.png,1,RAISE,kandinsky_2_2,LatDiff,CompEval,test,PNG,768x768,RGB,False,,NOT_IN_SOURCE_METADATA,NOT_IN_SOURCE_METADATA,OwensLab/CommunityForensics-Eval,7d4a74a88d2cac93b513c0853bf92c260eaceea0,49365d527202f179b93e478f5b32107eb92aaa3f,20261009,PROVISIONAL_METADATA_ONLY_PENDING_HASH_AND_NEAR_DUPLICATE_AUDIT
RAISE_AI_kandinsky_2_2,0246.parquet:4,0246.parquet,4,000038.png,1,RAISE,kandinsky_2_2,LatDiff,CompEval,test,PNG,768x768,RGB,False,,NOT_IN_SOURCE_METADATA,NOT_IN_SOURCE_METADATA,OwensLab/CommunityForensics-Eval,7d4a74a88d2cac93b513c0853bf92c260eaceea0,49365d527202f179b93e478f5b32107eb92aaa3f,20261009,PROVISIONAL_METADATA_ONLY_PENDING_HASH_AND_NEAR_DUPLICATE_AUDIT
RAISE_AI_kandinsky_2_2,0241.parquet:35,0241.parquet,35,000579.png,1,RAISE,kandinsky_2_2,LatDiff,CompEval,test,PNG,768x768,RGB,False,,NOT_IN_SOURCE_METADATA,NOT_IN_SOURCE_METADATA,OwensLab/CommunityForensics-Eval,7d4a74a88d2cac93b513c0853bf92c260eaceea0,49365d527202f179b93e478f5b32107eb92aaa3f,20261009,PROVISIONAL_METADATA_ONLY_PENDING_HASH_AND_NEAR_DUPLICATE_AUDIT
RAISE_AI_kandinsky_2_2,0244.parquet:32,0244.parquet,32,000840.png,1,RAISE,kandinsky_2_2,LatDiff,CompEval,test,PNG,768x768,RGB,False,,NOT_IN_SOURCE_METADATA,NOT_IN_SOURCE_METADATA,OwensLab/CommunityForensics-Eval,7d4a74a88d2cac93b513c0853bf92c260eaceea0,49365d527202f179b93e478f5b32107eb92aaa3f,20261009,PROVISIONAL_METADATA_ONLY_PENDING_HASH_AND_NEAR_DUPLICATE_AUDIT
RAISE_AI_kandinsky_2_2,0246.parquet:23,0246.parquet,23,000723.png,1,RAISE,kandinsky_2_2,LatDiff,CompEval,test,PNG,768x768,RGB,False,,NOT_IN_SOURCE_METADATA,NOT_IN_SOURCE_METADATA,OwensLab/CommunityForensics-Eval,7d4a74a88d2cac93b513c0853bf92c260eaceea0,49365d527202f179b93e478f5b32107eb92aaa3f,20261009,PROVISIONAL_METADATA_ONLY_PENDING_HASH_AND_NEAR_DUPLICATE_AUDIT
RAISE_AI_kandinsky_2_2,0239.parquet:66,0239.parquet,66,000909.png,1,RAISE,kandinsky_2_2,LatDiff,CompEval,test,PNG,768x768,RGB,False,,NOT_IN_SOURCE_METADATA,NOT_IN_SOURCE_METADATA,OwensLab/CommunityForensics-Eval,7d4a74a88d2cac93b513c0853bf92c260eaceea0,49365d527202f179b93e478f5b32107eb92aaa3f,20261009,PROVISIONAL_METADATA_ONLY_PENDING_HASH_AND_NEAR_DUPLICATE_AUDIT
RAISE_AI_kandinsky_2_2,0244.parquet:125,0244.parquet,125,000570.png,1,RAISE,kandinsky_2_2,LatDiff,CompEval,test,PNG,768x768,RGB,False,,NOT_IN_SOURCE_METADATA,NOT_IN_SOURCE_METADATA,OwensLab/CommunityForensics-Eval,7d4a74a88d2cac93b513c0853bf92c260eaceea0,49365d527202f179b93e478f5b32107eb92aaa3f,20261009,PROVISIONAL_METADATA_ONLY_PENDING_HASH_AND_NEAR_DUPLICATE_AUDIT
RAISE_AI_kandinsky_2_2,0241.parquet:23,0241.parquet,23,000860.png,1,RAISE,kandinsky_2_2,LatDiff,CompEval,test,PNG,768x768,RGB,False,,NOT_IN_SOURCE_METADATA,NOT_IN_SOURCE_METADATA,OwensLab/CommunityForensics-Eval,7d4a74a88d2cac93b513c0853bf92c260eaceea0,49365d527202f179b93e478f5b32107eb92aaa3f,20261009,PROVISIONAL_METADATA_ONLY_PENDING_HASH_AND_NEAR_DUPLICATE_AUDIT
RAISE_AI_kandinsky_2_2,0240.parquet:18,0240.parquet,18,000610.png,1,RAISE,kandinsky_2_2,LatDiff,CompEval,test,PNG,768x768,RGB,False,,NOT_IN_SOURCE_METADATA,NOT_IN_SOURCE_METADATA,OwensLab/CommunityForensics-Eval,7d4a74a88d2cac93b513c0853bf92c260eaceea0,49365d527202f179b93e478f5b32107eb92aaa3f,20261009,PROVISIONAL_METADATA_ONLY_PENDING_HASH_AND_NEAR_DUPLICATE_AUDIT
RAISE_AI_kandinsky_2_2,0245.parquet:62,0245.parquet,62,000007.png,1,RAISE,kandinsky_2_2,LatDiff,CompEval,test,PNG,768x768,RGB,False,,NOT_IN_SOURCE_METADATA,NOT_IN_SOURCE_METADATA,OwensLab/CommunityForensics-Eval,7d4a74a88d2cac93b513c0853bf92c260eaceea0,49365d527202f179b93e478f5b32107eb92aaa3f,20261009,PROVISIONAL_METADATA_ONLY_PENDING_HASH_AND_NEAR_DUPLICATE_AUDIT
RAISE_AI_kandinsky_2_2,0244.parquet:66,0244.parquet,66,000848.png,1,RAISE,kandinsky_2_2,LatDiff,CompEval,test,PNG,768x768,RGB,False,,NOT_IN_SOURCE_METADATA,NOT_IN_SOURCE_METADATA,OwensLab/CommunityForensics-Eval,7d4a74a88d2cac93b513c0853bf92c260eaceea0,49365d527202f179b93e478f5b32107eb92aaa3f,20261009,PROVISIONAL_METADATA_ONLY_PENDING_HASH_AND_NEAR_DUPLICATE_AUDIT
RAISE_AI_kandinsky_2_2,0245.parquet:58,0245.parquet,58,000353.png,1,RAISE,kandinsky_2_2,LatDiff,CompEval,test,PNG,768x768,RGB,False,,NOT_IN_SOURCE_METADATA,NOT_IN_SOURCE_METADATA,OwensLab/CommunityForensics-Eval,7d4a74a88d2cac93b513c0853bf92c260eaceea0,49365d527202f179b93e478f5b32107eb92aaa3f,20261009,PROVISIONAL_METADATA_ONLY_PENDING_HASH_AND_NEAR_DUPLICATE_AUDIT
RAISE_AI_kandinsky_2_2,0240.parquet:61,0240.parquet,61,000297.png,1,RAISE,kandinsky_2_2,LatDiff,CompEval,test,PNG,768x768,RGB,False,,NOT_IN_SOURCE_METADATA,NOT_IN_SOURCE_METADATA,OwensLab/CommunityForensics-Eval,7d4a74a88d2cac93b513c0853bf92c260eaceea0,49365d527202f179b93e478f5b32107eb92aaa3f,20261009,PROVISIONAL_METADATA_ONLY_PENDING_HASH_AND_NEAR_DUPLICATE_AUDIT
RAISE_AI_kandinsky_2_2,0240.parquet:81,0240.parquet,81,000870.png,1,RAISE,kandinsky_2_2,LatDiff,CompEval,test,PNG,768x768,RGB,False,,NOT_IN_SOURCE_METADATA,NOT_IN_SOURCE_METADATA,OwensLab/CommunityForensics-Eval,7d4a74a88d2cac93b513c0853bf92c260eaceea0,49365d527202f179b93e478f5b32107eb92aaa3f,20261009,PROVISIONAL_METADATA_ONLY_PENDING_HASH_AND_NEAR_DUPLICATE_AUDIT
RAISE_AI_kandinsky_2_2,0245.parquet:88,0245.parquet,88,000283.png,1,RAISE,kandinsky_2_2,LatDiff,CompEval,test,PNG,768x768,RGB,False,,NOT_IN_SOURCE_METADATA,NOT_IN_SOURCE_METADATA,OwensLab/CommunityForensics-Eval,7d4a74a88d2cac93b513c0853bf92c260eaceea0,49365d527202f179b93e478f5b32107eb92aaa3f,20261009,PROVISIONAL_METADATA_ONLY_PENDING_HASH_AND_NEAR_DUPLICATE_AUDIT
RAISE_AI_kandinsky_2_2,0162.parquet:15,0162.parquet,15,000091.png,1,RAISE,kandinsky_2_2,LatDiff,CompEval,test,PNG,768x768,RGB,False,,NOT_IN_SOURCE_METADATA,NOT_IN_SOURCE_METADATA,OwensLab/CommunityForensics-Eval,7d4a74a88d2cac93b513c0853bf92c260eaceea0,49365d527202f179b93e478f5b32107eb92aaa3f,20261009,PROVISIONAL_METADATA_ONLY_PENDING_HASH_AND_NEAR_DUPLICATE_AUDIT
RAISE_AI_kandinsky_2_2,0239.parquet:123,0239.parquet,123,000781.png,1,RAISE,kandinsky_2_2,LatDiff,CompEval,test,PNG,768x768,RGB,False,,NOT_IN_SOURCE_METADATA,NOT_IN_SOURCE_METADATA,OwensLab/CommunityForensics-Eval,7d4a74a88d2cac93b513c0853bf92c260eaceea0,49365d527202f179b93e478f5b32107eb92aaa3f,20261009,PROVISIONAL_METADATA_ONLY_PENDING_HASH_AND_NEAR_DUPLICATE_AUDIT
RAISE_AI_kandinsky_2_2,0244.parquet:108,0244.parquet,108,000540.png,1,RAISE,kandinsky_2_2,LatDiff,CompEval,test,PNG,768x768,RGB,False,,NOT_IN_SOURCE_METADATA,NOT_IN_SOURCE_METADATA,OwensLab/CommunityForensics-Eval,7d4a74a88d2cac93b513c0853bf92c260eaceea0,49365d527202f179b93e478f5b32107eb92aaa3f,20261009,PROVISIONAL_METADATA_ONLY_PENDING_HASH_AND_NEAR_DUPLICATE_AUDIT
RAISE_AI_kandinsky_2_2,0241.parquet:43,0241.parquet,43,000181.png,1,RAISE,kandinsky_2_2,LatDiff,CompEval,test,PNG,768x768,RGB,False,,NOT_IN_SOURCE_METADATA,NOT_IN_SOURCE_METADATA,OwensLab/CommunityForensics-Eval,7d4a74a88d2cac93b513c0853bf92c260eaceea0,49365d527202f179b93e478f5b32107eb92aaa3f,20261009,PROVISIONAL_METADATA_ONLY_PENDING_HASH_AND_NEAR_DUPLICATE_AUDIT
RAISE_AI_kandinsky_2_2,0241.parquet:66,0241.parquet,66,000469.png,1,RAISE,kandinsky_2_2,LatDiff,CompEval,test,PNG,768x768,RGB,False,,NOT_IN_SOURCE_METADATA,NOT_IN_SOURCE_METADATA,OwensLab/CommunityForensics-Eval,7d4a74a88d2cac93b513c0853bf92c260eaceea0,49365d527202f179b93e478f5b32107eb92aaa3f,20261009,PROVISIONAL_METADATA_ONLY_PENDING_HASH_AND_NEAR_DUPLICATE_AUDIT
RAISE_AI_kandinsky_2_2,0239.parquet:63,0239.parquet,63,000315.png,1,RAISE,kandinsky_2_2,LatDiff,CompEval,test,PNG,768x768,RGB,False,,NOT_IN_SOURCE_METADATA,NOT_IN_SOURCE_METADATA,OwensLab/CommunityForensics-Eval,7d4a74a88d2cac93b513c0853bf92c260eaceea0,49365d527202f179b93e478f5b32107eb92aaa3f,20261009,PROVISIONAL_METADATA_ONLY_PENDING_HASH_AND_NEAR_DUPLICATE_AUDIT
RAISE_AI_kandinsky_2_2,0241.parquet:11,0241.parquet,11,000225.png,1,RAISE,kandinsky_2_2,LatDiff,CompEval,test,PNG,768x768,RGB,False,,NOT_IN_SOURCE_METADATA,NOT_IN_SOURCE_METADATA,OwensLab/CommunityForensics-Eval,7d4a74a88d2cac93b513c0853bf92c260eaceea0,49365d527202f179b93e478f5b32107eb92aaa3f,20261009,PROVISIONAL_METADATA_ONLY_PENDING_HASH_AND_NEAR_DUPLICATE_AUDIT
RAISE_AI_kandinsky_2_2,0243.parquet:56,0243.parquet,56,000366.png,1,RAISE,kandinsky_2_2,LatDiff,CompEval,test,PNG,768x768,RGB,False,,NOT_IN_SOURCE_METADATA,NOT_IN_SOURCE_METADATA,OwensLab/CommunityForensics-Eval,7d4a74a88d2cac93b513c0853bf92c260eaceea0,49365d527202f179b93e478f5b32107eb92aaa3f,20261009,PROVISIONAL_METADATA_ONLY_PENDING_HASH_AND_NEAR_DUPLICATE_AUDIT
RAISE_AI_kandinsky_2_2,0243.parquet:3,0243.parquet,3,000420.png,1,RAISE,kandinsky_2_2,LatDiff,CompEval,test,PNG,768x768,RGB,False,,NOT_IN_SOURCE_METADATA,NOT_IN_SOURCE_METADATA,OwensLab/CommunityForensics-Eval,7d4a74a88d2cac93b513c0853bf92c260eaceea0,49365d527202f179b93e478f5b32107eb92aaa3f,20261009,PROVISIONAL_METADATA_ONLY_PENDING_HASH_AND_NEAR_DUPLICATE_AUDIT
RAISE_AI_kandinsky_2_2,0245.parquet:107,0245.parquet,107,000136.png,1,RAISE,kandinsky_2_2,LatDiff,CompEval,test,PNG,768x768,RGB,False,,NOT_IN_SOURCE_METADATA,NOT_IN_SOURCE_METADATA,OwensLab/CommunityForensics-Eval,7d4a74a88d2cac93b513c0853bf92c260eaceea0,49365d527202f179b93e478f5b32107eb92aaa3f,20261009,PROVISIONAL_METADATA_ONLY_PENDING_HASH_AND_NEAR_DUPLICATE_AUDIT
RAISE_AI_kandinsky_2_2,0243.parquet:85,0243.parquet,85,000170.png,1,RAISE,kandinsky_2_2,LatDiff,CompEval,test,PNG,768x768,RGB,False,,NOT_IN_SOURCE_METADATA,NOT_IN_SOURCE_METADATA,OwensLab/CommunityForensics-Eval,7d4a74a88d2cac93b513c0853bf92c260eaceea0,49365d527202f179b93e478f5b32107eb92aaa3f,20261009,PROVISIONAL_METADATA_ONLY_PENDING_HASH_AND_NEAR_DUPLICATE_AUDIT
RAISE_AI_kandinsky_2_2,0244.parquet:88,0244.parquet,88,000934.png,1,RAISE,kandinsky_2_2,LatDiff,CompEval,test,PNG,768x768,RGB,False,,NOT_IN_SOURCE_METADATA,NOT_IN_SOURCE_METADATA,OwensLab/CommunityForensics-Eval,7d4a74a88d2cac93b513c0853bf92c260eaceea0,49365d527202f179b93e478f5b32107eb92aaa3f,20261009,PROVISIONAL_METADATA_ONLY_PENDING_HASH_AND_NEAR_DUPLICATE_AUDIT
RAISE_AI_kandinsky_2_2,0245.parquet:23,0245.parquet,23,000699.png,1,RAISE,kandinsky_2_2,LatDiff,CompEval,test,PNG,768x768,RGB,False,,NOT_IN_SOURCE_METADATA,NOT_IN_SOURCE_METADATA,OwensLab/CommunityForensics-Eval,7d4a74a88d2cac93b513c0853bf92c260eaceea0,49365d527202f179b93e478f5b32107eb92aaa3f,20261009,PROVISIONAL_METADATA_ONLY_PENDING_HASH_AND_NEAR_DUPLICATE_AUDIT
RAISE_AI_kandinsky_2_2,0244.parquet:91,0244.parquet,91,000099.png,1,RAISE,kandinsky_2_2,LatDiff,CompEval,test,PNG,768x768,RGB,False,,NOT_IN_SOURCE_METADATA,NOT_IN_SOURCE_METADATA,OwensLab/CommunityForensics-Eval,7d4a74a88d2cac93b513c0853bf92c260eaceea0,49365d527202f179b93e478f5b32107eb92aaa3f,20261009,PROVISIONAL_METADATA_ONLY_PENDING_HASH_AND_NEAR_DUPLICATE_AUDIT
RAISE_AI_kandinsky_2_2,0240.parquet:91,0240.parquet,91,000403.png,1,RAISE,kandinsky_2_2,LatDiff,CompEval,test,PNG,768x768,RGB,False,,NOT_IN_SOURCE_METADATA,NOT_IN_SOURCE_METADATA,OwensLab/CommunityForensics-Eval,7d4a74a88d2cac93b513c0853bf92c260eaceea0,49365d527202f179b93e478f5b32107eb92aaa3f,20261009,PROVISIONAL_METADATA_ONLY_PENDING_HASH_AND_NEAR_DUPLICATE_AUDIT
RAISE_AI_kandinsky_2_2,0242.parquet:98,0242.parquet,98,000493.png,1,RAISE,kandinsky_2_2,LatDiff,CompEval,test,PNG,768x768,RGB,False,,NOT_IN_SOURCE_METADATA,NOT_IN_SOURCE_METADATA,OwensLab/CommunityForensics-Eval,7d4a74a88d2cac93b513c0853bf92c260eaceea0,49365d527202f179b93e478f5b32107eb92aaa3f,20261009,PROVISIONAL_METADATA_ONLY_PENDING_HASH_AND_NEAR_DUPLICATE_AUDIT
RAISE_AI_kandinsky_2_2,0240.parquet:71,0240.parquet,71,000714.png,1,RAISE,kandinsky_2_2,LatDiff,CompEval,test,PNG,768x768,RGB,False,,NOT_IN_SOURCE_METADATA,NOT_IN_SOURCE_METADATA,OwensLab/CommunityForensics-Eval,7d4a74a88d2cac93b513c0853bf92c260eaceea0,49365d527202f179b93e478f5b32107eb92aaa3f,20261009,PROVISIONAL_METADATA_ONLY_PENDING_HASH_AND_NEAR_DUPLICATE_AUDIT
RAISE_AI_kandinsky_2_2,0245.parquet:8,0245.parquet,8,000370.png,1,RAISE,kandinsky_2_2,LatDiff,CompEval,test,PNG,768x768,RGB,False,,NOT_IN_SOURCE_METADATA,NOT_IN_SOURCE_METADATA,OwensLab/CommunityForensics-Eval,7d4a74a88d2cac93b513c0853bf92c260eaceea0,49365d527202f179b93e478f5b32107eb92aaa3f,20261009,PROVISIONAL_METADATA_ONLY_PENDING_HASH_AND_NEAR_DUPLICATE_AUDIT
RAISE_AI_kandinsky_2_2,0244.parquet:62,0244.parquet,62,000281.png,1,RAISE,kandinsky_2_2,LatDiff,CompEval,test,PNG,768x768,RGB,False,,NOT_IN_SOURCE_METADATA,NOT_IN_SOURCE_METADATA,OwensLab/CommunityForensics-Eval,7d4a74a88d2cac93b513c0853bf92c260eaceea0,49365d527202f179b93e478f5b32107eb92aaa3f,20261009,PROVISIONAL_METADATA_ONLY_PENDING_HASH_AND_NEAR_DUPLICATE_AUDIT
RAISE_AI_kandinsky_2_2,0242.parquet:39,0242.parquet,39,000510.png,1,RAISE,kandinsky_2_2,LatDiff,CompEval,test,PNG,768x768,RGB,False,,NOT_IN_SOURCE_METADATA,NOT_IN_SOURCE_METADATA,OwensLab/CommunityForensics-Eval,7d4a74a88d2cac93b513c0853bf92c260eaceea0,49365d527202f179b93e478f5b32107eb92aaa3f,20261009,PROVISIONAL_METADATA_ONLY_PENDING_HASH_AND_NEAR_DUPLICATE_AUDIT
RAISE_AI_kandinsky_2_2,0246.parquet:32,0246.parquet,32,000250.png,1,RAISE,kandinsky_2_2,LatDiff,CompEval,test,PNG,768x768,RGB,False,,NOT_IN_SOURCE_METADATA,NOT_IN_SOURCE_METADATA,OwensLab/CommunityForensics-Eval,7d4a74a88d2cac93b513c0853bf92c260eaceea0,49365d527202f179b93e478f5b32107eb92aaa3f,20261009,PROVISIONAL_METADATA_ONLY_PENDING_HASH_AND_NEAR_DUPLICATE_AUDIT
RAISE_AI_kandinsky_2_2,0242.parquet:52,0242.parquet,52,000028.png,1,RAISE,kandinsky_2_2,LatDiff,CompEval,test,PNG,768x768,RGB,False,,NOT_IN_SOURCE_METADATA,NOT_IN_SOURCE_METADATA,OwensLab/CommunityForensics-Eval,7d4a74a88d2cac93b513c0853bf92c260eaceea0,49365d527202f179b93e478f5b32107eb92aaa3f,20261009,PROVISIONAL_METADATA_ONLY_PENDING_HASH_AND_NEAR_DUPLICATE_AUDIT
RAISE_AI_kandinsky_2_2,0245.parquet:55,0245.parquet,55,000778.png,1,RAISE,kandinsky_2_2,LatDiff,CompEval,test,PNG,768x768,RGB,False,,NOT_IN_SOURCE_METADATA,NOT_IN_SOURCE_METADATA,OwensLab/CommunityForensics-Eval,7d4a74a88d2cac93b513c0853bf92c260eaceea0,49365d527202f179b93e478f5b32107eb92aaa3f,20261009,PROVISIONAL_METADATA_ONLY_PENDING_HASH_AND_NEAR_DUPLICATE_AUDIT
RAISE_AI_kandinsky_2_2,0244.parquet:31,0244.parquet,31,000775.png,1,RAISE,kandinsky_2_2,LatDiff,CompEval,test,PNG,768x768,RGB,False,,NOT_IN_SOURCE_METADATA,NOT_IN_SOURCE_METADATA,OwensLab/CommunityForensics-Eval,7d4a74a88d2cac93b513c0853bf92c260eaceea0,49365d527202f179b93e478f5b32107eb92aaa3f,20261009,PROVISIONAL_METADATA_ONLY_PENDING_HASH_AND_NEAR_DUPLICATE_AUDIT
RAISE_AI_kandinsky_2_2,0240.parquet:37,0240.parquet,37,000746.png,1,RAISE,kandinsky_2_2,LatDiff,CompEval,test,PNG,768x768,RGB,False,,NOT_IN_SOURCE_METADATA,NOT_IN_SOURCE_METADATA,OwensLab/CommunityForensics-Eval,7d4a74a88d2cac93b513c0853bf92c260eaceea0,49365d527202f179b93e478f5b32107eb92aaa3f,20261009,PROVISIONAL_METADATA_ONLY_PENDING_HASH_AND_NEAR_DUPLICATE_AUDIT
RAISE_AI_kandinsky_2_2,0239.parquet:86,0239.parquet,86,000085.png,1,RAISE,kandinsky_2_2,LatDiff,CompEval,test,PNG,768x768,RGB,False,,NOT_IN_SOURCE_METADATA,NOT_IN_SOURCE_METADATA,OwensLab/CommunityForensics-Eval,7d4a74a88d2cac93b513c0853bf92c260eaceea0,49365d527202f179b93e478f5b32107eb92aaa3f,20261009,PROVISIONAL_METADATA_ONLY_PENDING_HASH_AND_NEAR_DUPLICATE_AUDIT
RAISE_AI_kandinsky_2_2,0239.parquet:18,0239.parquet,18,000144.png,1,RAISE,kandinsky_2_2,LatDiff,CompEval,test,PNG,768x768,RGB,False,,NOT_IN_SOURCE_METADATA,NOT_IN_SOURCE_METADATA,OwensLab/CommunityForensics-Eval,7d4a74a88d2cac93b513c0853bf92c260eaceea0,49365d527202f179b93e478f5b32107eb92aaa3f,20261009,PROVISIONAL_METADATA_ONLY_PENDING_HASH_AND_NEAR_DUPLICATE_AUDIT
RAISE_AI_kandinsky_2_2,0243.parquet:19,0243.parquet,19,000098.png,1,RAISE,kandinsky_2_2,LatDiff,CompEval,test,PNG,768x768,RGB,False,,NOT_IN_SOURCE_METADATA,NOT_IN_SOURCE_METADATA,OwensLab/CommunityForensics-Eval,7d4a74a88d2cac93b513c0853bf92c260eaceea0,49365d527202f179b93e478f5b32107eb92aaa3f,20261009,PROVISIONAL_METADATA_ONLY_PENDING_HASH_AND_NEAR_DUPLICATE_AUDIT
RAISE_AI_kandinsky_2_2,0243.parquet:26,0243.parquet,26,000661.png,1,RAISE,kandinsky_2_2,LatDiff,CompEval,test,PNG,768x768,RGB,False,,NOT_IN_SOURCE_METADATA,NOT_IN_SOURCE_METADATA,OwensLab/CommunityForensics-Eval,7d4a74a88d2cac93b513c0853bf92c260eaceea0,49365d527202f179b93e478f5b32107eb92aaa3f,20261009,PROVISIONAL_METADATA_ONLY_PENDING_HASH_AND_NEAR_DUPLICATE_AUDIT
RAISE_AI_kandinsky_2_2,0243.parquet:58,0243.parquet,58,000716.png,1,RAISE,kandinsky_2_2,LatDiff,CompEval,test,PNG,768x768,RGB,False,,NOT_IN_SOURCE_METADATA,NOT_IN_SOURCE_METADATA,OwensLab/CommunityForensics-Eval,7d4a74a88d2cac93b513c0853bf92c260eaceea0,49365d527202f179b93e478f5b32107eb92aaa3f,20261009,PROVISIONAL_METADATA_ONLY_PENDING_HASH_AND_NEAR_DUPLICATE_AUDIT
RAISE_AI_kandinsky_2_2,0243.parquet:123,0243.parquet,123,000059.png,1,RAISE,kandinsky_2_2,LatDiff,CompEval,test,PNG,768x768,RGB,False,,NOT_IN_SOURCE_METADATA,NOT_IN_SOURCE_METADATA,OwensLab/CommunityForensics-Eval,7d4a74a88d2cac93b513c0853bf92c260eaceea0,49365d527202f179b93e478f5b32107eb92aaa3f,20261009,PROVISIONAL_METADATA_ONLY_PENDING_HASH_AND_NEAR_DUPLICATE_AUDIT
RAISE_AI_kandinsky_2_2,0241.parquet:119,0241.parquet,119,000321.png,1,RAISE,kandinsky_2_2,LatDiff,CompEval,test,PNG,768x768,RGB,False,,NOT_IN_SOURCE_METADATA,NOT_IN_SOURCE_METADATA,OwensLab/CommunityForensics-Eval,7d4a74a88d2cac93b513c0853bf92c260eaceea0,49365d527202f179b93e478f5b32107eb92aaa3f,20261009,PROVISIONAL_METADATA_ONLY_PENDING_HASH_AND_NEAR_DUPLICATE_AUDIT
RAISE_AI_kandinsky_2_2,0244.parquet:61,0244.parquet,61,000760.png,1,RAISE,kandinsky_2_2,LatDiff,CompEval,test,PNG,768x768,RGB,False,,NOT_IN_SOURCE_METADATA,NOT_IN_SOURCE_METADATA,OwensLab/CommunityForensics-Eval,7d4a74a88d2cac93b513c0853bf92c260eaceea0,49365d527202f179b93e478f5b32107eb92aaa3f,20261009,PROVISIONAL_METADATA_ONLY_PENDING_HASH_AND_NEAR_DUPLICATE_AUDIT
RAISE_AI_kandinsky_2_2,0239.parquet:89,0239.parquet,89,000329.png,1,RAISE,kandinsky_2_2,LatDiff,CompEval,test,PNG,768x768,RGB,False,,NOT_IN_SOURCE_METADATA,NOT_IN_SOURCE_METADATA,OwensLab/CommunityForensics-Eval,7d4a74a88d2cac93b513c0853bf92c260eaceea0,49365d527202f179b93e478f5b32107eb92aaa3f,20261009,PROVISIONAL_METADATA_ONLY_PENDING_HASH_AND_NEAR_DUPLICATE_AUDIT
RAISE_AI_kandinsky_2_2,0242.parquet:30,0242.parquet,30,000967.png,1,RAISE,kandinsky_2_2,LatDiff,CompEval,test,PNG,768x768,RGB,False,,NOT_IN_SOURCE_METADATA,NOT_IN_SOURCE_METADATA,OwensLab/CommunityForensics-Eval,7d4a74a88d2cac93b513c0853bf92c260eaceea0,49365d527202f179b93e478f5b32107eb92aaa3f,20261009,PROVISIONAL_METADATA_ONLY_PENDING_HASH_AND_NEAR_DUPLICATE_AUDIT
RAISE_AI_kandinsky_2_2,0241.parquet:1,0241.parquet,1,000193.png,1,RAISE,kandinsky_2_2,LatDiff,CompEval,test,PNG,768x768,RGB,False,,NOT_IN_SOURCE_METADATA,NOT_IN_SOURCE_METADATA,OwensLab/CommunityForensics-Eval,7d4a74a88d2cac93b513c0853bf92c260eaceea0,49365d527202f179b93e478f5b32107eb92aaa3f,20261009,PROVISIONAL_METADATA_ONLY_PENDING_HASH_AND_NEAR_DUPLICATE_AUDIT
RAISE_AI_kandinsky_2_2,0240.parquet:28,0240.parquet,28,000048.png,1,RAISE,kandinsky_2_2,LatDiff,CompEval,test,PNG,768x768,RGB,False,,NOT_IN_SOURCE_METADATA,NOT_IN_SOURCE_METADATA,OwensLab/CommunityForensics-Eval,7d4a74a88d2cac93b513c0853bf92c260eaceea0,49365d527202f179b93e478f5b32107eb92aaa3f,20261009,PROVISIONAL_METADATA_ONLY_PENDING_HASH_AND_NEAR_DUPLICATE_AUDIT
RAISE_AI_kandinsky_2_2,0242.parquet:34,0242.parquet,34,000286.png,1,RAISE,kandinsky_2_2,LatDiff,CompEval,test,PNG,768x768,RGB,False,,NOT_IN_SOURCE_METADATA,NOT_IN_SOURCE_METADATA,OwensLab/CommunityForensics-Eval,7d4a74a88d2cac93b513c0853bf92c260eaceea0,49365d527202f179b93e478f5b32107eb92aaa3f,20261009,PROVISIONAL_METADATA_ONLY_PENDING_HASH_AND_NEAR_DUPLICATE_AUDIT
RAISE_AI_kandinsky_2_2,0241.parquet:28,0241.parquet,28,000083.png,1,RAISE,kandinsky_2_2,LatDiff,CompEval,test,PNG,768x768,RGB,False,,NOT_IN_SOURCE_METADATA,NOT_IN_SOURCE_METADATA,OwensLab/CommunityForensics-Eval,7d4a74a88d2cac93b513c0853bf92c260eaceea0,49365d527202f179b93e478f5b32107eb92aaa3f,20261009,PROVISIONAL_METADATA_ONLY_PENDING_HASH_AND_NEAR_DUPLICATE_AUDIT
RAISE_AI_kandinsky_2_2,0239.parquet:5,0239.parquet,5,000267.png,1,RAISE,kandinsky_2_2,LatDiff,CompEval,test,PNG,768x768,RGB,False,,NOT_IN_SOURCE_METADATA,NOT_IN_SOURCE_METADATA,OwensLab/CommunityForensics-Eval,7d4a74a88d2cac93b513c0853bf92c260eaceea0,49365d527202f179b93e478f5b32107eb92aaa3f,20261009,PROVISIONAL_METADATA_ONLY_PENDING_HASH_AND_NEAR_DUPLICATE_AUDIT
RAISE_AI_kandinsky_2_2,0240.parquet:103,0240.parquet,103,000367.png,1,RAISE,kandinsky_2_2,LatDiff,CompEval,test,PNG,768x768,RGB,False,,NOT_IN_SOURCE_METADATA,NOT_IN_SOURCE_METADATA,OwensLab/CommunityForensics-Eval,7d4a74a88d2cac93b513c0853bf92c260eaceea0,49365d527202f179b93e478f5b32107eb92aaa3f,20261009,PROVISIONAL_METADATA_ONLY_PENDING_HASH_AND_NEAR_DUPLICATE_AUDIT
RAISE_AI_stable_cascade,0018.parquet:122,0018.parquet,122,000209.png,1,RAISE,stable_cascade,Other,CompEval,test,PNG,1024x1024,RGB,False,,NOT_IN_SOURCE_METADATA,NOT_IN_SOURCE_METADATA,OwensLab/CommunityForensics-Eval,7d4a74a88d2cac93b513c0853bf92c260eaceea0,49365d527202f179b93e478f5b32107eb92aaa3f,20261009,PROVISIONAL_METADATA_ONLY_PENDING_HASH_AND_NEAR_DUPLICATE_AUDIT
RAISE_AI_stable_cascade,0017.parquet:91,0017.parquet,91,000137.png,1,RAISE,stable_cascade,Other,CompEval,test,PNG,1024x1024,RGB,False,,NOT_IN_SOURCE_METADATA,NOT_IN_SOURCE_METADATA,OwensLab/CommunityForensics-Eval,7d4a74a88d2cac93b513c0853bf92c260eaceea0,49365d527202f179b93e478f5b32107eb92aaa3f,20261009,PROVISIONAL_METADATA_ONLY_PENDING_HASH_AND_NEAR_DUPLICATE_AUDIT
RAISE_AI_stable_cascade,0016.parquet:90,0016.parquet,90,000883.png,1,RAISE,stable_cascade,Other,CompEval,test,PNG,1024x1024,RGB,False,,NOT_IN_SOURCE_METADATA,NOT_IN_SOURCE_METADATA,OwensLab/CommunityForensics-Eval,7d4a74a88d2cac93b513c0853bf92c260eaceea0,49365d527202f179b93e478f5b32107eb92aaa3f,20261009,PROVISIONAL_METADATA_ONLY_PENDING_HASH_AND_NEAR_DUPLICATE_AUDIT
RAISE_AI_stable_cascade,0020.parquet:29,0020.parquet,29,000269.png,1,RAISE,stable_cascade,Other,CompEval,test,PNG,1024x1024,RGB,False,,NOT_IN_SOURCE_METADATA,NOT_IN_SOURCE_METADATA,OwensLab/CommunityForensics-Eval,7d4a74a88d2cac93b513c0853bf92c260eaceea0,49365d527202f179b93e478f5b32107eb92aaa3f,20261009,PROVISIONAL_METADATA_ONLY_PENDING_HASH_AND_NEAR_DUPLICATE_AUDIT
RAISE_AI_stable_cascade,0017.parquet:123,0017.parquet,123,000493.png,1,RAISE,stable_cascade,Other,CompEval,test,PNG,1024x1024,RGB,False,,NOT_IN_SOURCE_METADATA,NOT_IN_SOURCE_METADATA,OwensLab/CommunityForensics-Eval,7d4a74a88d2cac93b513c0853bf92c260eaceea0,49365d527202f179b93e478f5b32107eb92aaa3f,20261009,PROVISIONAL_METADATA_ONLY_PENDING_HASH_AND_NEAR_DUPLICATE_AUDIT
RAISE_AI_stable_cascade,0020.parquet:119,0020.parquet,119,000167.png,1,RAISE,stable_cascade,Other,CompEval,test,PNG,1024x1024,RGB,False,,NOT_IN_SOURCE_METADATA,NOT_IN_SOURCE_METADATA,OwensLab/CommunityForensics-Eval,7d4a74a88d2cac93b513c0853bf92c260eaceea0,49365d527202f179b93e478f5b32107eb92aaa3f,20261009,PROVISIONAL_METADATA_ONLY_PENDING_HASH_AND_NEAR_DUPLICATE_AUDIT
RAISE_AI_stable_cascade,0016.parquet:114,0016.parquet,114,000673.png,1,RAISE,stable_cascade,Other,CompEval,test,PNG,1024x1024,RGB,False,,NOT_IN_SOURCE_METADATA,NOT_IN_SOURCE_METADATA,OwensLab/CommunityForensics-Eval,7d4a74a88d2cac93b513c0853bf92c260eaceea0,49365d527202f179b93e478f5b32107eb92aaa3f,20261009,PROVISIONAL_METADATA_ONLY_PENDING_HASH_AND_NEAR_DUPLICATE_AUDIT
RAISE_AI_stable_cascade,0016.parquet:54,0016.parquet,54,000189.png,1,RAISE,stable_cascade,Other,CompEval,test,PNG,1024x1024,RGB,False,,NOT_IN_SOURCE_METADATA,NOT_IN_SOURCE_METADATA,OwensLab/CommunityForensics-Eval,7d4a74a88d2cac93b513c0853bf92c260eaceea0,49365d527202f179b93e478f5b32107eb92aaa3f,20261009,PROVISIONAL_METADATA_ONLY_PENDING_HASH_AND_NEAR_DUPLICATE_AUDIT
RAISE_AI_stable_cascade,0018.parquet:118,0018.parquet,118,000149.png,1,RAISE,stable_cascade,Other,CompEval,test,PNG,1024x1024,RGB,False,,NOT_IN_SOURCE_METADATA,NOT_IN_SOURCE_METADATA,OwensLab/CommunityForensics-Eval,7d4a74a88d2cac93b513c0853bf92c260eaceea0,49365d527202f179b93e478f5b32107eb92aaa3f,20261009,PROVISIONAL_METADATA_ONLY_PENDING_HASH_AND_NEAR_DUPLICATE_AUDIT
RAISE_AI_stable_cascade,0017.parquet:118,0017.parquet,118,000957.png,1,RAISE,stable_cascade,Other,CompEval,test,PNG,1024x1024,RGB,False,,NOT_IN_SOURCE_METADATA,NOT_IN_SOURCE_METADATA,OwensLab/CommunityForensics-Eval,7d4a74a88d2cac93b513c0853bf92c260eaceea0,49365d527202f179b93e478f5b32107eb92aaa3f,20261009,PROVISIONAL_METADATA_ONLY_PENDING_HASH_AND_NEAR_DUPLICATE_AUDIT
RAISE_AI_stable_cascade,0023.parquet:31,0023.parquet,31,000738.png,1,RAISE,stable_cascade,Other,CompEval,test,PNG,1024x1024,RGB,False,,NOT_IN_SOURCE_METADATA,NOT_IN_SOURCE_METADATA,OwensLab/CommunityForensics-Eval,7d4a74a88d2cac93b513c0853bf92c260eaceea0,49365d527202f179b93e478f5b32107eb92aaa3f,20261009,PROVISIONAL_METADATA_ONLY_PENDING_HASH_AND_NEAR_DUPLICATE_AUDIT
RAISE_AI_stable_cascade,0021.parquet:97,0021.parquet,97,000105.png,1,RAISE,stable_cascade,Other,CompEval,test,PNG,1024x1024,RGB,False,,NOT_IN_SOURCE_METADATA,NOT_IN_SOURCE_METADATA,OwensLab/CommunityForensics-Eval,7d4a74a88d2cac93b513c0853bf92c260eaceea0,49365d527202f179b93e478f5b32107eb92aaa3f,20261009,PROVISIONAL_METADATA_ONLY_PENDING_HASH_AND_NEAR_DUPLICATE_AUDIT
RAISE_AI_stable_cascade,0016.parquet:87,0016.parquet,87,000668.png,1,RAISE,stable_cascade,Other,CompEval,test,PNG,1024x1024,RGB,False,,NOT_IN_SOURCE_METADATA,NOT_IN_SOURCE_METADATA,OwensLab/CommunityForensics-Eval,7d4a74a88d2cac93b513c0853bf92c260eaceea0,49365d527202f179b93e478f5b32107eb92aaa3f,20261009,PROVISIONAL_METADATA_ONLY_PENDING_HASH_AND_NEAR_DUPLICATE_AUDIT
RAISE_AI_stable_cascade,0019.parquet:61,0019.parquet,61,000288.png,1,RAISE,stable_cascade,Other,CompEval,test,PNG,1024x1024,RGB,False,,NOT_IN_SOURCE_METADATA,NOT_IN_SOURCE_METADATA,OwensLab/CommunityForensics-Eval,7d4a74a88d2cac93b513c0853bf92c260eaceea0,49365d527202f179b93e478f5b32107eb92aaa3f,20261009,PROVISIONAL_METADATA_ONLY_PENDING_HASH_AND_NEAR_DUPLICATE_AUDIT
RAISE_AI_stable_cascade,0018.parquet:26,0018.parquet,26,000950.png,1,RAISE,stable_cascade,Other,CompEval,test,PNG,1024x1024,RGB,False,,NOT_IN_SOURCE_METADATA,NOT_IN_SOURCE_METADATA,OwensLab/CommunityForensics-Eval,7d4a74a88d2cac93b513c0853bf92c260eaceea0,49365d527202f179b93e478f5b32107eb92aaa3f,20261009,PROVISIONAL_METADATA_ONLY_PENDING_HASH_AND_NEAR_DUPLICATE_AUDIT
RAISE_AI_stable_cascade,0022.parquet:45,0022.parquet,45,000293.png,1,RAISE,stable_cascade,Other,CompEval,test,PNG,1024x1024,RGB,False,,NOT_IN_SOURCE_METADATA,NOT_IN_SOURCE_METADATA,OwensLab/CommunityForensics-Eval,7d4a74a88d2cac93b513c0853bf92c260eaceea0,49365d527202f179b93e478f5b32107eb92aaa3f,20261009,PROVISIONAL_METADATA_ONLY_PENDING_HASH_AND_NEAR_DUPLICATE_AUDIT
RAISE_AI_stable_cascade,0022.parquet:21,0022.parquet,21,000912.png,1,RAISE,stable_cascade,Other,CompEval,test,PNG,1024x1024,RGB,False,,NOT_IN_SOURCE_METADATA,NOT_IN_SOURCE_METADATA,OwensLab/CommunityForensics-Eval,7d4a74a88d2cac93b513c0853bf92c260eaceea0,49365d527202f179b93e478f5b32107eb92aaa3f,20261009,PROVISIONAL_METADATA_ONLY_PENDING_HASH_AND_NEAR_DUPLICATE_AUDIT
RAISE_AI_stable_cascade,0022.parquet:28,0022.parquet,28,000722.png,1,RAISE,stable_cascade,Other,CompEval,test,PNG,1024x1024,RGB,False,,NOT_IN_SOURCE_METADATA,NOT_IN_SOURCE_METADATA,OwensLab/CommunityForensics-Eval,7d4a74a88d2cac93b513c0853bf92c260eaceea0,49365d527202f179b93e478f5b32107eb92aaa3f,20261009,PROVISIONAL_METADATA_ONLY_PENDING_HASH_AND_NEAR_DUPLICATE_AUDIT
RAISE_AI_stable_cascade,0021.parquet:12,0021.parquet,12,000181.png,1,RAISE,stable_cascade,Other,CompEval,test,PNG,1024x1024,RGB,False,,NOT_IN_SOURCE_METADATA,NOT_IN_SOURCE_METADATA,OwensLab/CommunityForensics-Eval,7d4a74a88d2cac93b513c0853bf92c260eaceea0,49365d527202f179b93e478f5b32107eb92aaa3f,20261009,PROVISIONAL_METADATA_ONLY_PENDING_HASH_AND_NEAR_DUPLICATE_AUDIT
RAISE_AI_stable_cascade,0018.parquet:29,0018.parquet,29,000343.png,1,RAISE,stable_cascade,Other,CompEval,test,PNG,1024x1024,RGB,False,,NOT_IN_SOURCE_METADATA,NOT_IN_SOURCE_METADATA,OwensLab/CommunityForensics-Eval,7d4a74a88d2cac93b513c0853bf92c260eaceea0,49365d527202f179b93e478f5b32107eb92aaa3f,20261009,PROVISIONAL_METADATA_ONLY_PENDING_HASH_AND_NEAR_DUPLICATE_AUDIT
RAISE_AI_stable_cascade,0021.parquet:7,0021.parquet,7,000863.png,1,RAISE,stable_cascade,Other,CompEval,test,PNG,1024x1024,RGB,False,,NOT_IN_SOURCE_METADATA,NOT_IN_SOURCE_METADATA,OwensLab/CommunityForensics-Eval,7d4a74a88d2cac93b513c0853bf92c260eaceea0,49365d527202f179b93e478f5b32107eb92aaa3f,20261009,PROVISIONAL_METADATA_ONLY_PENDING_HASH_AND_NEAR_DUPLICATE_AUDIT
RAISE_AI_stable_cascade,0018.parquet:103,0018.parquet,103,000757.png,1,RAISE,stable_cascade,Other,CompEval,test,PNG,1024x1024,RGB,False,,NOT_IN_SOURCE_METADATA,NOT_IN_SOURCE_METADATA,OwensLab/CommunityForensics-Eval,7d4a74a88d2cac93b513c0853bf92c260eaceea0,49365d527202f179b93e478f5b32107eb92aaa3f,20261009,PROVISIONAL_METADATA_ONLY_PENDING_HASH_AND_NEAR_DUPLICATE_AUDIT
RAISE_AI_stable_cascade,0017.parquet:86,0017.parquet,86,000404.png,1,RAISE,stable_cascade,Other,CompEval,test,PNG,1024x1024,RGB,False,,NOT_IN_SOURCE_METADATA,NOT_IN_SOURCE_METADATA,OwensLab/CommunityForensics-Eval,7d4a74a88d2cac93b513c0853bf92c260eaceea0,49365d527202f179b93e478f5b32107eb92aaa3f,20261009,PROVISIONAL_METADATA_ONLY_PENDING_HASH_AND_NEAR_DUPLICATE_AUDIT
RAISE_AI_stable_cascade,0016.parquet:80,0016.parquet,80,000601.png,1,RAISE,stable_cascade,Other,CompEval,test,PNG,1024x1024,RGB,False,,NOT_IN_SOURCE_METADATA,NOT_IN_SOURCE_METADATA,OwensLab/CommunityForensics-Eval,7d4a74a88d2cac93b513c0853bf92c260eaceea0,49365d527202f179b93e478f5b32107eb92aaa3f,20261009,PROVISIONAL_METADATA_ONLY_PENDING_HASH_AND_NEAR_DUPLICATE_AUDIT
RAISE_AI_stable_cascade,0016.parquet:21,0016.parquet,21,000540.png,1,RAISE,stable_cascade,Other,CompEval,test,PNG,1024x1024,RGB,False,,NOT_IN_SOURCE_METADATA,NOT_IN_SOURCE_METADATA,OwensLab/CommunityForensics-Eval,7d4a74a88d2cac93b513c0853bf92c260eaceea0,49365d527202f179b93e478f5b32107eb92aaa3f,20261009,PROVISIONAL_METADATA_ONLY_PENDING_HASH_AND_NEAR_DUPLICATE_AUDIT
RAISE_AI_stable_cascade,0023.parquet:104,0023.parquet,104,000005.png,1,RAISE,stable_cascade,Other,CompEval,test,PNG,1024x1024,RGB,False,,NOT_IN_SOURCE_METADATA,NOT_IN_SOURCE_METADATA,OwensLab/CommunityForensics-Eval,7d4a74a88d2cac93b513c0853bf92c260eaceea0,49365d527202f179b93e478f5b32107eb92aaa3f,20261009,PROVISIONAL_METADATA_ONLY_PENDING_HASH_AND_NEAR_DUPLICATE_AUDIT
RAISE_AI_stable_cascade,0017.parquet:70,0017.parquet,70,000449.png,1,RAISE,stable_cascade,Other,CompEval,test,PNG,1024x1024,RGB,False,,NOT_IN_SOURCE_METADATA,NOT_IN_SOURCE_METADATA,OwensLab/CommunityForensics-Eval,7d4a74a88d2cac93b513c0853bf92c260eaceea0,49365d527202f179b93e478f5b32107eb92aaa3f,20261009,PROVISIONAL_METADATA_ONLY_PENDING_HASH_AND_NEAR_DUPLICATE_AUDIT
RAISE_AI_stable_cascade,0017.parquet:21,0017.parquet,21,000651.png,1,RAISE,stable_cascade,Other,CompEval,test,PNG,1024x1024,RGB,False,,NOT_IN_SOURCE_METADATA,NOT_IN_SOURCE_METADATA,OwensLab/CommunityForensics-Eval,7d4a74a88d2cac93b513c0853bf92c260eaceea0,49365d527202f179b93e478f5b32107eb92aaa3f,20261009,PROVISIONAL_METADATA_ONLY_PENDING_HASH_AND_NEAR_DUPLICATE_AUDIT
RAISE_AI_stable_cascade,0021.parquet:11,0021.parquet,11,000842.png,1,RAISE,stable_cascade,Other,CompEval,test,PNG,1024x1024,RGB,False,,NOT_IN_SOURCE_METADATA,NOT_IN_SOURCE_METADATA,OwensLab/CommunityForensics-Eval,7d4a74a88d2cac93b513c0853bf92c260eaceea0,49365d527202f179b93e478f5b32107eb92aaa3f,20261009,PROVISIONAL_METADATA_ONLY_PENDING_HASH_AND_NEAR_DUPLICATE_AUDIT
RAISE_AI_stable_cascade,0021.parquet:39,0021.parquet,39,000405.png,1,RAISE,stable_cascade,Other,CompEval,test,PNG,1024x1024,RGB,False,,NOT_IN_SOURCE_METADATA,NOT_IN_SOURCE_METADATA,OwensLab/CommunityForensics-Eval,7d4a74a88d2cac93b513c0853bf92c260eaceea0,49365d527202f179b93e478f5b32107eb92aaa3f,20261009,PROVISIONAL_METADATA_ONLY_PENDING_HASH_AND_NEAR_DUPLICATE_AUDIT
RAISE_AI_stable_cascade,0023.parquet:53,0023.parquet,53,000277.png,1,RAISE,stable_cascade,Other,CompEval,test,PNG,1024x1024,RGB,False,,NOT_IN_SOURCE_METADATA,NOT_IN_SOURCE_METADATA,OwensLab/CommunityForensics-Eval,7d4a74a88d2cac93b513c0853bf92c260eaceea0,49365d527202f179b93e478f5b32107eb92aaa3f,20261009,PROVISIONAL_METADATA_ONLY_PENDING_HASH_AND_NEAR_DUPLICATE_AUDIT
RAISE_AI_stable_cascade,0022.parquet:59,0022.parquet,59,000271.png,1,RAISE,stable_cascade,Other,CompEval,test,PNG,1024x1024,RGB,False,,NOT_IN_SOURCE_METADATA,NOT_IN_SOURCE_METADATA,OwensLab/CommunityForensics-Eval,7d4a74a88d2cac93b513c0853bf92c260eaceea0,49365d527202f179b93e478f5b32107eb92aaa3f,20261009,PROVISIONAL_METADATA_ONLY_PENDING_HASH_AND_NEAR_DUPLICATE_AUDIT
RAISE_AI_stable_cascade,0017.parquet:46,0017.parquet,46,000672.png,1,RAISE,stable_cascade,Other,CompEval,test,PNG,1024x1024,RGB,False,,NOT_IN_SOURCE_METADATA,NOT_IN_SOURCE_METADATA,OwensLab/CommunityForensics-Eval,7d4a74a88d2cac93b513c0853bf92c260eaceea0,49365d527202f179b93e478f5b32107eb92aaa3f,20261009,PROVISIONAL_METADATA_ONLY_PENDING_HASH_AND_NEAR_DUPLICATE_AUDIT
RAISE_AI_stable_cascade,0020.parquet:99,0020.parquet,99,000574.png,1,RAISE,stable_cascade,Other,CompEval,test,PNG,1024x1024,RGB,False,,NOT_IN_SOURCE_METADATA,NOT_IN_SOURCE_METADATA,OwensLab/CommunityForensics-Eval,7d4a74a88d2cac93b513c0853bf92c260eaceea0,49365d527202f179b93e478f5b32107eb92aaa3f,20261009,PROVISIONAL_METADATA_ONLY_PENDING_HASH_AND_NEAR_DUPLICATE_AUDIT
RAISE_AI_stable_cascade,0018.parquet:55,0018.parquet,55,000573.png,1,RAISE,stable_cascade,Other,CompEval,test,PNG,1024x1024,RGB,False,,NOT_IN_SOURCE_METADATA,NOT_IN_SOURCE_METADATA,OwensLab/CommunityForensics-Eval,7d4a74a88d2cac93b513c0853bf92c260eaceea0,49365d527202f179b93e478f5b32107eb92aaa3f,20261009,PROVISIONAL_METADATA_ONLY_PENDING_HASH_AND_NEAR_DUPLICATE_AUDIT
RAISE_AI_stable_cascade,0020.parquet:64,0020.parquet,64,000967.png,1,RAISE,stable_cascade,Other,CompEval,test,PNG,1024x1024,RGB,False,,NOT_IN_SOURCE_METADATA,NOT_IN_SOURCE_METADATA,OwensLab/CommunityForensics-Eval,7d4a74a88d2cac93b513c0853bf92c260eaceea0,49365d527202f179b93e478f5b32107eb92aaa3f,20261009,PROVISIONAL_METADATA_ONLY_PENDING_HASH_AND_NEAR_DUPLICATE_AUDIT
RAISE_AI_stable_cascade,0023.parquet:39,0023.parquet,39,000372.png,1,RAISE,stable_cascade,Other,CompEval,test,PNG,1024x1024,RGB,False,,NOT_IN_SOURCE_METADATA,NOT_IN_SOURCE_METADATA,OwensLab/CommunityForensics-Eval,7d4a74a88d2cac93b513c0853bf92c260eaceea0,49365d527202f179b93e478f5b32107eb92aaa3f,20261009,PROVISIONAL_METADATA_ONLY_PENDING_HASH_AND_NEAR_DUPLICATE_AUDIT
RAISE_AI_stable_cascade,0017.parquet:110,0017.parquet,110,000958.png,1,RAISE,stable_cascade,Other,CompEval,test,PNG,1024x1024,RGB,False,,NOT_IN_SOURCE_METADATA,NOT_IN_SOURCE_METADATA,OwensLab/CommunityForensics-Eval,7d4a74a88d2cac93b513c0853bf92c260eaceea0,49365d527202f179b93e478f5b32107eb92aaa3f,20261009,PROVISIONAL_METADATA_ONLY_PENDING_HASH_AND_NEAR_DUPLICATE_AUDIT
RAISE_AI_stable_cascade,0021.parquet:80,0021.parquet,80,000086.png,1,RAISE,stable_cascade,Other,CompEval,test,PNG,1024x1024,RGB,False,,NOT_IN_SOURCE_METADATA,NOT_IN_SOURCE_METADATA,OwensLab/CommunityForensics-Eval,7d4a74a88d2cac93b513c0853bf92c260eaceea0,49365d527202f179b93e478f5b32107eb92aaa3f,20261009,PROVISIONAL_METADATA_ONLY_PENDING_HASH_AND_NEAR_DUPLICATE_AUDIT
RAISE_AI_stable_cascade,0019.parquet:16,0019.parquet,16,000247.png,1,RAISE,stable_cascade,Other,CompEval,test,PNG,1024x1024,RGB,False,,NOT_IN_SOURCE_METADATA,NOT_IN_SOURCE_METADATA,OwensLab/CommunityForensics-Eval,7d4a74a88d2cac93b513c0853bf92c260eaceea0,49365d527202f179b93e478f5b32107eb92aaa3f,20261009,PROVISIONAL_METADATA_ONLY_PENDING_HASH_AND_NEAR_DUPLICATE_AUDIT
RAISE_AI_stable_cascade,0017.parquet:56,0017.parquet,56,000019.png,1,RAISE,stable_cascade,Other,CompEval,test,PNG,1024x1024,RGB,False,,NOT_IN_SOURCE_METADATA,NOT_IN_SOURCE_METADATA,OwensLab/CommunityForensics-Eval,7d4a74a88d2cac93b513c0853bf92c260eaceea0,49365d527202f179b93e478f5b32107eb92aaa3f,20261009,PROVISIONAL_METADATA_ONLY_PENDING_HASH_AND_NEAR_DUPLICATE_AUDIT
RAISE_AI_stable_cascade,0016.parquet:113,0016.parquet,113,000901.png,1,RAISE,stable_cascade,Other,CompEval,test,PNG,1024x1024,RGB,False,,NOT_IN_SOURCE_METADATA,NOT_IN_SOURCE_METADATA,OwensLab/CommunityForensics-Eval,7d4a74a88d2cac93b513c0853bf92c260eaceea0,49365d527202f179b93e478f5b32107eb92aaa3f,20261009,PROVISIONAL_METADATA_ONLY_PENDING_HASH_AND_NEAR_DUPLICATE_AUDIT
RAISE_AI_stable_cascade,0020.parquet:77,0020.parquet,77,000066.png,1,RAISE,stable_cascade,Other,CompEval,test,PNG,1024x1024,RGB,False,,NOT_IN_SOURCE_METADATA,NOT_IN_SOURCE_METADATA,OwensLab/CommunityForensics-Eval,7d4a74a88d2cac93b513c0853bf92c260eaceea0,49365d527202f179b93e478f5b32107eb92aaa3f,20261009,PROVISIONAL_METADATA_ONLY_PENDING_HASH_AND_NEAR_DUPLICATE_AUDIT
RAISE_AI_stable_cascade,0020.parquet:23,0020.parquet,23,000916.png,1,RAISE,stable_cascade,Other,CompEval,test,PNG,1024x1024,RGB,False,,NOT_IN_SOURCE_METADATA,NOT_IN_SOURCE_METADATA,OwensLab/CommunityForensics-Eval,7d4a74a88d2cac93b513c0853bf92c260eaceea0,49365d527202f179b93e478f5b32107eb92aaa3f,20261009,PROVISIONAL_METADATA_ONLY_PENDING_HASH_AND_NEAR_DUPLICATE_AUDIT
RAISE_AI_stable_cascade,0018.parquet:109,0018.parquet,109,000215.png,1,RAISE,stable_cascade,Other,CompEval,test,PNG,1024x1024,RGB,False,,NOT_IN_SOURCE_METADATA,NOT_IN_SOURCE_METADATA,OwensLab/CommunityForensics-Eval,7d4a74a88d2cac93b513c0853bf92c260eaceea0,49365d527202f179b93e478f5b32107eb92aaa3f,20261009,PROVISIONAL_METADATA_ONLY_PENDING_HASH_AND_NEAR_DUPLICATE_AUDIT
RAISE_AI_stable_cascade,0021.parquet:114,0021.parquet,114,000986.png,1,RAISE,stable_cascade,Other,CompEval,test,PNG,1024x1024,RGB,False,,NOT_IN_SOURCE_METADATA,NOT_IN_SOURCE_METADATA,OwensLab/CommunityForensics-Eval,7d4a74a88d2cac93b513c0853bf92c260eaceea0,49365d527202f179b93e478f5b32107eb92aaa3f,20261009,PROVISIONAL_METADATA_ONLY_PENDING_HASH_AND_NEAR_DUPLICATE_AUDIT
RAISE_AI_stable_cascade,0022.parquet:80,0022.parquet,80,000044.png,1,RAISE,stable_cascade,Other,CompEval,test,PNG,1024x1024,RGB,False,,NOT_IN_SOURCE_METADATA,NOT_IN_SOURCE_METADATA,OwensLab/CommunityForensics-Eval,7d4a74a88d2cac93b513c0853bf92c260eaceea0,49365d527202f179b93e478f5b32107eb92aaa3f,20261009,PROVISIONAL_METADATA_ONLY_PENDING_HASH_AND_NEAR_DUPLICATE_AUDIT
RAISE_AI_stable_cascade,0021.parquet:34,0021.parquet,34,000481.png,1,RAISE,stable_cascade,Other,CompEval,test,PNG,1024x1024,RGB,False,,NOT_IN_SOURCE_METADATA,NOT_IN_SOURCE_METADATA,OwensLab/CommunityForensics-Eval,7d4a74a88d2cac93b513c0853bf92c260eaceea0,49365d527202f179b93e478f5b32107eb92aaa3f,20261009,PROVISIONAL_METADATA_ONLY_PENDING_HASH_AND_NEAR_DUPLICATE_AUDIT
RAISE_AI_stable_cascade,0022.parquet:70,0022.parquet,70,000767.png,1,RAISE,stable_cascade,Other,CompEval,test,PNG,1024x1024,RGB,False,,NOT_IN_SOURCE_METADATA,NOT_IN_SOURCE_METADATA,OwensLab/CommunityForensics-Eval,7d4a74a88d2cac93b513c0853bf92c260eaceea0,49365d527202f179b93e478f5b32107eb92aaa3f,20261009,PROVISIONAL_METADATA_ONLY_PENDING_HASH_AND_NEAR_DUPLICATE_AUDIT
RAISE_AI_stable_cascade,0022.parquet:15,0022.parquet,15,000942.png,1,RAISE,stable_cascade,Other,CompEval,test,PNG,1024x1024,RGB,False,,NOT_IN_SOURCE_METADATA,NOT_IN_SOURCE_METADATA,OwensLab/CommunityForensics-Eval,7d4a74a88d2cac93b513c0853bf92c260eaceea0,49365d527202f179b93e478f5b32107eb92aaa3f,20261009,PROVISIONAL_METADATA_ONLY_PENDING_HASH_AND_NEAR_DUPLICATE_AUDIT
RAISE_AI_stable_cascade,0016.parquet:58,0016.parquet,58,000415.png,1,RAISE,stable_cascade,Other,CompEval,test,PNG,1024x1024,RGB,False,,NOT_IN_SOURCE_METADATA,NOT_IN_SOURCE_METADATA,OwensLab/CommunityForensics-Eval,7d4a74a88d2cac93b513c0853bf92c260eaceea0,49365d527202f179b93e478f5b32107eb92aaa3f,20261009,PROVISIONAL_METADATA_ONLY_PENDING_HASH_AND_NEAR_DUPLICATE_AUDIT
RAISE_AI_stable_cascade,0016.parquet:44,0016.parquet,44,000310.png,1,RAISE,stable_cascade,Other,CompEval,test,PNG,1024x1024,RGB,False,,NOT_IN_SOURCE_METADATA,NOT_IN_SOURCE_METADATA,OwensLab/CommunityForensics-Eval,7d4a74a88d2cac93b513c0853bf92c260eaceea0,49365d527202f179b93e478f5b32107eb92aaa3f,20261009,PROVISIONAL_METADATA_ONLY_PENDING_HASH_AND_NEAR_DUPLICATE_AUDIT
RAISE_AI_stable_cascade,0020.parquet:25,0020.parquet,25,000983.png,1,RAISE,stable_cascade,Other,CompEval,test,PNG,1024x1024,RGB,False,,NOT_IN_SOURCE_METADATA,NOT_IN_SOURCE_METADATA,OwensLab/CommunityForensics-Eval,7d4a74a88d2cac93b513c0853bf92c260eaceea0,49365d527202f179b93e478f5b32107eb92aaa3f,20261009,PROVISIONAL_METADATA_ONLY_PENDING_HASH_AND_NEAR_DUPLICATE_AUDIT
RAISE_AI_stable_cascade,0022.parquet:63,0022.parquet,63,000255.png,1,RAISE,stable_cascade,Other,CompEval,test,PNG,1024x1024,RGB,False,,NOT_IN_SOURCE_METADATA,NOT_IN_SOURCE_METADATA,OwensLab/CommunityForensics-Eval,7d4a74a88d2cac93b513c0853bf92c260eaceea0,49365d527202f179b93e478f5b32107eb92aaa3f,20261009,PROVISIONAL_METADATA_ONLY_PENDING_HASH_AND_NEAR_DUPLICATE_AUDIT
RAISE_AI_stable_cascade,0023.parquet:6,0023.parquet,6,000297.png,1,RAISE,stable_cascade,Other,CompEval,test,PNG,1024x1024,RGB,False,,NOT_IN_SOURCE_METADATA,NOT_IN_SOURCE_METADATA,OwensLab/CommunityForensics-Eval,7d4a74a88d2cac93b513c0853bf92c260eaceea0,49365d527202f179b93e478f5b32107eb92aaa3f,20261009,PROVISIONAL_METADATA_ONLY_PENDING_HASH_AND_NEAR_DUPLICATE_AUDIT
RAISE_AI_stable_cascade,0022.parquet:62,0022.parquet,62,000613.png,1,RAISE,stable_cascade,Other,CompEval,test,PNG,1024x1024,RGB,False,,NOT_IN_SOURCE_METADATA,NOT_IN_SOURCE_METADATA,OwensLab/CommunityForensics-Eval,7d4a74a88d2cac93b513c0853bf92c260eaceea0,49365d527202f179b93e478f5b32107eb92aaa3f,20261009,PROVISIONAL_METADATA_ONLY_PENDING_HASH_AND_NEAR_DUPLICATE_AUDIT
RAISE_AI_stable_cascade,0016.parquet:14,0016.parquet,14,000633.png,1,RAISE,stable_cascade,Other,CompEval,test,PNG,1024x1024,RGB,False,,NOT_IN_SOURCE_METADATA,NOT_IN_SOURCE_METADATA,OwensLab/CommunityForensics-Eval,7d4a74a88d2cac93b513c0853bf92c260eaceea0,49365d527202f179b93e478f5b32107eb92aaa3f,20261009,PROVISIONAL_METADATA_ONLY_PENDING_HASH_AND_NEAR_DUPLICATE_AUDIT
RAISE_AI_stable_cascade,0021.parquet:30,0021.parquet,30,000793.png,1,RAISE,stable_cascade,Other,CompEval,test,PNG,1024x1024,RGB,False,,NOT_IN_SOURCE_METADATA,NOT_IN_SOURCE_METADATA,OwensLab/CommunityForensics-Eval,7d4a74a88d2cac93b513c0853bf92c260eaceea0,49365d527202f179b93e478f5b32107eb92aaa3f,20261009,PROVISIONAL_METADATA_ONLY_PENDING_HASH_AND_NEAR_DUPLICATE_AUDIT
RAISE_AI_stable_cascade,0019.parquet:38,0019.parquet,38,000660.png,1,RAISE,stable_cascade,Other,CompEval,test,PNG,1024x1024,RGB,False,,NOT_IN_SOURCE_METADATA,NOT_IN_SOURCE_METADATA,OwensLab/CommunityForensics-Eval,7d4a74a88d2cac93b513c0853bf92c260eaceea0,49365d527202f179b93e478f5b32107eb92aaa3f,20261009,PROVISIONAL_METADATA_ONLY_PENDING_HASH_AND_NEAR_DUPLICATE_AUDIT
RAISE_AI_stable_cascade,0021.parquet:35,0021.parquet,35,000749.png,1,RAISE,stable_cascade,Other,CompEval,test,PNG,1024x1024,RGB,False,,NOT_IN_SOURCE_METADATA,NOT_IN_SOURCE_METADATA,OwensLab/CommunityForensics-Eval,7d4a74a88d2cac93b513c0853bf92c260eaceea0,49365d527202f179b93e478f5b32107eb92aaa3f,20261009,PROVISIONAL_METADATA_ONLY_PENDING_HASH_AND_NEAR_DUPLICATE_AUDIT
RAISE_AI_stable_cascade,0023.parquet:87,0023.parquet,87,000622.png,1,RAISE,stable_cascade,Other,CompEval,test,PNG,1024x1024,RGB,False,,NOT_IN_SOURCE_METADATA,NOT_IN_SOURCE_METADATA,OwensLab/CommunityForensics-Eval,7d4a74a88d2cac93b513c0853bf92c260eaceea0,49365d527202f179b93e478f5b32107eb92aaa3f,20261009,PROVISIONAL_METADATA_ONLY_PENDING_HASH_AND_NEAR_DUPLICATE_AUDIT
RAISE_AI_stable_cascade,0017.parquet:79,0017.parquet,79,000463.png,1,RAISE,stable_cascade,Other,CompEval,test,PNG,1024x1024,RGB,False,,NOT_IN_SOURCE_METADATA,NOT_IN_SOURCE_METADATA,OwensLab/CommunityForensics-Eval,7d4a74a88d2cac93b513c0853bf92c260eaceea0,49365d527202f179b93e478f5b32107eb92aaa3f,20261009,PROVISIONAL_METADATA_ONLY_PENDING_HASH_AND_NEAR_DUPLICATE_AUDIT
RAISE_AI_stable_cascade,0019.parquet:100,0019.parquet,100,000910.png,1,RAISE,stable_cascade,Other,CompEval,test,PNG,1024x1024,RGB,False,,NOT_IN_SOURCE_METADATA,NOT_IN_SOURCE_METADATA,OwensLab/CommunityForensics-Eval,7d4a74a88d2cac93b513c0853bf92c260eaceea0,49365d527202f179b93e478f5b32107eb92aaa3f,20261009,PROVISIONAL_METADATA_ONLY_PENDING_HASH_AND_NEAR_DUPLICATE_AUDIT
RAISE_AI_stable_cascade,0022.parquet:122,0022.parquet,122,000317.png,1,RAISE,stable_cascade,Other,CompEval,test,PNG,1024x1024,RGB,False,,NOT_IN_SOURCE_METADATA,NOT_IN_SOURCE_METADATA,OwensLab/CommunityForensics-Eval,7d4a74a88d2cac93b513c0853bf92c260eaceea0,49365d527202f179b93e478f5b32107eb92aaa3f,20261009,PROVISIONAL_METADATA_ONLY_PENDING_HASH_AND_NEAR_DUPLICATE_AUDIT
RAISE_AI_stable_cascade,0017.parquet:32,0017.parquet,32,000525.png,1,RAISE,stable_cascade,Other,CompEval,test,PNG,1024x1024,RGB,False,,NOT_IN_SOURCE_METADATA,NOT_IN_SOURCE_METADATA,OwensLab/CommunityForensics-Eval,7d4a74a88d2cac93b513c0853bf92c260eaceea0,49365d527202f179b93e478f5b32107eb92aaa3f,20261009,PROVISIONAL_METADATA_ONLY_PENDING_HASH_AND_NEAR_DUPLICATE_AUDIT
RAISE_AI_stable_cascade,0020.parquet:36,0020.parquet,36,000977.png,1,RAISE,stable_cascade,Other,CompEval,test,PNG,1024x1024,RGB,False,,NOT_IN_SOURCE_METADATA,NOT_IN_SOURCE_METADATA,OwensLab/CommunityForensics-Eval,7d4a74a88d2cac93b513c0853bf92c260eaceea0,49365d527202f179b93e478f5b32107eb92aaa3f,20261009,PROVISIONAL_METADATA_ONLY_PENDING_HASH_AND_NEAR_DUPLICATE_AUDIT
RAISE_AI_stable_cascade,0020.parquet:68,0020.parquet,68,000080.png,1,RAISE,stable_cascade,Other,CompEval,test,PNG,1024x1024,RGB,False,,NOT_IN_SOURCE_METADATA,NOT_IN_SOURCE_METADATA,OwensLab/CommunityForensics-Eval,7d4a74a88d2cac93b513c0853bf92c260eaceea0,49365d527202f179b93e478f5b32107eb92aaa3f,20261009,PROVISIONAL_METADATA_ONLY_PENDING_HASH_AND_NEAR_DUPLICATE_AUDIT
RAISE_AI_stable_cascade,0022.parquet:114,0022.parquet,114,000376.png,1,RAISE,stable_cascade,Other,CompEval,test,PNG,1024x1024,RGB,False,,NOT_IN_SOURCE_METADATA,NOT_IN_SOURCE_METADATA,OwensLab/CommunityForensics-Eval,7d4a74a88d2cac93b513c0853bf92c260eaceea0,49365d527202f179b93e478f5b32107eb92aaa3f,20261009,PROVISIONAL_METADATA_ONLY_PENDING_HASH_AND_NEAR_DUPLICATE_AUDIT
RAISE_AI_stable_cascade,0016.parquet:108,0016.parquet,108,000228.png,1,RAISE,stable_cascade,Other,CompEval,test,PNG,1024x1024,RGB,False,,NOT_IN_SOURCE_METADATA,NOT_IN_SOURCE_METADATA,OwensLab/CommunityForensics-Eval,7d4a74a88d2cac93b513c0853bf92c260eaceea0,49365d527202f179b93e478f5b32107eb92aaa3f,20261009,PROVISIONAL_METADATA_ONLY_PENDING_HASH_AND_NEAR_DUPLICATE_AUDIT
RAISE_AI_stable_cascade,0018.parquet:12,0018.parquet,12,000013.png,1,RAISE,stable_cascade,Other,CompEval,test,PNG,1024x1024,RGB,False,,NOT_IN_SOURCE_METADATA,NOT_IN_SOURCE_METADATA,OwensLab/CommunityForensics-Eval,7d4a74a88d2cac93b513c0853bf92c260eaceea0,49365d527202f179b93e478f5b32107eb92aaa3f,20261009,PROVISIONAL_METADATA_ONLY_PENDING_HASH_AND_NEAR_DUPLICATE_AUDIT
RAISE_AI_stable_cascade,0017.parquet:41,0017.parquet,41,000503.png,1,RAISE,stable_cascade,Other,CompEval,test,PNG,1024x1024,RGB,False,,NOT_IN_SOURCE_METADATA,NOT_IN_SOURCE_METADATA,OwensLab/CommunityForensics-Eval,7d4a74a88d2cac93b513c0853bf92c260eaceea0,49365d527202f179b93e478f5b32107eb92aaa3f,20261009,PROVISIONAL_METADATA_ONLY_PENDING_HASH_AND_NEAR_DUPLICATE_AUDIT
RAISE_AI_stable_cascade,0019.parquet:96,0019.parquet,96,000410.png,1,RAISE,stable_cascade,Other,CompEval,test,PNG,1024x1024,RGB,False,,NOT_IN_SOURCE_METADATA,NOT_IN_SOURCE_METADATA,OwensLab/CommunityForensics-Eval,7d4a74a88d2cac93b513c0853bf92c260eaceea0,49365d527202f179b93e478f5b32107eb92aaa3f,20261009,PROVISIONAL_METADATA_ONLY_PENDING_HASH_AND_NEAR_DUPLICATE_AUDIT
RAISE_AI_stable_cascade,0018.parquet:115,0018.parquet,115,000774.png,1,RAISE,stable_cascade,Other,CompEval,test,PNG,1024x1024,RGB,False,,NOT_IN_SOURCE_METADATA,NOT_IN_SOURCE_METADATA,OwensLab/CommunityForensics-Eval,7d4a74a88d2cac93b513c0853bf92c260eaceea0,49365d527202f179b93e478f5b32107eb92aaa3f,20261009,PROVISIONAL_METADATA_ONLY_PENDING_HASH_AND_NEAR_DUPLICATE_AUDIT
RAISE_AI_stable_cascade,0017.parquet:113,0017.parquet,113,000947.png,1,RAISE,stable_cascade,Other,CompEval,test,PNG,1024x1024,RGB,False,,NOT_IN_SOURCE_METADATA,NOT_IN_SOURCE_METADATA,OwensLab/CommunityForensics-Eval,7d4a74a88d2cac93b513c0853bf92c260eaceea0,49365d527202f179b93e478f5b32107eb92aaa3f,20261009,PROVISIONAL_METADATA_ONLY_PENDING_HASH_AND_NEAR_DUPLICATE_AUDIT
RAISE_AI_stable_cascade,0023.parquet:50,0023.parquet,50,000144.png,1,RAISE,stable_cascade,Other,CompEval,test,PNG,1024x1024,RGB,False,,NOT_IN_SOURCE_METADATA,NOT_IN_SOURCE_METADATA,OwensLab/CommunityForensics-Eval,7d4a74a88d2cac93b513c0853bf92c260eaceea0,49365d527202f179b93e478f5b32107eb92aaa3f,20261009,PROVISIONAL_METADATA_ONLY_PENDING_HASH_AND_NEAR_DUPLICATE_AUDIT
RAISE_AI_stable_cascade,0019.parquet:65,0019.parquet,65,000681.png,1,RAISE,stable_cascade,Other,CompEval,test,PNG,1024x1024,RGB,False,,NOT_IN_SOURCE_METADATA,NOT_IN_SOURCE_METADATA,OwensLab/CommunityForensics-Eval,7d4a74a88d2cac93b513c0853bf92c260eaceea0,49365d527202f179b93e478f5b32107eb92aaa3f,20261009,PROVISIONAL_METADATA_ONLY_PENDING_HASH_AND_NEAR_DUPLICATE_AUDIT
RAISE_AI_stable_cascade,0020.parquet:18,0020.parquet,18,000886.png,1,RAISE,stable_cascade,Other,CompEval,test,PNG,1024x1024,RGB,False,,NOT_IN_SOURCE_METADATA,NOT_IN_SOURCE_METADATA,OwensLab/CommunityForensics-Eval,7d4a74a88d2cac93b513c0853bf92c260eaceea0,49365d527202f179b93e478f5b32107eb92aaa3f,20261009,PROVISIONAL_METADATA_ONLY_PENDING_HASH_AND_NEAR_DUPLICATE_AUDIT
RAISE_AI_stable_cascade,0021.parquet:66,0021.parquet,66,000926.png,1,RAISE,stable_cascade,Other,CompEval,test,PNG,1024x1024,RGB,False,,NOT_IN_SOURCE_METADATA,NOT_IN_SOURCE_METADATA,OwensLab/CommunityForensics-Eval,7d4a74a88d2cac93b513c0853bf92c260eaceea0,49365d527202f179b93e478f5b32107eb92aaa3f,20261009,PROVISIONAL_METADATA_ONLY_PENDING_HASH_AND_NEAR_DUPLICATE_AUDIT
RAISE_AI_stable_cascade,0019.parquet:97,0019.parquet,97,000488.png,1,RAISE,stable_cascade,Other,CompEval,test,PNG,1024x1024,RGB,False,,NOT_IN_SOURCE_METADATA,NOT_IN_SOURCE_METADATA,OwensLab/CommunityForensics-Eval,7d4a74a88d2cac93b513c0853bf92c260eaceea0,49365d527202f179b93e478f5b32107eb92aaa3f,20261009,PROVISIONAL_METADATA_ONLY_PENDING_HASH_AND_NEAR_DUPLICATE_AUDIT
RAISE_AI_stable_cascade,0018.parquet:67,0018.parquet,67,000207.png,1,RAISE,stable_cascade,Other,CompEval,test,PNG,1024x1024,RGB,False,,NOT_IN_SOURCE_METADATA,NOT_IN_SOURCE_METADATA,OwensLab/CommunityForensics-Eval,7d4a74a88d2cac93b513c0853bf92c260eaceea0,49365d527202f179b93e478f5b32107eb92aaa3f,20261009,PROVISIONAL_METADATA_ONLY_PENDING_HASH_AND_NEAR_DUPLICATE_AUDIT
RAISE_AI_stable_cascade,0022.parquet:46,0022.parquet,46,000643.png,1,RAISE,stable_cascade,Other,CompEval,test,PNG,1024x1024,RGB,False,,NOT_IN_SOURCE_METADATA,NOT_IN_SOURCE_METADATA,OwensLab/CommunityForensics-Eval,7d4a74a88d2cac93b513c0853bf92c260eaceea0,49365d527202f179b93e478f5b32107eb92aaa3f,20261009,PROVISIONAL_METADATA_ONLY_PENDING_HASH_AND_NEAR_DUPLICATE_AUDIT
RAISE_AI_stable_cascade,0018.parquet:93,0018.parquet,93,000904.png,1,RAISE,stable_cascade,Other,CompEval,test,PNG,1024x1024,RGB,False,,NOT_IN_SOURCE_METADATA,NOT_IN_SOURCE_METADATA,OwensLab/CommunityForensics-Eval,7d4a74a88d2cac93b513c0853bf92c260eaceea0,49365d527202f179b93e478f5b32107eb92aaa3f,20261009,PROVISIONAL_METADATA_ONLY_PENDING_HASH_AND_NEAR_DUPLICATE_AUDIT
RAISE_AI_stable_cascade,0021.parquet:116,0021.parquet,116,000489.png,1,RAISE,stable_cascade,Other,CompEval,test,PNG,1024x1024,RGB,False,,NOT_IN_SOURCE_METADATA,NOT_IN_SOURCE_METADATA,OwensLab/CommunityForensics-Eval,7d4a74a88d2cac93b513c0853bf92c260eaceea0,49365d527202f179b93e478f5b32107eb92aaa3f,20261009,PROVISIONAL_METADATA_ONLY_PENDING_HASH_AND_NEAR_DUPLICATE_AUDIT
RAISE_AI_stable_cascade,0018.parquet:21,0018.parquet,21,000206.png,1,RAISE,stable_cascade,Other,CompEval,test,PNG,1024x1024,RGB,False,,NOT_IN_SOURCE_METADATA,NOT_IN_SOURCE_METADATA,OwensLab/CommunityForensics-Eval,7d4a74a88d2cac93b513c0853bf92c260eaceea0,49365d527202f179b93e478f5b32107eb92aaa3f,20261009,PROVISIONAL_METADATA_ONLY_PENDING_HASH_AND_NEAR_DUPLICATE_AUDIT
RAISE_AI_stable_cascade,0019.parquet:110,0019.parquet,110,000197.png,1,RAISE,stable_cascade,Other,CompEval,test,PNG,1024x1024,RGB,False,,NOT_IN_SOURCE_METADATA,NOT_IN_SOURCE_METADATA,OwensLab/CommunityForensics-Eval,7d4a74a88d2cac93b513c0853bf92c260eaceea0,49365d527202f179b93e478f5b32107eb92aaa3f,20261009,PROVISIONAL_METADATA_ONLY_PENDING_HASH_AND_NEAR_DUPLICATE_AUDIT
RAISE_AI_stable_cascade,0021.parquet:32,0021.parquet,32,000073.png,1,RAISE,stable_cascade,Other,CompEval,test,PNG,1024x1024,RGB,False,,NOT_IN_SOURCE_METADATA,NOT_IN_SOURCE_METADATA,OwensLab/CommunityForensics-Eval,7d4a74a88d2cac93b513c0853bf92c260eaceea0,49365d527202f179b93e478f5b32107eb92aaa3f,20261009,PROVISIONAL_METADATA_ONLY_PENDING_HASH_AND_NEAR_DUPLICATE_AUDIT
RAISE_AI_stable_cascade,0017.parquet:104,0017.parquet,104,000974.png,1,RAISE,stable_cascade,Other,CompEval,test,PNG,1024x1024,RGB,False,,NOT_IN_SOURCE_METADATA,NOT_IN_SOURCE_METADATA,OwensLab/CommunityForensics-Eval,7d4a74a88d2cac93b513c0853bf92c260eaceea0,49365d527202f179b93e478f5b32107eb92aaa3f,20261009,PROVISIONAL_METADATA_ONLY_PENDING_HASH_AND_NEAR_DUPLICATE_AUDIT
RAISE_AI_stable_cascade,0023.parquet:43,0023.parquet,43,000114.png,1,RAISE,stable_cascade,Other,CompEval,test,PNG,1024x1024,RGB,False,,NOT_IN_SOURCE_METADATA,NOT_IN_SOURCE_METADATA,OwensLab/CommunityForensics-Eval,7d4a74a88d2cac93b513c0853bf92c260eaceea0,49365d527202f179b93e478f5b32107eb92aaa3f,20261009,PROVISIONAL_METADATA_ONLY_PENDING_HASH_AND_NEAR_DUPLICATE_AUDIT
RAISE_AI_stable_cascade,0020.parquet:51,0020.parquet,51,000634.png,1,RAISE,stable_cascade,Other,CompEval,test,PNG,1024x1024,RGB,False,,NOT_IN_SOURCE_METADATA,NOT_IN_SOURCE_METADATA,OwensLab/CommunityForensics-Eval,7d4a74a88d2cac93b513c0853bf92c260eaceea0,49365d527202f179b93e478f5b32107eb92aaa3f,20261009,PROVISIONAL_METADATA_ONLY_PENDING_HASH_AND_NEAR_DUPLICATE_AUDIT
RAISE_AI_stable_cascade,0018.parquet:14,0018.parquet,14,000945.png,1,RAISE,stable_cascade,Other,CompEval,test,PNG,1024x1024,RGB,False,,NOT_IN_SOURCE_METADATA,NOT_IN_SOURCE_METADATA,OwensLab/CommunityForensics-Eval,7d4a74a88d2cac93b513c0853bf92c260eaceea0,49365d527202f179b93e478f5b32107eb92aaa3f,20261009,PROVISIONAL_METADATA_ONLY_PENDING_HASH_AND_NEAR_DUPLICATE_AUDIT
RAISE_AI_stable_cascade,0020.parquet:86,0020.parquet,86,000388.png,1,RAISE,stable_cascade,Other,CompEval,test,PNG,1024x1024,RGB,False,,NOT_IN_SOURCE_METADATA,NOT_IN_SOURCE_METADATA,OwensLab/CommunityForensics-Eval,7d4a74a88d2cac93b513c0853bf92c260eaceea0,49365d527202f179b93e478f5b32107eb92aaa3f,20261009,PROVISIONAL_METADATA_ONLY_PENDING_HASH_AND_NEAR_DUPLICATE_AUDIT
RAISE_AI_stable_cascade,0022.parquet:110,0022.parquet,110,000010.png,1,RAISE,stable_cascade,Other,CompEval,test,PNG,1024x1024,RGB,False,,NOT_IN_SOURCE_METADATA,NOT_IN_SOURCE_METADATA,OwensLab/CommunityForensics-Eval,7d4a74a88d2cac93b513c0853bf92c260eaceea0,49365d527202f179b93e478f5b32107eb92aaa3f,20261009,PROVISIONAL_METADATA_ONLY_PENDING_HASH_AND_NEAR_DUPLICATE_AUDIT
RAISE_AI_stable_cascade,0019.parquet:106,0019.parquet,106,000459.png,1,RAISE,stable_cascade,Other,CompEval,test,PNG,1024x1024,RGB,False,,NOT_IN_SOURCE_METADATA,NOT_IN_SOURCE_METADATA,OwensLab/CommunityForensics-Eval,7d4a74a88d2cac93b513c0853bf92c260eaceea0,49365d527202f179b93e478f5b32107eb92aaa3f,20261009,PROVISIONAL_METADATA_ONLY_PENDING_HASH_AND_NEAR_DUPLICATE_AUDIT
RAISE_AI_stable_cascade,0022.parquet:22,0022.parquet,22,000071.png,1,RAISE,stable_cascade,Other,CompEval,test,PNG,1024x1024,RGB,False,,NOT_IN_SOURCE_METADATA,NOT_IN_SOURCE_METADATA,OwensLab/CommunityForensics-Eval,7d4a74a88d2cac93b513c0853bf92c260eaceea0,49365d527202f179b93e478f5b32107eb92aaa3f,20261009,PROVISIONAL_METADATA_ONLY_PENDING_HASH_AND_NEAR_DUPLICATE_AUDIT
RAISE_AI_stable_cascade,0023.parquet:68,0023.parquet,68,000152.png,1,RAISE,stable_cascade,Other,CompEval,test,PNG,1024x1024,RGB,False,,NOT_IN_SOURCE_METADATA,NOT_IN_SOURCE_METADATA,OwensLab/CommunityForensics-Eval,7d4a74a88d2cac93b513c0853bf92c260eaceea0,49365d527202f179b93e478f5b32107eb92aaa3f,20261009,PROVISIONAL_METADATA_ONLY_PENDING_HASH_AND_NEAR_DUPLICATE_AUDIT
RAISE_AI_stable_cascade,0017.parquet:93,0017.parquet,93,000106.png,1,RAISE,stable_cascade,Other,CompEval,test,PNG,1024x1024,RGB,False,,NOT_IN_SOURCE_METADATA,NOT_IN_SOURCE_METADATA,OwensLab/CommunityForensics-Eval,7d4a74a88d2cac93b513c0853bf92c260eaceea0,49365d527202f179b93e478f5b32107eb92aaa3f,20261009,PROVISIONAL_METADATA_ONLY_PENDING_HASH_AND_NEAR_DUPLICATE_AUDIT
RAISE_AI_stable_cascade,0017.parquet:36,0017.parquet,36,000315.png,1,RAISE,stable_cascade,Other,CompEval,test,PNG,1024x1024,RGB,False,,NOT_IN_SOURCE_METADATA,NOT_IN_SOURCE_METADATA,OwensLab/CommunityForensics-Eval,7d4a74a88d2cac93b513c0853bf92c260eaceea0,49365d527202f179b93e478f5b32107eb92aaa3f,20261009,PROVISIONAL_METADATA_ONLY_PENDING_HASH_AND_NEAR_DUPLICATE_AUDIT
RAISE_AI_stable_cascade,0017.parquet:0,0017.parquet,0,000201.png,1,RAISE,stable_cascade,Other,CompEval,test,PNG,1024x1024,RGB,False,,NOT_IN_SOURCE_METADATA,NOT_IN_SOURCE_METADATA,OwensLab/CommunityForensics-Eval,7d4a74a88d2cac93b513c0853bf92c260eaceea0,49365d527202f179b93e478f5b32107eb92aaa3f,20261009,PROVISIONAL_METADATA_ONLY_PENDING_HASH_AND_NEAR_DUPLICATE_AUDIT
RAISE_AI_stable_cascade,0021.parquet:115,0021.parquet,115,000371.png,1,RAISE,stable_cascade,Other,CompEval,test,PNG,1024x1024,RGB,False,,NOT_IN_SOURCE_METADATA,NOT_IN_SOURCE_METADATA,OwensLab/CommunityForensics-Eval,7d4a74a88d2cac93b513c0853bf92c260eaceea0,49365d527202f179b93e478f5b32107eb92aaa3f,20261009,PROVISIONAL_METADATA_ONLY_PENDING_HASH_AND_NEAR_DUPLICATE_AUDIT
RAISE_AI_stable_cascade,0019.parquet:5,0019.parquet,5,000049.png,1,RAISE,stable_cascade,Other,CompEval,test,PNG,1024x1024,RGB,False,,NOT_IN_SOURCE_METADATA,NOT_IN_SOURCE_METADATA,OwensLab/CommunityForensics-Eval,7d4a74a88d2cac93b513c0853bf92c260eaceea0,49365d527202f179b93e478f5b32107eb92aaa3f,20261009,PROVISIONAL_METADATA_ONLY_PENDING_HASH_AND_NEAR_DUPLICATE_AUDIT
