candidate_id,candidate_group,image_name,parquet_shard,row_offset_in_shard,model_name,real_source,label,subset,split,architecture,format,resolution,mode,nsfw_flag,prompt,dataset_repo,dataset_config,dataset_split,dataset_commit_sha,parquet_conversion_commit_sha,selection_seed
0323.parquet:15,RAISE_REAL,000006503.tiff,0323.parquet,15,DeciDiffusionV2,RAISE,0,CompEval,test,LatDiff,TIFF,4928x3264,RGB,False,,OwensLab/CommunityForensics-Eval,default,CompEval,7d4a74a88d2cac93b513c0853bf92c260eaceea0,49365d527202f179b93e478f5b32107eb92aaa3f,20261009
0401.parquet:96,RAISE_REAL,000002880.tiff,0401.parquet,96,LCM_lora_ssd1b,RAISE,0,CompEval,test,LatDiff,TIFF,4288x2848,RGB,False,,OwensLab/CommunityForensics-Eval,default,CompEval,7d4a74a88d2cac93b513c0853bf92c260eaceea0,49365d527202f179b93e478f5b32107eb92aaa3f,20261009
0374.parquet:69,RAISE_REAL,000005755.tiff,0374.parquet,69,LCM_lora_sdxl,RAISE,0,CompEval,test,LatDiff,TIFF,4928x3264,RGB,False,,OwensLab/CommunityForensics-Eval,default,CompEval,7d4a74a88d2cac93b513c0853bf92c260eaceea0,49365d527202f179b93e478f5b32107eb92aaa3f,20261009
0114.parquet:95,RAISE_REAL,000006141.tiff,0114.parquet,95,LCM_lora_sdv15,RAISE,0,CompEval,test,LatDiff,TIFF,4928x3264,RGB,False,,OwensLab/CommunityForensics-Eval,default,CompEval,7d4a74a88d2cac93b513c0853bf92c260eaceea0,49365d527202f179b93e478f5b32107eb92aaa3f,20261009
0379.parquet:59,RAISE_REAL,000004080.tiff,0379.parquet,59,LCM_lora_sdxl,RAISE,0,CompEval,test,LatDiff,TIFF,4928x3264,RGB,False,,OwensLab/CommunityForensics-Eval,default,CompEval,7d4a74a88d2cac93b513c0853bf92c260eaceea0,49365d527202f179b93e478f5b32107eb92aaa3f,20261009
0254.parquet:100,RAISE_REAL,000002103.tiff,0254.parquet,100,stable_cascade,RAISE,0,CompEval,test,Other,TIFF,4288x2848,RGB,False,,OwensLab/CommunityForensics-Eval,default,CompEval,7d4a74a88d2cac93b513c0853bf92c260eaceea0,49365d527202f179b93e478f5b32107eb92aaa3f,20261009
0093.parquet:12,RAISE_REAL,000006603.tiff,0093.parquet,12,kvikontent_midjourney_v6,RAISE,0,CompEval,test,LatDiff,TIFF,4928x3264,RGB,False,,OwensLab/CommunityForensics-Eval,default,CompEval,7d4a74a88d2cac93b513c0853bf92c260eaceea0,49365d527202f179b93e478f5b32107eb92aaa3f,20261009
0163.parquet:95,RAISE_REAL,000004985.tiff,0163.parquet,95,kandinsky_2_2,RAISE,0,CompEval,test,LatDiff,TIFF,4928x3264,RGB,False,,OwensLab/CommunityForensics-Eval,default,CompEval,7d4a74a88d2cac93b513c0853bf92c260eaceea0,49365d527202f179b93e478f5b32107eb92aaa3f,20261009
0045.parquet:19,RAISE_REAL,000004569.tiff,0045.parquet,19,GALIP,RAISE,0,CompEval,test,GAN,TIFF,4928x3264,RGB,False,,OwensLab/CommunityForensics-Eval,default,CompEval,7d4a74a88d2cac93b513c0853bf92c260eaceea0,49365d527202f179b93e478f5b32107eb92aaa3f,20261009
0114.parquet:35,RAISE_REAL,000002133.tiff,0114.parquet,35,LCM_lora_sdv15,RAISE,0,CompEval,test,LatDiff,TIFF,4288x2848,RGB,False,,OwensLab/CommunityForensics-Eval,default,CompEval,7d4a74a88d2cac93b513c0853bf92c260eaceea0,49365d527202f179b93e478f5b32107eb92aaa3f,20261009
0320.parquet:122,RAISE_REAL,000007554.tiff,0320.parquet,122,DeciDiffusionV2,RAISE,0,CompEval,test,LatDiff,TIFF,3264x4928,RGB,False,,OwensLab/CommunityForensics-Eval,default,CompEval,7d4a74a88d2cac93b513c0853bf92c260eaceea0,49365d527202f179b93e478f5b32107eb92aaa3f,20261009
0321.parquet:116,RAISE_REAL,000005064.tiff,0321.parquet,116,DeciDiffusionV2,RAISE,0,CompEval,test,LatDiff,TIFF,4928x3264,RGB,False,,OwensLab/CommunityForensics-Eval,default,CompEval,7d4a74a88d2cac93b513c0853bf92c260eaceea0,49365d527202f179b93e478f5b32107eb92aaa3f,20261009
0259.parquet:82,RAISE_REAL,000002958.tiff,0259.parquet,82,stable_cascade,RAISE,0,CompEval,test,Other,TIFF,2848x4288,RGB,False,,OwensLab/CommunityForensics-Eval,default,CompEval,7d4a74a88d2cac93b513c0853bf92c260eaceea0,49365d527202f179b93e478f5b32107eb92aaa3f,20261009
0254.parquet:99,RAISE_REAL,000000456.tiff,0254.parquet,99,stable_cascade,RAISE,0,CompEval,test,Other,TIFF,4288x2848,RGB,False,,OwensLab/CommunityForensics-Eval,default,CompEval,7d4a74a88d2cac93b513c0853bf92c260eaceea0,49365d527202f179b93e478f5b32107eb92aaa3f,20261009
0378.parquet:75,RAISE_REAL,000002997.tiff,0378.parquet,75,LCM_lora_sdxl,RAISE,0,CompEval,test,LatDiff,TIFF,4288x2848,RGB,False,,OwensLab/CommunityForensics-Eval,default,CompEval,7d4a74a88d2cac93b513c0853bf92c260eaceea0,49365d527202f179b93e478f5b32107eb92aaa3f,20261009
0397.parquet:39,RAISE_REAL,000000377.tiff,0397.parquet,39,LCM_lora_ssd1b,RAISE,0,CompEval,test,LatDiff,TIFF,4928x3264,RGB,False,,OwensLab/CommunityForensics-Eval,default,CompEval,7d4a74a88d2cac93b513c0853bf92c260eaceea0,49365d527202f179b93e478f5b32107eb92aaa3f,20261009
0376.parquet:24,RAISE_REAL,000007917.tiff,0376.parquet,24,LCM_lora_sdxl,RAISE,0,CompEval,test,LatDiff,TIFF,4928x3264,RGB,False,,OwensLab/CommunityForensics-Eval,default,CompEval,7d4a74a88d2cac93b513c0853bf92c260eaceea0,49365d527202f179b93e478f5b32107eb92aaa3f,20261009
0402.parquet:46,RAISE_REAL,000003427.tiff,0402.parquet,46,LCM_lora_ssd1b,RAISE,0,CompEval,test,LatDiff,TIFF,2848x4288,RGB,False,,OwensLab/CommunityForensics-Eval,default,CompEval,7d4a74a88d2cac93b513c0853bf92c260eaceea0,49365d527202f179b93e478f5b32107eb92aaa3f,20261009
0117.parquet:4,RAISE_REAL,000001365.tiff,0117.parquet,4,LCM_lora_sdv15,RAISE,0,CompEval,test,LatDiff,TIFF,4928x3264,RGB,False,,OwensLab/CommunityForensics-Eval,default,CompEval,7d4a74a88d2cac93b513c0853bf92c260eaceea0,49365d527202f179b93e478f5b32107eb92aaa3f,20261009
0045.parquet:108,RAISE_REAL,000000989.tiff,0045.parquet,108,GALIP,RAISE,0,CompEval,test,GAN,TIFF,4928x3264,RGB,False,,OwensLab/CommunityForensics-Eval,default,CompEval,7d4a74a88d2cac93b513c0853bf92c260eaceea0,49365d527202f179b93e478f5b32107eb92aaa3f,20261009
0254.parquet:104,RAISE_REAL,000005112.tiff,0254.parquet,104,stable_cascade,RAISE,0,CompEval,test,Other,TIFF,4928x3264,RGB,False,,OwensLab/CommunityForensics-Eval,default,CompEval,7d4a74a88d2cac93b513c0853bf92c260eaceea0,49365d527202f179b93e478f5b32107eb92aaa3f,20261009
0401.parquet:87,RAISE_REAL,000002743.tiff,0401.parquet,87,LCM_lora_ssd1b,RAISE,0,CompEval,test,LatDiff,TIFF,4288x2848,RGB,False,,OwensLab/CommunityForensics-Eval,default,CompEval,7d4a74a88d2cac93b513c0853bf92c260eaceea0,49365d527202f179b93e478f5b32107eb92aaa3f,20261009
0323.parquet:107,RAISE_REAL,000005066.tiff,0323.parquet,107,DeciDiffusionV2,RAISE,0,CompEval,test,LatDiff,TIFF,4928x3264,RGB,False,,OwensLab/CommunityForensics-Eval,default,CompEval,7d4a74a88d2cac93b513c0853bf92c260eaceea0,49365d527202f179b93e478f5b32107eb92aaa3f,20261009
0404.parquet:53,RAISE_REAL,000002654.tiff,0404.parquet,53,LCM_lora_ssd1b,RAISE,0,CompEval,test,LatDiff,TIFF,4288x2848,RGB,False,,OwensLab/CommunityForensics-Eval,default,CompEval,7d4a74a88d2cac93b513c0853bf92c260eaceea0,49365d527202f179b93e478f5b32107eb92aaa3f,20261009
0376.parquet:14,RAISE_REAL,000000081.tiff,0376.parquet,14,LCM_lora_sdxl,RAISE,0,CompEval,test,LatDiff,TIFF,4928x3264,RGB,False,,OwensLab/CommunityForensics-Eval,default,CompEval,7d4a74a88d2cac93b513c0853bf92c260eaceea0,49365d527202f179b93e478f5b32107eb92aaa3f,20261009
0323.parquet:12,RAISE_REAL,000001476.tiff,0323.parquet,12,DeciDiffusionV2,RAISE,0,CompEval,test,LatDiff,TIFF,2848x4288,RGB,False,,OwensLab/CommunityForensics-Eval,default,CompEval,7d4a74a88d2cac93b513c0853bf92c260eaceea0,49365d527202f179b93e478f5b32107eb92aaa3f,20261009
0118.parquet:98,RAISE_REAL,000000167.tiff,0118.parquet,98,LCM_lora_sdv15,RAISE,0,CompEval,test,LatDiff,TIFF,3008x2000,RGB,False,,OwensLab/CommunityForensics-Eval,default,CompEval,7d4a74a88d2cac93b513c0853bf92c260eaceea0,49365d527202f179b93e478f5b32107eb92aaa3f,20261009
0118.parquet:121,RAISE_REAL,000005132.tiff,0118.parquet,121,LCM_lora_sdv15,RAISE,0,CompEval,test,LatDiff,TIFF,4928x3264,RGB,False,,OwensLab/CommunityForensics-Eval,default,CompEval,7d4a74a88d2cac93b513c0853bf92c260eaceea0,49365d527202f179b93e478f5b32107eb92aaa3f,20261009
0164.parquet:30,RAISE_REAL,000003572.tiff,0164.parquet,30,kandinsky_2_2,RAISE,0,CompEval,test,LatDiff,TIFF,4288x2848,RGB,False,,OwensLab/CommunityForensics-Eval,default,CompEval,7d4a74a88d2cac93b513c0853bf92c260eaceea0,49365d527202f179b93e478f5b32107eb92aaa3f,20261009
0161.parquet:26,RAISE_REAL,000004190.tiff,0161.parquet,26,kandinsky_2_2,RAISE,0,CompEval,test,LatDiff,TIFF,4928x3264,RGB,False,,OwensLab/CommunityForensics-Eval,default,CompEval,7d4a74a88d2cac93b513c0853bf92c260eaceea0,49365d527202f179b93e478f5b32107eb92aaa3f,20261009
0401.parquet:36,RAISE_REAL,000002924.tiff,0401.parquet,36,LCM_lora_ssd1b,RAISE,0,CompEval,test,LatDiff,TIFF,2848x4288,RGB,False,,OwensLab/CommunityForensics-Eval,default,CompEval,7d4a74a88d2cac93b513c0853bf92c260eaceea0,49365d527202f179b93e478f5b32107eb92aaa3f,20261009
0404.parquet:60,RAISE_REAL,000008078.tiff,0404.parquet,60,LCM_lora_ssd1b,RAISE,0,CompEval,test,LatDiff,TIFF,4928x3264,RGB,False,,OwensLab/CommunityForensics-Eval,default,CompEval,7d4a74a88d2cac93b513c0853bf92c260eaceea0,49365d527202f179b93e478f5b32107eb92aaa3f,20261009
0259.parquet:95,RAISE_REAL,000004964.tiff,0259.parquet,95,stable_cascade,RAISE,0,CompEval,test,Other,TIFF,4928x3264,RGB,False,,OwensLab/CommunityForensics-Eval,default,CompEval,7d4a74a88d2cac93b513c0853bf92c260eaceea0,49365d527202f179b93e478f5b32107eb92aaa3f,20261009
0198.parquet:94,RAISE_REAL,000005889.tiff,0198.parquet,94,LCM_lora_ssd1b,RAISE,0,CompEval,test,LatDiff,TIFF,4928x3264,RGB,False,,OwensLab/CommunityForensics-Eval,default,CompEval,7d4a74a88d2cac93b513c0853bf92c260eaceea0,49365d527202f179b93e478f5b32107eb92aaa3f,20261009
0198.parquet:119,RAISE_REAL,000004694.tiff,0198.parquet,119,LCM_lora_ssd1b,RAISE,0,CompEval,test,LatDiff,TIFF,4928x3264,RGB,False,,OwensLab/CommunityForensics-Eval,default,CompEval,7d4a74a88d2cac93b513c0853bf92c260eaceea0,49365d527202f179b93e478f5b32107eb92aaa3f,20261009
0255.parquet:67,RAISE_REAL,000000654.tiff,0255.parquet,67,stable_cascade,RAISE,0,CompEval,test,Other,TIFF,4928x3264,RGB,False,,OwensLab/CommunityForensics-Eval,default,CompEval,7d4a74a88d2cac93b513c0853bf92c260eaceea0,49365d527202f179b93e478f5b32107eb92aaa3f,20261009
0321.parquet:58,RAISE_REAL,000004136.tiff,0321.parquet,58,DeciDiffusionV2,RAISE,0,CompEval,test,LatDiff,TIFF,3264x4928,RGB,False,,OwensLab/CommunityForensics-Eval,default,CompEval,7d4a74a88d2cac93b513c0853bf92c260eaceea0,49365d527202f179b93e478f5b32107eb92aaa3f,20261009
0399.parquet:29,RAISE_REAL,000000963.tiff,0399.parquet,29,LCM_lora_ssd1b,RAISE,0,CompEval,test,LatDiff,TIFF,3264x4928,RGB,False,,OwensLab/CommunityForensics-Eval,default,CompEval,7d4a74a88d2cac93b513c0853bf92c260eaceea0,49365d527202f179b93e478f5b32107eb92aaa3f,20261009
0041.parquet:104,RAISE_REAL,000006036.tiff,0041.parquet,104,GALIP,RAISE,0,CompEval,test,GAN,TIFF,4928x3264,RGB,False,,OwensLab/CommunityForensics-Eval,default,CompEval,7d4a74a88d2cac93b513c0853bf92c260eaceea0,49365d527202f179b93e478f5b32107eb92aaa3f,20261009
0398.parquet:1,RAISE_REAL,000002426.tiff,0398.parquet,1,LCM_lora_ssd1b,RAISE,0,CompEval,test,LatDiff,TIFF,4928x3264,RGB,False,,OwensLab/CommunityForensics-Eval,default,CompEval,7d4a74a88d2cac93b513c0853bf92c260eaceea0,49365d527202f179b93e478f5b32107eb92aaa3f,20261009
0259.parquet:23,RAISE_REAL,000003595.tiff,0259.parquet,23,stable_cascade,RAISE,0,CompEval,test,Other,TIFF,4288x2848,RGB,False,,OwensLab/CommunityForensics-Eval,default,CompEval,7d4a74a88d2cac93b513c0853bf92c260eaceea0,49365d527202f179b93e478f5b32107eb92aaa3f,20261009
0255.parquet:18,RAISE_REAL,000003929.tiff,0255.parquet,18,stable_cascade,RAISE,0,CompEval,test,Other,TIFF,4288x2848,RGB,False,,OwensLab/CommunityForensics-Eval,default,CompEval,7d4a74a88d2cac93b513c0853bf92c260eaceea0,49365d527202f179b93e478f5b32107eb92aaa3f,20261009
0219.parquet:106,RAISE_REAL,000005470.tiff,0219.parquet,106,kvikontent_midjourney_v6,RAISE,0,CompEval,test,LatDiff,TIFF,4928x3264,RGB,False,,OwensLab/CommunityForensics-Eval,default,CompEval,7d4a74a88d2cac93b513c0853bf92c260eaceea0,49365d527202f179b93e478f5b32107eb92aaa3f,20261009
0114.parquet:110,RAISE_REAL,000003090.tiff,0114.parquet,110,LCM_lora_sdv15,RAISE,0,CompEval,test,LatDiff,TIFF,2848x4288,RGB,False,,OwensLab/CommunityForensics-Eval,default,CompEval,7d4a74a88d2cac93b513c0853bf92c260eaceea0,49365d527202f179b93e478f5b32107eb92aaa3f,20261009
0243.parquet:61,RAISE_REAL,000005179.tiff,0243.parquet,61,kandinsky_2_2,RAISE,0,CompEval,test,LatDiff,TIFF,3264x4928,RGB,False,,OwensLab/CommunityForensics-Eval,default,CompEval,7d4a74a88d2cac93b513c0853bf92c260eaceea0,49365d527202f179b93e478f5b32107eb92aaa3f,20261009
0221.parquet:71,RAISE_REAL,000006425.tiff,0221.parquet,71,kvikontent_midjourney_v6,RAISE,0,CompEval,test,LatDiff,TIFF,3264x4928,RGB,False,,OwensLab/CommunityForensics-Eval,default,CompEval,7d4a74a88d2cac93b513c0853bf92c260eaceea0,49365d527202f179b93e478f5b32107eb92aaa3f,20261009
0114.parquet:20,RAISE_REAL,000006896.tiff,0114.parquet,20,LCM_lora_sdv15,RAISE,0,CompEval,test,LatDiff,TIFF,4928x3264,RGB,False,,OwensLab/CommunityForensics-Eval,default,CompEval,7d4a74a88d2cac93b513c0853bf92c260eaceea0,49365d527202f179b93e478f5b32107eb92aaa3f,20261009
0262.parquet:15,RAISE_REAL,000004286.tiff,0262.parquet,15,stable_cascade,RAISE,0,CompEval,test,Other,TIFF,4928x3264,RGB,False,,OwensLab/CommunityForensics-Eval,default,CompEval,7d4a74a88d2cac93b513c0853bf92c260eaceea0,49365d527202f179b93e478f5b32107eb92aaa3f,20261009
0258.parquet:125,RAISE_REAL,000003914.tiff,0258.parquet,125,stable_cascade,RAISE,0,CompEval,test,Other,TIFF,4288x2848,RGB,False,,OwensLab/CommunityForensics-Eval,default,CompEval,7d4a74a88d2cac93b513c0853bf92c260eaceea0,49365d527202f179b93e478f5b32107eb92aaa3f,20261009
0380.parquet:17,RAISE_REAL,000005253.tiff,0380.parquet,17,LCM_lora_sdxl,RAISE,0,CompEval,test,LatDiff,TIFF,4928x3264,RGB,False,,OwensLab/CommunityForensics-Eval,default,CompEval,7d4a74a88d2cac93b513c0853bf92c260eaceea0,49365d527202f179b93e478f5b32107eb92aaa3f,20261009
0123.parquet:63,RAISE_REAL,000004635.tiff,0123.parquet,63,GALIP,RAISE,0,CompEval,test,GAN,TIFF,4928x3264,RGB,False,,OwensLab/CommunityForensics-Eval,default,CompEval,7d4a74a88d2cac93b513c0853bf92c260eaceea0,49365d527202f179b93e478f5b32107eb92aaa3f,20261009
0378.parquet:4,RAISE_REAL,000003554.tiff,0378.parquet,4,LCM_lora_sdxl,RAISE,0,CompEval,test,LatDiff,TIFF,4288x2848,RGB,False,,OwensLab/CommunityForensics-Eval,default,CompEval,7d4a74a88d2cac93b513c0853bf92c260eaceea0,49365d527202f179b93e478f5b32107eb92aaa3f,20261009
0320.parquet:42,RAISE_REAL,000001926.tiff,0320.parquet,42,DeciDiffusionV2,RAISE,0,CompEval,test,LatDiff,TIFF,4288x2848,RGB,False,,OwensLab/CommunityForensics-Eval,default,CompEval,7d4a74a88d2cac93b513c0853bf92c260eaceea0,49365d527202f179b93e478f5b32107eb92aaa3f,20261009
0373.parquet:49,RAISE_REAL,000008071.tiff,0373.parquet,49,LCM_lora_sdxl,RAISE,0,CompEval,test,LatDiff,TIFF,4928x3264,RGB,False,,OwensLab/CommunityForensics-Eval,default,CompEval,7d4a74a88d2cac93b513c0853bf92c260eaceea0,49365d527202f179b93e478f5b32107eb92aaa3f,20261009
0164.parquet:9,RAISE_REAL,000005329.tiff,0164.parquet,9,kandinsky_2_2,RAISE,0,CompEval,test,LatDiff,TIFF,4928x3264,RGB,False,,OwensLab/CommunityForensics-Eval,default,CompEval,7d4a74a88d2cac93b513c0853bf92c260eaceea0,49365d527202f179b93e478f5b32107eb92aaa3f,20261009
0380.parquet:97,RAISE_REAL,000007348.tiff,0380.parquet,97,LCM_lora_sdxl,RAISE,0,CompEval,test,LatDiff,TIFF,4928x3264,RGB,False,,OwensLab/CommunityForensics-Eval,default,CompEval,7d4a74a88d2cac93b513c0853bf92c260eaceea0,49365d527202f179b93e478f5b32107eb92aaa3f,20261009
0260.parquet:125,RAISE_REAL,000000208.tiff,0260.parquet,125,stable_cascade,RAISE,0,CompEval,test,Other,TIFF,4928x3264,RGB,False,,OwensLab/CommunityForensics-Eval,default,CompEval,7d4a74a88d2cac93b513c0853bf92c260eaceea0,49365d527202f179b93e478f5b32107eb92aaa3f,20261009
0254.parquet:112,RAISE_REAL,000004580.tiff,0254.parquet,112,stable_cascade,RAISE,0,CompEval,test,Other,TIFF,4928x3264,RGB,False,,OwensLab/CommunityForensics-Eval,default,CompEval,7d4a74a88d2cac93b513c0853bf92c260eaceea0,49365d527202f179b93e478f5b32107eb92aaa3f,20261009
0165.parquet:65,RAISE_REAL,000004008.tiff,0165.parquet,65,kandinsky_2_2,RAISE,0,CompEval,test,LatDiff,TIFF,4288x2848,RGB,False,,OwensLab/CommunityForensics-Eval,default,CompEval,7d4a74a88d2cac93b513c0853bf92c260eaceea0,49365d527202f179b93e478f5b32107eb92aaa3f,20261009
0164.parquet:35,RAISE_REAL,000005529.tiff,0164.parquet,35,kandinsky_2_2,RAISE,0,CompEval,test,LatDiff,TIFF,4928x3264,RGB,False,,OwensLab/CommunityForensics-Eval,default,CompEval,7d4a74a88d2cac93b513c0853bf92c260eaceea0,49365d527202f179b93e478f5b32107eb92aaa3f,20261009
0113.parquet:67,RAISE_REAL,000003247.tiff,0113.parquet,67,LCM_lora_sdv15,RAISE,0,CompEval,test,LatDiff,TIFF,4288x2848,RGB,False,,OwensLab/CommunityForensics-Eval,default,CompEval,7d4a74a88d2cac93b513c0853bf92c260eaceea0,49365d527202f179b93e478f5b32107eb92aaa3f,20261009
0256.parquet:69,RAISE_REAL,000000885.tiff,0256.parquet,69,stable_cascade,RAISE,0,CompEval,test,Other,TIFF,4928x3264,RGB,False,,OwensLab/CommunityForensics-Eval,default,CompEval,7d4a74a88d2cac93b513c0853bf92c260eaceea0,49365d527202f179b93e478f5b32107eb92aaa3f,20261009
0220.parquet:41,RAISE_REAL,000001298.tiff,0220.parquet,41,kvikontent_midjourney_v6,RAISE,0,CompEval,test,LatDiff,TIFF,4928x3264,RGB,False,,OwensLab/CommunityForensics-Eval,default,CompEval,7d4a74a88d2cac93b513c0853bf92c260eaceea0,49365d527202f179b93e478f5b32107eb92aaa3f,20261009
0378.parquet:62,RAISE_REAL,000006024.tiff,0378.parquet,62,LCM_lora_sdxl,RAISE,0,CompEval,test,LatDiff,TIFF,4928x3264,RGB,False,,OwensLab/CommunityForensics-Eval,default,CompEval,7d4a74a88d2cac93b513c0853bf92c260eaceea0,49365d527202f179b93e478f5b32107eb92aaa3f,20261009
0045.parquet:80,RAISE_REAL,000001115.tiff,0045.parquet,80,GALIP,RAISE,0,CompEval,test,GAN,TIFF,4928x3264,RGB,False,,OwensLab/CommunityForensics-Eval,default,CompEval,7d4a74a88d2cac93b513c0853bf92c260eaceea0,49365d527202f179b93e478f5b32107eb92aaa3f,20261009
0365.parquet:32,RAISE_REAL,000004763.tiff,0365.parquet,32,LCM_lora_sdv15,RAISE,0,CompEval,test,LatDiff,TIFF,4928x3264,RGB,False,,OwensLab/CommunityForensics-Eval,default,CompEval,7d4a74a88d2cac93b513c0853bf92c260eaceea0,49365d527202f179b93e478f5b32107eb92aaa3f,20261009
0115.parquet:112,RAISE_REAL,000006467.tiff,0115.parquet,112,LCM_lora_sdv15,RAISE,0,CompEval,test,LatDiff,TIFF,4928x3264,RGB,False,,OwensLab/CommunityForensics-Eval,default,CompEval,7d4a74a88d2cac93b513c0853bf92c260eaceea0,49365d527202f179b93e478f5b32107eb92aaa3f,20261009
0399.parquet:87,RAISE_REAL,000004894.tiff,0399.parquet,87,LCM_lora_ssd1b,RAISE,0,CompEval,test,LatDiff,TIFF,4928x3264,RGB,False,,OwensLab/CommunityForensics-Eval,default,CompEval,7d4a74a88d2cac93b513c0853bf92c260eaceea0,49365d527202f179b93e478f5b32107eb92aaa3f,20261009
0255.parquet:114,RAISE_REAL,000002866.tiff,0255.parquet,114,stable_cascade,RAISE,0,CompEval,test,Other,TIFF,4288x2848,RGB,False,,OwensLab/CommunityForensics-Eval,default,CompEval,7d4a74a88d2cac93b513c0853bf92c260eaceea0,49365d527202f179b93e478f5b32107eb92aaa3f,20261009
0260.parquet:23,RAISE_REAL,000005605.tiff,0260.parquet,23,stable_cascade,RAISE,0,CompEval,test,Other,TIFF,4928x3264,RGB,False,,OwensLab/CommunityForensics-Eval,default,CompEval,7d4a74a88d2cac93b513c0853bf92c260eaceea0,49365d527202f179b93e478f5b32107eb92aaa3f,20261009
0269.parquet:14,RAISE_REAL,000002984.tiff,0269.parquet,14,GALIP,RAISE,0,CompEval,test,GAN,TIFF,4288x2848,RGB,False,,OwensLab/CommunityForensics-Eval,default,CompEval,7d4a74a88d2cac93b513c0853bf92c260eaceea0,49365d527202f179b93e478f5b32107eb92aaa3f,20261009
0320.parquet:92,RAISE_REAL,000003402.tiff,0320.parquet,92,DeciDiffusionV2,RAISE,0,CompEval,test,LatDiff,TIFF,4288x2848,RGB,False,,OwensLab/CommunityForensics-Eval,default,CompEval,7d4a74a88d2cac93b513c0853bf92c260eaceea0,49365d527202f179b93e478f5b32107eb92aaa3f,20261009
0165.parquet:12,RAISE_REAL,000006780.tiff,0165.parquet,12,kandinsky_2_2,RAISE,0,CompEval,test,LatDiff,TIFF,4928x3264,RGB,False,,OwensLab/CommunityForensics-Eval,default,CompEval,7d4a74a88d2cac93b513c0853bf92c260eaceea0,49365d527202f179b93e478f5b32107eb92aaa3f,20261009
0221.parquet:79,RAISE_REAL,000002545.tiff,0221.parquet,79,kvikontent_midjourney_v6,RAISE,0,CompEval,test,LatDiff,TIFF,4288x2848,RGB,False,,OwensLab/CommunityForensics-Eval,default,CompEval,7d4a74a88d2cac93b513c0853bf92c260eaceea0,49365d527202f179b93e478f5b32107eb92aaa3f,20261009
0404.parquet:66,RAISE_REAL,000002396.tiff,0404.parquet,66,LCM_lora_ssd1b,RAISE,0,CompEval,test,LatDiff,TIFF,4928x3264,RGB,False,,OwensLab/CommunityForensics-Eval,default,CompEval,7d4a74a88d2cac93b513c0853bf92c260eaceea0,49365d527202f179b93e478f5b32107eb92aaa3f,20261009
0259.parquet:75,RAISE_REAL,000000742.tiff,0259.parquet,75,stable_cascade,RAISE,0,CompEval,test,Other,TIFF,4928x3264,RGB,False,,OwensLab/CommunityForensics-Eval,default,CompEval,7d4a74a88d2cac93b513c0853bf92c260eaceea0,49365d527202f179b93e478f5b32107eb92aaa3f,20261009
0198.parquet:110,RAISE_REAL,000006150.tiff,0198.parquet,110,LCM_lora_ssd1b,RAISE,0,CompEval,test,LatDiff,TIFF,4928x3264,RGB,False,,OwensLab/CommunityForensics-Eval,default,CompEval,7d4a74a88d2cac93b513c0853bf92c260eaceea0,49365d527202f179b93e478f5b32107eb92aaa3f,20261009
0319.parquet:69,RAISE_REAL,000003877.tiff,0319.parquet,69,DeciDiffusionV2,RAISE,0,CompEval,test,LatDiff,TIFF,4288x2848,RGB,False,,OwensLab/CommunityForensics-Eval,default,CompEval,7d4a74a88d2cac93b513c0853bf92c260eaceea0,49365d527202f179b93e478f5b32107eb92aaa3f,20261009
0045.parquet:100,RAISE_REAL,000000084.tiff,0045.parquet,100,GALIP,RAISE,0,CompEval,test,GAN,TIFF,4928x3264,RGB,False,,OwensLab/CommunityForensics-Eval,default,CompEval,7d4a74a88d2cac93b513c0853bf92c260eaceea0,49365d527202f179b93e478f5b32107eb92aaa3f,20261009
0374.parquet:115,RAISE_REAL,000000342.tiff,0374.parquet,115,LCM_lora_sdxl,RAISE,0,CompEval,test,LatDiff,TIFF,3264x4928,RGB,False,,OwensLab/CommunityForensics-Eval,default,CompEval,7d4a74a88d2cac93b513c0853bf92c260eaceea0,49365d527202f179b93e478f5b32107eb92aaa3f,20261009
0377.parquet:74,RAISE_REAL,000006227.tiff,0377.parquet,74,LCM_lora_sdxl,RAISE,0,CompEval,test,LatDiff,TIFF,3264x4928,RGB,False,,OwensLab/CommunityForensics-Eval,default,CompEval,7d4a74a88d2cac93b513c0853bf92c260eaceea0,49365d527202f179b93e478f5b32107eb92aaa3f,20261009
0220.parquet:73,RAISE_REAL,000001441.tiff,0220.parquet,73,kvikontent_midjourney_v6,RAISE,0,CompEval,test,LatDiff,TIFF,4928x3264,RGB,False,,OwensLab/CommunityForensics-Eval,default,CompEval,7d4a74a88d2cac93b513c0853bf92c260eaceea0,49365d527202f179b93e478f5b32107eb92aaa3f,20261009
0088.parquet:123,RAISE_REAL,000003421.tiff,0088.parquet,123,kvikontent_midjourney_v6,RAISE,0,CompEval,test,LatDiff,TIFF,2848x4288,RGB,False,,OwensLab/CommunityForensics-Eval,default,CompEval,7d4a74a88d2cac93b513c0853bf92c260eaceea0,49365d527202f179b93e478f5b32107eb92aaa3f,20261009
0063.parquet:38,RAISE_REAL,000000578.tiff,0063.parquet,38,LCM_lora_sdxl,RAISE,0,CompEval,test,LatDiff,TIFF,2848x4288,RGB,False,,OwensLab/CommunityForensics-Eval,default,CompEval,7d4a74a88d2cac93b513c0853bf92c260eaceea0,49365d527202f179b93e478f5b32107eb92aaa3f,20261009
0220.parquet:19,RAISE_REAL,000004047.tiff,0220.parquet,19,kvikontent_midjourney_v6,RAISE,0,CompEval,test,LatDiff,TIFF,4928x3264,RGB,False,,OwensLab/CommunityForensics-Eval,default,CompEval,7d4a74a88d2cac93b513c0853bf92c260eaceea0,49365d527202f179b93e478f5b32107eb92aaa3f,20261009
0315.parquet:68,RAISE_REAL,000005295.tiff,0315.parquet,68,DeciDiffusionV2,RAISE,0,CompEval,test,LatDiff,TIFF,4928x3264,RGB,False,,OwensLab/CommunityForensics-Eval,default,CompEval,7d4a74a88d2cac93b513c0853bf92c260eaceea0,49365d527202f179b93e478f5b32107eb92aaa3f,20261009
0040.parquet:77,RAISE_REAL,000002614.tiff,0040.parquet,77,GALIP,RAISE,0,CompEval,test,GAN,TIFF,4288x2848,RGB,False,,OwensLab/CommunityForensics-Eval,default,CompEval,7d4a74a88d2cac93b513c0853bf92c260eaceea0,49365d527202f179b93e478f5b32107eb92aaa3f,20261009
0198.parquet:120,RAISE_REAL,000006531.tiff,0198.parquet,120,LCM_lora_ssd1b,RAISE,0,CompEval,test,LatDiff,TIFF,3264x4928,RGB,False,,OwensLab/CommunityForensics-Eval,default,CompEval,7d4a74a88d2cac93b513c0853bf92c260eaceea0,49365d527202f179b93e478f5b32107eb92aaa3f,20261009
0221.parquet:50,RAISE_REAL,000001698.tiff,0221.parquet,50,kvikontent_midjourney_v6,RAISE,0,CompEval,test,LatDiff,TIFF,4928x3264,RGB,False,,OwensLab/CommunityForensics-Eval,default,CompEval,7d4a74a88d2cac93b513c0853bf92c260eaceea0,49365d527202f179b93e478f5b32107eb92aaa3f,20261009
0257.parquet:119,RAISE_REAL,000004565.tiff,0257.parquet,119,stable_cascade,RAISE,0,CompEval,test,Other,TIFF,3264x4928,RGB,False,,OwensLab/CommunityForensics-Eval,default,CompEval,7d4a74a88d2cac93b513c0853bf92c260eaceea0,49365d527202f179b93e478f5b32107eb92aaa3f,20261009
0323.parquet:71,RAISE_REAL,000007203.tiff,0323.parquet,71,DeciDiffusionV2,RAISE,0,CompEval,test,LatDiff,TIFF,4928x3264,RGB,False,,OwensLab/CommunityForensics-Eval,default,CompEval,7d4a74a88d2cac93b513c0853bf92c260eaceea0,49365d527202f179b93e478f5b32107eb92aaa3f,20261009
0257.parquet:56,RAISE_REAL,000007318.tiff,0257.parquet,56,stable_cascade,RAISE,0,CompEval,test,Other,TIFF,4928x3264,RGB,False,,OwensLab/CommunityForensics-Eval,default,CompEval,7d4a74a88d2cac93b513c0853bf92c260eaceea0,49365d527202f179b93e478f5b32107eb92aaa3f,20261009
0380.parquet:71,RAISE_REAL,000001003.tiff,0380.parquet,71,LCM_lora_sdxl,RAISE,0,CompEval,test,LatDiff,TIFF,4928x3264,RGB,False,,OwensLab/CommunityForensics-Eval,default,CompEval,7d4a74a88d2cac93b513c0853bf92c260eaceea0,49365d527202f179b93e478f5b32107eb92aaa3f,20261009
0397.parquet:123,RAISE_REAL,000006265.tiff,0397.parquet,123,LCM_lora_ssd1b,RAISE,0,CompEval,test,LatDiff,TIFF,3264x4928,RGB,False,,OwensLab/CommunityForensics-Eval,default,CompEval,7d4a74a88d2cac93b513c0853bf92c260eaceea0,49365d527202f179b93e478f5b32107eb92aaa3f,20261009
0377.parquet:100,RAISE_REAL,000001592.tiff,0377.parquet,100,LCM_lora_sdxl,RAISE,0,CompEval,test,LatDiff,TIFF,4928x3264,RGB,False,,OwensLab/CommunityForensics-Eval,default,CompEval,7d4a74a88d2cac93b513c0853bf92c260eaceea0,49365d527202f179b93e478f5b32107eb92aaa3f,20261009
0114.parquet:92,RAISE_REAL,000007851.tiff,0114.parquet,92,LCM_lora_sdv15,RAISE,0,CompEval,test,LatDiff,TIFF,4928x3264,RGB,False,,OwensLab/CommunityForensics-Eval,default,CompEval,7d4a74a88d2cac93b513c0853bf92c260eaceea0,49365d527202f179b93e478f5b32107eb92aaa3f,20261009
0041.parquet:74,RAISE_REAL,000004776.tiff,0041.parquet,74,GALIP,RAISE,0,CompEval,test,GAN,TIFF,4928x3264,RGB,False,,OwensLab/CommunityForensics-Eval,default,CompEval,7d4a74a88d2cac93b513c0853bf92c260eaceea0,49365d527202f179b93e478f5b32107eb92aaa3f,20261009
0402.parquet:68,RAISE_REAL,000001052.tiff,0402.parquet,68,LCM_lora_ssd1b,RAISE,0,CompEval,test,LatDiff,TIFF,4928x3264,RGB,False,,OwensLab/CommunityForensics-Eval,default,CompEval,7d4a74a88d2cac93b513c0853bf92c260eaceea0,49365d527202f179b93e478f5b32107eb92aaa3f,20261009
0258.parquet:40,RAISE_REAL,000006229.tiff,0258.parquet,40,stable_cascade,RAISE,0,CompEval,test,Other,TIFF,4928x3264,RGB,False,,OwensLab/CommunityForensics-Eval,default,CompEval,7d4a74a88d2cac93b513c0853bf92c260eaceea0,49365d527202f179b93e478f5b32107eb92aaa3f,20261009
0403.parquet:70,RAISE_REAL,000003938.tiff,0403.parquet,70,LCM_lora_ssd1b,RAISE,0,CompEval,test,LatDiff,TIFF,4288x2848,RGB,False,,OwensLab/CommunityForensics-Eval,default,CompEval,7d4a74a88d2cac93b513c0853bf92c260eaceea0,49365d527202f179b93e478f5b32107eb92aaa3f,20261009
0164.parquet:53,RAISE_REAL,000000072.tiff,0164.parquet,53,kandinsky_2_2,RAISE,0,CompEval,test,LatDiff,TIFF,3264x4928,RGB,False,,OwensLab/CommunityForensics-Eval,default,CompEval,7d4a74a88d2cac93b513c0853bf92c260eaceea0,49365d527202f179b93e478f5b32107eb92aaa3f,20261009
0320.parquet:8,RAISE_REAL,000001717.tiff,0320.parquet,8,DeciDiffusionV2,RAISE,0,CompEval,test,LatDiff,TIFF,4928x3264,RGB,False,,OwensLab/CommunityForensics-Eval,default,CompEval,7d4a74a88d2cac93b513c0853bf92c260eaceea0,49365d527202f179b93e478f5b32107eb92aaa3f,20261009
0259.parquet:102,RAISE_REAL,000001802.tiff,0259.parquet,102,stable_cascade,RAISE,0,CompEval,test,Other,TIFF,4928x3264,RGB,False,,OwensLab/CommunityForensics-Eval,default,CompEval,7d4a74a88d2cac93b513c0853bf92c260eaceea0,49365d527202f179b93e478f5b32107eb92aaa3f,20261009
0261.parquet:97,RAISE_REAL,000002799.tiff,0261.parquet,97,stable_cascade,RAISE,0,CompEval,test,Other,TIFF,4288x2848,RGB,False,,OwensLab/CommunityForensics-Eval,default,CompEval,7d4a74a88d2cac93b513c0853bf92c260eaceea0,49365d527202f179b93e478f5b32107eb92aaa3f,20261009
0165.parquet:117,RAISE_REAL,000002167.tiff,0165.parquet,117,kandinsky_2_2,RAISE,0,CompEval,test,LatDiff,TIFF,2848x4288,RGB,False,,OwensLab/CommunityForensics-Eval,default,CompEval,7d4a74a88d2cac93b513c0853bf92c260eaceea0,49365d527202f179b93e478f5b32107eb92aaa3f,20261009
0045.parquet:11,RAISE_REAL,000001996.tiff,0045.parquet,11,GALIP,RAISE,0,CompEval,test,GAN,TIFF,4288x2848,RGB,False,,OwensLab/CommunityForensics-Eval,default,CompEval,7d4a74a88d2cac93b513c0853bf92c260eaceea0,49365d527202f179b93e478f5b32107eb92aaa3f,20261009
0159.parquet:123,RAISE_REAL,000005454.tiff,0159.parquet,123,kandinsky_2_2,RAISE,0,CompEval,test,LatDiff,TIFF,4928x3264,RGB,False,,OwensLab/CommunityForensics-Eval,default,CompEval,7d4a74a88d2cac93b513c0853bf92c260eaceea0,49365d527202f179b93e478f5b32107eb92aaa3f,20261009
0324.parquet:95,RAISE_REAL,000007022.tiff,0324.parquet,95,DeciDiffusionV2,RAISE,0,CompEval,test,LatDiff,TIFF,4928x3264,RGB,False,,OwensLab/CommunityForensics-Eval,default,CompEval,7d4a74a88d2cac93b513c0853bf92c260eaceea0,49365d527202f179b93e478f5b32107eb92aaa3f,20261009
0322.parquet:12,RAISE_REAL,000001143.tiff,0322.parquet,12,DeciDiffusionV2,RAISE,0,CompEval,test,LatDiff,TIFF,4928x3264,RGB,False,,OwensLab/CommunityForensics-Eval,default,CompEval,7d4a74a88d2cac93b513c0853bf92c260eaceea0,49365d527202f179b93e478f5b32107eb92aaa3f,20261009
0397.parquet:21,RAISE_REAL,000006619.tiff,0397.parquet,21,LCM_lora_ssd1b,RAISE,0,CompEval,test,LatDiff,TIFF,3264x4928,RGB,False,,OwensLab/CommunityForensics-Eval,default,CompEval,7d4a74a88d2cac93b513c0853bf92c260eaceea0,49365d527202f179b93e478f5b32107eb92aaa3f,20261009
0112.parquet:36,RAISE_REAL,000002793.tiff,0112.parquet,36,LCM_lora_sdv15,RAISE,0,CompEval,test,LatDiff,TIFF,4288x2848,RGB,False,,OwensLab/CommunityForensics-Eval,default,CompEval,7d4a74a88d2cac93b513c0853bf92c260eaceea0,49365d527202f179b93e478f5b32107eb92aaa3f,20261009
0162.parquet:91,RAISE_REAL,000006933.tiff,0162.parquet,91,kandinsky_2_2,RAISE,0,CompEval,test,LatDiff,TIFF,4928x3264,RGB,False,,OwensLab/CommunityForensics-Eval,default,CompEval,7d4a74a88d2cac93b513c0853bf92c260eaceea0,49365d527202f179b93e478f5b32107eb92aaa3f,20261009
0260.parquet:5,RAISE_REAL,000003057.tiff,0260.parquet,5,stable_cascade,RAISE,0,CompEval,test,Other,TIFF,2848x4288,RGB,False,,OwensLab/CommunityForensics-Eval,default,CompEval,7d4a74a88d2cac93b513c0853bf92c260eaceea0,49365d527202f179b93e478f5b32107eb92aaa3f,20261009
0374.parquet:9,RAISE_REAL,000001309.tiff,0374.parquet,9,LCM_lora_sdxl,RAISE,0,CompEval,test,LatDiff,TIFF,3264x4928,RGB,False,,OwensLab/CommunityForensics-Eval,default,CompEval,7d4a74a88d2cac93b513c0853bf92c260eaceea0,49365d527202f179b93e478f5b32107eb92aaa3f,20261009
0040.parquet:104,RAISE_REAL,000006151.tiff,0040.parquet,104,GALIP,RAISE,0,CompEval,test,GAN,TIFF,4928x3264,RGB,False,,OwensLab/CommunityForensics-Eval,default,CompEval,7d4a74a88d2cac93b513c0853bf92c260eaceea0,49365d527202f179b93e478f5b32107eb92aaa3f,20261009
0040.parquet:4,RAISE_REAL,000003705.tiff,0040.parquet,4,GALIP,RAISE,0,CompEval,test,GAN,TIFF,4288x2848,RGB,False,,OwensLab/CommunityForensics-Eval,default,CompEval,7d4a74a88d2cac93b513c0853bf92c260eaceea0,49365d527202f179b93e478f5b32107eb92aaa3f,20261009
0166.parquet:70,RAISE_REAL,000007699.tiff,0166.parquet,70,kandinsky_2_2,RAISE,0,CompEval,test,LatDiff,TIFF,4928x3264,RGB,False,,OwensLab/CommunityForensics-Eval,default,CompEval,7d4a74a88d2cac93b513c0853bf92c260eaceea0,49365d527202f179b93e478f5b32107eb92aaa3f,20261009
0377.parquet:54,RAISE_REAL,000006446.tiff,0377.parquet,54,LCM_lora_sdxl,RAISE,0,CompEval,test,LatDiff,TIFF,4928x3264,RGB,False,,OwensLab/CommunityForensics-Eval,default,CompEval,7d4a74a88d2cac93b513c0853bf92c260eaceea0,49365d527202f179b93e478f5b32107eb92aaa3f,20261009
0163.parquet:85,RAISE_REAL,000004225.tiff,0163.parquet,85,kandinsky_2_2,RAISE,0,CompEval,test,LatDiff,TIFF,4928x3264,RGB,False,,OwensLab/CommunityForensics-Eval,default,CompEval,7d4a74a88d2cac93b513c0853bf92c260eaceea0,49365d527202f179b93e478f5b32107eb92aaa3f,20261009
0259.parquet:34,RAISE_REAL,000004045.tiff,0259.parquet,34,stable_cascade,RAISE,0,CompEval,test,Other,TIFF,4928x3264,RGB,False,,OwensLab/CommunityForensics-Eval,default,CompEval,7d4a74a88d2cac93b513c0853bf92c260eaceea0,49365d527202f179b93e478f5b32107eb92aaa3f,20261009
0323.parquet:108,RAISE_REAL,000007210.tiff,0323.parquet,108,DeciDiffusionV2,RAISE,0,CompEval,test,LatDiff,TIFF,4928x3264,RGB,False,,OwensLab/CommunityForensics-Eval,default,CompEval,7d4a74a88d2cac93b513c0853bf92c260eaceea0,49365d527202f179b93e478f5b32107eb92aaa3f,20261009
0063.parquet:75,RAISE_REAL,000000261.tiff,0063.parquet,75,LCM_lora_sdxl,RAISE,0,CompEval,test,LatDiff,TIFF,4928x3264,RGB,False,,OwensLab/CommunityForensics-Eval,default,CompEval,7d4a74a88d2cac93b513c0853bf92c260eaceea0,49365d527202f179b93e478f5b32107eb92aaa3f,20261009
0114.parquet:103,RAISE_REAL,000005787.tiff,0114.parquet,103,LCM_lora_sdv15,RAISE,0,CompEval,test,LatDiff,TIFF,4928x3264,RGB,False,,OwensLab/CommunityForensics-Eval,default,CompEval,7d4a74a88d2cac93b513c0853bf92c260eaceea0,49365d527202f179b93e478f5b32107eb92aaa3f,20261009
0399.parquet:65,RAISE_REAL,000001217.tiff,0399.parquet,65,LCM_lora_ssd1b,RAISE,0,CompEval,test,LatDiff,TIFF,3264x4928,RGB,False,,OwensLab/CommunityForensics-Eval,default,CompEval,7d4a74a88d2cac93b513c0853bf92c260eaceea0,49365d527202f179b93e478f5b32107eb92aaa3f,20261009
0160.parquet:111,RAISE_REAL,000006013.tiff,0160.parquet,111,kandinsky_2_2,RAISE,0,CompEval,test,LatDiff,TIFF,4928x3264,RGB,False,,OwensLab/CommunityForensics-Eval,default,CompEval,7d4a74a88d2cac93b513c0853bf92c260eaceea0,49365d527202f179b93e478f5b32107eb92aaa3f,20261009
0402.parquet:115,RAISE_REAL,000004585.tiff,0402.parquet,115,LCM_lora_ssd1b,RAISE,0,CompEval,test,LatDiff,TIFF,4928x3264,RGB,False,,OwensLab/CommunityForensics-Eval,default,CompEval,7d4a74a88d2cac93b513c0853bf92c260eaceea0,49365d527202f179b93e478f5b32107eb92aaa3f,20261009
0375.parquet:41,RAISE_REAL,000001704.tiff,0375.parquet,41,LCM_lora_sdxl,RAISE,0,CompEval,test,LatDiff,TIFF,4928x3264,RGB,False,,OwensLab/CommunityForensics-Eval,default,CompEval,7d4a74a88d2cac93b513c0853bf92c260eaceea0,49365d527202f179b93e478f5b32107eb92aaa3f,20261009
0316.parquet:6,RAISE_REAL,000003440.tiff,0316.parquet,6,DeciDiffusionV2,RAISE,0,CompEval,test,LatDiff,TIFF,4288x2848,RGB,False,,OwensLab/CommunityForensics-Eval,default,CompEval,7d4a74a88d2cac93b513c0853bf92c260eaceea0,49365d527202f179b93e478f5b32107eb92aaa3f,20261009
0258.parquet:90,RAISE_REAL,000000872.tiff,0258.parquet,90,stable_cascade,RAISE,0,CompEval,test,Other,TIFF,3264x4928,RGB,False,,OwensLab/CommunityForensics-Eval,default,CompEval,7d4a74a88d2cac93b513c0853bf92c260eaceea0,49365d527202f179b93e478f5b32107eb92aaa3f,20261009
0045.parquet:31,RAISE_REAL,000001721.tiff,0045.parquet,31,GALIP,RAISE,0,CompEval,test,GAN,TIFF,4928x3264,RGB,False,,OwensLab/CommunityForensics-Eval,default,CompEval,7d4a74a88d2cac93b513c0853bf92c260eaceea0,49365d527202f179b93e478f5b32107eb92aaa3f,20261009
0088.parquet:98,RAISE_REAL,000001871.tiff,0088.parquet,98,kvikontent_midjourney_v6,RAISE,0,CompEval,test,LatDiff,TIFF,4928x3264,RGB,False,,OwensLab/CommunityForensics-Eval,default,CompEval,7d4a74a88d2cac93b513c0853bf92c260eaceea0,49365d527202f179b93e478f5b32107eb92aaa3f,20261009
0321.parquet:9,RAISE_REAL,000004061.tiff,0321.parquet,9,DeciDiffusionV2,RAISE,0,CompEval,test,LatDiff,TIFF,4928x3264,RGB,False,,OwensLab/CommunityForensics-Eval,default,CompEval,7d4a74a88d2cac93b513c0853bf92c260eaceea0,49365d527202f179b93e478f5b32107eb92aaa3f,20261009
0093.parquet:21,RAISE_REAL,000002571.tiff,0093.parquet,21,kvikontent_midjourney_v6,RAISE,0,CompEval,test,LatDiff,TIFF,2848x4288,RGB,False,,OwensLab/CommunityForensics-Eval,default,CompEval,7d4a74a88d2cac93b513c0853bf92c260eaceea0,49365d527202f179b93e478f5b32107eb92aaa3f,20261009
0268.parquet:88,RAISE_REAL,000001249.tiff,0268.parquet,88,GALIP,RAISE,0,CompEval,test,GAN,TIFF,4928x3264,RGB,False,,OwensLab/CommunityForensics-Eval,default,CompEval,7d4a74a88d2cac93b513c0853bf92c260eaceea0,49365d527202f179b93e478f5b32107eb92aaa3f,20261009
0219.parquet:59,RAISE_REAL,000004616.tiff,0219.parquet,59,kvikontent_midjourney_v6,RAISE,0,CompEval,test,LatDiff,TIFF,4928x3264,RGB,False,,OwensLab/CommunityForensics-Eval,default,CompEval,7d4a74a88d2cac93b513c0853bf92c260eaceea0,49365d527202f179b93e478f5b32107eb92aaa3f,20261009
0117.parquet:45,RAISE_REAL,000007929.tiff,0117.parquet,45,LCM_lora_sdv15,RAISE,0,CompEval,test,LatDiff,TIFF,4928x3264,RGB,False,,OwensLab/CommunityForensics-Eval,default,CompEval,7d4a74a88d2cac93b513c0853bf92c260eaceea0,49365d527202f179b93e478f5b32107eb92aaa3f,20261009
0403.parquet:17,RAISE_REAL,000007608.tiff,0403.parquet,17,LCM_lora_ssd1b,RAISE,0,CompEval,test,LatDiff,TIFF,4928x3264,RGB,False,,OwensLab/CommunityForensics-Eval,default,CompEval,7d4a74a88d2cac93b513c0853bf92c260eaceea0,49365d527202f179b93e478f5b32107eb92aaa3f,20261009
0166.parquet:21,RAISE_REAL,000007572.tiff,0166.parquet,21,kandinsky_2_2,RAISE,0,CompEval,test,LatDiff,TIFF,4928x3264,RGB,False,,OwensLab/CommunityForensics-Eval,default,CompEval,7d4a74a88d2cac93b513c0853bf92c260eaceea0,49365d527202f179b93e478f5b32107eb92aaa3f,20261009
0042.parquet:22,RAISE_REAL,000000937.tiff,0042.parquet,22,GALIP,RAISE,0,CompEval,test,GAN,TIFF,4928x3264,RGB,False,,OwensLab/CommunityForensics-Eval,default,CompEval,7d4a74a88d2cac93b513c0853bf92c260eaceea0,49365d527202f179b93e478f5b32107eb92aaa3f,20261009
0044.parquet:73,RAISE_REAL,000007039.tiff,0044.parquet,73,GALIP,RAISE,0,CompEval,test,GAN,TIFF,4928x3264,RGB,False,,OwensLab/CommunityForensics-Eval,default,CompEval,7d4a74a88d2cac93b513c0853bf92c260eaceea0,49365d527202f179b93e478f5b32107eb92aaa3f,20261009
0374.parquet:54,RAISE_REAL,000004940.tiff,0374.parquet,54,LCM_lora_sdxl,RAISE,0,CompEval,test,LatDiff,TIFF,3264x4928,RGB,False,,OwensLab/CommunityForensics-Eval,default,CompEval,7d4a74a88d2cac93b513c0853bf92c260eaceea0,49365d527202f179b93e478f5b32107eb92aaa3f,20261009
0166.parquet:113,RAISE_REAL,000007271.tiff,0166.parquet,113,kandinsky_2_2,RAISE,0,CompEval,test,LatDiff,TIFF,4928x3264,RGB,False,,OwensLab/CommunityForensics-Eval,default,CompEval,7d4a74a88d2cac93b513c0853bf92c260eaceea0,49365d527202f179b93e478f5b32107eb92aaa3f,20261009
0400.parquet:22,RAISE_REAL,000006243.tiff,0400.parquet,22,LCM_lora_ssd1b,RAISE,0,CompEval,test,LatDiff,TIFF,4928x3264,RGB,False,,OwensLab/CommunityForensics-Eval,default,CompEval,7d4a74a88d2cac93b513c0853bf92c260eaceea0,49365d527202f179b93e478f5b32107eb92aaa3f,20261009
0404.parquet:21,RAISE_REAL,000000858.tiff,0404.parquet,21,LCM_lora_ssd1b,RAISE,0,CompEval,test,LatDiff,TIFF,4928x3264,RGB,False,,OwensLab/CommunityForensics-Eval,default,CompEval,7d4a74a88d2cac93b513c0853bf92c260eaceea0,49365d527202f179b93e478f5b32107eb92aaa3f,20261009
0364.parquet:47,RAISE_REAL,000001954.tiff,0364.parquet,47,LCM_lora_sdv15,RAISE,0,CompEval,test,LatDiff,TIFF,4288x2848,RGB,False,,OwensLab/CommunityForensics-Eval,default,CompEval,7d4a74a88d2cac93b513c0853bf92c260eaceea0,49365d527202f179b93e478f5b32107eb92aaa3f,20261009
0161.parquet:32,RAISE_REAL,000000138.tiff,0161.parquet,32,kandinsky_2_2,RAISE,0,CompEval,test,LatDiff,TIFF,2000x3008,RGB,False,,OwensLab/CommunityForensics-Eval,default,CompEval,7d4a74a88d2cac93b513c0853bf92c260eaceea0,49365d527202f179b93e478f5b32107eb92aaa3f,20261009
0161.parquet:17,RAISE_REAL,000000628.tiff,0161.parquet,17,kandinsky_2_2,RAISE,0,CompEval,test,LatDiff,TIFF,4928x3264,RGB,False,,OwensLab/CommunityForensics-Eval,default,CompEval,7d4a74a88d2cac93b513c0853bf92c260eaceea0,49365d527202f179b93e478f5b32107eb92aaa3f,20261009
0117.parquet:21,RAISE_REAL,000000123.tiff,0117.parquet,21,LCM_lora_sdv15,RAISE,0,CompEval,test,LatDiff,TIFF,2000x3008,RGB,False,,OwensLab/CommunityForensics-Eval,default,CompEval,7d4a74a88d2cac93b513c0853bf92c260eaceea0,49365d527202f179b93e478f5b32107eb92aaa3f,20261009
0397.parquet:114,RAISE_REAL,000003007.tiff,0397.parquet,114,LCM_lora_ssd1b,RAISE,0,CompEval,test,LatDiff,TIFF,2848x4288,RGB,False,,OwensLab/CommunityForensics-Eval,default,CompEval,7d4a74a88d2cac93b513c0853bf92c260eaceea0,49365d527202f179b93e478f5b32107eb92aaa3f,20261009
0165.parquet:23,RAISE_REAL,000004406.tiff,0165.parquet,23,kandinsky_2_2,RAISE,0,CompEval,test,LatDiff,TIFF,4928x3264,RGB,False,,OwensLab/CommunityForensics-Eval,default,CompEval,7d4a74a88d2cac93b513c0853bf92c260eaceea0,49365d527202f179b93e478f5b32107eb92aaa3f,20261009
0115.parquet:45,RAISE_REAL,000003000.tiff,0115.parquet,45,LCM_lora_sdv15,RAISE,0,CompEval,test,LatDiff,TIFF,2848x4288,RGB,False,,OwensLab/CommunityForensics-Eval,default,CompEval,7d4a74a88d2cac93b513c0853bf92c260eaceea0,49365d527202f179b93e478f5b32107eb92aaa3f,20261009
0116.parquet:125,RAISE_REAL,000002776.tiff,0116.parquet,125,LCM_lora_sdv15,RAISE,0,CompEval,test,LatDiff,TIFF,4288x2848,RGB,False,,OwensLab/CommunityForensics-Eval,default,CompEval,7d4a74a88d2cac93b513c0853bf92c260eaceea0,49365d527202f179b93e478f5b32107eb92aaa3f,20261009
0162.parquet:82,RAISE_REAL,000004570.tiff,0162.parquet,82,kandinsky_2_2,RAISE,0,CompEval,test,LatDiff,TIFF,3264x4928,RGB,False,,OwensLab/CommunityForensics-Eval,default,CompEval,7d4a74a88d2cac93b513c0853bf92c260eaceea0,49365d527202f179b93e478f5b32107eb92aaa3f,20261009
0198.parquet:108,RAISE_REAL,000006381.tiff,0198.parquet,108,LCM_lora_ssd1b,RAISE,0,CompEval,test,LatDiff,TIFF,4928x3264,RGB,False,,OwensLab/CommunityForensics-Eval,default,CompEval,7d4a74a88d2cac93b513c0853bf92c260eaceea0,49365d527202f179b93e478f5b32107eb92aaa3f,20261009
0323.parquet:34,RAISE_REAL,000001061.tiff,0323.parquet,34,DeciDiffusionV2,RAISE,0,CompEval,test,LatDiff,TIFF,4928x3264,RGB,False,,OwensLab/CommunityForensics-Eval,default,CompEval,7d4a74a88d2cac93b513c0853bf92c260eaceea0,49365d527202f179b93e478f5b32107eb92aaa3f,20261009
0259.parquet:88,RAISE_REAL,000005450.tiff,0259.parquet,88,stable_cascade,RAISE,0,CompEval,test,Other,TIFF,4928x3264,RGB,False,,OwensLab/CommunityForensics-Eval,default,CompEval,7d4a74a88d2cac93b513c0853bf92c260eaceea0,49365d527202f179b93e478f5b32107eb92aaa3f,20261009
0116.parquet:78,RAISE_REAL,000000844.tiff,0116.parquet,78,LCM_lora_sdv15,RAISE,0,CompEval,test,LatDiff,TIFF,4928x3264,RGB,False,,OwensLab/CommunityForensics-Eval,default,CompEval,7d4a74a88d2cac93b513c0853bf92c260eaceea0,49365d527202f179b93e478f5b32107eb92aaa3f,20261009
0256.parquet:59,RAISE_REAL,000000165.tiff,0256.parquet,59,stable_cascade,RAISE,0,CompEval,test,Other,TIFF,3008x2000,RGB,False,,OwensLab/CommunityForensics-Eval,default,CompEval,7d4a74a88d2cac93b513c0853bf92c260eaceea0,49365d527202f179b93e478f5b32107eb92aaa3f,20261009
0219.parquet:114,RAISE_REAL,000007071.tiff,0219.parquet,114,kvikontent_midjourney_v6,RAISE,0,CompEval,test,LatDiff,TIFF,4928x3264,RGB,False,,OwensLab/CommunityForensics-Eval,default,CompEval,7d4a74a88d2cac93b513c0853bf92c260eaceea0,49365d527202f179b93e478f5b32107eb92aaa3f,20261009
0325.parquet:25,RAISE_REAL,000006556.tiff,0325.parquet,25,DeciDiffusionV2,RAISE,0,CompEval,test,LatDiff,TIFF,4928x3264,RGB,False,,OwensLab/CommunityForensics-Eval,default,CompEval,7d4a74a88d2cac93b513c0853bf92c260eaceea0,49365d527202f179b93e478f5b32107eb92aaa3f,20261009
0089.parquet:11,RAISE_REAL,000002679.tiff,0089.parquet,11,kvikontent_midjourney_v6,RAISE,0,CompEval,test,LatDiff,TIFF,4288x2848,RGB,False,,OwensLab/CommunityForensics-Eval,default,CompEval,7d4a74a88d2cac93b513c0853bf92c260eaceea0,49365d527202f179b93e478f5b32107eb92aaa3f,20261009
0089.parquet:101,RAISE_REAL,000003537.tiff,0089.parquet,101,kvikontent_midjourney_v6,RAISE,0,CompEval,test,LatDiff,TIFF,4288x2848,RGB,False,,OwensLab/CommunityForensics-Eval,default,CompEval,7d4a74a88d2cac93b513c0853bf92c260eaceea0,49365d527202f179b93e478f5b32107eb92aaa3f,20261009
0042.parquet:84,RAISE_REAL,000001929.tiff,0042.parquet,84,GALIP,RAISE,0,CompEval,test,GAN,TIFF,4288x2848,RGB,False,,OwensLab/CommunityForensics-Eval,default,CompEval,7d4a74a88d2cac93b513c0853bf92c260eaceea0,49365d527202f179b93e478f5b32107eb92aaa3f,20261009
0364.parquet:63,RAISE_REAL,000000550.tiff,0364.parquet,63,LCM_lora_sdv15,RAISE,0,CompEval,test,LatDiff,TIFF,2848x4288,RGB,False,,OwensLab/CommunityForensics-Eval,default,CompEval,7d4a74a88d2cac93b513c0853bf92c260eaceea0,49365d527202f179b93e478f5b32107eb92aaa3f,20261009
0165.parquet:56,RAISE_REAL,000004970.tiff,0165.parquet,56,kandinsky_2_2,RAISE,0,CompEval,test,LatDiff,TIFF,4928x3264,RGB,False,,OwensLab/CommunityForensics-Eval,default,CompEval,7d4a74a88d2cac93b513c0853bf92c260eaceea0,49365d527202f179b93e478f5b32107eb92aaa3f,20261009
0262.parquet:21,RAISE_REAL,000003058.tiff,0262.parquet,21,stable_cascade,RAISE,0,CompEval,test,Other,TIFF,4288x2848,RGB,False,,OwensLab/CommunityForensics-Eval,default,CompEval,7d4a74a88d2cac93b513c0853bf92c260eaceea0,49365d527202f179b93e478f5b32107eb92aaa3f,20261009
0256.parquet:51,RAISE_REAL,000004251.tiff,0256.parquet,51,stable_cascade,RAISE,0,CompEval,test,Other,TIFF,4928x3264,RGB,False,,OwensLab/CommunityForensics-Eval,default,CompEval,7d4a74a88d2cac93b513c0853bf92c260eaceea0,49365d527202f179b93e478f5b32107eb92aaa3f,20261009
0112.parquet:33,RAISE_REAL,000007818.tiff,0112.parquet,33,LCM_lora_sdv15,RAISE,0,CompEval,test,LatDiff,TIFF,4928x3264,RGB,False,,OwensLab/CommunityForensics-Eval,default,CompEval,7d4a74a88d2cac93b513c0853bf92c260eaceea0,49365d527202f179b93e478f5b32107eb92aaa3f,20261009
0397.parquet:7,RAISE_REAL,000003033.tiff,0397.parquet,7,LCM_lora_ssd1b,RAISE,0,CompEval,test,LatDiff,TIFF,4288x2848,RGB,False,,OwensLab/CommunityForensics-Eval,default,CompEval,7d4a74a88d2cac93b513c0853bf92c260eaceea0,49365d527202f179b93e478f5b32107eb92aaa3f,20261009
0359.parquet:65,RAISE_REAL,000006321.tiff,0359.parquet,65,LCM_lora_sdv15,RAISE,0,CompEval,test,LatDiff,TIFF,4928x3264,RGB,False,,OwensLab/CommunityForensics-Eval,default,CompEval,7d4a74a88d2cac93b513c0853bf92c260eaceea0,49365d527202f179b93e478f5b32107eb92aaa3f,20261009
0163.parquet:15,RAISE_REAL,000002546.tiff,0163.parquet,15,kandinsky_2_2,RAISE,0,CompEval,test,LatDiff,TIFF,4288x2848,RGB,False,,OwensLab/CommunityForensics-Eval,default,CompEval,7d4a74a88d2cac93b513c0853bf92c260eaceea0,49365d527202f179b93e478f5b32107eb92aaa3f,20261009
0323.parquet:96,RAISE_REAL,000003750.tiff,0323.parquet,96,DeciDiffusionV2,RAISE,0,CompEval,test,LatDiff,TIFF,4288x2848,RGB,False,,OwensLab/CommunityForensics-Eval,default,CompEval,7d4a74a88d2cac93b513c0853bf92c260eaceea0,49365d527202f179b93e478f5b32107eb92aaa3f,20261009
0257.parquet:106,RAISE_REAL,000003868.tiff,0257.parquet,106,stable_cascade,RAISE,0,CompEval,test,Other,TIFF,4288x2848,RGB,False,,OwensLab/CommunityForensics-Eval,default,CompEval,7d4a74a88d2cac93b513c0853bf92c260eaceea0,49365d527202f179b93e478f5b32107eb92aaa3f,20261009
0322.parquet:120,RAISE_REAL,000001631.tiff,0322.parquet,120,DeciDiffusionV2,RAISE,0,CompEval,test,LatDiff,TIFF,4928x3264,RGB,False,,OwensLab/CommunityForensics-Eval,default,CompEval,7d4a74a88d2cac93b513c0853bf92c260eaceea0,49365d527202f179b93e478f5b32107eb92aaa3f,20261009
0043.parquet:86,RAISE_REAL,000002275.tiff,0043.parquet,86,GALIP,RAISE,0,CompEval,test,GAN,TIFF,4288x2848,RGB,False,,OwensLab/CommunityForensics-Eval,default,CompEval,7d4a74a88d2cac93b513c0853bf92c260eaceea0,49365d527202f179b93e478f5b32107eb92aaa3f,20261009
0093.parquet:118,RAISE_REAL,000007740.tiff,0093.parquet,118,kvikontent_midjourney_v6,RAISE,0,CompEval,test,LatDiff,TIFF,4928x3264,RGB,False,,OwensLab/CommunityForensics-Eval,default,CompEval,7d4a74a88d2cac93b513c0853bf92c260eaceea0,49365d527202f179b93e478f5b32107eb92aaa3f,20261009
0402.parquet:92,RAISE_REAL,000008105.tiff,0402.parquet,92,LCM_lora_ssd1b,RAISE,0,CompEval,test,LatDiff,TIFF,4928x3264,RGB,False,,OwensLab/CommunityForensics-Eval,default,CompEval,7d4a74a88d2cac93b513c0853bf92c260eaceea0,49365d527202f179b93e478f5b32107eb92aaa3f,20261009
0403.parquet:8,RAISE_REAL,000008111.tiff,0403.parquet,8,LCM_lora_ssd1b,RAISE,0,CompEval,test,LatDiff,TIFF,4928x3264,RGB,False,,OwensLab/CommunityForensics-Eval,default,CompEval,7d4a74a88d2cac93b513c0853bf92c260eaceea0,49365d527202f179b93e478f5b32107eb92aaa3f,20261009
0321.parquet:106,RAISE_REAL,000000906.tiff,0321.parquet,106,DeciDiffusionV2,RAISE,0,CompEval,test,LatDiff,TIFF,3264x4928,RGB,False,,OwensLab/CommunityForensics-Eval,default,CompEval,7d4a74a88d2cac93b513c0853bf92c260eaceea0,49365d527202f179b93e478f5b32107eb92aaa3f,20261009
0398.parquet:31,RAISE_REAL,000005398.tiff,0398.parquet,31,LCM_lora_ssd1b,RAISE,0,CompEval,test,LatDiff,TIFF,4928x3264,RGB,False,,OwensLab/CommunityForensics-Eval,default,CompEval,7d4a74a88d2cac93b513c0853bf92c260eaceea0,49365d527202f179b93e478f5b32107eb92aaa3f,20261009
0379.parquet:39,RAISE_REAL,000001485.tiff,0379.parquet,39,LCM_lora_sdxl,RAISE,0,CompEval,test,LatDiff,TIFF,4928x3264,RGB,False,,OwensLab/CommunityForensics-Eval,default,CompEval,7d4a74a88d2cac93b513c0853bf92c260eaceea0,49365d527202f179b93e478f5b32107eb92aaa3f,20261009
0268.parquet:119,RAISE_REAL,000004618.tiff,0268.parquet,119,GALIP,RAISE,0,CompEval,test,GAN,TIFF,4928x3264,RGB,False,,OwensLab/CommunityForensics-Eval,default,CompEval,7d4a74a88d2cac93b513c0853bf92c260eaceea0,49365d527202f179b93e478f5b32107eb92aaa3f,20261009
0374.parquet:79,RAISE_REAL,000001263.tiff,0374.parquet,79,LCM_lora_sdxl,RAISE,0,CompEval,test,LatDiff,TIFF,4928x3264,RGB,False,,OwensLab/CommunityForensics-Eval,default,CompEval,7d4a74a88d2cac93b513c0853bf92c260eaceea0,49365d527202f179b93e478f5b32107eb92aaa3f,20261009
0093.parquet:120,RAISE_REAL,000001237.tiff,0093.parquet,120,kvikontent_midjourney_v6,RAISE,0,CompEval,test,LatDiff,TIFF,4928x3264,RGB,False,,OwensLab/CommunityForensics-Eval,default,CompEval,7d4a74a88d2cac93b513c0853bf92c260eaceea0,49365d527202f179b93e478f5b32107eb92aaa3f,20261009
0165.parquet:108,RAISE_REAL,000006916.tiff,0165.parquet,108,kandinsky_2_2,RAISE,0,CompEval,test,LatDiff,TIFF,4928x3264,RGB,False,,OwensLab/CommunityForensics-Eval,default,CompEval,7d4a74a88d2cac93b513c0853bf92c260eaceea0,49365d527202f179b93e478f5b32107eb92aaa3f,20261009
0310.parquet:79,RAISE_REAL,000001022.tiff,0310.parquet,79,DeciDiffusionV2,RAISE,0,CompEval,test,LatDiff,TIFF,4928x3264,RGB,False,,OwensLab/CommunityForensics-Eval,default,CompEval,7d4a74a88d2cac93b513c0853bf92c260eaceea0,49365d527202f179b93e478f5b32107eb92aaa3f,20261009
0222.parquet:44,RAISE_REAL,000001207.tiff,0222.parquet,44,kvikontent_midjourney_v6,RAISE,0,CompEval,test,LatDiff,TIFF,4928x3264,RGB,False,,OwensLab/CommunityForensics-Eval,default,CompEval,7d4a74a88d2cac93b513c0853bf92c260eaceea0,49365d527202f179b93e478f5b32107eb92aaa3f,20261009
0268.parquet:93,RAISE_REAL,000002137.tiff,0268.parquet,93,GALIP,RAISE,0,CompEval,test,GAN,TIFF,2848x4288,RGB,False,,OwensLab/CommunityForensics-Eval,default,CompEval,7d4a74a88d2cac93b513c0853bf92c260eaceea0,49365d527202f179b93e478f5b32107eb92aaa3f,20261009
0377.parquet:32,RAISE_REAL,000000099.tiff,0377.parquet,32,LCM_lora_sdxl,RAISE,0,CompEval,test,LatDiff,TIFF,4928x3264,RGB,False,,OwensLab/CommunityForensics-Eval,default,CompEval,7d4a74a88d2cac93b513c0853bf92c260eaceea0,49365d527202f179b93e478f5b32107eb92aaa3f,20261009
0400.parquet:71,RAISE_REAL,000000363.tiff,0400.parquet,71,LCM_lora_ssd1b,RAISE,0,CompEval,test,LatDiff,TIFF,4928x3264,RGB,False,,OwensLab/CommunityForensics-Eval,default,CompEval,7d4a74a88d2cac93b513c0853bf92c260eaceea0,49365d527202f179b93e478f5b32107eb92aaa3f,20261009
0222.parquet:51,RAISE_REAL,000005160.tiff,0222.parquet,51,kvikontent_midjourney_v6,RAISE,0,CompEval,test,LatDiff,TIFF,4928x3264,RGB,False,,OwensLab/CommunityForensics-Eval,default,CompEval,7d4a74a88d2cac93b513c0853bf92c260eaceea0,49365d527202f179b93e478f5b32107eb92aaa3f,20261009
0113.parquet:60,RAISE_REAL,000004151.tiff,0113.parquet,60,LCM_lora_sdv15,RAISE,0,CompEval,test,LatDiff,TIFF,4928x3264,RGB,False,,OwensLab/CommunityForensics-Eval,default,CompEval,7d4a74a88d2cac93b513c0853bf92c260eaceea0,49365d527202f179b93e478f5b32107eb92aaa3f,20261009
0257.parquet:89,RAISE_REAL,000006256.tiff,0257.parquet,89,stable_cascade,RAISE,0,CompEval,test,Other,TIFF,4928x3264,RGB,False,,OwensLab/CommunityForensics-Eval,default,CompEval,7d4a74a88d2cac93b513c0853bf92c260eaceea0,49365d527202f179b93e478f5b32107eb92aaa3f,20261009
0310.parquet:76,RAISE_REAL,000001842.tiff,0310.parquet,76,DeciDiffusionV2,RAISE,0,CompEval,test,LatDiff,TIFF,4928x3264,RGB,False,,OwensLab/CommunityForensics-Eval,default,CompEval,7d4a74a88d2cac93b513c0853bf92c260eaceea0,49365d527202f179b93e478f5b32107eb92aaa3f,20261009
0259.parquet:1,RAISE_REAL,000005803.tiff,0259.parquet,1,stable_cascade,RAISE,0,CompEval,test,Other,TIFF,4928x3264,RGB,False,,OwensLab/CommunityForensics-Eval,default,CompEval,7d4a74a88d2cac93b513c0853bf92c260eaceea0,49365d527202f179b93e478f5b32107eb92aaa3f,20261009
0118.parquet:114,RAISE_REAL,000006540.tiff,0118.parquet,114,LCM_lora_sdv15,RAISE,0,CompEval,test,LatDiff,TIFF,3264x4928,RGB,False,,OwensLab/CommunityForensics-Eval,default,CompEval,7d4a74a88d2cac93b513c0853bf92c260eaceea0,49365d527202f179b93e478f5b32107eb92aaa3f,20261009
0258.parquet:105,RAISE_REAL,000002706.tiff,0258.parquet,105,stable_cascade,RAISE,0,CompEval,test,Other,TIFF,4288x2848,RGB,False,,OwensLab/CommunityForensics-Eval,default,CompEval,7d4a74a88d2cac93b513c0853bf92c260eaceea0,49365d527202f179b93e478f5b32107eb92aaa3f,20261009
0088.parquet:112,RAISE_REAL,000006769.tiff,0088.parquet,112,kvikontent_midjourney_v6,RAISE,0,CompEval,test,LatDiff,TIFF,4928x3264,RGB,False,,OwensLab/CommunityForensics-Eval,default,CompEval,7d4a74a88d2cac93b513c0853bf92c260eaceea0,49365d527202f179b93e478f5b32107eb92aaa3f,20261009
0015.parquet:107,RAISE_REAL,000004913.tiff,0015.parquet,107,kandinsky_2_2,RAISE,0,CompEval,test,LatDiff,TIFF,4928x3264,RGB,False,,OwensLab/CommunityForensics-Eval,default,CompEval,7d4a74a88d2cac93b513c0853bf92c260eaceea0,49365d527202f179b93e478f5b32107eb92aaa3f,20261009
0380.parquet:76,RAISE_REAL,000005447.tiff,0380.parquet,76,LCM_lora_sdxl,RAISE,0,CompEval,test,LatDiff,TIFF,4928x3264,RGB,False,,OwensLab/CommunityForensics-Eval,default,CompEval,7d4a74a88d2cac93b513c0853bf92c260eaceea0,49365d527202f179b93e478f5b32107eb92aaa3f,20261009
0258.parquet:16,RAISE_REAL,000004947.tiff,0258.parquet,16,stable_cascade,RAISE,0,CompEval,test,Other,TIFF,3264x4928,RGB,False,,OwensLab/CommunityForensics-Eval,default,CompEval,7d4a74a88d2cac93b513c0853bf92c260eaceea0,49365d527202f179b93e478f5b32107eb92aaa3f,20261009
0270.parquet:2,RAISE_REAL,000006174.tiff,0270.parquet,2,GALIP,RAISE,0,CompEval,test,GAN,TIFF,4928x3264,RGB,False,,OwensLab/CommunityForensics-Eval,default,CompEval,7d4a74a88d2cac93b513c0853bf92c260eaceea0,49365d527202f179b93e478f5b32107eb92aaa3f,20261009
0088.parquet:25,RAISE_REAL,000005622.tiff,0088.parquet,25,kvikontent_midjourney_v6,RAISE,0,CompEval,test,LatDiff,TIFF,4928x3264,RGB,False,,OwensLab/CommunityForensics-Eval,default,CompEval,7d4a74a88d2cac93b513c0853bf92c260eaceea0,49365d527202f179b93e478f5b32107eb92aaa3f,20261009
0399.parquet:56,RAISE_REAL,000006879.tiff,0399.parquet,56,LCM_lora_ssd1b,RAISE,0,CompEval,test,LatDiff,TIFF,4928x3264,RGB,False,,OwensLab/CommunityForensics-Eval,default,CompEval,7d4a74a88d2cac93b513c0853bf92c260eaceea0,49365d527202f179b93e478f5b32107eb92aaa3f,20261009
0161.parquet:42,RAISE_REAL,000005650.tiff,0161.parquet,42,kandinsky_2_2,RAISE,0,CompEval,test,LatDiff,TIFF,4928x3264,RGB,False,,OwensLab/CommunityForensics-Eval,default,CompEval,7d4a74a88d2cac93b513c0853bf92c260eaceea0,49365d527202f179b93e478f5b32107eb92aaa3f,20261009
0323.parquet:24,RAISE_REAL,000005228.tiff,0323.parquet,24,DeciDiffusionV2,RAISE,0,CompEval,test,LatDiff,TIFF,3264x4928,RGB,False,,OwensLab/CommunityForensics-Eval,default,CompEval,7d4a74a88d2cac93b513c0853bf92c260eaceea0,49365d527202f179b93e478f5b32107eb92aaa3f,20261009
0089.parquet:42,RAISE_REAL,000006118.tiff,0089.parquet,42,kvikontent_midjourney_v6,RAISE,0,CompEval,test,LatDiff,TIFF,4928x3264,RGB,False,,OwensLab/CommunityForensics-Eval,default,CompEval,7d4a74a88d2cac93b513c0853bf92c260eaceea0,49365d527202f179b93e478f5b32107eb92aaa3f,20261009
0322.parquet:101,RAISE_REAL,000005104.tiff,0322.parquet,101,DeciDiffusionV2,RAISE,0,CompEval,test,LatDiff,TIFF,4928x3264,RGB,False,,OwensLab/CommunityForensics-Eval,default,CompEval,7d4a74a88d2cac93b513c0853bf92c260eaceea0,49365d527202f179b93e478f5b32107eb92aaa3f,20261009
0117.parquet:88,RAISE_REAL,000008054.tiff,0117.parquet,88,LCM_lora_sdv15,RAISE,0,CompEval,test,LatDiff,TIFF,4928x3264,RGB,False,,OwensLab/CommunityForensics-Eval,default,CompEval,7d4a74a88d2cac93b513c0853bf92c260eaceea0,49365d527202f179b93e478f5b32107eb92aaa3f,20261009
0255.parquet:100,RAISE_REAL,000001801.tiff,0255.parquet,100,stable_cascade,RAISE,0,CompEval,test,Other,TIFF,4928x3264,RGB,False,,OwensLab/CommunityForensics-Eval,default,CompEval,7d4a74a88d2cac93b513c0853bf92c260eaceea0,49365d527202f179b93e478f5b32107eb92aaa3f,20261009
0166.parquet:106,RAISE_REAL,000001060.tiff,0166.parquet,106,kandinsky_2_2,RAISE,0,CompEval,test,LatDiff,TIFF,4928x3264,RGB,False,,OwensLab/CommunityForensics-Eval,default,CompEval,7d4a74a88d2cac93b513c0853bf92c260eaceea0,49365d527202f179b93e478f5b32107eb92aaa3f,20261009
0404.parquet:34,RAISE_REAL,000002540.tiff,0404.parquet,34,LCM_lora_ssd1b,RAISE,0,CompEval,test,LatDiff,TIFF,4288x2848,RGB,False,,OwensLab/CommunityForensics-Eval,default,CompEval,7d4a74a88d2cac93b513c0853bf92c260eaceea0,49365d527202f179b93e478f5b32107eb92aaa3f,20261009
0222.parquet:61,RAISE_REAL,000004409.tiff,0222.parquet,61,kvikontent_midjourney_v6,RAISE,0,CompEval,test,LatDiff,TIFF,4928x3264,RGB,False,,OwensLab/CommunityForensics-Eval,default,CompEval,7d4a74a88d2cac93b513c0853bf92c260eaceea0,49365d527202f179b93e478f5b32107eb92aaa3f,20261009
0315.parquet:44,RAISE_REAL,000006346.tiff,0315.parquet,44,DeciDiffusionV2,RAISE,0,CompEval,test,LatDiff,TIFF,4928x3264,RGB,False,,OwensLab/CommunityForensics-Eval,default,CompEval,7d4a74a88d2cac93b513c0853bf92c260eaceea0,49365d527202f179b93e478f5b32107eb92aaa3f,20261009
0041.parquet:32,RAISE_REAL,000003664.tiff,0041.parquet,32,GALIP,RAISE,0,CompEval,test,GAN,TIFF,4288x2848,RGB,False,,OwensLab/CommunityForensics-Eval,default,CompEval,7d4a74a88d2cac93b513c0853bf92c260eaceea0,49365d527202f179b93e478f5b32107eb92aaa3f,20261009
0219.parquet:54,RAISE_REAL,000005541.tiff,0219.parquet,54,kvikontent_midjourney_v6,RAISE,0,CompEval,test,LatDiff,TIFF,4928x3264,RGB,False,,OwensLab/CommunityForensics-Eval,default,CompEval,7d4a74a88d2cac93b513c0853bf92c260eaceea0,49365d527202f179b93e478f5b32107eb92aaa3f,20261009
0043.parquet:70,RAISE_REAL,000004745.tiff,0043.parquet,70,GALIP,RAISE,0,CompEval,test,GAN,TIFF,3264x4928,RGB,False,,OwensLab/CommunityForensics-Eval,default,CompEval,7d4a74a88d2cac93b513c0853bf92c260eaceea0,49365d527202f179b93e478f5b32107eb92aaa3f,20261009
0399.parquet:21,RAISE_REAL,000006643.tiff,0399.parquet,21,LCM_lora_ssd1b,RAISE,0,CompEval,test,LatDiff,TIFF,4928x3264,RGB,False,,OwensLab/CommunityForensics-Eval,default,CompEval,7d4a74a88d2cac93b513c0853bf92c260eaceea0,49365d527202f179b93e478f5b32107eb92aaa3f,20261009
0254.parquet:97,RAISE_REAL,000000601.tiff,0254.parquet,97,stable_cascade,RAISE,0,CompEval,test,Other,TIFF,4928x3264,RGB,False,,OwensLab/CommunityForensics-Eval,default,CompEval,7d4a74a88d2cac93b513c0853bf92c260eaceea0,49365d527202f179b93e478f5b32107eb92aaa3f,20261009
0325.parquet:69,RAISE_REAL,000007828.tiff,0325.parquet,69,DeciDiffusionV2,RAISE,0,CompEval,test,LatDiff,TIFF,4928x3264,RGB,False,,OwensLab/CommunityForensics-Eval,default,CompEval,7d4a74a88d2cac93b513c0853bf92c260eaceea0,49365d527202f179b93e478f5b32107eb92aaa3f,20261009
0364.parquet:108,RAISE_REAL,000004765.tiff,0364.parquet,108,LCM_lora_sdv15,RAISE,0,CompEval,test,LatDiff,TIFF,4928x3264,RGB,False,,OwensLab/CommunityForensics-Eval,default,CompEval,7d4a74a88d2cac93b513c0853bf92c260eaceea0,49365d527202f179b93e478f5b32107eb92aaa3f,20261009
0243.parquet:100,RAISE_REAL,000001840.tiff,0243.parquet,100,kandinsky_2_2,RAISE,0,CompEval,test,LatDiff,TIFF,4928x3264,RGB,False,,OwensLab/CommunityForensics-Eval,default,CompEval,7d4a74a88d2cac93b513c0853bf92c260eaceea0,49365d527202f179b93e478f5b32107eb92aaa3f,20261009
0117.parquet:36,RAISE_REAL,000005965.tiff,0117.parquet,36,LCM_lora_sdv15,RAISE,0,CompEval,test,LatDiff,TIFF,4928x3264,RGB,False,,OwensLab/CommunityForensics-Eval,default,CompEval,7d4a74a88d2cac93b513c0853bf92c260eaceea0,49365d527202f179b93e478f5b32107eb92aaa3f,20261009
0041.parquet:107,RAISE_REAL,000002752.tiff,0041.parquet,107,GALIP,RAISE,0,CompEval,test,GAN,TIFF,4288x2848,RGB,False,,OwensLab/CommunityForensics-Eval,default,CompEval,7d4a74a88d2cac93b513c0853bf92c260eaceea0,49365d527202f179b93e478f5b32107eb92aaa3f,20261009
0063.parquet:88,RAISE_REAL,000006943.tiff,0063.parquet,88,LCM_lora_sdxl,RAISE,0,CompEval,test,LatDiff,TIFF,4928x3264,RGB,False,,OwensLab/CommunityForensics-Eval,default,CompEval,7d4a74a88d2cac93b513c0853bf92c260eaceea0,49365d527202f179b93e478f5b32107eb92aaa3f,20261009
0255.parquet:116,RAISE_REAL,000002506.tiff,0255.parquet,116,stable_cascade,RAISE,0,CompEval,test,Other,TIFF,4288x2848,RGB,False,,OwensLab/CommunityForensics-Eval,default,CompEval,7d4a74a88d2cac93b513c0853bf92c260eaceea0,49365d527202f179b93e478f5b32107eb92aaa3f,20261009
0323.parquet:23,RAISE_REAL,000007283.tiff,0323.parquet,23,DeciDiffusionV2,RAISE,0,CompEval,test,LatDiff,TIFF,4928x3264,RGB,False,,OwensLab/CommunityForensics-Eval,default,CompEval,7d4a74a88d2cac93b513c0853bf92c260eaceea0,49365d527202f179b93e478f5b32107eb92aaa3f,20261009
0376.parquet:117,RAISE_REAL,000000876.tiff,0376.parquet,117,LCM_lora_sdxl,RAISE,0,CompEval,test,LatDiff,TIFF,4928x3264,RGB,False,,OwensLab/CommunityForensics-Eval,default,CompEval,7d4a74a88d2cac93b513c0853bf92c260eaceea0,49365d527202f179b93e478f5b32107eb92aaa3f,20261009
0378.parquet:95,RAISE_REAL,000004511.tiff,0378.parquet,95,LCM_lora_sdxl,RAISE,0,CompEval,test,LatDiff,TIFF,4928x3264,RGB,False,,OwensLab/CommunityForensics-Eval,default,CompEval,7d4a74a88d2cac93b513c0853bf92c260eaceea0,49365d527202f179b93e478f5b32107eb92aaa3f,20261009
0404.parquet:49,RAISE_REAL,000007886.tiff,0404.parquet,49,LCM_lora_ssd1b,RAISE,0,CompEval,test,LatDiff,TIFF,4928x3264,RGB,False,,OwensLab/CommunityForensics-Eval,default,CompEval,7d4a74a88d2cac93b513c0853bf92c260eaceea0,49365d527202f179b93e478f5b32107eb92aaa3f,20261009
0256.parquet:30,RAISE_REAL,000003332.tiff,0256.parquet,30,stable_cascade,RAISE,0,CompEval,test,Other,TIFF,4288x2848,RGB,False,,OwensLab/CommunityForensics-Eval,default,CompEval,7d4a74a88d2cac93b513c0853bf92c260eaceea0,49365d527202f179b93e478f5b32107eb92aaa3f,20261009
0400.parquet:113,RAISE_REAL,000005403.tiff,0400.parquet,113,LCM_lora_ssd1b,RAISE,0,CompEval,test,LatDiff,TIFF,4928x3264,RGB,False,,OwensLab/CommunityForensics-Eval,default,CompEval,7d4a74a88d2cac93b513c0853bf92c260eaceea0,49365d527202f179b93e478f5b32107eb92aaa3f,20261009
0398.parquet:115,RAISE_REAL,000002971.tiff,0398.parquet,115,LCM_lora_ssd1b,RAISE,0,CompEval,test,LatDiff,TIFF,4288x2848,RGB,False,,OwensLab/CommunityForensics-Eval,default,CompEval,7d4a74a88d2cac93b513c0853bf92c260eaceea0,49365d527202f179b93e478f5b32107eb92aaa3f,20261009
0315.parquet:58,RAISE_REAL,000002171.tiff,0315.parquet,58,DeciDiffusionV2,RAISE,0,CompEval,test,LatDiff,TIFF,2848x4288,RGB,False,,OwensLab/CommunityForensics-Eval,default,CompEval,7d4a74a88d2cac93b513c0853bf92c260eaceea0,49365d527202f179b93e478f5b32107eb92aaa3f,20261009
0374.parquet:16,RAISE_REAL,000006091.tiff,0374.parquet,16,LCM_lora_sdxl,RAISE,0,CompEval,test,LatDiff,TIFF,3264x4928,RGB,False,,OwensLab/CommunityForensics-Eval,default,CompEval,7d4a74a88d2cac93b513c0853bf92c260eaceea0,49365d527202f179b93e478f5b32107eb92aaa3f,20261009
0261.parquet:26,RAISE_REAL,000004082.tiff,0261.parquet,26,stable_cascade,RAISE,0,CompEval,test,Other,TIFF,4928x3264,RGB,False,,OwensLab/CommunityForensics-Eval,default,CompEval,7d4a74a88d2cac93b513c0853bf92c260eaceea0,49365d527202f179b93e478f5b32107eb92aaa3f,20261009
0044.parquet:92,RAISE_REAL,000006104.tiff,0044.parquet,92,GALIP,RAISE,0,CompEval,test,GAN,TIFF,4928x3264,RGB,False,,OwensLab/CommunityForensics-Eval,default,CompEval,7d4a74a88d2cac93b513c0853bf92c260eaceea0,49365d527202f179b93e478f5b32107eb92aaa3f,20261009
0221.parquet:124,RAISE_REAL,000006021.tiff,0221.parquet,124,kvikontent_midjourney_v6,RAISE,0,CompEval,test,LatDiff,TIFF,3264x4928,RGB,False,,OwensLab/CommunityForensics-Eval,default,CompEval,7d4a74a88d2cac93b513c0853bf92c260eaceea0,49365d527202f179b93e478f5b32107eb92aaa3f,20261009
0380.parquet:43,RAISE_REAL,000005966.tiff,0380.parquet,43,LCM_lora_sdxl,RAISE,0,CompEval,test,LatDiff,TIFF,4928x3264,RGB,False,,OwensLab/CommunityForensics-Eval,default,CompEval,7d4a74a88d2cac93b513c0853bf92c260eaceea0,49365d527202f179b93e478f5b32107eb92aaa3f,20261009
0321.parquet:80,RAISE_REAL,000002590.tiff,0321.parquet,80,DeciDiffusionV2,RAISE,0,CompEval,test,LatDiff,TIFF,2848x4288,RGB,False,,OwensLab/CommunityForensics-Eval,default,CompEval,7d4a74a88d2cac93b513c0853bf92c260eaceea0,49365d527202f179b93e478f5b32107eb92aaa3f,20261009
0160.parquet:53,RAISE_REAL,000006966.tiff,0160.parquet,53,kandinsky_2_2,RAISE,0,CompEval,test,LatDiff,TIFF,4928x3264,RGB,False,,OwensLab/CommunityForensics-Eval,default,CompEval,7d4a74a88d2cac93b513c0853bf92c260eaceea0,49365d527202f179b93e478f5b32107eb92aaa3f,20261009
0114.parquet:45,RAISE_REAL,000003013.tiff,0114.parquet,45,LCM_lora_sdv15,RAISE,0,CompEval,test,LatDiff,TIFF,4288x2848,RGB,False,,OwensLab/CommunityForensics-Eval,default,CompEval,7d4a74a88d2cac93b513c0853bf92c260eaceea0,49365d527202f179b93e478f5b32107eb92aaa3f,20261009
0258.parquet:41,RAISE_REAL,000007668.tiff,0258.parquet,41,stable_cascade,RAISE,0,CompEval,test,Other,TIFF,4928x3264,RGB,False,,OwensLab/CommunityForensics-Eval,default,CompEval,7d4a74a88d2cac93b513c0853bf92c260eaceea0,49365d527202f179b93e478f5b32107eb92aaa3f,20261009
0379.parquet:8,RAISE_REAL,000008023.tiff,0379.parquet,8,LCM_lora_sdxl,RAISE,0,CompEval,test,LatDiff,TIFF,3264x4928,RGB,False,,OwensLab/CommunityForensics-Eval,default,CompEval,7d4a74a88d2cac93b513c0853bf92c260eaceea0,49365d527202f179b93e478f5b32107eb92aaa3f,20261009
0269.parquet:122,RAISE_REAL,000005738.tiff,0269.parquet,122,GALIP,RAISE,0,CompEval,test,GAN,TIFF,4928x3264,RGB,False,,OwensLab/CommunityForensics-Eval,default,CompEval,7d4a74a88d2cac93b513c0853bf92c260eaceea0,49365d527202f179b93e478f5b32107eb92aaa3f,20261009
0095.parquet:112,RAISE_REAL,000004146.tiff,0095.parquet,112,stable_cascade,RAISE,0,CompEval,test,Other,TIFF,4928x3264,RGB,False,,OwensLab/CommunityForensics-Eval,default,CompEval,7d4a74a88d2cac93b513c0853bf92c260eaceea0,49365d527202f179b93e478f5b32107eb92aaa3f,20261009
0325.parquet:34,RAISE_REAL,000000647.tiff,0325.parquet,34,DeciDiffusionV2,RAISE,0,CompEval,test,LatDiff,TIFF,4928x3264,RGB,False,,OwensLab/CommunityForensics-Eval,default,CompEval,7d4a74a88d2cac93b513c0853bf92c260eaceea0,49365d527202f179b93e478f5b32107eb92aaa3f,20261009
0093.parquet:8,RAISE_REAL,000004647.tiff,0093.parquet,8,kvikontent_midjourney_v6,RAISE,0,CompEval,test,LatDiff,TIFF,4928x3264,RGB,False,,OwensLab/CommunityForensics-Eval,default,CompEval,7d4a74a88d2cac93b513c0853bf92c260eaceea0,49365d527202f179b93e478f5b32107eb92aaa3f,20261009
0116.parquet:112,RAISE_REAL,000002719.tiff,0116.parquet,112,LCM_lora_sdv15,RAISE,0,CompEval,test,LatDiff,TIFF,4288x2848,RGB,False,,OwensLab/CommunityForensics-Eval,default,CompEval,7d4a74a88d2cac93b513c0853bf92c260eaceea0,49365d527202f179b93e478f5b32107eb92aaa3f,20261009
0261.parquet:30,RAISE_REAL,000007481.tiff,0261.parquet,30,stable_cascade,RAISE,0,CompEval,test,Other,TIFF,4928x3264,RGB,False,,OwensLab/CommunityForensics-Eval,default,CompEval,7d4a74a88d2cac93b513c0853bf92c260eaceea0,49365d527202f179b93e478f5b32107eb92aaa3f,20261009
0166.parquet:56,RAISE_REAL,000002129.tiff,0166.parquet,56,kandinsky_2_2,RAISE,0,CompEval,test,LatDiff,TIFF,4288x2848,RGB,False,,OwensLab/CommunityForensics-Eval,default,CompEval,7d4a74a88d2cac93b513c0853bf92c260eaceea0,49365d527202f179b93e478f5b32107eb92aaa3f,20261009
0258.parquet:59,RAISE_REAL,000004305.tiff,0258.parquet,59,stable_cascade,RAISE,0,CompEval,test,Other,TIFF,4928x3264,RGB,False,,OwensLab/CommunityForensics-Eval,default,CompEval,7d4a74a88d2cac93b513c0853bf92c260eaceea0,49365d527202f179b93e478f5b32107eb92aaa3f,20261009
0254.parquet:65,RAISE_REAL,000000132.tiff,0254.parquet,65,stable_cascade,RAISE,0,CompEval,test,Other,TIFF,3008x2000,RGB,False,,OwensLab/CommunityForensics-Eval,default,CompEval,7d4a74a88d2cac93b513c0853bf92c260eaceea0,49365d527202f179b93e478f5b32107eb92aaa3f,20261009
0119.parquet:54,RAISE_REAL,000000971.tiff,0119.parquet,54,LCM_lora_sdv15,RAISE,0,CompEval,test,LatDiff,TIFF,4928x3264,RGB,False,,OwensLab/CommunityForensics-Eval,default,CompEval,7d4a74a88d2cac93b513c0853bf92c260eaceea0,49365d527202f179b93e478f5b32107eb92aaa3f,20261009
0373.parquet:73,RAISE_REAL,000006831.tiff,0373.parquet,73,LCM_lora_sdxl,RAISE,0,CompEval,test,LatDiff,TIFF,4928x3264,RGB,False,,OwensLab/CommunityForensics-Eval,default,CompEval,7d4a74a88d2cac93b513c0853bf92c260eaceea0,49365d527202f179b93e478f5b32107eb92aaa3f,20261009
0399.parquet:16,RAISE_REAL,000000316.tiff,0399.parquet,16,LCM_lora_ssd1b,RAISE,0,CompEval,test,LatDiff,TIFF,4928x3264,RGB,False,,OwensLab/CommunityForensics-Eval,default,CompEval,7d4a74a88d2cac93b513c0853bf92c260eaceea0,49365d527202f179b93e478f5b32107eb92aaa3f,20261009
0164.parquet:19,RAISE_REAL,000005510.tiff,0164.parquet,19,kandinsky_2_2,RAISE,0,CompEval,test,LatDiff,TIFF,4928x3264,RGB,False,,OwensLab/CommunityForensics-Eval,default,CompEval,7d4a74a88d2cac93b513c0853bf92c260eaceea0,49365d527202f179b93e478f5b32107eb92aaa3f,20261009
0323.parquet:69,RAISE_REAL,000005314.tiff,0323.parquet,69,DeciDiffusionV2,RAISE,0,CompEval,test,LatDiff,TIFF,4928x3264,RGB,False,,OwensLab/CommunityForensics-Eval,default,CompEval,7d4a74a88d2cac93b513c0853bf92c260eaceea0,49365d527202f179b93e478f5b32107eb92aaa3f,20261009
0257.parquet:100,RAISE_REAL,000002632.tiff,0257.parquet,100,stable_cascade,RAISE,0,CompEval,test,Other,TIFF,4288x2848,RGB,False,,OwensLab/CommunityForensics-Eval,default,CompEval,7d4a74a88d2cac93b513c0853bf92c260eaceea0,49365d527202f179b93e478f5b32107eb92aaa3f,20261009
0112.parquet:32,RAISE_REAL,000000121.tiff,0112.parquet,32,LCM_lora_sdv15,RAISE,0,CompEval,test,LatDiff,TIFF,3008x2000,RGB,False,,OwensLab/CommunityForensics-Eval,default,CompEval,7d4a74a88d2cac93b513c0853bf92c260eaceea0,49365d527202f179b93e478f5b32107eb92aaa3f,20261009
0269.parquet:104,RAISE_REAL,000006564.tiff,0269.parquet,104,GALIP,RAISE,0,CompEval,test,GAN,TIFF,3264x4928,RGB,False,,OwensLab/CommunityForensics-Eval,default,CompEval,7d4a74a88d2cac93b513c0853bf92c260eaceea0,49365d527202f179b93e478f5b32107eb92aaa3f,20261009
0045.parquet:54,RAISE_REAL,000004681.tiff,0045.parquet,54,GALIP,RAISE,0,CompEval,test,GAN,TIFF,4928x3264,RGB,False,,OwensLab/CommunityForensics-Eval,default,CompEval,7d4a74a88d2cac93b513c0853bf92c260eaceea0,49365d527202f179b93e478f5b32107eb92aaa3f,20261009
0040.parquet:11,RAISE_REAL,000000966.tiff,0040.parquet,11,GALIP,RAISE,0,CompEval,test,GAN,TIFF,4928x3264,RGB,False,,OwensLab/CommunityForensics-Eval,default,CompEval,7d4a74a88d2cac93b513c0853bf92c260eaceea0,49365d527202f179b93e478f5b32107eb92aaa3f,20261009
0089.parquet:55,RAISE_REAL,000004666.tiff,0089.parquet,55,kvikontent_midjourney_v6,RAISE,0,CompEval,test,LatDiff,TIFF,4928x3264,RGB,False,,OwensLab/CommunityForensics-Eval,default,CompEval,7d4a74a88d2cac93b513c0853bf92c260eaceea0,49365d527202f179b93e478f5b32107eb92aaa3f,20261009
0166.parquet:41,RAISE_REAL,000004952.tiff,0166.parquet,41,kandinsky_2_2,RAISE,0,CompEval,test,LatDiff,TIFF,3264x4928,RGB,False,,OwensLab/CommunityForensics-Eval,default,CompEval,7d4a74a88d2cac93b513c0853bf92c260eaceea0,49365d527202f179b93e478f5b32107eb92aaa3f,20261009
0165.parquet:91,RAISE_REAL,000005194.tiff,0165.parquet,91,kandinsky_2_2,RAISE,0,CompEval,test,LatDiff,TIFF,4928x3264,RGB,False,,OwensLab/CommunityForensics-Eval,default,CompEval,7d4a74a88d2cac93b513c0853bf92c260eaceea0,49365d527202f179b93e478f5b32107eb92aaa3f,20261009
0309.parquet:124,RAISE_REAL,000007780.tiff,0309.parquet,124,DeciDiffusionV2,RAISE,0,CompEval,test,LatDiff,TIFF,4928x3264,RGB,False,,OwensLab/CommunityForensics-Eval,default,CompEval,7d4a74a88d2cac93b513c0853bf92c260eaceea0,49365d527202f179b93e478f5b32107eb92aaa3f,20261009
0374.parquet:117,RAISE_REAL,000007314.tiff,0374.parquet,117,LCM_lora_sdxl,RAISE,0,CompEval,test,LatDiff,TIFF,4928x3264,RGB,False,,OwensLab/CommunityForensics-Eval,default,CompEval,7d4a74a88d2cac93b513c0853bf92c260eaceea0,49365d527202f179b93e478f5b32107eb92aaa3f,20261009
0319.parquet:77,RAISE_REAL,000003723.tiff,0319.parquet,77,DeciDiffusionV2,RAISE,0,CompEval,test,LatDiff,TIFF,4288x2848,RGB,False,,OwensLab/CommunityForensics-Eval,default,CompEval,7d4a74a88d2cac93b513c0853bf92c260eaceea0,49365d527202f179b93e478f5b32107eb92aaa3f,20261009
0322.parquet:40,RAISE_REAL,000003101.tiff,0322.parquet,40,DeciDiffusionV2,RAISE,0,CompEval,test,LatDiff,TIFF,4288x2848,RGB,False,,OwensLab/CommunityForensics-Eval,default,CompEval,7d4a74a88d2cac93b513c0853bf92c260eaceea0,49365d527202f179b93e478f5b32107eb92aaa3f,20261009
0319.parquet:46,RAISE_REAL,000002488.tiff,0319.parquet,46,DeciDiffusionV2,RAISE,0,CompEval,test,LatDiff,TIFF,2848x4288,RGB,False,,OwensLab/CommunityForensics-Eval,default,CompEval,7d4a74a88d2cac93b513c0853bf92c260eaceea0,49365d527202f179b93e478f5b32107eb92aaa3f,20261009
0164.parquet:0,RAISE_REAL,000005378.tiff,0164.parquet,0,kandinsky_2_2,RAISE,0,CompEval,test,LatDiff,TIFF,3264x4928,RGB,False,,OwensLab/CommunityForensics-Eval,default,CompEval,7d4a74a88d2cac93b513c0853bf92c260eaceea0,49365d527202f179b93e478f5b32107eb92aaa3f,20261009
0219.parquet:27,RAISE_REAL,000006587.tiff,0219.parquet,27,kvikontent_midjourney_v6,RAISE,0,CompEval,test,LatDiff,TIFF,4928x3264,RGB,False,,OwensLab/CommunityForensics-Eval,default,CompEval,7d4a74a88d2cac93b513c0853bf92c260eaceea0,49365d527202f179b93e478f5b32107eb92aaa3f,20261009
0401.parquet:116,RAISE_REAL,000004844.tiff,0401.parquet,116,LCM_lora_ssd1b,RAISE,0,CompEval,test,LatDiff,TIFF,4928x3264,RGB,False,,OwensLab/CommunityForensics-Eval,default,CompEval,7d4a74a88d2cac93b513c0853bf92c260eaceea0,49365d527202f179b93e478f5b32107eb92aaa3f,20261009
0095.parquet:84,RAISE_REAL,000001455.tiff,0095.parquet,84,kvikontent_midjourney_v6,RAISE,0,CompEval,test,LatDiff,TIFF,4928x3264,RGB,False,,OwensLab/CommunityForensics-Eval,default,CompEval,7d4a74a88d2cac93b513c0853bf92c260eaceea0,49365d527202f179b93e478f5b32107eb92aaa3f,20261009
0041.parquet:103,RAISE_REAL,000000005.tiff,0041.parquet,103,GALIP,RAISE,0,CompEval,test,GAN,TIFF,2848x4288,RGB,False,,OwensLab/CommunityForensics-Eval,default,CompEval,7d4a74a88d2cac93b513c0853bf92c260eaceea0,49365d527202f179b93e478f5b32107eb92aaa3f,20261009
0325.parquet:39,RAISE_REAL,000007757.tiff,0325.parquet,39,DeciDiffusionV2,RAISE,0,CompEval,test,LatDiff,TIFF,4928x3264,RGB,False,,OwensLab/CommunityForensics-Eval,default,CompEval,7d4a74a88d2cac93b513c0853bf92c260eaceea0,49365d527202f179b93e478f5b32107eb92aaa3f,20261009
0378.parquet:65,RAISE_REAL,000005551.tiff,0378.parquet,65,LCM_lora_sdxl,RAISE,0,CompEval,test,LatDiff,TIFF,3264x4928,RGB,False,,OwensLab/CommunityForensics-Eval,default,CompEval,7d4a74a88d2cac93b513c0853bf92c260eaceea0,49365d527202f179b93e478f5b32107eb92aaa3f,20261009
0222.parquet:96,RAISE_REAL,000004705.tiff,0222.parquet,96,kvikontent_midjourney_v6,RAISE,0,CompEval,test,LatDiff,TIFF,4928x3264,RGB,False,,OwensLab/CommunityForensics-Eval,default,CompEval,7d4a74a88d2cac93b513c0853bf92c260eaceea0,49365d527202f179b93e478f5b32107eb92aaa3f,20261009
0093.parquet:43,RAISE_REAL,000000437.tiff,0093.parquet,43,kvikontent_midjourney_v6,RAISE,0,CompEval,test,LatDiff,TIFF,4288x2848,RGB,False,,OwensLab/CommunityForensics-Eval,default,CompEval,7d4a74a88d2cac93b513c0853bf92c260eaceea0,49365d527202f179b93e478f5b32107eb92aaa3f,20261009
0376.parquet:64,RAISE_REAL,000000198.tiff,0376.parquet,64,LCM_lora_sdxl,RAISE,0,CompEval,test,LatDiff,TIFF,4928x3264,RGB,False,,OwensLab/CommunityForensics-Eval,default,CompEval,7d4a74a88d2cac93b513c0853bf92c260eaceea0,49365d527202f179b93e478f5b32107eb92aaa3f,20261009
0364.parquet:65,RAISE_REAL,000002136.tiff,0364.parquet,65,LCM_lora_sdv15,RAISE,0,CompEval,test,LatDiff,TIFF,4288x2848,RGB,False,,OwensLab/CommunityForensics-Eval,default,CompEval,7d4a74a88d2cac93b513c0853bf92c260eaceea0,49365d527202f179b93e478f5b32107eb92aaa3f,20261009
0261.parquet:57,RAISE_REAL,000005040.tiff,0261.parquet,57,stable_cascade,RAISE,0,CompEval,test,Other,TIFF,4928x3264,RGB,False,,OwensLab/CommunityForensics-Eval,default,CompEval,7d4a74a88d2cac93b513c0853bf92c260eaceea0,49365d527202f179b93e478f5b32107eb92aaa3f,20261009
0258.parquet:5,RAISE_REAL,000003819.tiff,0258.parquet,5,stable_cascade,RAISE,0,CompEval,test,Other,TIFF,4288x2848,RGB,False,,OwensLab/CommunityForensics-Eval,default,CompEval,7d4a74a88d2cac93b513c0853bf92c260eaceea0,49365d527202f179b93e478f5b32107eb92aaa3f,20261009
0324.parquet:94,RAISE_REAL,000003454.tiff,0324.parquet,94,DeciDiffusionV2,RAISE,0,CompEval,test,LatDiff,TIFF,2848x4288,RGB,False,,OwensLab/CommunityForensics-Eval,default,CompEval,7d4a74a88d2cac93b513c0853bf92c260eaceea0,49365d527202f179b93e478f5b32107eb92aaa3f,20261009
0220.parquet:105,RAISE_REAL,000006960.tiff,0220.parquet,105,kvikontent_midjourney_v6,RAISE,0,CompEval,test,LatDiff,TIFF,4928x3264,RGB,False,,OwensLab/CommunityForensics-Eval,default,CompEval,7d4a74a88d2cac93b513c0853bf92c260eaceea0,49365d527202f179b93e478f5b32107eb92aaa3f,20261009
0261.parquet:43,RAISE_REAL,000002234.tiff,0261.parquet,43,stable_cascade,RAISE,0,CompEval,test,Other,TIFF,4288x2848,RGB,False,,OwensLab/CommunityForensics-Eval,default,CompEval,7d4a74a88d2cac93b513c0853bf92c260eaceea0,49365d527202f179b93e478f5b32107eb92aaa3f,20261009
0219.parquet:45,RAISE_REAL,000008044.tiff,0219.parquet,45,kvikontent_midjourney_v6,RAISE,0,CompEval,test,LatDiff,TIFF,4928x3264,RGB,False,,OwensLab/CommunityForensics-Eval,default,CompEval,7d4a74a88d2cac93b513c0853bf92c260eaceea0,49365d527202f179b93e478f5b32107eb92aaa3f,20261009
0160.parquet:124,RAISE_REAL,000008009.tiff,0160.parquet,124,kandinsky_2_2,RAISE,0,CompEval,test,LatDiff,TIFF,4928x3264,RGB,False,,OwensLab/CommunityForensics-Eval,default,CompEval,7d4a74a88d2cac93b513c0853bf92c260eaceea0,49365d527202f179b93e478f5b32107eb92aaa3f,20261009
0118.parquet:115,RAISE_REAL,000004235.tiff,0118.parquet,115,LCM_lora_sdv15,RAISE,0,CompEval,test,LatDiff,TIFF,4928x3264,RGB,False,,OwensLab/CommunityForensics-Eval,default,CompEval,7d4a74a88d2cac93b513c0853bf92c260eaceea0,49365d527202f179b93e478f5b32107eb92aaa3f,20261009
0116.parquet:86,RAISE_REAL,000004281.tiff,0116.parquet,86,LCM_lora_sdv15,RAISE,0,CompEval,test,LatDiff,TIFF,4928x3264,RGB,False,,OwensLab/CommunityForensics-Eval,default,CompEval,7d4a74a88d2cac93b513c0853bf92c260eaceea0,49365d527202f179b93e478f5b32107eb92aaa3f,20261009
0041.parquet:54,RAISE_REAL,000005823.tiff,0041.parquet,54,GALIP,RAISE,0,CompEval,test,GAN,TIFF,3264x4928,RGB,False,,OwensLab/CommunityForensics-Eval,default,CompEval,7d4a74a88d2cac93b513c0853bf92c260eaceea0,49365d527202f179b93e478f5b32107eb92aaa3f,20261009
0118.parquet:30,RAISE_REAL,000007366.tiff,0118.parquet,30,LCM_lora_sdv15,RAISE,0,CompEval,test,LatDiff,TIFF,4928x3264,RGB,False,,OwensLab/CommunityForensics-Eval,default,CompEval,7d4a74a88d2cac93b513c0853bf92c260eaceea0,49365d527202f179b93e478f5b32107eb92aaa3f,20261009
0403.parquet:83,RAISE_REAL,000000269.tiff,0403.parquet,83,LCM_lora_ssd1b,RAISE,0,CompEval,test,LatDiff,TIFF,3264x4928,RGB,False,,OwensLab/CommunityForensics-Eval,default,CompEval,7d4a74a88d2cac93b513c0853bf92c260eaceea0,49365d527202f179b93e478f5b32107eb92aaa3f,20261009
0015.parquet:110,RAISE_REAL,000007038.tiff,0015.parquet,110,kandinsky_2_2,RAISE,0,CompEval,test,LatDiff,TIFF,4928x3264,RGB,False,,OwensLab/CommunityForensics-Eval,default,CompEval,7d4a74a88d2cac93b513c0853bf92c260eaceea0,49365d527202f179b93e478f5b32107eb92aaa3f,20261009
0040.parquet:3,RAISE_REAL,000007864.tiff,0040.parquet,3,GALIP,RAISE,0,CompEval,test,GAN,TIFF,4928x3264,RGB,False,,OwensLab/CommunityForensics-Eval,default,CompEval,7d4a74a88d2cac93b513c0853bf92c260eaceea0,49365d527202f179b93e478f5b32107eb92aaa3f,20261009
0379.parquet:17,RAISE_REAL,000000944.tiff,0379.parquet,17,LCM_lora_sdxl,RAISE,0,CompEval,test,LatDiff,TIFF,3264x4928,RGB,False,,OwensLab/CommunityForensics-Eval,default,CompEval,7d4a74a88d2cac93b513c0853bf92c260eaceea0,49365d527202f179b93e478f5b32107eb92aaa3f,20261009
0044.parquet:99,RAISE_REAL,000001075.tiff,0044.parquet,99,GALIP,RAISE,0,CompEval,test,GAN,TIFF,4928x3264,RGB,False,,OwensLab/CommunityForensics-Eval,default,CompEval,7d4a74a88d2cac93b513c0853bf92c260eaceea0,49365d527202f179b93e478f5b32107eb92aaa3f,20261009
0222.parquet:92,RAISE_REAL,000007621.tiff,0222.parquet,92,kvikontent_midjourney_v6,RAISE,0,CompEval,test,LatDiff,TIFF,4928x3264,RGB,False,,OwensLab/CommunityForensics-Eval,default,CompEval,7d4a74a88d2cac93b513c0853bf92c260eaceea0,49365d527202f179b93e478f5b32107eb92aaa3f,20261009
0323.parquet:90,RAISE_REAL,000002643.tiff,0323.parquet,90,DeciDiffusionV2,RAISE,0,CompEval,test,LatDiff,TIFF,4288x2848,RGB,False,,OwensLab/CommunityForensics-Eval,default,CompEval,7d4a74a88d2cac93b513c0853bf92c260eaceea0,49365d527202f179b93e478f5b32107eb92aaa3f,20261009
0260.parquet:67,RAISE_REAL,000002941.tiff,0260.parquet,67,stable_cascade,RAISE,0,CompEval,test,Other,TIFF,4288x2848,RGB,False,,OwensLab/CommunityForensics-Eval,default,CompEval,7d4a74a88d2cac93b513c0853bf92c260eaceea0,49365d527202f179b93e478f5b32107eb92aaa3f,20261009
0403.parquet:27,RAISE_REAL,000004081.tiff,0403.parquet,27,LCM_lora_ssd1b,RAISE,0,CompEval,test,LatDiff,TIFF,4928x3264,RGB,False,,OwensLab/CommunityForensics-Eval,default,CompEval,7d4a74a88d2cac93b513c0853bf92c260eaceea0,49365d527202f179b93e478f5b32107eb92aaa3f,20261009
0380.parquet:67,RAISE_REAL,000001943.tiff,0380.parquet,67,LCM_lora_sdxl,RAISE,0,CompEval,test,LatDiff,TIFF,4288x2848,RGB,False,,OwensLab/CommunityForensics-Eval,default,CompEval,7d4a74a88d2cac93b513c0853bf92c260eaceea0,49365d527202f179b93e478f5b32107eb92aaa3f,20261009
0045.parquet:22,RAISE_REAL,000002842.tiff,0045.parquet,22,GALIP,RAISE,0,CompEval,test,GAN,TIFF,4288x2848,RGB,False,,OwensLab/CommunityForensics-Eval,default,CompEval,7d4a74a88d2cac93b513c0853bf92c260eaceea0,49365d527202f179b93e478f5b32107eb92aaa3f,20261009
0378.parquet:87,RAISE_REAL,000005683.tiff,0378.parquet,87,LCM_lora_sdxl,RAISE,0,CompEval,test,LatDiff,TIFF,4928x3264,RGB,False,,OwensLab/CommunityForensics-Eval,default,CompEval,7d4a74a88d2cac93b513c0853bf92c260eaceea0,49365d527202f179b93e478f5b32107eb92aaa3f,20261009
0373.parquet:67,RAISE_REAL,000004794.tiff,0373.parquet,67,LCM_lora_sdxl,RAISE,0,CompEval,test,LatDiff,TIFF,3264x4928,RGB,False,,OwensLab/CommunityForensics-Eval,default,CompEval,7d4a74a88d2cac93b513c0853bf92c260eaceea0,49365d527202f179b93e478f5b32107eb92aaa3f,20261009
0324.parquet:14,RAISE_REAL,000001790.tiff,0324.parquet,14,DeciDiffusionV2,RAISE,0,CompEval,test,LatDiff,TIFF,4928x3264,RGB,False,,OwensLab/CommunityForensics-Eval,default,CompEval,7d4a74a88d2cac93b513c0853bf92c260eaceea0,49365d527202f179b93e478f5b32107eb92aaa3f,20261009
0403.parquet:25,RAISE_REAL,000006032.tiff,0403.parquet,25,LCM_lora_ssd1b,RAISE,0,CompEval,test,LatDiff,TIFF,4928x3264,RGB,False,,OwensLab/CommunityForensics-Eval,default,CompEval,7d4a74a88d2cac93b513c0853bf92c260eaceea0,49365d527202f179b93e478f5b32107eb92aaa3f,20261009
0319.parquet:74,RAISE_REAL,000004096.tiff,0319.parquet,74,DeciDiffusionV2,RAISE,0,CompEval,test,LatDiff,TIFF,4928x3264,RGB,False,,OwensLab/CommunityForensics-Eval,default,CompEval,7d4a74a88d2cac93b513c0853bf92c260eaceea0,49365d527202f179b93e478f5b32107eb92aaa3f,20261009
0375.parquet:16,RAISE_REAL,000005979.tiff,0375.parquet,16,LCM_lora_sdxl,RAISE,0,CompEval,test,LatDiff,TIFF,3264x4928,RGB,False,,OwensLab/CommunityForensics-Eval,default,CompEval,7d4a74a88d2cac93b513c0853bf92c260eaceea0,49365d527202f179b93e478f5b32107eb92aaa3f,20261009
0116.parquet:24,RAISE_REAL,000001132.tiff,0116.parquet,24,LCM_lora_sdv15,RAISE,0,CompEval,test,LatDiff,TIFF,4928x3264,RGB,False,,OwensLab/CommunityForensics-Eval,default,CompEval,7d4a74a88d2cac93b513c0853bf92c260eaceea0,49365d527202f179b93e478f5b32107eb92aaa3f,20261009
0088.parquet:75,RAISE_REAL,000001703.tiff,0088.parquet,75,kvikontent_midjourney_v6,RAISE,0,CompEval,test,LatDiff,TIFF,4928x3264,RGB,False,,OwensLab/CommunityForensics-Eval,default,CompEval,7d4a74a88d2cac93b513c0853bf92c260eaceea0,49365d527202f179b93e478f5b32107eb92aaa3f,20261009
0164.parquet:89,RAISE_REAL,000000759.tiff,0164.parquet,89,kandinsky_2_2,RAISE,0,CompEval,test,LatDiff,TIFF,4928x3264,RGB,False,,OwensLab/CommunityForensics-Eval,default,CompEval,7d4a74a88d2cac93b513c0853bf92c260eaceea0,49365d527202f179b93e478f5b32107eb92aaa3f,20261009
0094.parquet:17,RAISE_REAL,000001499.tiff,0094.parquet,17,kvikontent_midjourney_v6,RAISE,0,CompEval,test,LatDiff,TIFF,4928x3264,RGB,False,,OwensLab/CommunityForensics-Eval,default,CompEval,7d4a74a88d2cac93b513c0853bf92c260eaceea0,49365d527202f179b93e478f5b32107eb92aaa3f,20261009
0159.parquet:114,RAISE_REAL,000006698.tiff,0159.parquet,114,kandinsky_2_2,RAISE,0,CompEval,test,LatDiff,TIFF,4928x3264,RGB,False,,OwensLab/CommunityForensics-Eval,default,CompEval,7d4a74a88d2cac93b513c0853bf92c260eaceea0,49365d527202f179b93e478f5b32107eb92aaa3f,20261009
0254.parquet:85,RAISE_REAL,000003002.tiff,0254.parquet,85,stable_cascade,RAISE,0,CompEval,test,Other,TIFF,2848x4288,RGB,False,,OwensLab/CommunityForensics-Eval,default,CompEval,7d4a74a88d2cac93b513c0853bf92c260eaceea0,49365d527202f179b93e478f5b32107eb92aaa3f,20261009
0160.parquet:76,RAISE_REAL,000006557.tiff,0160.parquet,76,kandinsky_2_2,RAISE,0,CompEval,test,LatDiff,TIFF,4928x3264,RGB,False,,OwensLab/CommunityForensics-Eval,default,CompEval,7d4a74a88d2cac93b513c0853bf92c260eaceea0,49365d527202f179b93e478f5b32107eb92aaa3f,20261009
0377.parquet:86,RAISE_REAL,000000114.tiff,0377.parquet,86,LCM_lora_sdxl,RAISE,0,CompEval,test,LatDiff,TIFF,3008x2000,RGB,False,,OwensLab/CommunityForensics-Eval,default,CompEval,7d4a74a88d2cac93b513c0853bf92c260eaceea0,49365d527202f179b93e478f5b32107eb92aaa3f,20261009
0198.parquet:98,RAISE_REAL,000006201.tiff,0198.parquet,98,LCM_lora_ssd1b,RAISE,0,CompEval,test,LatDiff,TIFF,4928x3264,RGB,False,,OwensLab/CommunityForensics-Eval,default,CompEval,7d4a74a88d2cac93b513c0853bf92c260eaceea0,49365d527202f179b93e478f5b32107eb92aaa3f,20261009
0063.parquet:92,RAISE_REAL,000007686.tiff,0063.parquet,92,LCM_lora_sdxl,RAISE,0,CompEval,test,LatDiff,TIFF,4928x3264,RGB,False,,OwensLab/CommunityForensics-Eval,default,CompEval,7d4a74a88d2cac93b513c0853bf92c260eaceea0,49365d527202f179b93e478f5b32107eb92aaa3f,20261009
0163.parquet:122,RAISE_REAL,000004696.tiff,0163.parquet,122,kandinsky_2_2,RAISE,0,CompEval,test,LatDiff,TIFF,4928x3264,RGB,False,,OwensLab/CommunityForensics-Eval,default,CompEval,7d4a74a88d2cac93b513c0853bf92c260eaceea0,49365d527202f179b93e478f5b32107eb92aaa3f,20261009
0089.parquet:16,RAISE_REAL,000006004.tiff,0089.parquet,16,kvikontent_midjourney_v6,RAISE,0,CompEval,test,LatDiff,TIFF,4928x3264,RGB,False,,OwensLab/CommunityForensics-Eval,default,CompEval,7d4a74a88d2cac93b513c0853bf92c260eaceea0,49365d527202f179b93e478f5b32107eb92aaa3f,20261009
0257.parquet:84,RAISE_REAL,000002336.tiff,0257.parquet,84,stable_cascade,RAISE,0,CompEval,test,Other,TIFF,4288x2848,RGB,False,,OwensLab/CommunityForensics-Eval,default,CompEval,7d4a74a88d2cac93b513c0853bf92c260eaceea0,49365d527202f179b93e478f5b32107eb92aaa3f,20261009
0378.parquet:108,RAISE_REAL,000000973.tiff,0378.parquet,108,LCM_lora_sdxl,RAISE,0,CompEval,test,LatDiff,TIFF,4928x3264,RGB,False,,OwensLab/CommunityForensics-Eval,default,CompEval,7d4a74a88d2cac93b513c0853bf92c260eaceea0,49365d527202f179b93e478f5b32107eb92aaa3f,20261009
0114.parquet:26,RAISE_REAL,000002472.tiff,0114.parquet,26,LCM_lora_sdv15,RAISE,0,CompEval,test,LatDiff,TIFF,2848x4288,RGB,False,,OwensLab/CommunityForensics-Eval,default,CompEval,7d4a74a88d2cac93b513c0853bf92c260eaceea0,49365d527202f179b93e478f5b32107eb92aaa3f,20261009
0377.parquet:40,RAISE_REAL,000005506.tiff,0377.parquet,40,LCM_lora_sdxl,RAISE,0,CompEval,test,LatDiff,TIFF,4928x3264,RGB,False,,OwensLab/CommunityForensics-Eval,default,CompEval,7d4a74a88d2cac93b513c0853bf92c260eaceea0,49365d527202f179b93e478f5b32107eb92aaa3f,20261009
0259.parquet:115,RAISE_REAL,000001893.tiff,0259.parquet,115,stable_cascade,RAISE,0,CompEval,test,Other,TIFF,4928x3264,RGB,False,,OwensLab/CommunityForensics-Eval,default,CompEval,7d4a74a88d2cac93b513c0853bf92c260eaceea0,49365d527202f179b93e478f5b32107eb92aaa3f,20261009
0093.parquet:65,RAISE_REAL,000000972.tiff,0093.parquet,65,kvikontent_midjourney_v6,RAISE,0,CompEval,test,LatDiff,TIFF,4928x3264,RGB,False,,OwensLab/CommunityForensics-Eval,default,CompEval,7d4a74a88d2cac93b513c0853bf92c260eaceea0,49365d527202f179b93e478f5b32107eb92aaa3f,20261009
0115.parquet:74,RAISE_REAL,000006454.tiff,0115.parquet,74,LCM_lora_sdv15,RAISE,0,CompEval,test,LatDiff,TIFF,4928x3264,RGB,False,,OwensLab/CommunityForensics-Eval,default,CompEval,7d4a74a88d2cac93b513c0853bf92c260eaceea0,49365d527202f179b93e478f5b32107eb92aaa3f,20261009
0161.parquet:125,RAISE_REAL,000000028.tiff,0161.parquet,125,kandinsky_2_2,RAISE,0,CompEval,test,LatDiff,TIFF,4288x2848,RGB,False,,OwensLab/CommunityForensics-Eval,default,CompEval,7d4a74a88d2cac93b513c0853bf92c260eaceea0,49365d527202f179b93e478f5b32107eb92aaa3f,20261009
0261.parquet:101,RAISE_REAL,000007409.tiff,0261.parquet,101,stable_cascade,RAISE,0,CompEval,test,Other,TIFF,4928x3264,RGB,False,,OwensLab/CommunityForensics-Eval,default,CompEval,7d4a74a88d2cac93b513c0853bf92c260eaceea0,49365d527202f179b93e478f5b32107eb92aaa3f,20261009
0220.parquet:38,RAISE_REAL,000007799.tiff,0220.parquet,38,kvikontent_midjourney_v6,RAISE,0,CompEval,test,LatDiff,TIFF,4928x3264,RGB,False,,OwensLab/CommunityForensics-Eval,default,CompEval,7d4a74a88d2cac93b513c0853bf92c260eaceea0,49365d527202f179b93e478f5b32107eb92aaa3f,20261009
0117.parquet:105,RAISE_REAL,000007619.tiff,0117.parquet,105,LCM_lora_sdv15,RAISE,0,CompEval,test,LatDiff,TIFF,4928x3264,RGB,False,,OwensLab/CommunityForensics-Eval,default,CompEval,7d4a74a88d2cac93b513c0853bf92c260eaceea0,49365d527202f179b93e478f5b32107eb92aaa3f,20261009
0089.parquet:49,RAISE_REAL,000004969.tiff,0089.parquet,49,kvikontent_midjourney_v6,RAISE,0,CompEval,test,LatDiff,TIFF,4928x3264,RGB,False,,OwensLab/CommunityForensics-Eval,default,CompEval,7d4a74a88d2cac93b513c0853bf92c260eaceea0,49365d527202f179b93e478f5b32107eb92aaa3f,20261009
0397.parquet:58,RAISE_REAL,000008022.tiff,0397.parquet,58,LCM_lora_ssd1b,RAISE,0,CompEval,test,LatDiff,TIFF,3264x4928,RGB,False,,OwensLab/CommunityForensics-Eval,default,CompEval,7d4a74a88d2cac93b513c0853bf92c260eaceea0,49365d527202f179b93e478f5b32107eb92aaa3f,20261009
0359.parquet:52,RAISE_REAL,000005121.tiff,0359.parquet,52,LCM_lora_sdv15,RAISE,0,CompEval,test,LatDiff,TIFF,4928x3264,RGB,False,,OwensLab/CommunityForensics-Eval,default,CompEval,7d4a74a88d2cac93b513c0853bf92c260eaceea0,49365d527202f179b93e478f5b32107eb92aaa3f,20261009
0255.parquet:15,RAISE_REAL,000003886.tiff,0255.parquet,15,stable_cascade,RAISE,0,CompEval,test,Other,TIFF,2848x4288,RGB,False,,OwensLab/CommunityForensics-Eval,default,CompEval,7d4a74a88d2cac93b513c0853bf92c260eaceea0,49365d527202f179b93e478f5b32107eb92aaa3f,20261009
0063.parquet:95,RAISE_REAL,000004040.tiff,0063.parquet,95,LCM_lora_sdxl,RAISE,0,CompEval,test,LatDiff,TIFF,4288x2848,RGB,False,,OwensLab/CommunityForensics-Eval,default,CompEval,7d4a74a88d2cac93b513c0853bf92c260eaceea0,49365d527202f179b93e478f5b32107eb92aaa3f,20261009
0315.parquet:74,RAISE_REAL,000001381.tiff,0315.parquet,74,DeciDiffusionV2,RAISE,0,CompEval,test,LatDiff,TIFF,4928x3264,RGB,False,,OwensLab/CommunityForensics-Eval,default,CompEval,7d4a74a88d2cac93b513c0853bf92c260eaceea0,49365d527202f179b93e478f5b32107eb92aaa3f,20261009
0115.parquet:118,RAISE_REAL,000003120.tiff,0115.parquet,118,LCM_lora_sdv15,RAISE,0,CompEval,test,LatDiff,TIFF,2848x4288,RGB,False,,OwensLab/CommunityForensics-Eval,default,CompEval,7d4a74a88d2cac93b513c0853bf92c260eaceea0,49365d527202f179b93e478f5b32107eb92aaa3f,20261009
0116.parquet:107,RAISE_REAL,000006600.tiff,0116.parquet,107,LCM_lora_sdv15,RAISE,0,CompEval,test,LatDiff,TIFF,4928x3264,RGB,False,,OwensLab/CommunityForensics-Eval,default,CompEval,7d4a74a88d2cac93b513c0853bf92c260eaceea0,49365d527202f179b93e478f5b32107eb92aaa3f,20261009
0115.parquet:92,RAISE_REAL,000003633.tiff,0115.parquet,92,LCM_lora_sdv15,RAISE,0,CompEval,test,LatDiff,TIFF,4288x2848,RGB,False,,OwensLab/CommunityForensics-Eval,default,CompEval,7d4a74a88d2cac93b513c0853bf92c260eaceea0,49365d527202f179b93e478f5b32107eb92aaa3f,20261009
0270.parquet:13,RAISE_REAL,000003322.tiff,0270.parquet,13,GALIP,RAISE,0,CompEval,test,GAN,TIFF,4288x2848,RGB,False,,OwensLab/CommunityForensics-Eval,default,CompEval,7d4a74a88d2cac93b513c0853bf92c260eaceea0,49365d527202f179b93e478f5b32107eb92aaa3f,20261009
0375.parquet:21,RAISE_REAL,000002891.tiff,0375.parquet,21,LCM_lora_sdxl,RAISE,0,CompEval,test,LatDiff,TIFF,4288x2848,RGB,False,,OwensLab/CommunityForensics-Eval,default,CompEval,7d4a74a88d2cac93b513c0853bf92c260eaceea0,49365d527202f179b93e478f5b32107eb92aaa3f,20261009
0045.parquet:103,RAISE_REAL,000001694.tiff,0045.parquet,103,GALIP,RAISE,0,CompEval,test,GAN,TIFF,4928x3264,RGB,False,,OwensLab/CommunityForensics-Eval,default,CompEval,7d4a74a88d2cac93b513c0853bf92c260eaceea0,49365d527202f179b93e478f5b32107eb92aaa3f,20261009
0258.parquet:1,RAISE_REAL,000002638.tiff,0258.parquet,1,stable_cascade,RAISE,0,CompEval,test,Other,TIFF,4288x2848,RGB,False,,OwensLab/CommunityForensics-Eval,default,CompEval,7d4a74a88d2cac93b513c0853bf92c260eaceea0,49365d527202f179b93e478f5b32107eb92aaa3f,20261009
0041.parquet:67,RAISE_REAL,000007249.tiff,0041.parquet,67,GALIP,RAISE,0,CompEval,test,GAN,TIFF,4928x3264,RGB,False,,OwensLab/CommunityForensics-Eval,default,CompEval,7d4a74a88d2cac93b513c0853bf92c260eaceea0,49365d527202f179b93e478f5b32107eb92aaa3f,20261009
0089.parquet:78,RAISE_REAL,000001196.tiff,0089.parquet,78,kvikontent_midjourney_v6,RAISE,0,CompEval,test,LatDiff,TIFF,4928x3264,RGB,False,,OwensLab/CommunityForensics-Eval,default,CompEval,7d4a74a88d2cac93b513c0853bf92c260eaceea0,49365d527202f179b93e478f5b32107eb92aaa3f,20261009
0164.parquet:68,RAISE_REAL,000001761.tiff,0164.parquet,68,kandinsky_2_2,RAISE,0,CompEval,test,LatDiff,TIFF,3264x4928,RGB,False,,OwensLab/CommunityForensics-Eval,default,CompEval,7d4a74a88d2cac93b513c0853bf92c260eaceea0,49365d527202f179b93e478f5b32107eb92aaa3f,20261009
0322.parquet:33,RAISE_REAL,000001163.tiff,0322.parquet,33,DeciDiffusionV2,RAISE,0,CompEval,test,LatDiff,TIFF,4928x3264,RGB,False,,OwensLab/CommunityForensics-Eval,default,CompEval,7d4a74a88d2cac93b513c0853bf92c260eaceea0,49365d527202f179b93e478f5b32107eb92aaa3f,20261009
0160.parquet:23,RAISE_REAL,000000289.tiff,0160.parquet,23,kandinsky_2_2,RAISE,0,CompEval,test,LatDiff,TIFF,3264x4928,RGB,False,,OwensLab/CommunityForensics-Eval,default,CompEval,7d4a74a88d2cac93b513c0853bf92c260eaceea0,49365d527202f179b93e478f5b32107eb92aaa3f,20261009
0255.parquet:33,RAISE_REAL,000007833.tiff,0255.parquet,33,stable_cascade,RAISE,0,CompEval,test,Other,TIFF,4928x3264,RGB,False,,OwensLab/CommunityForensics-Eval,default,CompEval,7d4a74a88d2cac93b513c0853bf92c260eaceea0,49365d527202f179b93e478f5b32107eb92aaa3f,20261009
0260.parquet:97,RAISE_REAL,000002082.tiff,0260.parquet,97,stable_cascade,RAISE,0,CompEval,test,Other,TIFF,2848x4288,RGB,False,,OwensLab/CommunityForensics-Eval,default,CompEval,7d4a74a88d2cac93b513c0853bf92c260eaceea0,49365d527202f179b93e478f5b32107eb92aaa3f,20261009
0095.parquet:69,RAISE_REAL,000000866.tiff,0095.parquet,69,kvikontent_midjourney_v6,RAISE,0,CompEval,test,LatDiff,TIFF,4928x3264,RGB,False,,OwensLab/CommunityForensics-Eval,default,CompEval,7d4a74a88d2cac93b513c0853bf92c260eaceea0,49365d527202f179b93e478f5b32107eb92aaa3f,20261009
0315.parquet:77,RAISE_REAL,000004240.tiff,0315.parquet,77,DeciDiffusionV2,RAISE,0,CompEval,test,LatDiff,TIFF,4928x3264,RGB,False,,OwensLab/CommunityForensics-Eval,default,CompEval,7d4a74a88d2cac93b513c0853bf92c260eaceea0,49365d527202f179b93e478f5b32107eb92aaa3f,20261009
0256.parquet:44,RAISE_REAL,000004229.tiff,0256.parquet,44,stable_cascade,RAISE,0,CompEval,test,Other,TIFF,4928x3264,RGB,False,,OwensLab/CommunityForensics-Eval,default,CompEval,7d4a74a88d2cac93b513c0853bf92c260eaceea0,49365d527202f179b93e478f5b32107eb92aaa3f,20261009
0365.parquet:43,RAISE_REAL,000000021.tiff,0365.parquet,43,LCM_lora_sdv15,RAISE,0,CompEval,test,LatDiff,TIFF,4288x2848,RGB,False,,OwensLab/CommunityForensics-Eval,default,CompEval,7d4a74a88d2cac93b513c0853bf92c260eaceea0,49365d527202f179b93e478f5b32107eb92aaa3f,20261009
0043.parquet:76,RAISE_REAL,000007337.tiff,0043.parquet,76,GALIP,RAISE,0,CompEval,test,GAN,TIFF,4928x3264,RGB,False,,OwensLab/CommunityForensics-Eval,default,CompEval,7d4a74a88d2cac93b513c0853bf92c260eaceea0,49365d527202f179b93e478f5b32107eb92aaa3f,20261009
0219.parquet:107,RAISE_REAL,000002484.tiff,0219.parquet,107,kvikontent_midjourney_v6,RAISE,0,CompEval,test,LatDiff,TIFF,4288x2848,RGB,False,,OwensLab/CommunityForensics-Eval,default,CompEval,7d4a74a88d2cac93b513c0853bf92c260eaceea0,49365d527202f179b93e478f5b32107eb92aaa3f,20261009
0094.parquet:7,RAISE_REAL,000004520.tiff,0094.parquet,7,kvikontent_midjourney_v6,RAISE,0,CompEval,test,LatDiff,TIFF,4928x3264,RGB,False,,OwensLab/CommunityForensics-Eval,default,CompEval,7d4a74a88d2cac93b513c0853bf92c260eaceea0,49365d527202f179b93e478f5b32107eb92aaa3f,20261009
0164.parquet:87,RAISE_REAL,000007697.tiff,0164.parquet,87,kandinsky_2_2,RAISE,0,CompEval,test,LatDiff,TIFF,4928x3264,RGB,False,,OwensLab/CommunityForensics-Eval,default,CompEval,7d4a74a88d2cac93b513c0853bf92c260eaceea0,49365d527202f179b93e478f5b32107eb92aaa3f,20261009
0220.parquet:121,RAISE_REAL,000003594.tiff,0220.parquet,121,kvikontent_midjourney_v6,RAISE,0,CompEval,test,LatDiff,TIFF,2848x4288,RGB,False,,OwensLab/CommunityForensics-Eval,default,CompEval,7d4a74a88d2cac93b513c0853bf92c260eaceea0,49365d527202f179b93e478f5b32107eb92aaa3f,20261009
0402.parquet:26,RAISE_REAL,000007676.tiff,0402.parquet,26,LCM_lora_ssd1b,RAISE,0,CompEval,test,LatDiff,TIFF,4928x3264,RGB,False,,OwensLab/CommunityForensics-Eval,default,CompEval,7d4a74a88d2cac93b513c0853bf92c260eaceea0,49365d527202f179b93e478f5b32107eb92aaa3f,20261009
0398.parquet:64,RAISE_REAL,000000467.tiff,0398.parquet,64,LCM_lora_ssd1b,RAISE,0,CompEval,test,LatDiff,TIFF,4288x2848,RGB,False,,OwensLab/CommunityForensics-Eval,default,CompEval,7d4a74a88d2cac93b513c0853bf92c260eaceea0,49365d527202f179b93e478f5b32107eb92aaa3f,20261009
0374.parquet:42,RAISE_REAL,000007200.tiff,0374.parquet,42,LCM_lora_sdxl,RAISE,0,CompEval,test,LatDiff,TIFF,4928x3264,RGB,False,,OwensLab/CommunityForensics-Eval,default,CompEval,7d4a74a88d2cac93b513c0853bf92c260eaceea0,49365d527202f179b93e478f5b32107eb92aaa3f,20261009
0161.parquet:39,RAISE_REAL,000005517.tiff,0161.parquet,39,kandinsky_2_2,RAISE,0,CompEval,test,LatDiff,TIFF,4928x3264,RGB,False,,OwensLab/CommunityForensics-Eval,default,CompEval,7d4a74a88d2cac93b513c0853bf92c260eaceea0,49365d527202f179b93e478f5b32107eb92aaa3f,20261009
0113.parquet:65,RAISE_REAL,000005592.tiff,0113.parquet,65,LCM_lora_sdv15,RAISE,0,CompEval,test,LatDiff,TIFF,4928x3264,RGB,False,,OwensLab/CommunityForensics-Eval,default,CompEval,7d4a74a88d2cac93b513c0853bf92c260eaceea0,49365d527202f179b93e478f5b32107eb92aaa3f,20261009
0269.parquet:32,RAISE_REAL,000003803.tiff,0269.parquet,32,GALIP,RAISE,0,CompEval,test,GAN,TIFF,2848x4288,RGB,False,,OwensLab/CommunityForensics-Eval,default,CompEval,7d4a74a88d2cac93b513c0853bf92c260eaceea0,49365d527202f179b93e478f5b32107eb92aaa3f,20261009
0377.parquet:8,RAISE_REAL,000004372.tiff,0377.parquet,8,LCM_lora_sdxl,RAISE,0,CompEval,test,LatDiff,TIFF,4928x3264,RGB,False,,OwensLab/CommunityForensics-Eval,default,CompEval,7d4a74a88d2cac93b513c0853bf92c260eaceea0,49365d527202f179b93e478f5b32107eb92aaa3f,20261009
0261.parquet:75,RAISE_REAL,000001051.tiff,0261.parquet,75,stable_cascade,RAISE,0,CompEval,test,Other,TIFF,4928x3264,RGB,False,,OwensLab/CommunityForensics-Eval,default,CompEval,7d4a74a88d2cac93b513c0853bf92c260eaceea0,49365d527202f179b93e478f5b32107eb92aaa3f,20261009
0089.parquet:38,RAISE_REAL,000006805.tiff,0089.parquet,38,kvikontent_midjourney_v6,RAISE,0,CompEval,test,LatDiff,TIFF,3264x4928,RGB,False,,OwensLab/CommunityForensics-Eval,default,CompEval,7d4a74a88d2cac93b513c0853bf92c260eaceea0,49365d527202f179b93e478f5b32107eb92aaa3f,20261009
0397.parquet:124,RAISE_REAL,000000678.tiff,0397.parquet,124,LCM_lora_ssd1b,RAISE,0,CompEval,test,LatDiff,TIFF,4928x3264,RGB,False,,OwensLab/CommunityForensics-Eval,default,CompEval,7d4a74a88d2cac93b513c0853bf92c260eaceea0,49365d527202f179b93e478f5b32107eb92aaa3f,20261009
0118.parquet:36,RAISE_REAL,000001037.tiff,0118.parquet,36,LCM_lora_sdv15,RAISE,0,CompEval,test,LatDiff,TIFF,4928x3264,RGB,False,,OwensLab/CommunityForensics-Eval,default,CompEval,7d4a74a88d2cac93b513c0853bf92c260eaceea0,49365d527202f179b93e478f5b32107eb92aaa3f,20261009
0254.parquet:91,RAISE_REAL,000005415.tiff,0254.parquet,91,stable_cascade,RAISE,0,CompEval,test,Other,TIFF,4928x3264,RGB,False,,OwensLab/CommunityForensics-Eval,default,CompEval,7d4a74a88d2cac93b513c0853bf92c260eaceea0,49365d527202f179b93e478f5b32107eb92aaa3f,20261009
0041.parquet:114,RAISE_REAL,000001121.tiff,0041.parquet,114,GALIP,RAISE,0,CompEval,test,GAN,TIFF,4928x3264,RGB,False,,OwensLab/CommunityForensics-Eval,default,CompEval,7d4a74a88d2cac93b513c0853bf92c260eaceea0,49365d527202f179b93e478f5b32107eb92aaa3f,20261009
0376.parquet:0,RAISE_REAL,000006794.tiff,0376.parquet,0,LCM_lora_sdxl,RAISE,0,CompEval,test,LatDiff,TIFF,4928x3264,RGB,False,,OwensLab/CommunityForensics-Eval,default,CompEval,7d4a74a88d2cac93b513c0853bf92c260eaceea0,49365d527202f179b93e478f5b32107eb92aaa3f,20261009
0268.parquet:92,RAISE_REAL,000005801.tiff,0268.parquet,92,GALIP,RAISE,0,CompEval,test,GAN,TIFF,4928x3264,RGB,False,,OwensLab/CommunityForensics-Eval,default,CompEval,7d4a74a88d2cac93b513c0853bf92c260eaceea0,49365d527202f179b93e478f5b32107eb92aaa3f,20261009
0400.parquet:7,RAISE_REAL,000005898.tiff,0400.parquet,7,LCM_lora_ssd1b,RAISE,0,CompEval,test,LatDiff,TIFF,4928x3264,RGB,False,,OwensLab/CommunityForensics-Eval,default,CompEval,7d4a74a88d2cac93b513c0853bf92c260eaceea0,49365d527202f179b93e478f5b32107eb92aaa3f,20261009
0379.parquet:86,RAISE_REAL,000006841.tiff,0379.parquet,86,LCM_lora_sdxl,RAISE,0,CompEval,test,LatDiff,TIFF,4928x3264,RGB,False,,OwensLab/CommunityForensics-Eval,default,CompEval,7d4a74a88d2cac93b513c0853bf92c260eaceea0,49365d527202f179b93e478f5b32107eb92aaa3f,20261009
0256.parquet:46,RAISE_REAL,000000985.tiff,0256.parquet,46,stable_cascade,RAISE,0,CompEval,test,Other,TIFF,4928x3264,RGB,False,,OwensLab/CommunityForensics-Eval,default,CompEval,7d4a74a88d2cac93b513c0853bf92c260eaceea0,49365d527202f179b93e478f5b32107eb92aaa3f,20261009
0270.parquet:14,RAISE_REAL,000006020.tiff,0270.parquet,14,GALIP,RAISE,0,CompEval,test,GAN,TIFF,4928x3264,RGB,False,,OwensLab/CommunityForensics-Eval,default,CompEval,7d4a74a88d2cac93b513c0853bf92c260eaceea0,49365d527202f179b93e478f5b32107eb92aaa3f,20261009
0270.parquet:1,RAISE_REAL,000000962.tiff,0270.parquet,1,GALIP,RAISE,0,CompEval,test,GAN,TIFF,3264x4928,RGB,False,,OwensLab/CommunityForensics-Eval,default,CompEval,7d4a74a88d2cac93b513c0853bf92c260eaceea0,49365d527202f179b93e478f5b32107eb92aaa3f,20261009
0320.parquet:79,RAISE_REAL,000006370.tiff,0320.parquet,79,DeciDiffusionV2,RAISE,0,CompEval,test,LatDiff,TIFF,3264x4928,RGB,False,,OwensLab/CommunityForensics-Eval,default,CompEval,7d4a74a88d2cac93b513c0853bf92c260eaceea0,49365d527202f179b93e478f5b32107eb92aaa3f,20261009
0115.parquet:106,RAISE_REAL,000002078.tiff,0115.parquet,106,LCM_lora_sdv15,RAISE,0,CompEval,test,LatDiff,TIFF,4288x2848,RGB,False,,OwensLab/CommunityForensics-Eval,default,CompEval,7d4a74a88d2cac93b513c0853bf92c260eaceea0,49365d527202f179b93e478f5b32107eb92aaa3f,20261009
0319.parquet:36,RAISE_REAL,000002938.tiff,0319.parquet,36,DeciDiffusionV2,RAISE,0,CompEval,test,LatDiff,TIFF,4288x2848,RGB,False,,OwensLab/CommunityForensics-Eval,default,CompEval,7d4a74a88d2cac93b513c0853bf92c260eaceea0,49365d527202f179b93e478f5b32107eb92aaa3f,20261009
0401.parquet:63,RAISE_REAL,000001663.tiff,0401.parquet,63,LCM_lora_ssd1b,RAISE,0,CompEval,test,LatDiff,TIFF,4928x3264,RGB,False,,OwensLab/CommunityForensics-Eval,default,CompEval,7d4a74a88d2cac93b513c0853bf92c260eaceea0,49365d527202f179b93e478f5b32107eb92aaa3f,20261009
0040.parquet:40,RAISE_REAL,000002070.tiff,0040.parquet,40,GALIP,RAISE,0,CompEval,test,GAN,TIFF,2848x4288,RGB,False,,OwensLab/CommunityForensics-Eval,default,CompEval,7d4a74a88d2cac93b513c0853bf92c260eaceea0,49365d527202f179b93e478f5b32107eb92aaa3f,20261009
0161.parquet:33,RAISE_REAL,000007226.tiff,0161.parquet,33,kandinsky_2_2,RAISE,0,CompEval,test,LatDiff,TIFF,4928x3264,RGB,False,,OwensLab/CommunityForensics-Eval,default,CompEval,7d4a74a88d2cac93b513c0853bf92c260eaceea0,49365d527202f179b93e478f5b32107eb92aaa3f,20261009
0310.parquet:46,RAISE_REAL,000001488.tiff,0310.parquet,46,DeciDiffusionV2,RAISE,0,CompEval,test,LatDiff,TIFF,4928x3264,RGB,False,,OwensLab/CommunityForensics-Eval,default,CompEval,7d4a74a88d2cac93b513c0853bf92c260eaceea0,49365d527202f179b93e478f5b32107eb92aaa3f,20261009
0040.parquet:49,RAISE_REAL,000005255.tiff,0040.parquet,49,GALIP,RAISE,0,CompEval,test,GAN,TIFF,4928x3264,RGB,False,,OwensLab/CommunityForensics-Eval,default,CompEval,7d4a74a88d2cac93b513c0853bf92c260eaceea0,49365d527202f179b93e478f5b32107eb92aaa3f,20261009
0375.parquet:98,RAISE_REAL,000000570.tiff,0375.parquet,98,LCM_lora_sdxl,RAISE,0,CompEval,test,LatDiff,TIFF,4288x2848,RGB,False,,OwensLab/CommunityForensics-Eval,default,CompEval,7d4a74a88d2cac93b513c0853bf92c260eaceea0,49365d527202f179b93e478f5b32107eb92aaa3f,20261009
0162.parquet:65,RAISE_REAL,000006298.tiff,0162.parquet,65,kandinsky_2_2,RAISE,0,CompEval,test,LatDiff,TIFF,3264x4928,RGB,False,,OwensLab/CommunityForensics-Eval,default,CompEval,7d4a74a88d2cac93b513c0853bf92c260eaceea0,49365d527202f179b93e478f5b32107eb92aaa3f,20261009
0398.parquet:90,RAISE_REAL,000006442.tiff,0398.parquet,90,LCM_lora_ssd1b,RAISE,0,CompEval,test,LatDiff,TIFF,3264x4928,RGB,False,,OwensLab/CommunityForensics-Eval,default,CompEval,7d4a74a88d2cac93b513c0853bf92c260eaceea0,49365d527202f179b93e478f5b32107eb92aaa3f,20261009
0259.parquet:33,RAISE_REAL,000001767.tiff,0259.parquet,33,stable_cascade,RAISE,0,CompEval,test,Other,TIFF,4928x3264,RGB,False,,OwensLab/CommunityForensics-Eval,default,CompEval,7d4a74a88d2cac93b513c0853bf92c260eaceea0,49365d527202f179b93e478f5b32107eb92aaa3f,20261009
0164.parquet:4,RAISE_REAL,000003591.tiff,0164.parquet,4,kandinsky_2_2,RAISE,0,CompEval,test,LatDiff,TIFF,2848x4288,RGB,False,,OwensLab/CommunityForensics-Eval,default,CompEval,7d4a74a88d2cac93b513c0853bf92c260eaceea0,49365d527202f179b93e478f5b32107eb92aaa3f,20261009
0401.parquet:45,RAISE_REAL,000006696.tiff,0401.parquet,45,LCM_lora_ssd1b,RAISE,0,CompEval,test,LatDiff,TIFF,4928x3264,RGB,False,,OwensLab/CommunityForensics-Eval,default,CompEval,7d4a74a88d2cac93b513c0853bf92c260eaceea0,49365d527202f179b93e478f5b32107eb92aaa3f,20261009
0310.parquet:52,RAISE_REAL,000004731.tiff,0310.parquet,52,DeciDiffusionV2,RAISE,0,CompEval,test,LatDiff,TIFF,3264x4928,RGB,False,,OwensLab/CommunityForensics-Eval,default,CompEval,7d4a74a88d2cac93b513c0853bf92c260eaceea0,49365d527202f179b93e478f5b32107eb92aaa3f,20261009
0089.parquet:29,RAISE_REAL,000006152.tiff,0089.parquet,29,kvikontent_midjourney_v6,RAISE,0,CompEval,test,LatDiff,TIFF,4928x3264,RGB,False,,OwensLab/CommunityForensics-Eval,default,CompEval,7d4a74a88d2cac93b513c0853bf92c260eaceea0,49365d527202f179b93e478f5b32107eb92aaa3f,20261009
0378.parquet:44,RAISE_REAL,000004641.tiff,0378.parquet,44,LCM_lora_sdxl,RAISE,0,CompEval,test,LatDiff,TIFF,4928x3264,RGB,False,,OwensLab/CommunityForensics-Eval,default,CompEval,7d4a74a88d2cac93b513c0853bf92c260eaceea0,49365d527202f179b93e478f5b32107eb92aaa3f,20261009
0365.parquet:46,RAISE_REAL,000004866.tiff,0365.parquet,46,LCM_lora_sdv15,RAISE,0,CompEval,test,LatDiff,TIFF,3264x4928,RGB,False,,OwensLab/CommunityForensics-Eval,default,CompEval,7d4a74a88d2cac93b513c0853bf92c260eaceea0,49365d527202f179b93e478f5b32107eb92aaa3f,20261009
0310.parquet:104,RAISE_AI_DeciDiffusionV2,000137.png,0310.parquet,104,DeciDiffusionV2,RAISE,1,CompEval,test,LatDiff,PNG,512x512,RGB,False,,OwensLab/CommunityForensics-Eval,default,CompEval,7d4a74a88d2cac93b513c0853bf92c260eaceea0,49365d527202f179b93e478f5b32107eb92aaa3f,20261009
0317.parquet:40,RAISE_AI_DeciDiffusionV2,000979.png,0317.parquet,40,DeciDiffusionV2,RAISE,1,CompEval,test,LatDiff,PNG,512x512,RGB,False,,OwensLab/CommunityForensics-Eval,default,CompEval,7d4a74a88d2cac93b513c0853bf92c260eaceea0,49365d527202f179b93e478f5b32107eb92aaa3f,20261009
0316.parquet:47,RAISE_AI_DeciDiffusionV2,000411.png,0316.parquet,47,DeciDiffusionV2,RAISE,1,CompEval,test,LatDiff,PNG,512x512,RGB,False,,OwensLab/CommunityForensics-Eval,default,CompEval,7d4a74a88d2cac93b513c0853bf92c260eaceea0,49365d527202f179b93e478f5b32107eb92aaa3f,20261009
0312.parquet:95,RAISE_AI_DeciDiffusionV2,000647.png,0312.parquet,95,DeciDiffusionV2,RAISE,1,CompEval,test,LatDiff,PNG,512x512,RGB,False,,OwensLab/CommunityForensics-Eval,default,CompEval,7d4a74a88d2cac93b513c0853bf92c260eaceea0,49365d527202f179b93e478f5b32107eb92aaa3f,20261009
0314.parquet:61,RAISE_AI_DeciDiffusionV2,000086.png,0314.parquet,61,DeciDiffusionV2,RAISE,1,CompEval,test,LatDiff,PNG,512x512,RGB,False,,OwensLab/CommunityForensics-Eval,default,CompEval,7d4a74a88d2cac93b513c0853bf92c260eaceea0,49365d527202f179b93e478f5b32107eb92aaa3f,20261009
0318.parquet:74,RAISE_AI_DeciDiffusionV2,000361.png,0318.parquet,74,DeciDiffusionV2,RAISE,1,CompEval,test,LatDiff,PNG,512x512,RGB,False,,OwensLab/CommunityForensics-Eval,default,CompEval,7d4a74a88d2cac93b513c0853bf92c260eaceea0,49365d527202f179b93e478f5b32107eb92aaa3f,20261009
0311.parquet:0,RAISE_AI_DeciDiffusionV2,000270.png,0311.parquet,0,DeciDiffusionV2,RAISE,1,CompEval,test,LatDiff,PNG,512x512,RGB,False,,OwensLab/CommunityForensics-Eval,default,CompEval,7d4a74a88d2cac93b513c0853bf92c260eaceea0,49365d527202f179b93e478f5b32107eb92aaa3f,20261009
0312.parquet:57,RAISE_AI_DeciDiffusionV2,000156.png,0312.parquet,57,DeciDiffusionV2,RAISE,1,CompEval,test,LatDiff,PNG,512x512,RGB,False,,OwensLab/CommunityForensics-Eval,default,CompEval,7d4a74a88d2cac93b513c0853bf92c260eaceea0,49365d527202f179b93e478f5b32107eb92aaa3f,20261009
0313.parquet:96,RAISE_AI_DeciDiffusionV2,000310.png,0313.parquet,96,DeciDiffusionV2,RAISE,1,CompEval,test,LatDiff,PNG,512x512,RGB,False,,OwensLab/CommunityForensics-Eval,default,CompEval,7d4a74a88d2cac93b513c0853bf92c260eaceea0,49365d527202f179b93e478f5b32107eb92aaa3f,20261009
0318.parquet:8,RAISE_AI_DeciDiffusionV2,000024.png,0318.parquet,8,DeciDiffusionV2,RAISE,1,CompEval,test,LatDiff,PNG,512x512,RGB,False,,OwensLab/CommunityForensics-Eval,default,CompEval,7d4a74a88d2cac93b513c0853bf92c260eaceea0,49365d527202f179b93e478f5b32107eb92aaa3f,20261009
0318.parquet:29,RAISE_AI_DeciDiffusionV2,000555.png,0318.parquet,29,DeciDiffusionV2,RAISE,1,CompEval,test,LatDiff,PNG,512x512,RGB,False,,OwensLab/CommunityForensics-Eval,default,CompEval,7d4a74a88d2cac93b513c0853bf92c260eaceea0,49365d527202f179b93e478f5b32107eb92aaa3f,20261009
0314.parquet:79,RAISE_AI_DeciDiffusionV2,000068.png,0314.parquet,79,DeciDiffusionV2,RAISE,1,CompEval,test,LatDiff,PNG,512x512,RGB,False,,OwensLab/CommunityForensics-Eval,default,CompEval,7d4a74a88d2cac93b513c0853bf92c260eaceea0,49365d527202f179b93e478f5b32107eb92aaa3f,20261009
0313.parquet:23,RAISE_AI_DeciDiffusionV2,000450.png,0313.parquet,23,DeciDiffusionV2,RAISE,1,CompEval,test,LatDiff,PNG,512x512,RGB,False,,OwensLab/CommunityForensics-Eval,default,CompEval,7d4a74a88d2cac93b513c0853bf92c260eaceea0,49365d527202f179b93e478f5b32107eb92aaa3f,20261009
0311.parquet:49,RAISE_AI_DeciDiffusionV2,000974.png,0311.parquet,49,DeciDiffusionV2,RAISE,1,CompEval,test,LatDiff,PNG,512x512,RGB,False,,OwensLab/CommunityForensics-Eval,default,CompEval,7d4a74a88d2cac93b513c0853bf92c260eaceea0,49365d527202f179b93e478f5b32107eb92aaa3f,20261009
0317.parquet:75,RAISE_AI_DeciDiffusionV2,000042.png,0317.parquet,75,DeciDiffusionV2,RAISE,1,CompEval,test,LatDiff,PNG,512x512,RGB,False,,OwensLab/CommunityForensics-Eval,default,CompEval,7d4a74a88d2cac93b513c0853bf92c260eaceea0,49365d527202f179b93e478f5b32107eb92aaa3f,20261009
0317.parquet:44,RAISE_AI_DeciDiffusionV2,000050.png,0317.parquet,44,DeciDiffusionV2,RAISE,1,CompEval,test,LatDiff,PNG,512x512,RGB,False,,OwensLab/CommunityForensics-Eval,default,CompEval,7d4a74a88d2cac93b513c0853bf92c260eaceea0,49365d527202f179b93e478f5b32107eb92aaa3f,20261009
0312.parquet:124,RAISE_AI_DeciDiffusionV2,000682.png,0312.parquet,124,DeciDiffusionV2,RAISE,1,CompEval,test,LatDiff,PNG,512x512,RGB,False,,OwensLab/CommunityForensics-Eval,default,CompEval,7d4a74a88d2cac93b513c0853bf92c260eaceea0,49365d527202f179b93e478f5b32107eb92aaa3f,20261009
0312.parquet:54,RAISE_AI_DeciDiffusionV2,000255.png,0312.parquet,54,DeciDiffusionV2,RAISE,1,CompEval,test,LatDiff,PNG,512x512,RGB,False,,OwensLab/CommunityForensics-Eval,default,CompEval,7d4a74a88d2cac93b513c0853bf92c260eaceea0,49365d527202f179b93e478f5b32107eb92aaa3f,20261009
0314.parquet:86,RAISE_AI_DeciDiffusionV2,000057.png,0314.parquet,86,DeciDiffusionV2,RAISE,1,CompEval,test,LatDiff,PNG,512x512,RGB,False,,OwensLab/CommunityForensics-Eval,default,CompEval,7d4a74a88d2cac93b513c0853bf92c260eaceea0,49365d527202f179b93e478f5b32107eb92aaa3f,20261009
0318.parquet:77,RAISE_AI_DeciDiffusionV2,000132.png,0318.parquet,77,DeciDiffusionV2,RAISE,1,CompEval,test,LatDiff,PNG,512x512,RGB,False,,OwensLab/CommunityForensics-Eval,default,CompEval,7d4a74a88d2cac93b513c0853bf92c260eaceea0,49365d527202f179b93e478f5b32107eb92aaa3f,20261009
0310.parquet:87,RAISE_AI_DeciDiffusionV2,000914.png,0310.parquet,87,DeciDiffusionV2,RAISE,1,CompEval,test,LatDiff,PNG,512x512,RGB,False,,OwensLab/CommunityForensics-Eval,default,CompEval,7d4a74a88d2cac93b513c0853bf92c260eaceea0,49365d527202f179b93e478f5b32107eb92aaa3f,20261009
0315.parquet:120,RAISE_AI_DeciDiffusionV2,000611.png,0315.parquet,120,DeciDiffusionV2,RAISE,1,CompEval,test,LatDiff,PNG,512x512,RGB,False,,OwensLab/CommunityForensics-Eval,default,CompEval,7d4a74a88d2cac93b513c0853bf92c260eaceea0,49365d527202f179b93e478f5b32107eb92aaa3f,20261009
0311.parquet:92,RAISE_AI_DeciDiffusionV2,000475.png,0311.parquet,92,DeciDiffusionV2,RAISE,1,CompEval,test,LatDiff,PNG,512x512,RGB,False,,OwensLab/CommunityForensics-Eval,default,CompEval,7d4a74a88d2cac93b513c0853bf92c260eaceea0,49365d527202f179b93e478f5b32107eb92aaa3f,20261009
0318.parquet:35,RAISE_AI_DeciDiffusionV2,000206.png,0318.parquet,35,DeciDiffusionV2,RAISE,1,CompEval,test,LatDiff,PNG,512x512,RGB,False,,OwensLab/CommunityForensics-Eval,default,CompEval,7d4a74a88d2cac93b513c0853bf92c260eaceea0,49365d527202f179b93e478f5b32107eb92aaa3f,20261009
0311.parquet:64,RAISE_AI_DeciDiffusionV2,000019.png,0311.parquet,64,DeciDiffusionV2,RAISE,1,CompEval,test,LatDiff,PNG,512x512,RGB,False,,OwensLab/CommunityForensics-Eval,default,CompEval,7d4a74a88d2cac93b513c0853bf92c260eaceea0,49365d527202f179b93e478f5b32107eb92aaa3f,20261009
0316.parquet:16,RAISE_AI_DeciDiffusionV2,000793.png,0316.parquet,16,DeciDiffusionV2,RAISE,1,CompEval,test,LatDiff,PNG,512x512,RGB,False,,OwensLab/CommunityForensics-Eval,default,CompEval,7d4a74a88d2cac93b513c0853bf92c260eaceea0,49365d527202f179b93e478f5b32107eb92aaa3f,20261009
0313.parquet:58,RAISE_AI_DeciDiffusionV2,000389.png,0313.parquet,58,DeciDiffusionV2,RAISE,1,CompEval,test,LatDiff,PNG,512x512,RGB,False,,OwensLab/CommunityForensics-Eval,default,CompEval,7d4a74a88d2cac93b513c0853bf92c260eaceea0,49365d527202f179b93e478f5b32107eb92aaa3f,20261009
0315.parquet:29,RAISE_AI_DeciDiffusionV2,000714.png,0315.parquet,29,DeciDiffusionV2,RAISE,1,CompEval,test,LatDiff,PNG,512x512,RGB,False,,OwensLab/CommunityForensics-Eval,default,CompEval,7d4a74a88d2cac93b513c0853bf92c260eaceea0,49365d527202f179b93e478f5b32107eb92aaa3f,20261009
0312.parquet:70,RAISE_AI_DeciDiffusionV2,000209.png,0312.parquet,70,DeciDiffusionV2,RAISE,1,CompEval,test,LatDiff,PNG,512x512,RGB,False,,OwensLab/CommunityForensics-Eval,default,CompEval,7d4a74a88d2cac93b513c0853bf92c260eaceea0,49365d527202f179b93e478f5b32107eb92aaa3f,20261009
0314.parquet:39,RAISE_AI_DeciDiffusionV2,000804.png,0314.parquet,39,DeciDiffusionV2,RAISE,1,CompEval,test,LatDiff,PNG,512x512,RGB,False,,OwensLab/CommunityForensics-Eval,default,CompEval,7d4a74a88d2cac93b513c0853bf92c260eaceea0,49365d527202f179b93e478f5b32107eb92aaa3f,20261009
0316.parquet:95,RAISE_AI_DeciDiffusionV2,000381.png,0316.parquet,95,DeciDiffusionV2,RAISE,1,CompEval,test,LatDiff,PNG,512x512,RGB,False,,OwensLab/CommunityForensics-Eval,default,CompEval,7d4a74a88d2cac93b513c0853bf92c260eaceea0,49365d527202f179b93e478f5b32107eb92aaa3f,20261009
0317.parquet:78,RAISE_AI_DeciDiffusionV2,000513.png,0317.parquet,78,DeciDiffusionV2,RAISE,1,CompEval,test,LatDiff,PNG,512x512,RGB,False,,OwensLab/CommunityForensics-Eval,default,CompEval,7d4a74a88d2cac93b513c0853bf92c260eaceea0,49365d527202f179b93e478f5b32107eb92aaa3f,20261009
0312.parquet:74,RAISE_AI_DeciDiffusionV2,000971.png,0312.parquet,74,DeciDiffusionV2,RAISE,1,CompEval,test,LatDiff,PNG,512x512,RGB,False,,OwensLab/CommunityForensics-Eval,default,CompEval,7d4a74a88d2cac93b513c0853bf92c260eaceea0,49365d527202f179b93e478f5b32107eb92aaa3f,20261009
0317.parquet:14,RAISE_AI_DeciDiffusionV2,000472.png,0317.parquet,14,DeciDiffusionV2,RAISE,1,CompEval,test,LatDiff,PNG,512x512,RGB,False,,OwensLab/CommunityForensics-Eval,default,CompEval,7d4a74a88d2cac93b513c0853bf92c260eaceea0,49365d527202f179b93e478f5b32107eb92aaa3f,20261009
0316.parquet:28,RAISE_AI_DeciDiffusionV2,000687.png,0316.parquet,28,DeciDiffusionV2,RAISE,1,CompEval,test,LatDiff,PNG,512x512,RGB,False,,OwensLab/CommunityForensics-Eval,default,CompEval,7d4a74a88d2cac93b513c0853bf92c260eaceea0,49365d527202f179b93e478f5b32107eb92aaa3f,20261009
0317.parquet:89,RAISE_AI_DeciDiffusionV2,000321.png,0317.parquet,89,DeciDiffusionV2,RAISE,1,CompEval,test,LatDiff,PNG,512x512,RGB,False,,OwensLab/CommunityForensics-Eval,default,CompEval,7d4a74a88d2cac93b513c0853bf92c260eaceea0,49365d527202f179b93e478f5b32107eb92aaa3f,20261009
0313.parquet:34,RAISE_AI_DeciDiffusionV2,000420.png,0313.parquet,34,DeciDiffusionV2,RAISE,1,CompEval,test,LatDiff,PNG,512x512,RGB,False,,OwensLab/CommunityForensics-Eval,default,CompEval,7d4a74a88d2cac93b513c0853bf92c260eaceea0,49365d527202f179b93e478f5b32107eb92aaa3f,20261009
0316.parquet:10,RAISE_AI_DeciDiffusionV2,000246.png,0316.parquet,10,DeciDiffusionV2,RAISE,1,CompEval,test,LatDiff,PNG,512x512,RGB,False,,OwensLab/CommunityForensics-Eval,default,CompEval,7d4a74a88d2cac93b513c0853bf92c260eaceea0,49365d527202f179b93e478f5b32107eb92aaa3f,20261009
0127.parquet:97,RAISE_AI_DeciDiffusionV2,000101.png,0127.parquet,97,DeciDiffusionV2,RAISE,1,CompEval,test,LatDiff,PNG,512x512,RGB,False,,OwensLab/CommunityForensics-Eval,default,CompEval,7d4a74a88d2cac93b513c0853bf92c260eaceea0,49365d527202f179b93e478f5b32107eb92aaa3f,20261009
0317.parquet:93,RAISE_AI_DeciDiffusionV2,000334.png,0317.parquet,93,DeciDiffusionV2,RAISE,1,CompEval,test,LatDiff,PNG,512x512,RGB,False,,OwensLab/CommunityForensics-Eval,default,CompEval,7d4a74a88d2cac93b513c0853bf92c260eaceea0,49365d527202f179b93e478f5b32107eb92aaa3f,20261009
0316.parquet:20,RAISE_AI_DeciDiffusionV2,000481.png,0316.parquet,20,DeciDiffusionV2,RAISE,1,CompEval,test,LatDiff,PNG,512x512,RGB,False,,OwensLab/CommunityForensics-Eval,default,CompEval,7d4a74a88d2cac93b513c0853bf92c260eaceea0,49365d527202f179b93e478f5b32107eb92aaa3f,20261009
0311.parquet:42,RAISE_AI_DeciDiffusionV2,000630.png,0311.parquet,42,DeciDiffusionV2,RAISE,1,CompEval,test,LatDiff,PNG,512x512,RGB,False,,OwensLab/CommunityForensics-Eval,default,CompEval,7d4a74a88d2cac93b513c0853bf92c260eaceea0,49365d527202f179b93e478f5b32107eb92aaa3f,20261009
0314.parquet:100,RAISE_AI_DeciDiffusionV2,000193.png,0314.parquet,100,DeciDiffusionV2,RAISE,1,CompEval,test,LatDiff,PNG,512x512,RGB,False,,OwensLab/CommunityForensics-Eval,default,CompEval,7d4a74a88d2cac93b513c0853bf92c260eaceea0,49365d527202f179b93e478f5b32107eb92aaa3f,20261009
0313.parquet:85,RAISE_AI_DeciDiffusionV2,000623.png,0313.parquet,85,DeciDiffusionV2,RAISE,1,CompEval,test,LatDiff,PNG,512x512,RGB,False,,OwensLab/CommunityForensics-Eval,default,CompEval,7d4a74a88d2cac93b513c0853bf92c260eaceea0,49365d527202f179b93e478f5b32107eb92aaa3f,20261009
0312.parquet:110,RAISE_AI_DeciDiffusionV2,000283.png,0312.parquet,110,DeciDiffusionV2,RAISE,1,CompEval,test,LatDiff,PNG,512x512,RGB,False,,OwensLab/CommunityForensics-Eval,default,CompEval,7d4a74a88d2cac93b513c0853bf92c260eaceea0,49365d527202f179b93e478f5b32107eb92aaa3f,20261009
0317.parquet:45,RAISE_AI_DeciDiffusionV2,000510.png,0317.parquet,45,DeciDiffusionV2,RAISE,1,CompEval,test,LatDiff,PNG,512x512,RGB,False,,OwensLab/CommunityForensics-Eval,default,CompEval,7d4a74a88d2cac93b513c0853bf92c260eaceea0,49365d527202f179b93e478f5b32107eb92aaa3f,20261009
0317.parquet:10,RAISE_AI_DeciDiffusionV2,000416.png,0317.parquet,10,DeciDiffusionV2,RAISE,1,CompEval,test,LatDiff,PNG,512x512,RGB,False,,OwensLab/CommunityForensics-Eval,default,CompEval,7d4a74a88d2cac93b513c0853bf92c260eaceea0,49365d527202f179b93e478f5b32107eb92aaa3f,20261009
0127.parquet:96,RAISE_AI_DeciDiffusionV2,000987.png,0127.parquet,96,DeciDiffusionV2,RAISE,1,CompEval,test,LatDiff,PNG,512x512,RGB,False,,OwensLab/CommunityForensics-Eval,default,CompEval,7d4a74a88d2cac93b513c0853bf92c260eaceea0,49365d527202f179b93e478f5b32107eb92aaa3f,20261009
0314.parquet:32,RAISE_AI_DeciDiffusionV2,000935.png,0314.parquet,32,DeciDiffusionV2,RAISE,1,CompEval,test,LatDiff,PNG,512x512,RGB,False,,OwensLab/CommunityForensics-Eval,default,CompEval,7d4a74a88d2cac93b513c0853bf92c260eaceea0,49365d527202f179b93e478f5b32107eb92aaa3f,20261009
0314.parquet:98,RAISE_AI_DeciDiffusionV2,000993.png,0314.parquet,98,DeciDiffusionV2,RAISE,1,CompEval,test,LatDiff,PNG,512x512,RGB,False,,OwensLab/CommunityForensics-Eval,default,CompEval,7d4a74a88d2cac93b513c0853bf92c260eaceea0,49365d527202f179b93e478f5b32107eb92aaa3f,20261009
0313.parquet:55,RAISE_AI_DeciDiffusionV2,000541.png,0313.parquet,55,DeciDiffusionV2,RAISE,1,CompEval,test,LatDiff,PNG,512x512,RGB,False,,OwensLab/CommunityForensics-Eval,default,CompEval,7d4a74a88d2cac93b513c0853bf92c260eaceea0,49365d527202f179b93e478f5b32107eb92aaa3f,20261009
0315.parquet:32,RAISE_AI_DeciDiffusionV2,000269.png,0315.parquet,32,DeciDiffusionV2,RAISE,1,CompEval,test,LatDiff,PNG,512x512,RGB,False,,OwensLab/CommunityForensics-Eval,default,CompEval,7d4a74a88d2cac93b513c0853bf92c260eaceea0,49365d527202f179b93e478f5b32107eb92aaa3f,20261009
0314.parquet:108,RAISE_AI_DeciDiffusionV2,000178.png,0314.parquet,108,DeciDiffusionV2,RAISE,1,CompEval,test,LatDiff,PNG,512x512,RGB,False,,OwensLab/CommunityForensics-Eval,default,CompEval,7d4a74a88d2cac93b513c0853bf92c260eaceea0,49365d527202f179b93e478f5b32107eb92aaa3f,20261009
0312.parquet:33,RAISE_AI_DeciDiffusionV2,000523.png,0312.parquet,33,DeciDiffusionV2,RAISE,1,CompEval,test,LatDiff,PNG,512x512,RGB,False,,OwensLab/CommunityForensics-Eval,default,CompEval,7d4a74a88d2cac93b513c0853bf92c260eaceea0,49365d527202f179b93e478f5b32107eb92aaa3f,20261009
0311.parquet:79,RAISE_AI_DeciDiffusionV2,000591.png,0311.parquet,79,DeciDiffusionV2,RAISE,1,CompEval,test,LatDiff,PNG,512x512,RGB,False,,OwensLab/CommunityForensics-Eval,default,CompEval,7d4a74a88d2cac93b513c0853bf92c260eaceea0,49365d527202f179b93e478f5b32107eb92aaa3f,20261009
0312.parquet:86,RAISE_AI_DeciDiffusionV2,000098.png,0312.parquet,86,DeciDiffusionV2,RAISE,1,CompEval,test,LatDiff,PNG,512x512,RGB,False,,OwensLab/CommunityForensics-Eval,default,CompEval,7d4a74a88d2cac93b513c0853bf92c260eaceea0,49365d527202f179b93e478f5b32107eb92aaa3f,20261009
0315.parquet:37,RAISE_AI_DeciDiffusionV2,000499.png,0315.parquet,37,DeciDiffusionV2,RAISE,1,CompEval,test,LatDiff,PNG,512x512,RGB,False,,OwensLab/CommunityForensics-Eval,default,CompEval,7d4a74a88d2cac93b513c0853bf92c260eaceea0,49365d527202f179b93e478f5b32107eb92aaa3f,20261009
0314.parquet:24,RAISE_AI_DeciDiffusionV2,000780.png,0314.parquet,24,DeciDiffusionV2,RAISE,1,CompEval,test,LatDiff,PNG,512x512,RGB,False,,OwensLab/CommunityForensics-Eval,default,CompEval,7d4a74a88d2cac93b513c0853bf92c260eaceea0,49365d527202f179b93e478f5b32107eb92aaa3f,20261009
0317.parquet:104,RAISE_AI_DeciDiffusionV2,000852.png,0317.parquet,104,DeciDiffusionV2,RAISE,1,CompEval,test,LatDiff,PNG,512x512,RGB,False,,OwensLab/CommunityForensics-Eval,default,CompEval,7d4a74a88d2cac93b513c0853bf92c260eaceea0,49365d527202f179b93e478f5b32107eb92aaa3f,20261009
0310.parquet:109,RAISE_AI_DeciDiffusionV2,000159.png,0310.parquet,109,DeciDiffusionV2,RAISE,1,CompEval,test,LatDiff,PNG,512x512,RGB,False,,OwensLab/CommunityForensics-Eval,default,CompEval,7d4a74a88d2cac93b513c0853bf92c260eaceea0,49365d527202f179b93e478f5b32107eb92aaa3f,20261009
0314.parquet:2,RAISE_AI_DeciDiffusionV2,000959.png,0314.parquet,2,DeciDiffusionV2,RAISE,1,CompEval,test,LatDiff,PNG,512x512,RGB,False,,OwensLab/CommunityForensics-Eval,default,CompEval,7d4a74a88d2cac93b513c0853bf92c260eaceea0,49365d527202f179b93e478f5b32107eb92aaa3f,20261009
0313.parquet:79,RAISE_AI_DeciDiffusionV2,000838.png,0313.parquet,79,DeciDiffusionV2,RAISE,1,CompEval,test,LatDiff,PNG,512x512,RGB,False,,OwensLab/CommunityForensics-Eval,default,CompEval,7d4a74a88d2cac93b513c0853bf92c260eaceea0,49365d527202f179b93e478f5b32107eb92aaa3f,20261009
0318.parquet:78,RAISE_AI_DeciDiffusionV2,000256.png,0318.parquet,78,DeciDiffusionV2,RAISE,1,CompEval,test,LatDiff,PNG,512x512,RGB,False,,OwensLab/CommunityForensics-Eval,default,CompEval,7d4a74a88d2cac93b513c0853bf92c260eaceea0,49365d527202f179b93e478f5b32107eb92aaa3f,20261009
0315.parquet:34,RAISE_AI_DeciDiffusionV2,000876.png,0315.parquet,34,DeciDiffusionV2,RAISE,1,CompEval,test,LatDiff,PNG,512x512,RGB,False,,OwensLab/CommunityForensics-Eval,default,CompEval,7d4a74a88d2cac93b513c0853bf92c260eaceea0,49365d527202f179b93e478f5b32107eb92aaa3f,20261009
0314.parquet:69,RAISE_AI_DeciDiffusionV2,000579.png,0314.parquet,69,DeciDiffusionV2,RAISE,1,CompEval,test,LatDiff,PNG,512x512,RGB,False,,OwensLab/CommunityForensics-Eval,default,CompEval,7d4a74a88d2cac93b513c0853bf92c260eaceea0,49365d527202f179b93e478f5b32107eb92aaa3f,20261009
0313.parquet:94,RAISE_AI_DeciDiffusionV2,000278.png,0313.parquet,94,DeciDiffusionV2,RAISE,1,CompEval,test,LatDiff,PNG,512x512,RGB,False,,OwensLab/CommunityForensics-Eval,default,CompEval,7d4a74a88d2cac93b513c0853bf92c260eaceea0,49365d527202f179b93e478f5b32107eb92aaa3f,20261009
0317.parquet:15,RAISE_AI_DeciDiffusionV2,000646.png,0317.parquet,15,DeciDiffusionV2,RAISE,1,CompEval,test,LatDiff,PNG,512x512,RGB,False,,OwensLab/CommunityForensics-Eval,default,CompEval,7d4a74a88d2cac93b513c0853bf92c260eaceea0,49365d527202f179b93e478f5b32107eb92aaa3f,20261009
0313.parquet:120,RAISE_AI_DeciDiffusionV2,000453.png,0313.parquet,120,DeciDiffusionV2,RAISE,1,CompEval,test,LatDiff,PNG,512x512,RGB,False,,OwensLab/CommunityForensics-Eval,default,CompEval,7d4a74a88d2cac93b513c0853bf92c260eaceea0,49365d527202f179b93e478f5b32107eb92aaa3f,20261009
0313.parquet:32,RAISE_AI_DeciDiffusionV2,000931.png,0313.parquet,32,DeciDiffusionV2,RAISE,1,CompEval,test,LatDiff,PNG,512x512,RGB,False,,OwensLab/CommunityForensics-Eval,default,CompEval,7d4a74a88d2cac93b513c0853bf92c260eaceea0,49365d527202f179b93e478f5b32107eb92aaa3f,20261009
0310.parquet:112,RAISE_AI_DeciDiffusionV2,000586.png,0310.parquet,112,DeciDiffusionV2,RAISE,1,CompEval,test,LatDiff,PNG,512x512,RGB,False,,OwensLab/CommunityForensics-Eval,default,CompEval,7d4a74a88d2cac93b513c0853bf92c260eaceea0,49365d527202f179b93e478f5b32107eb92aaa3f,20261009
0314.parquet:72,RAISE_AI_DeciDiffusionV2,000761.png,0314.parquet,72,DeciDiffusionV2,RAISE,1,CompEval,test,LatDiff,PNG,512x512,RGB,False,,OwensLab/CommunityForensics-Eval,default,CompEval,7d4a74a88d2cac93b513c0853bf92c260eaceea0,49365d527202f179b93e478f5b32107eb92aaa3f,20261009
0311.parquet:68,RAISE_AI_DeciDiffusionV2,000969.png,0311.parquet,68,DeciDiffusionV2,RAISE,1,CompEval,test,LatDiff,PNG,512x512,RGB,False,,OwensLab/CommunityForensics-Eval,default,CompEval,7d4a74a88d2cac93b513c0853bf92c260eaceea0,49365d527202f179b93e478f5b32107eb92aaa3f,20261009
0314.parquet:3,RAISE_AI_DeciDiffusionV2,000285.png,0314.parquet,3,DeciDiffusionV2,RAISE,1,CompEval,test,LatDiff,PNG,512x512,RGB,False,,OwensLab/CommunityForensics-Eval,default,CompEval,7d4a74a88d2cac93b513c0853bf92c260eaceea0,49365d527202f179b93e478f5b32107eb92aaa3f,20261009
0312.parquet:31,RAISE_AI_DeciDiffusionV2,000096.png,0312.parquet,31,DeciDiffusionV2,RAISE,1,CompEval,test,LatDiff,PNG,512x512,RGB,False,,OwensLab/CommunityForensics-Eval,default,CompEval,7d4a74a88d2cac93b513c0853bf92c260eaceea0,49365d527202f179b93e478f5b32107eb92aaa3f,20261009
0316.parquet:92,RAISE_AI_DeciDiffusionV2,000076.png,0316.parquet,92,DeciDiffusionV2,RAISE,1,CompEval,test,LatDiff,PNG,512x512,RGB,False,,OwensLab/CommunityForensics-Eval,default,CompEval,7d4a74a88d2cac93b513c0853bf92c260eaceea0,49365d527202f179b93e478f5b32107eb92aaa3f,20261009
0318.parquet:117,RAISE_AI_DeciDiffusionV2,000384.png,0318.parquet,117,DeciDiffusionV2,RAISE,1,CompEval,test,LatDiff,PNG,512x512,RGB,False,,OwensLab/CommunityForensics-Eval,default,CompEval,7d4a74a88d2cac93b513c0853bf92c260eaceea0,49365d527202f179b93e478f5b32107eb92aaa3f,20261009
0318.parquet:89,RAISE_AI_DeciDiffusionV2,000924.png,0318.parquet,89,DeciDiffusionV2,RAISE,1,CompEval,test,LatDiff,PNG,512x512,RGB,False,,OwensLab/CommunityForensics-Eval,default,CompEval,7d4a74a88d2cac93b513c0853bf92c260eaceea0,49365d527202f179b93e478f5b32107eb92aaa3f,20261009
0312.parquet:101,RAISE_AI_DeciDiffusionV2,000956.png,0312.parquet,101,DeciDiffusionV2,RAISE,1,CompEval,test,LatDiff,PNG,512x512,RGB,False,,OwensLab/CommunityForensics-Eval,default,CompEval,7d4a74a88d2cac93b513c0853bf92c260eaceea0,49365d527202f179b93e478f5b32107eb92aaa3f,20261009
0318.parquet:38,RAISE_AI_DeciDiffusionV2,000496.png,0318.parquet,38,DeciDiffusionV2,RAISE,1,CompEval,test,LatDiff,PNG,512x512,RGB,False,,OwensLab/CommunityForensics-Eval,default,CompEval,7d4a74a88d2cac93b513c0853bf92c260eaceea0,49365d527202f179b93e478f5b32107eb92aaa3f,20261009
0310.parquet:103,RAISE_AI_DeciDiffusionV2,000605.png,0310.parquet,103,DeciDiffusionV2,RAISE,1,CompEval,test,LatDiff,PNG,512x512,RGB,False,,OwensLab/CommunityForensics-Eval,default,CompEval,7d4a74a88d2cac93b513c0853bf92c260eaceea0,49365d527202f179b93e478f5b32107eb92aaa3f,20261009
0314.parquet:109,RAISE_AI_DeciDiffusionV2,000897.png,0314.parquet,109,DeciDiffusionV2,RAISE,1,CompEval,test,LatDiff,PNG,512x512,RGB,False,,OwensLab/CommunityForensics-Eval,default,CompEval,7d4a74a88d2cac93b513c0853bf92c260eaceea0,49365d527202f179b93e478f5b32107eb92aaa3f,20261009
0311.parquet:47,RAISE_AI_DeciDiffusionV2,000125.png,0311.parquet,47,DeciDiffusionV2,RAISE,1,CompEval,test,LatDiff,PNG,512x512,RGB,False,,OwensLab/CommunityForensics-Eval,default,CompEval,7d4a74a88d2cac93b513c0853bf92c260eaceea0,49365d527202f179b93e478f5b32107eb92aaa3f,20261009
0313.parquet:24,RAISE_AI_DeciDiffusionV2,000458.png,0313.parquet,24,DeciDiffusionV2,RAISE,1,CompEval,test,LatDiff,PNG,512x512,RGB,False,,OwensLab/CommunityForensics-Eval,default,CompEval,7d4a74a88d2cac93b513c0853bf92c260eaceea0,49365d527202f179b93e478f5b32107eb92aaa3f,20261009
0314.parquet:88,RAISE_AI_DeciDiffusionV2,000856.png,0314.parquet,88,DeciDiffusionV2,RAISE,1,CompEval,test,LatDiff,PNG,512x512,RGB,False,,OwensLab/CommunityForensics-Eval,default,CompEval,7d4a74a88d2cac93b513c0853bf92c260eaceea0,49365d527202f179b93e478f5b32107eb92aaa3f,20261009
0313.parquet:22,RAISE_AI_DeciDiffusionV2,000906.png,0313.parquet,22,DeciDiffusionV2,RAISE,1,CompEval,test,LatDiff,PNG,512x512,RGB,False,,OwensLab/CommunityForensics-Eval,default,CompEval,7d4a74a88d2cac93b513c0853bf92c260eaceea0,49365d527202f179b93e478f5b32107eb92aaa3f,20261009
0316.parquet:57,RAISE_AI_DeciDiffusionV2,000257.png,0316.parquet,57,DeciDiffusionV2,RAISE,1,CompEval,test,LatDiff,PNG,512x512,RGB,False,,OwensLab/CommunityForensics-Eval,default,CompEval,7d4a74a88d2cac93b513c0853bf92c260eaceea0,49365d527202f179b93e478f5b32107eb92aaa3f,20261009
0127.parquet:101,RAISE_AI_DeciDiffusionV2,000656.png,0127.parquet,101,DeciDiffusionV2,RAISE,1,CompEval,test,LatDiff,PNG,512x512,RGB,False,,OwensLab/CommunityForensics-Eval,default,CompEval,7d4a74a88d2cac93b513c0853bf92c260eaceea0,49365d527202f179b93e478f5b32107eb92aaa3f,20261009
0314.parquet:121,RAISE_AI_DeciDiffusionV2,000359.png,0314.parquet,121,DeciDiffusionV2,RAISE,1,CompEval,test,LatDiff,PNG,512x512,RGB,False,,OwensLab/CommunityForensics-Eval,default,CompEval,7d4a74a88d2cac93b513c0853bf92c260eaceea0,49365d527202f179b93e478f5b32107eb92aaa3f,20261009
0318.parquet:96,RAISE_AI_DeciDiffusionV2,000345.png,0318.parquet,96,DeciDiffusionV2,RAISE,1,CompEval,test,LatDiff,PNG,512x512,RGB,False,,OwensLab/CommunityForensics-Eval,default,CompEval,7d4a74a88d2cac93b513c0853bf92c260eaceea0,49365d527202f179b93e478f5b32107eb92aaa3f,20261009
0310.parquet:114,RAISE_AI_DeciDiffusionV2,000964.png,0310.parquet,114,DeciDiffusionV2,RAISE,1,CompEval,test,LatDiff,PNG,512x512,RGB,False,,OwensLab/CommunityForensics-Eval,default,CompEval,7d4a74a88d2cac93b513c0853bf92c260eaceea0,49365d527202f179b93e478f5b32107eb92aaa3f,20261009
0316.parquet:125,RAISE_AI_DeciDiffusionV2,000839.png,0316.parquet,125,DeciDiffusionV2,RAISE,1,CompEval,test,LatDiff,PNG,512x512,RGB,False,,OwensLab/CommunityForensics-Eval,default,CompEval,7d4a74a88d2cac93b513c0853bf92c260eaceea0,49365d527202f179b93e478f5b32107eb92aaa3f,20261009
0314.parquet:92,RAISE_AI_DeciDiffusionV2,000302.png,0314.parquet,92,DeciDiffusionV2,RAISE,1,CompEval,test,LatDiff,PNG,512x512,RGB,False,,OwensLab/CommunityForensics-Eval,default,CompEval,7d4a74a88d2cac93b513c0853bf92c260eaceea0,49365d527202f179b93e478f5b32107eb92aaa3f,20261009
0315.parquet:109,RAISE_AI_DeciDiffusionV2,000167.png,0315.parquet,109,DeciDiffusionV2,RAISE,1,CompEval,test,LatDiff,PNG,512x512,RGB,False,,OwensLab/CommunityForensics-Eval,default,CompEval,7d4a74a88d2cac93b513c0853bf92c260eaceea0,49365d527202f179b93e478f5b32107eb92aaa3f,20261009
0318.parquet:82,RAISE_AI_DeciDiffusionV2,000577.png,0318.parquet,82,DeciDiffusionV2,RAISE,1,CompEval,test,LatDiff,PNG,512x512,RGB,False,,OwensLab/CommunityForensics-Eval,default,CompEval,7d4a74a88d2cac93b513c0853bf92c260eaceea0,49365d527202f179b93e478f5b32107eb92aaa3f,20261009
0310.parquet:124,RAISE_AI_DeciDiffusionV2,000833.png,0310.parquet,124,DeciDiffusionV2,RAISE,1,CompEval,test,LatDiff,PNG,512x512,RGB,False,,OwensLab/CommunityForensics-Eval,default,CompEval,7d4a74a88d2cac93b513c0853bf92c260eaceea0,49365d527202f179b93e478f5b32107eb92aaa3f,20261009
0313.parquet:61,RAISE_AI_DeciDiffusionV2,000314.png,0313.parquet,61,DeciDiffusionV2,RAISE,1,CompEval,test,LatDiff,PNG,512x512,RGB,False,,OwensLab/CommunityForensics-Eval,default,CompEval,7d4a74a88d2cac93b513c0853bf92c260eaceea0,49365d527202f179b93e478f5b32107eb92aaa3f,20261009
0317.parquet:74,RAISE_AI_DeciDiffusionV2,000895.png,0317.parquet,74,DeciDiffusionV2,RAISE,1,CompEval,test,LatDiff,PNG,512x512,RGB,False,,OwensLab/CommunityForensics-Eval,default,CompEval,7d4a74a88d2cac93b513c0853bf92c260eaceea0,49365d527202f179b93e478f5b32107eb92aaa3f,20261009
0313.parquet:45,RAISE_AI_DeciDiffusionV2,000661.png,0313.parquet,45,DeciDiffusionV2,RAISE,1,CompEval,test,LatDiff,PNG,512x512,RGB,False,,OwensLab/CommunityForensics-Eval,default,CompEval,7d4a74a88d2cac93b513c0853bf92c260eaceea0,49365d527202f179b93e478f5b32107eb92aaa3f,20261009
0318.parquet:102,RAISE_AI_DeciDiffusionV2,000573.png,0318.parquet,102,DeciDiffusionV2,RAISE,1,CompEval,test,LatDiff,PNG,512x512,RGB,False,,OwensLab/CommunityForensics-Eval,default,CompEval,7d4a74a88d2cac93b513c0853bf92c260eaceea0,49365d527202f179b93e478f5b32107eb92aaa3f,20261009
0315.parquet:21,RAISE_AI_DeciDiffusionV2,000179.png,0315.parquet,21,DeciDiffusionV2,RAISE,1,CompEval,test,LatDiff,PNG,512x512,RGB,False,,OwensLab/CommunityForensics-Eval,default,CompEval,7d4a74a88d2cac93b513c0853bf92c260eaceea0,49365d527202f179b93e478f5b32107eb92aaa3f,20261009
0124.parquet:12,RAISE_AI_GALIP,000029.png,0124.parquet,12,GALIP,RAISE,1,CompEval,test,GAN,PNG,224x224,RGB,False,,OwensLab/CommunityForensics-Eval,default,CompEval,7d4a74a88d2cac93b513c0853bf92c260eaceea0,49365d527202f179b93e478f5b32107eb92aaa3f,20261009
0120.parquet:30,RAISE_AI_GALIP,000444.png,0120.parquet,30,GALIP,RAISE,1,CompEval,test,GAN,PNG,224x224,RGB,False,,OwensLab/CommunityForensics-Eval,default,CompEval,7d4a74a88d2cac93b513c0853bf92c260eaceea0,49365d527202f179b93e478f5b32107eb92aaa3f,20261009
0124.parquet:43,RAISE_AI_GALIP,000200.png,0124.parquet,43,GALIP,RAISE,1,CompEval,test,GAN,PNG,224x224,RGB,False,,OwensLab/CommunityForensics-Eval,default,CompEval,7d4a74a88d2cac93b513c0853bf92c260eaceea0,49365d527202f179b93e478f5b32107eb92aaa3f,20261009
0125.parquet:26,RAISE_AI_GALIP,000558.png,0125.parquet,26,GALIP,RAISE,1,CompEval,test,GAN,PNG,224x224,RGB,False,,OwensLab/CommunityForensics-Eval,default,CompEval,7d4a74a88d2cac93b513c0853bf92c260eaceea0,49365d527202f179b93e478f5b32107eb92aaa3f,20261009
0046.parquet:49,RAISE_AI_GALIP,000760.png,0046.parquet,49,GALIP,RAISE,1,CompEval,test,GAN,PNG,224x224,RGB,False,,OwensLab/CommunityForensics-Eval,default,CompEval,7d4a74a88d2cac93b513c0853bf92c260eaceea0,49365d527202f179b93e478f5b32107eb92aaa3f,20261009
0123.parquet:23,RAISE_AI_GALIP,000176.png,0123.parquet,23,GALIP,RAISE,1,CompEval,test,GAN,PNG,224x224,RGB,False,,OwensLab/CommunityForensics-Eval,default,CompEval,7d4a74a88d2cac93b513c0853bf92c260eaceea0,49365d527202f179b93e478f5b32107eb92aaa3f,20261009
0120.parquet:86,RAISE_AI_GALIP,000187.png,0120.parquet,86,GALIP,RAISE,1,CompEval,test,GAN,PNG,224x224,RGB,False,,OwensLab/CommunityForensics-Eval,default,CompEval,7d4a74a88d2cac93b513c0853bf92c260eaceea0,49365d527202f179b93e478f5b32107eb92aaa3f,20261009
0124.parquet:101,RAISE_AI_GALIP,000175.png,0124.parquet,101,GALIP,RAISE,1,CompEval,test,GAN,PNG,224x224,RGB,False,,OwensLab/CommunityForensics-Eval,default,CompEval,7d4a74a88d2cac93b513c0853bf92c260eaceea0,49365d527202f179b93e478f5b32107eb92aaa3f,20261009
0124.parquet:42,RAISE_AI_GALIP,000594.png,0124.parquet,42,GALIP,RAISE,1,CompEval,test,GAN,PNG,224x224,RGB,False,,OwensLab/CommunityForensics-Eval,default,CompEval,7d4a74a88d2cac93b513c0853bf92c260eaceea0,49365d527202f179b93e478f5b32107eb92aaa3f,20261009
0122.parquet:68,RAISE_AI_GALIP,000870.png,0122.parquet,68,GALIP,RAISE,1,CompEval,test,GAN,PNG,224x224,RGB,False,,OwensLab/CommunityForensics-Eval,default,CompEval,7d4a74a88d2cac93b513c0853bf92c260eaceea0,49365d527202f179b93e478f5b32107eb92aaa3f,20261009
0121.parquet:45,RAISE_AI_GALIP,000398.png,0121.parquet,45,GALIP,RAISE,1,CompEval,test,GAN,PNG,224x224,RGB,False,,OwensLab/CommunityForensics-Eval,default,CompEval,7d4a74a88d2cac93b513c0853bf92c260eaceea0,49365d527202f179b93e478f5b32107eb92aaa3f,20261009
0124.parquet:114,RAISE_AI_GALIP,000509.png,0124.parquet,114,GALIP,RAISE,1,CompEval,test,GAN,PNG,224x224,RGB,False,,OwensLab/CommunityForensics-Eval,default,CompEval,7d4a74a88d2cac93b513c0853bf92c260eaceea0,49365d527202f179b93e478f5b32107eb92aaa3f,20261009
0046.parquet:103,RAISE_AI_GALIP,000668.png,0046.parquet,103,GALIP,RAISE,1,CompEval,test,GAN,PNG,224x224,RGB,False,,OwensLab/CommunityForensics-Eval,default,CompEval,7d4a74a88d2cac93b513c0853bf92c260eaceea0,49365d527202f179b93e478f5b32107eb92aaa3f,20261009
0121.parquet:56,RAISE_AI_GALIP,000242.png,0121.parquet,56,GALIP,RAISE,1,CompEval,test,GAN,PNG,224x224,RGB,False,,OwensLab/CommunityForensics-Eval,default,CompEval,7d4a74a88d2cac93b513c0853bf92c260eaceea0,49365d527202f179b93e478f5b32107eb92aaa3f,20261009
0121.parquet:119,RAISE_AI_GALIP,000754.png,0121.parquet,119,GALIP,RAISE,1,CompEval,test,GAN,PNG,224x224,RGB,False,,OwensLab/CommunityForensics-Eval,default,CompEval,7d4a74a88d2cac93b513c0853bf92c260eaceea0,49365d527202f179b93e478f5b32107eb92aaa3f,20261009
0121.parquet:66,RAISE_AI_GALIP,000866.png,0121.parquet,66,GALIP,RAISE,1,CompEval,test,GAN,PNG,224x224,RGB,False,,OwensLab/CommunityForensics-Eval,default,CompEval,7d4a74a88d2cac93b513c0853bf92c260eaceea0,49365d527202f179b93e478f5b32107eb92aaa3f,20261009
0125.parquet:28,RAISE_AI_GALIP,000841.png,0125.parquet,28,GALIP,RAISE,1,CompEval,test,GAN,PNG,224x224,RGB,False,,OwensLab/CommunityForensics-Eval,default,CompEval,7d4a74a88d2cac93b513c0853bf92c260eaceea0,49365d527202f179b93e478f5b32107eb92aaa3f,20261009
0123.parquet:80,RAISE_AI_GALIP,000856.png,0123.parquet,80,GALIP,RAISE,1,CompEval,test,GAN,PNG,224x224,RGB,False,,OwensLab/CommunityForensics-Eval,default,CompEval,7d4a74a88d2cac93b513c0853bf92c260eaceea0,49365d527202f179b93e478f5b32107eb92aaa3f,20261009
0125.parquet:39,RAISE_AI_GALIP,000037.png,0125.parquet,39,GALIP,RAISE,1,CompEval,test,GAN,PNG,224x224,RGB,False,,OwensLab/CommunityForensics-Eval,default,CompEval,7d4a74a88d2cac93b513c0853bf92c260eaceea0,49365d527202f179b93e478f5b32107eb92aaa3f,20261009
0123.parquet:118,RAISE_AI_GALIP,000379.png,0123.parquet,118,GALIP,RAISE,1,CompEval,test,GAN,PNG,224x224,RGB,False,,OwensLab/CommunityForensics-Eval,default,CompEval,7d4a74a88d2cac93b513c0853bf92c260eaceea0,49365d527202f179b93e478f5b32107eb92aaa3f,20261009
0121.parquet:51,RAISE_AI_GALIP,000768.png,0121.parquet,51,GALIP,RAISE,1,CompEval,test,GAN,PNG,224x224,RGB,False,,OwensLab/CommunityForensics-Eval,default,CompEval,7d4a74a88d2cac93b513c0853bf92c260eaceea0,49365d527202f179b93e478f5b32107eb92aaa3f,20261009
0046.parquet:67,RAISE_AI_GALIP,000045.png,0046.parquet,67,GALIP,RAISE,1,CompEval,test,GAN,PNG,224x224,RGB,False,,OwensLab/CommunityForensics-Eval,default,CompEval,7d4a74a88d2cac93b513c0853bf92c260eaceea0,49365d527202f179b93e478f5b32107eb92aaa3f,20261009
0047.parquet:95,RAISE_AI_GALIP,000806.png,0047.parquet,95,GALIP,RAISE,1,CompEval,test,GAN,PNG,224x224,RGB,False,,OwensLab/CommunityForensics-Eval,default,CompEval,7d4a74a88d2cac93b513c0853bf92c260eaceea0,49365d527202f179b93e478f5b32107eb92aaa3f,20261009
0047.parquet:91,RAISE_AI_GALIP,000728.png,0047.parquet,91,GALIP,RAISE,1,CompEval,test,GAN,PNG,224x224,RGB,False,,OwensLab/CommunityForensics-Eval,default,CompEval,7d4a74a88d2cac93b513c0853bf92c260eaceea0,49365d527202f179b93e478f5b32107eb92aaa3f,20261009
0121.parquet:53,RAISE_AI_GALIP,000006.png,0121.parquet,53,GALIP,RAISE,1,CompEval,test,GAN,PNG,224x224,RGB,False,,OwensLab/CommunityForensics-Eval,default,CompEval,7d4a74a88d2cac93b513c0853bf92c260eaceea0,49365d527202f179b93e478f5b32107eb92aaa3f,20261009
0126.parquet:15,RAISE_AI_GALIP,000471.png,0126.parquet,15,GALIP,RAISE,1,CompEval,test,GAN,PNG,224x224,RGB,False,,OwensLab/CommunityForensics-Eval,default,CompEval,7d4a74a88d2cac93b513c0853bf92c260eaceea0,49365d527202f179b93e478f5b32107eb92aaa3f,20261009
0046.parquet:41,RAISE_AI_GALIP,000062.png,0046.parquet,41,GALIP,RAISE,1,CompEval,test,GAN,PNG,224x224,RGB,False,,OwensLab/CommunityForensics-Eval,default,CompEval,7d4a74a88d2cac93b513c0853bf92c260eaceea0,49365d527202f179b93e478f5b32107eb92aaa3f,20261009
0047.parquet:86,RAISE_AI_GALIP,000437.png,0047.parquet,86,GALIP,RAISE,1,CompEval,test,GAN,PNG,224x224,RGB,False,,OwensLab/CommunityForensics-Eval,default,CompEval,7d4a74a88d2cac93b513c0853bf92c260eaceea0,49365d527202f179b93e478f5b32107eb92aaa3f,20261009
0122.parquet:101,RAISE_AI_GALIP,000497.png,0122.parquet,101,GALIP,RAISE,1,CompEval,test,GAN,PNG,224x224,RGB,False,,OwensLab/CommunityForensics-Eval,default,CompEval,7d4a74a88d2cac93b513c0853bf92c260eaceea0,49365d527202f179b93e478f5b32107eb92aaa3f,20261009
0046.parquet:10,RAISE_AI_GALIP,000623.png,0046.parquet,10,GALIP,RAISE,1,CompEval,test,GAN,PNG,224x224,RGB,False,,OwensLab/CommunityForensics-Eval,default,CompEval,7d4a74a88d2cac93b513c0853bf92c260eaceea0,49365d527202f179b93e478f5b32107eb92aaa3f,20261009
0046.parquet:116,RAISE_AI_GALIP,000374.png,0046.parquet,116,GALIP,RAISE,1,CompEval,test,GAN,PNG,224x224,RGB,False,,OwensLab/CommunityForensics-Eval,default,CompEval,7d4a74a88d2cac93b513c0853bf92c260eaceea0,49365d527202f179b93e478f5b32107eb92aaa3f,20261009
0046.parquet:35,RAISE_AI_GALIP,000077.png,0046.parquet,35,GALIP,RAISE,1,CompEval,test,GAN,PNG,224x224,RGB,False,,OwensLab/CommunityForensics-Eval,default,CompEval,7d4a74a88d2cac93b513c0853bf92c260eaceea0,49365d527202f179b93e478f5b32107eb92aaa3f,20261009
0047.parquet:0,RAISE_AI_GALIP,000636.png,0047.parquet,0,GALIP,RAISE,1,CompEval,test,GAN,PNG,224x224,RGB,False,,OwensLab/CommunityForensics-Eval,default,CompEval,7d4a74a88d2cac93b513c0853bf92c260eaceea0,49365d527202f179b93e478f5b32107eb92aaa3f,20261009
0119.parquet:123,RAISE_AI_GALIP,000285.png,0119.parquet,123,GALIP,RAISE,1,CompEval,test,GAN,PNG,224x224,RGB,False,,OwensLab/CommunityForensics-Eval,default,CompEval,7d4a74a88d2cac93b513c0853bf92c260eaceea0,49365d527202f179b93e478f5b32107eb92aaa3f,20261009
0046.parquet:101,RAISE_AI_GALIP,000838.png,0046.parquet,101,GALIP,RAISE,1,CompEval,test,GAN,PNG,224x224,RGB,False,,OwensLab/CommunityForensics-Eval,default,CompEval,7d4a74a88d2cac93b513c0853bf92c260eaceea0,49365d527202f179b93e478f5b32107eb92aaa3f,20261009
0123.parquet:25,RAISE_AI_GALIP,000787.png,0123.parquet,25,GALIP,RAISE,1,CompEval,test,GAN,PNG,224x224,RGB,False,,OwensLab/CommunityForensics-Eval,default,CompEval,7d4a74a88d2cac93b513c0853bf92c260eaceea0,49365d527202f179b93e478f5b32107eb92aaa3f,20261009
0120.parquet:122,RAISE_AI_GALIP,000514.png,0120.parquet,122,GALIP,RAISE,1,CompEval,test,GAN,PNG,224x224,RGB,False,,OwensLab/CommunityForensics-Eval,default,CompEval,7d4a74a88d2cac93b513c0853bf92c260eaceea0,49365d527202f179b93e478f5b32107eb92aaa3f,20261009
0120.parquet:40,RAISE_AI_GALIP,000230.png,0120.parquet,40,GALIP,RAISE,1,CompEval,test,GAN,PNG,224x224,RGB,False,,OwensLab/CommunityForensics-Eval,default,CompEval,7d4a74a88d2cac93b513c0853bf92c260eaceea0,49365d527202f179b93e478f5b32107eb92aaa3f,20261009
0047.parquet:102,RAISE_AI_GALIP,000447.png,0047.parquet,102,GALIP,RAISE,1,CompEval,test,GAN,PNG,224x224,RGB,False,,OwensLab/CommunityForensics-Eval,default,CompEval,7d4a74a88d2cac93b513c0853bf92c260eaceea0,49365d527202f179b93e478f5b32107eb92aaa3f,20261009
0122.parquet:92,RAISE_AI_GALIP,000028.png,0122.parquet,92,GALIP,RAISE,1,CompEval,test,GAN,PNG,224x224,RGB,False,,OwensLab/CommunityForensics-Eval,default,CompEval,7d4a74a88d2cac93b513c0853bf92c260eaceea0,49365d527202f179b93e478f5b32107eb92aaa3f,20261009
0122.parquet:84,RAISE_AI_GALIP,000721.png,0122.parquet,84,GALIP,RAISE,1,CompEval,test,GAN,PNG,224x224,RGB,False,,OwensLab/CommunityForensics-Eval,default,CompEval,7d4a74a88d2cac93b513c0853bf92c260eaceea0,49365d527202f179b93e478f5b32107eb92aaa3f,20261009
0121.parquet:99,RAISE_AI_GALIP,000988.png,0121.parquet,99,GALIP,RAISE,1,CompEval,test,GAN,PNG,224x224,RGB,False,,OwensLab/CommunityForensics-Eval,default,CompEval,7d4a74a88d2cac93b513c0853bf92c260eaceea0,49365d527202f179b93e478f5b32107eb92aaa3f,20261009
0047.parquet:50,RAISE_AI_GALIP,000545.png,0047.parquet,50,GALIP,RAISE,1,CompEval,test,GAN,PNG,224x224,RGB,False,,OwensLab/CommunityForensics-Eval,default,CompEval,7d4a74a88d2cac93b513c0853bf92c260eaceea0,49365d527202f179b93e478f5b32107eb92aaa3f,20261009
0122.parquet:71,RAISE_AI_GALIP,000113.png,0122.parquet,71,GALIP,RAISE,1,CompEval,test,GAN,PNG,224x224,RGB,False,,OwensLab/CommunityForensics-Eval,default,CompEval,7d4a74a88d2cac93b513c0853bf92c260eaceea0,49365d527202f179b93e478f5b32107eb92aaa3f,20261009
0126.parquet:1,RAISE_AI_GALIP,000297.png,0126.parquet,1,GALIP,RAISE,1,CompEval,test,GAN,PNG,224x224,RGB,False,,OwensLab/CommunityForensics-Eval,default,CompEval,7d4a74a88d2cac93b513c0853bf92c260eaceea0,49365d527202f179b93e478f5b32107eb92aaa3f,20261009
0124.parquet:8,RAISE_AI_GALIP,000842.png,0124.parquet,8,GALIP,RAISE,1,CompEval,test,GAN,PNG,224x224,RGB,False,,OwensLab/CommunityForensics-Eval,default,CompEval,7d4a74a88d2cac93b513c0853bf92c260eaceea0,49365d527202f179b93e478f5b32107eb92aaa3f,20261009
0121.parquet:68,RAISE_AI_GALIP,000098.png,0121.parquet,68,GALIP,RAISE,1,CompEval,test,GAN,PNG,224x224,RGB,False,,OwensLab/CommunityForensics-Eval,default,CompEval,7d4a74a88d2cac93b513c0853bf92c260eaceea0,49365d527202f179b93e478f5b32107eb92aaa3f,20261009
0124.parquet:121,RAISE_AI_GALIP,000363.png,0124.parquet,121,GALIP,RAISE,1,CompEval,test,GAN,PNG,224x224,RGB,False,,OwensLab/CommunityForensics-Eval,default,CompEval,7d4a74a88d2cac93b513c0853bf92c260eaceea0,49365d527202f179b93e478f5b32107eb92aaa3f,20261009
0120.parquet:68,RAISE_AI_GALIP,000573.png,0120.parquet,68,GALIP,RAISE,1,CompEval,test,GAN,PNG,224x224,RGB,False,,OwensLab/CommunityForensics-Eval,default,CompEval,7d4a74a88d2cac93b513c0853bf92c260eaceea0,49365d527202f179b93e478f5b32107eb92aaa3f,20261009
0122.parquet:50,RAISE_AI_GALIP,000579.png,0122.parquet,50,GALIP,RAISE,1,CompEval,test,GAN,PNG,224x224,RGB,False,,OwensLab/CommunityForensics-Eval,default,CompEval,7d4a74a88d2cac93b513c0853bf92c260eaceea0,49365d527202f179b93e478f5b32107eb92aaa3f,20261009
0120.parquet:103,RAISE_AI_GALIP,000899.png,0120.parquet,103,GALIP,RAISE,1,CompEval,test,GAN,PNG,224x224,RGB,False,,OwensLab/CommunityForensics-Eval,default,CompEval,7d4a74a88d2cac93b513c0853bf92c260eaceea0,49365d527202f179b93e478f5b32107eb92aaa3f,20261009
0122.parquet:1,RAISE_AI_GALIP,000348.png,0122.parquet,1,GALIP,RAISE,1,CompEval,test,GAN,PNG,224x224,RGB,False,,OwensLab/CommunityForensics-Eval,default,CompEval,7d4a74a88d2cac93b513c0853bf92c260eaceea0,49365d527202f179b93e478f5b32107eb92aaa3f,20261009
0047.parquet:98,RAISE_AI_GALIP,000539.png,0047.parquet,98,GALIP,RAISE,1,CompEval,test,GAN,PNG,224x224,RGB,False,,OwensLab/CommunityForensics-Eval,default,CompEval,7d4a74a88d2cac93b513c0853bf92c260eaceea0,49365d527202f179b93e478f5b32107eb92aaa3f,20261009
0125.parquet:41,RAISE_AI_GALIP,000858.png,0125.parquet,41,GALIP,RAISE,1,CompEval,test,GAN,PNG,224x224,RGB,False,,OwensLab/CommunityForensics-Eval,default,CompEval,7d4a74a88d2cac93b513c0853bf92c260eaceea0,49365d527202f179b93e478f5b32107eb92aaa3f,20261009
0124.parquet:124,RAISE_AI_GALIP,000342.png,0124.parquet,124,GALIP,RAISE,1,CompEval,test,GAN,PNG,224x224,RGB,False,,OwensLab/CommunityForensics-Eval,default,CompEval,7d4a74a88d2cac93b513c0853bf92c260eaceea0,49365d527202f179b93e478f5b32107eb92aaa3f,20261009
0122.parquet:98,RAISE_AI_GALIP,000963.png,0122.parquet,98,GALIP,RAISE,1,CompEval,test,GAN,PNG,224x224,RGB,False,,OwensLab/CommunityForensics-Eval,default,CompEval,7d4a74a88d2cac93b513c0853bf92c260eaceea0,49365d527202f179b93e478f5b32107eb92aaa3f,20261009
0123.parquet:116,RAISE_AI_GALIP,000032.png,0123.parquet,116,GALIP,RAISE,1,CompEval,test,GAN,PNG,224x224,RGB,False,,OwensLab/CommunityForensics-Eval,default,CompEval,7d4a74a88d2cac93b513c0853bf92c260eaceea0,49365d527202f179b93e478f5b32107eb92aaa3f,20261009
0123.parquet:27,RAISE_AI_GALIP,000793.png,0123.parquet,27,GALIP,RAISE,1,CompEval,test,GAN,PNG,224x224,RGB,False,,OwensLab/CommunityForensics-Eval,default,CompEval,7d4a74a88d2cac93b513c0853bf92c260eaceea0,49365d527202f179b93e478f5b32107eb92aaa3f,20261009
0120.parquet:99,RAISE_AI_GALIP,000659.png,0120.parquet,99,GALIP,RAISE,1,CompEval,test,GAN,PNG,224x224,RGB,False,,OwensLab/CommunityForensics-Eval,default,CompEval,7d4a74a88d2cac93b513c0853bf92c260eaceea0,49365d527202f179b93e478f5b32107eb92aaa3f,20261009
0125.parquet:5,RAISE_AI_GALIP,000571.png,0125.parquet,5,GALIP,RAISE,1,CompEval,test,GAN,PNG,224x224,RGB,False,,OwensLab/CommunityForensics-Eval,default,CompEval,7d4a74a88d2cac93b513c0853bf92c260eaceea0,49365d527202f179b93e478f5b32107eb92aaa3f,20261009
0125.parquet:59,RAISE_AI_GALIP,000641.png,0125.parquet,59,GALIP,RAISE,1,CompEval,test,GAN,PNG,224x224,RGB,False,,OwensLab/CommunityForensics-Eval,default,CompEval,7d4a74a88d2cac93b513c0853bf92c260eaceea0,49365d527202f179b93e478f5b32107eb92aaa3f,20261009
0125.parquet:113,RAISE_AI_GALIP,000921.png,0125.parquet,113,GALIP,RAISE,1,CompEval,test,GAN,PNG,224x224,RGB,False,,OwensLab/CommunityForensics-Eval,default,CompEval,7d4a74a88d2cac93b513c0853bf92c260eaceea0,49365d527202f179b93e478f5b32107eb92aaa3f,20261009
0124.parquet:16,RAISE_AI_GALIP,000510.png,0124.parquet,16,GALIP,RAISE,1,CompEval,test,GAN,PNG,224x224,RGB,False,,OwensLab/CommunityForensics-Eval,default,CompEval,7d4a74a88d2cac93b513c0853bf92c260eaceea0,49365d527202f179b93e478f5b32107eb92aaa3f,20261009
0123.parquet:6,RAISE_AI_GALIP,000718.png,0123.parquet,6,GALIP,RAISE,1,CompEval,test,GAN,PNG,224x224,RGB,False,,OwensLab/CommunityForensics-Eval,default,CompEval,7d4a74a88d2cac93b513c0853bf92c260eaceea0,49365d527202f179b93e478f5b32107eb92aaa3f,20261009
0047.parquet:70,RAISE_AI_GALIP,000700.png,0047.parquet,70,GALIP,RAISE,1,CompEval,test,GAN,PNG,224x224,RGB,False,,OwensLab/CommunityForensics-Eval,default,CompEval,7d4a74a88d2cac93b513c0853bf92c260eaceea0,49365d527202f179b93e478f5b32107eb92aaa3f,20261009
0046.parquet:90,RAISE_AI_GALIP,000352.png,0046.parquet,90,GALIP,RAISE,1,CompEval,test,GAN,PNG,224x224,RGB,False,,OwensLab/CommunityForensics-Eval,default,CompEval,7d4a74a88d2cac93b513c0853bf92c260eaceea0,49365d527202f179b93e478f5b32107eb92aaa3f,20261009
0124.parquet:59,RAISE_AI_GALIP,000416.png,0124.parquet,59,GALIP,RAISE,1,CompEval,test,GAN,PNG,224x224,RGB,False,,OwensLab/CommunityForensics-Eval,default,CompEval,7d4a74a88d2cac93b513c0853bf92c260eaceea0,49365d527202f179b93e478f5b32107eb92aaa3f,20261009
0124.parquet:40,RAISE_AI_GALIP,000017.png,0124.parquet,40,GALIP,RAISE,1,CompEval,test,GAN,PNG,224x224,RGB,False,,OwensLab/CommunityForensics-Eval,default,CompEval,7d4a74a88d2cac93b513c0853bf92c260eaceea0,49365d527202f179b93e478f5b32107eb92aaa3f,20261009
0125.parquet:23,RAISE_AI_GALIP,000615.png,0125.parquet,23,GALIP,RAISE,1,CompEval,test,GAN,PNG,224x224,RGB,False,,OwensLab/CommunityForensics-Eval,default,CompEval,7d4a74a88d2cac93b513c0853bf92c260eaceea0,49365d527202f179b93e478f5b32107eb92aaa3f,20261009
0121.parquet:15,RAISE_AI_GALIP,000766.png,0121.parquet,15,GALIP,RAISE,1,CompEval,test,GAN,PNG,224x224,RGB,False,,OwensLab/CommunityForensics-Eval,default,CompEval,7d4a74a88d2cac93b513c0853bf92c260eaceea0,49365d527202f179b93e478f5b32107eb92aaa3f,20261009
0047.parquet:83,RAISE_AI_GALIP,000642.png,0047.parquet,83,GALIP,RAISE,1,CompEval,test,GAN,PNG,224x224,RGB,False,,OwensLab/CommunityForensics-Eval,default,CompEval,7d4a74a88d2cac93b513c0853bf92c260eaceea0,49365d527202f179b93e478f5b32107eb92aaa3f,20261009
0046.parquet:29,RAISE_AI_GALIP,000339.png,0046.parquet,29,GALIP,RAISE,1,CompEval,test,GAN,PNG,224x224,RGB,False,,OwensLab/CommunityForensics-Eval,default,CompEval,7d4a74a88d2cac93b513c0853bf92c260eaceea0,49365d527202f179b93e478f5b32107eb92aaa3f,20261009
0119.parquet:122,RAISE_AI_GALIP,000586.png,0119.parquet,122,GALIP,RAISE,1,CompEval,test,GAN,PNG,224x224,RGB,False,,OwensLab/CommunityForensics-Eval,default,CompEval,7d4a74a88d2cac93b513c0853bf92c260eaceea0,49365d527202f179b93e478f5b32107eb92aaa3f,20261009
0047.parquet:30,RAISE_AI_GALIP,000156.png,0047.parquet,30,GALIP,RAISE,1,CompEval,test,GAN,PNG,224x224,RGB,False,,OwensLab/CommunityForensics-Eval,default,CompEval,7d4a74a88d2cac93b513c0853bf92c260eaceea0,49365d527202f179b93e478f5b32107eb92aaa3f,20261009
0124.parquet:53,RAISE_AI_GALIP,000727.png,0124.parquet,53,GALIP,RAISE,1,CompEval,test,GAN,PNG,224x224,RGB,False,,OwensLab/CommunityForensics-Eval,default,CompEval,7d4a74a88d2cac93b513c0853bf92c260eaceea0,49365d527202f179b93e478f5b32107eb92aaa3f,20261009
0126.parquet:16,RAISE_AI_GALIP,000548.png,0126.parquet,16,GALIP,RAISE,1,CompEval,test,GAN,PNG,224x224,RGB,False,,OwensLab/CommunityForensics-Eval,default,CompEval,7d4a74a88d2cac93b513c0853bf92c260eaceea0,49365d527202f179b93e478f5b32107eb92aaa3f,20261009
0046.parquet:124,RAISE_AI_GALIP,000140.png,0046.parquet,124,GALIP,RAISE,1,CompEval,test,GAN,PNG,224x224,RGB,False,,OwensLab/CommunityForensics-Eval,default,CompEval,7d4a74a88d2cac93b513c0853bf92c260eaceea0,49365d527202f179b93e478f5b32107eb92aaa3f,20261009
0046.parquet:59,RAISE_AI_GALIP,000228.png,0046.parquet,59,GALIP,RAISE,1,CompEval,test,GAN,PNG,224x224,RGB,False,,OwensLab/CommunityForensics-Eval,default,CompEval,7d4a74a88d2cac93b513c0853bf92c260eaceea0,49365d527202f179b93e478f5b32107eb92aaa3f,20261009
0120.parquet:120,RAISE_AI_GALIP,000924.png,0120.parquet,120,GALIP,RAISE,1,CompEval,test,GAN,PNG,224x224,RGB,False,,OwensLab/CommunityForensics-Eval,default,CompEval,7d4a74a88d2cac93b513c0853bf92c260eaceea0,49365d527202f179b93e478f5b32107eb92aaa3f,20261009
0122.parquet:65,RAISE_AI_GALIP,000953.png,0122.parquet,65,GALIP,RAISE,1,CompEval,test,GAN,PNG,224x224,RGB,False,,OwensLab/CommunityForensics-Eval,default,CompEval,7d4a74a88d2cac93b513c0853bf92c260eaceea0,49365d527202f179b93e478f5b32107eb92aaa3f,20261009
0122.parquet:66,RAISE_AI_GALIP,000619.png,0122.parquet,66,GALIP,RAISE,1,CompEval,test,GAN,PNG,224x224,RGB,False,,OwensLab/CommunityForensics-Eval,default,CompEval,7d4a74a88d2cac93b513c0853bf92c260eaceea0,49365d527202f179b93e478f5b32107eb92aaa3f,20261009
0124.parquet:93,RAISE_AI_GALIP,000465.png,0124.parquet,93,GALIP,RAISE,1,CompEval,test,GAN,PNG,224x224,RGB,False,,OwensLab/CommunityForensics-Eval,default,CompEval,7d4a74a88d2cac93b513c0853bf92c260eaceea0,49365d527202f179b93e478f5b32107eb92aaa3f,20261009
0046.parquet:60,RAISE_AI_GALIP,000431.png,0046.parquet,60,GALIP,RAISE,1,CompEval,test,GAN,PNG,224x224,RGB,False,,OwensLab/CommunityForensics-Eval,default,CompEval,7d4a74a88d2cac93b513c0853bf92c260eaceea0,49365d527202f179b93e478f5b32107eb92aaa3f,20261009
0046.parquet:57,RAISE_AI_GALIP,000266.png,0046.parquet,57,GALIP,RAISE,1,CompEval,test,GAN,PNG,224x224,RGB,False,,OwensLab/CommunityForensics-Eval,default,CompEval,7d4a74a88d2cac93b513c0853bf92c260eaceea0,49365d527202f179b93e478f5b32107eb92aaa3f,20261009
0120.parquet:15,RAISE_AI_GALIP,000298.png,0120.parquet,15,GALIP,RAISE,1,CompEval,test,GAN,PNG,224x224,RGB,False,,OwensLab/CommunityForensics-Eval,default,CompEval,7d4a74a88d2cac93b513c0853bf92c260eaceea0,49365d527202f179b93e478f5b32107eb92aaa3f,20261009
0122.parquet:47,RAISE_AI_GALIP,000354.png,0122.parquet,47,GALIP,RAISE,1,CompEval,test,GAN,PNG,224x224,RGB,False,,OwensLab/CommunityForensics-Eval,default,CompEval,7d4a74a88d2cac93b513c0853bf92c260eaceea0,49365d527202f179b93e478f5b32107eb92aaa3f,20261009
0123.parquet:8,RAISE_AI_GALIP,000634.png,0123.parquet,8,GALIP,RAISE,1,CompEval,test,GAN,PNG,224x224,RGB,False,,OwensLab/CommunityForensics-Eval,default,CompEval,7d4a74a88d2cac93b513c0853bf92c260eaceea0,49365d527202f179b93e478f5b32107eb92aaa3f,20261009
0122.parquet:5,RAISE_AI_GALIP,000459.png,0122.parquet,5,GALIP,RAISE,1,CompEval,test,GAN,PNG,224x224,RGB,False,,OwensLab/CommunityForensics-Eval,default,CompEval,7d4a74a88d2cac93b513c0853bf92c260eaceea0,49365d527202f179b93e478f5b32107eb92aaa3f,20261009
0122.parquet:33,RAISE_AI_GALIP,000274.png,0122.parquet,33,GALIP,RAISE,1,CompEval,test,GAN,PNG,224x224,RGB,False,,OwensLab/CommunityForensics-Eval,default,CompEval,7d4a74a88d2cac93b513c0853bf92c260eaceea0,49365d527202f179b93e478f5b32107eb92aaa3f,20261009
0046.parquet:39,RAISE_AI_GALIP,000468.png,0046.parquet,39,GALIP,RAISE,1,CompEval,test,GAN,PNG,224x224,RGB,False,,OwensLab/CommunityForensics-Eval,default,CompEval,7d4a74a88d2cac93b513c0853bf92c260eaceea0,49365d527202f179b93e478f5b32107eb92aaa3f,20261009
0046.parquet:123,RAISE_AI_GALIP,000096.png,0046.parquet,123,GALIP,RAISE,1,CompEval,test,GAN,PNG,224x224,RGB,False,,OwensLab/CommunityForensics-Eval,default,CompEval,7d4a74a88d2cac93b513c0853bf92c260eaceea0,49365d527202f179b93e478f5b32107eb92aaa3f,20261009
0046.parquet:102,RAISE_AI_GALIP,000941.png,0046.parquet,102,GALIP,RAISE,1,CompEval,test,GAN,PNG,224x224,RGB,False,,OwensLab/CommunityForensics-Eval,default,CompEval,7d4a74a88d2cac93b513c0853bf92c260eaceea0,49365d527202f179b93e478f5b32107eb92aaa3f,20261009
0121.parquet:33,RAISE_AI_GALIP,000054.png,0121.parquet,33,GALIP,RAISE,1,CompEval,test,GAN,PNG,224x224,RGB,False,,OwensLab/CommunityForensics-Eval,default,CompEval,7d4a74a88d2cac93b513c0853bf92c260eaceea0,49365d527202f179b93e478f5b32107eb92aaa3f,20261009
0046.parquet:86,RAISE_AI_GALIP,000415.png,0046.parquet,86,GALIP,RAISE,1,CompEval,test,GAN,PNG,224x224,RGB,False,,OwensLab/CommunityForensics-Eval,default,CompEval,7d4a74a88d2cac93b513c0853bf92c260eaceea0,49365d527202f179b93e478f5b32107eb92aaa3f,20261009
0047.parquet:17,RAISE_AI_GALIP,000791.png,0047.parquet,17,GALIP,RAISE,1,CompEval,test,GAN,PNG,224x224,RGB,False,,OwensLab/CommunityForensics-Eval,default,CompEval,7d4a74a88d2cac93b513c0853bf92c260eaceea0,49365d527202f179b93e478f5b32107eb92aaa3f,20261009
0124.parquet:96,RAISE_AI_GALIP,000010.png,0124.parquet,96,GALIP,RAISE,1,CompEval,test,GAN,PNG,224x224,RGB,False,,OwensLab/CommunityForensics-Eval,default,CompEval,7d4a74a88d2cac93b513c0853bf92c260eaceea0,49365d527202f179b93e478f5b32107eb92aaa3f,20261009
0121.parquet:17,RAISE_AI_GALIP,000536.png,0121.parquet,17,GALIP,RAISE,1,CompEval,test,GAN,PNG,224x224,RGB,False,,OwensLab/CommunityForensics-Eval,default,CompEval,7d4a74a88d2cac93b513c0853bf92c260eaceea0,49365d527202f179b93e478f5b32107eb92aaa3f,20261009
0121.parquet:121,RAISE_AI_GALIP,000158.png,0121.parquet,121,GALIP,RAISE,1,CompEval,test,GAN,PNG,224x224,RGB,False,,OwensLab/CommunityForensics-Eval,default,CompEval,7d4a74a88d2cac93b513c0853bf92c260eaceea0,49365d527202f179b93e478f5b32107eb92aaa3f,20261009
0047.parquet:51,RAISE_AI_GALIP,000391.png,0047.parquet,51,GALIP,RAISE,1,CompEval,test,GAN,PNG,224x224,RGB,False,,OwensLab/CommunityForensics-Eval,default,CompEval,7d4a74a88d2cac93b513c0853bf92c260eaceea0,49365d527202f179b93e478f5b32107eb92aaa3f,20261009
0125.parquet:1,RAISE_AI_GALIP,000942.png,0125.parquet,1,GALIP,RAISE,1,CompEval,test,GAN,PNG,224x224,RGB,False,,OwensLab/CommunityForensics-Eval,default,CompEval,7d4a74a88d2cac93b513c0853bf92c260eaceea0,49365d527202f179b93e478f5b32107eb92aaa3f,20261009
0238.parquet:88,RAISE_AI_kandinsky_2_2,000360.png,0238.parquet,88,kandinsky_2_2,RAISE,1,CompEval,test,LatDiff,PNG,768x768,RGB,False,,OwensLab/CommunityForensics-Eval,default,CompEval,7d4a74a88d2cac93b513c0853bf92c260eaceea0,49365d527202f179b93e478f5b32107eb92aaa3f,20261009
0243.parquet:5,RAISE_AI_kandinsky_2_2,000931.png,0243.parquet,5,kandinsky_2_2,RAISE,1,CompEval,test,LatDiff,PNG,768x768,RGB,False,,OwensLab/CommunityForensics-Eval,default,CompEval,7d4a74a88d2cac93b513c0853bf92c260eaceea0,49365d527202f179b93e478f5b32107eb92aaa3f,20261009
0244.parquet:92,RAISE_AI_kandinsky_2_2,000590.png,0244.parquet,92,kandinsky_2_2,RAISE,1,CompEval,test,LatDiff,PNG,768x768,RGB,False,,OwensLab/CommunityForensics-Eval,default,CompEval,7d4a74a88d2cac93b513c0853bf92c260eaceea0,49365d527202f179b93e478f5b32107eb92aaa3f,20261009
0240.parquet:122,RAISE_AI_kandinsky_2_2,000871.png,0240.parquet,122,kandinsky_2_2,RAISE,1,CompEval,test,LatDiff,PNG,768x768,RGB,False,,OwensLab/CommunityForensics-Eval,default,CompEval,7d4a74a88d2cac93b513c0853bf92c260eaceea0,49365d527202f179b93e478f5b32107eb92aaa3f,20261009
0242.parquet:111,RAISE_AI_kandinsky_2_2,000444.png,0242.parquet,111,kandinsky_2_2,RAISE,1,CompEval,test,LatDiff,PNG,768x768,RGB,False,,OwensLab/CommunityForensics-Eval,default,CompEval,7d4a74a88d2cac93b513c0853bf92c260eaceea0,49365d527202f179b93e478f5b32107eb92aaa3f,20261009
0162.parquet:11,RAISE_AI_kandinsky_2_2,000073.png,0162.parquet,11,kandinsky_2_2,RAISE,1,CompEval,test,LatDiff,PNG,768x768,RGB,False,,OwensLab/CommunityForensics-Eval,default,CompEval,7d4a74a88d2cac93b513c0853bf92c260eaceea0,49365d527202f179b93e478f5b32107eb92aaa3f,20261009
0167.parquet:18,RAISE_AI_kandinsky_2_2,000166.png,0167.parquet,18,kandinsky_2_2,RAISE,1,CompEval,test,LatDiff,PNG,768x768,RGB,False,,OwensLab/CommunityForensics-Eval,default,CompEval,7d4a74a88d2cac93b513c0853bf92c260eaceea0,49365d527202f179b93e478f5b32107eb92aaa3f,20261009
0241.parquet:9,RAISE_AI_kandinsky_2_2,000973.png,0241.parquet,9,kandinsky_2_2,RAISE,1,CompEval,test,LatDiff,PNG,768x768,RGB,False,,OwensLab/CommunityForensics-Eval,default,CompEval,7d4a74a88d2cac93b513c0853bf92c260eaceea0,49365d527202f179b93e478f5b32107eb92aaa3f,20261009
0244.parquet:47,RAISE_AI_kandinsky_2_2,000215.png,0244.parquet,47,kandinsky_2_2,RAISE,1,CompEval,test,LatDiff,PNG,768x768,RGB,False,,OwensLab/CommunityForensics-Eval,default,CompEval,7d4a74a88d2cac93b513c0853bf92c260eaceea0,49365d527202f179b93e478f5b32107eb92aaa3f,20261009
0162.parquet:7,RAISE_AI_kandinsky_2_2,000795.png,0162.parquet,7,kandinsky_2_2,RAISE,1,CompEval,test,LatDiff,PNG,768x768,RGB,False,,OwensLab/CommunityForensics-Eval,default,CompEval,7d4a74a88d2cac93b513c0853bf92c260eaceea0,49365d527202f179b93e478f5b32107eb92aaa3f,20261009
0242.parquet:118,RAISE_AI_kandinsky_2_2,000502.png,0242.parquet,118,kandinsky_2_2,RAISE,1,CompEval,test,LatDiff,PNG,768x768,RGB,False,,OwensLab/CommunityForensics-Eval,default,CompEval,7d4a74a88d2cac93b513c0853bf92c260eaceea0,49365d527202f179b93e478f5b32107eb92aaa3f,20261009
0238.parquet:110,RAISE_AI_kandinsky_2_2,000168.png,0238.parquet,110,kandinsky_2_2,RAISE,1,CompEval,test,LatDiff,PNG,768x768,RGB,False,,OwensLab/CommunityForensics-Eval,default,CompEval,7d4a74a88d2cac93b513c0853bf92c260eaceea0,49365d527202f179b93e478f5b32107eb92aaa3f,20261009
0244.parquet:20,RAISE_AI_kandinsky_2_2,000159.png,0244.parquet,20,kandinsky_2_2,RAISE,1,CompEval,test,LatDiff,PNG,768x768,RGB,False,,OwensLab/CommunityForensics-Eval,default,CompEval,7d4a74a88d2cac93b513c0853bf92c260eaceea0,49365d527202f179b93e478f5b32107eb92aaa3f,20261009
0245.parquet:106,RAISE_AI_kandinsky_2_2,000702.png,0245.parquet,106,kandinsky_2_2,RAISE,1,CompEval,test,LatDiff,PNG,768x768,RGB,False,,OwensLab/CommunityForensics-Eval,default,CompEval,7d4a74a88d2cac93b513c0853bf92c260eaceea0,49365d527202f179b93e478f5b32107eb92aaa3f,20261009
0245.parquet:81,RAISE_AI_kandinsky_2_2,000827.png,0245.parquet,81,kandinsky_2_2,RAISE,1,CompEval,test,LatDiff,PNG,768x768,RGB,False,,OwensLab/CommunityForensics-Eval,default,CompEval,7d4a74a88d2cac93b513c0853bf92c260eaceea0,49365d527202f179b93e478f5b32107eb92aaa3f,20261009
0239.parquet:118,RAISE_AI_kandinsky_2_2,000964.png,0239.parquet,118,kandinsky_2_2,RAISE,1,CompEval,test,LatDiff,PNG,768x768,RGB,False,,OwensLab/CommunityForensics-Eval,default,CompEval,7d4a74a88d2cac93b513c0853bf92c260eaceea0,49365d527202f179b93e478f5b32107eb92aaa3f,20261009
0239.parquet:12,RAISE_AI_kandinsky_2_2,000622.png,0239.parquet,12,kandinsky_2_2,RAISE,1,CompEval,test,LatDiff,PNG,768x768,RGB,False,,OwensLab/CommunityForensics-Eval,default,CompEval,7d4a74a88d2cac93b513c0853bf92c260eaceea0,49365d527202f179b93e478f5b32107eb92aaa3f,20261009
0243.parquet:12,RAISE_AI_kandinsky_2_2,000210.png,0243.parquet,12,kandinsky_2_2,RAISE,1,CompEval,test,LatDiff,PNG,768x768,RGB,False,,OwensLab/CommunityForensics-Eval,default,CompEval,7d4a74a88d2cac93b513c0853bf92c260eaceea0,49365d527202f179b93e478f5b32107eb92aaa3f,20261009
0244.parquet:5,RAISE_AI_kandinsky_2_2,000899.png,0244.parquet,5,kandinsky_2_2,RAISE,1,CompEval,test,LatDiff,PNG,768x768,RGB,False,,OwensLab/CommunityForensics-Eval,default,CompEval,7d4a74a88d2cac93b513c0853bf92c260eaceea0,49365d527202f179b93e478f5b32107eb92aaa3f,20261009
0241.parquet:12,RAISE_AI_kandinsky_2_2,000550.png,0241.parquet,12,kandinsky_2_2,RAISE,1,CompEval,test,LatDiff,PNG,768x768,RGB,False,,OwensLab/CommunityForensics-Eval,default,CompEval,7d4a74a88d2cac93b513c0853bf92c260eaceea0,49365d527202f179b93e478f5b32107eb92aaa3f,20261009
0242.parquet:59,RAISE_AI_kandinsky_2_2,000276.png,0242.parquet,59,kandinsky_2_2,RAISE,1,CompEval,test,LatDiff,PNG,768x768,RGB,False,,OwensLab/CommunityForensics-Eval,default,CompEval,7d4a74a88d2cac93b513c0853bf92c260eaceea0,49365d527202f179b93e478f5b32107eb92aaa3f,20261009
0246.parquet:45,RAISE_AI_kandinsky_2_2,000853.png,0246.parquet,45,kandinsky_2_2,RAISE,1,CompEval,test,LatDiff,PNG,768x768,RGB,False,,OwensLab/CommunityForensics-Eval,default,CompEval,7d4a74a88d2cac93b513c0853bf92c260eaceea0,49365d527202f179b93e478f5b32107eb92aaa3f,20261009
0241.parquet:48,RAISE_AI_kandinsky_2_2,000243.png,0241.parquet,48,kandinsky_2_2,RAISE,1,CompEval,test,LatDiff,PNG,768x768,RGB,False,,OwensLab/CommunityForensics-Eval,default,CompEval,7d4a74a88d2cac93b513c0853bf92c260eaceea0,49365d527202f179b93e478f5b32107eb92aaa3f,20261009
0241.parquet:83,RAISE_AI_kandinsky_2_2,000563.png,0241.parquet,83,kandinsky_2_2,RAISE,1,CompEval,test,LatDiff,PNG,768x768,RGB,False,,OwensLab/CommunityForensics-Eval,default,CompEval,7d4a74a88d2cac93b513c0853bf92c260eaceea0,49365d527202f179b93e478f5b32107eb92aaa3f,20261009
0244.parquet:99,RAISE_AI_kandinsky_2_2,000562.png,0244.parquet,99,kandinsky_2_2,RAISE,1,CompEval,test,LatDiff,PNG,768x768,RGB,False,,OwensLab/CommunityForensics-Eval,default,CompEval,7d4a74a88d2cac93b513c0853bf92c260eaceea0,49365d527202f179b93e478f5b32107eb92aaa3f,20261009
0241.parquet:112,RAISE_AI_kandinsky_2_2,000710.png,0241.parquet,112,kandinsky_2_2,RAISE,1,CompEval,test,LatDiff,PNG,768x768,RGB,False,,OwensLab/CommunityForensics-Eval,default,CompEval,7d4a74a88d2cac93b513c0853bf92c260eaceea0,49365d527202f179b93e478f5b32107eb92aaa3f,20261009
0244.parquet:81,RAISE_AI_kandinsky_2_2,000339.png,0244.parquet,81,kandinsky_2_2,RAISE,1,CompEval,test,LatDiff,PNG,768x768,RGB,False,,OwensLab/CommunityForensics-Eval,default,CompEval,7d4a74a88d2cac93b513c0853bf92c260eaceea0,49365d527202f179b93e478f5b32107eb92aaa3f,20261009
0245.parquet:37,RAISE_AI_kandinsky_2_2,000019.png,0245.parquet,37,kandinsky_2_2,RAISE,1,CompEval,test,LatDiff,PNG,768x768,RGB,False,,OwensLab/CommunityForensics-Eval,default,CompEval,7d4a74a88d2cac93b513c0853bf92c260eaceea0,49365d527202f179b93e478f5b32107eb92aaa3f,20261009
0243.parquet:81,RAISE_AI_kandinsky_2_2,000199.png,0243.parquet,81,kandinsky_2_2,RAISE,1,CompEval,test,LatDiff,PNG,768x768,RGB,False,,OwensLab/CommunityForensics-Eval,default,CompEval,7d4a74a88d2cac93b513c0853bf92c260eaceea0,49365d527202f179b93e478f5b32107eb92aaa3f,20261009
0243.parquet:4,RAISE_AI_kandinsky_2_2,000268.png,0243.parquet,4,kandinsky_2_2,RAISE,1,CompEval,test,LatDiff,PNG,768x768,RGB,False,,OwensLab/CommunityForensics-Eval,default,CompEval,7d4a74a88d2cac93b513c0853bf92c260eaceea0,49365d527202f179b93e478f5b32107eb92aaa3f,20261009
0244.parquet:111,RAISE_AI_kandinsky_2_2,000307.png,0244.parquet,111,kandinsky_2_2,RAISE,1,CompEval,test,LatDiff,PNG,768x768,RGB,False,,OwensLab/CommunityForensics-Eval,default,CompEval,7d4a74a88d2cac93b513c0853bf92c260eaceea0,49365d527202f179b93e478f5b32107eb92aaa3f,20261009
0244.parquet:80,RAISE_AI_kandinsky_2_2,000487.png,0244.parquet,80,kandinsky_2_2,RAISE,1,CompEval,test,LatDiff,PNG,768x768,RGB,False,,OwensLab/CommunityForensics-Eval,default,CompEval,7d4a74a88d2cac93b513c0853bf92c260eaceea0,49365d527202f179b93e478f5b32107eb92aaa3f,20261009
0243.parquet:18,RAISE_AI_kandinsky_2_2,000273.png,0243.parquet,18,kandinsky_2_2,RAISE,1,CompEval,test,LatDiff,PNG,768x768,RGB,False,,OwensLab/CommunityForensics-Eval,default,CompEval,7d4a74a88d2cac93b513c0853bf92c260eaceea0,49365d527202f179b93e478f5b32107eb92aaa3f,20261009
0245.parquet:123,RAISE_AI_kandinsky_2_2,000862.png,0245.parquet,123,kandinsky_2_2,RAISE,1,CompEval,test,LatDiff,PNG,768x768,RGB,False,,OwensLab/CommunityForensics-Eval,default,CompEval,7d4a74a88d2cac93b513c0853bf92c260eaceea0,49365d527202f179b93e478f5b32107eb92aaa3f,20261009
0238.parquet:121,RAISE_AI_kandinsky_2_2,000825.png,0238.parquet,121,kandinsky_2_2,RAISE,1,CompEval,test,LatDiff,PNG,768x768,RGB,False,,OwensLab/CommunityForensics-Eval,default,CompEval,7d4a74a88d2cac93b513c0853bf92c260eaceea0,49365d527202f179b93e478f5b32107eb92aaa3f,20261009
0240.parquet:77,RAISE_AI_kandinsky_2_2,000666.png,0240.parquet,77,kandinsky_2_2,RAISE,1,CompEval,test,LatDiff,PNG,768x768,RGB,False,,OwensLab/CommunityForensics-Eval,default,CompEval,7d4a74a88d2cac93b513c0853bf92c260eaceea0,49365d527202f179b93e478f5b32107eb92aaa3f,20261009
0239.parquet:90,RAISE_AI_kandinsky_2_2,000096.png,0239.parquet,90,kandinsky_2_2,RAISE,1,CompEval,test,LatDiff,PNG,768x768,RGB,False,,OwensLab/CommunityForensics-Eval,default,CompEval,7d4a74a88d2cac93b513c0853bf92c260eaceea0,49365d527202f179b93e478f5b32107eb92aaa3f,20261009
0245.parquet:45,RAISE_AI_kandinsky_2_2,000812.png,0245.parquet,45,kandinsky_2_2,RAISE,1,CompEval,test,LatDiff,PNG,768x768,RGB,False,,OwensLab/CommunityForensics-Eval,default,CompEval,7d4a74a88d2cac93b513c0853bf92c260eaceea0,49365d527202f179b93e478f5b32107eb92aaa3f,20261009
0246.parquet:27,RAISE_AI_kandinsky_2_2,000226.png,0246.parquet,27,kandinsky_2_2,RAISE,1,CompEval,test,LatDiff,PNG,768x768,RGB,False,,OwensLab/CommunityForensics-Eval,default,CompEval,7d4a74a88d2cac93b513c0853bf92c260eaceea0,49365d527202f179b93e478f5b32107eb92aaa3f,20261009
0241.parquet:59,RAISE_AI_kandinsky_2_2,000203.png,0241.parquet,59,kandinsky_2_2,RAISE,1,CompEval,test,LatDiff,PNG,768x768,RGB,False,,OwensLab/CommunityForensics-Eval,default,CompEval,7d4a74a88d2cac93b513c0853bf92c260eaceea0,49365d527202f179b93e478f5b32107eb92aaa3f,20261009
0239.parquet:46,RAISE_AI_kandinsky_2_2,000133.png,0239.parquet,46,kandinsky_2_2,RAISE,1,CompEval,test,LatDiff,PNG,768x768,RGB,False,,OwensLab/CommunityForensics-Eval,default,CompEval,7d4a74a88d2cac93b513c0853bf92c260eaceea0,49365d527202f179b93e478f5b32107eb92aaa3f,20261009
0239.parquet:85,RAISE_AI_kandinsky_2_2,000717.png,0239.parquet,85,kandinsky_2_2,RAISE,1,CompEval,test,LatDiff,PNG,768x768,RGB,False,,OwensLab/CommunityForensics-Eval,default,CompEval,7d4a74a88d2cac93b513c0853bf92c260eaceea0,49365d527202f179b93e478f5b32107eb92aaa3f,20261009
0240.parquet:87,RAISE_AI_kandinsky_2_2,000678.png,0240.parquet,87,kandinsky_2_2,RAISE,1,CompEval,test,LatDiff,PNG,768x768,RGB,False,,OwensLab/CommunityForensics-Eval,default,CompEval,7d4a74a88d2cac93b513c0853bf92c260eaceea0,49365d527202f179b93e478f5b32107eb92aaa3f,20261009
0238.parquet:106,RAISE_AI_kandinsky_2_2,000171.png,0238.parquet,106,kandinsky_2_2,RAISE,1,CompEval,test,LatDiff,PNG,768x768,RGB,False,,OwensLab/CommunityForensics-Eval,default,CompEval,7d4a74a88d2cac93b513c0853bf92c260eaceea0,49365d527202f179b93e478f5b32107eb92aaa3f,20261009
0244.parquet:25,RAISE_AI_kandinsky_2_2,000632.png,0244.parquet,25,kandinsky_2_2,RAISE,1,CompEval,test,LatDiff,PNG,768x768,RGB,False,,OwensLab/CommunityForensics-Eval,default,CompEval,7d4a74a88d2cac93b513c0853bf92c260eaceea0,49365d527202f179b93e478f5b32107eb92aaa3f,20261009
0246.parquet:4,RAISE_AI_kandinsky_2_2,000038.png,0246.parquet,4,kandinsky_2_2,RAISE,1,CompEval,test,LatDiff,PNG,768x768,RGB,False,,OwensLab/CommunityForensics-Eval,default,CompEval,7d4a74a88d2cac93b513c0853bf92c260eaceea0,49365d527202f179b93e478f5b32107eb92aaa3f,20261009
0241.parquet:35,RAISE_AI_kandinsky_2_2,000579.png,0241.parquet,35,kandinsky_2_2,RAISE,1,CompEval,test,LatDiff,PNG,768x768,RGB,False,,OwensLab/CommunityForensics-Eval,default,CompEval,7d4a74a88d2cac93b513c0853bf92c260eaceea0,49365d527202f179b93e478f5b32107eb92aaa3f,20261009
0244.parquet:32,RAISE_AI_kandinsky_2_2,000840.png,0244.parquet,32,kandinsky_2_2,RAISE,1,CompEval,test,LatDiff,PNG,768x768,RGB,False,,OwensLab/CommunityForensics-Eval,default,CompEval,7d4a74a88d2cac93b513c0853bf92c260eaceea0,49365d527202f179b93e478f5b32107eb92aaa3f,20261009
0246.parquet:23,RAISE_AI_kandinsky_2_2,000723.png,0246.parquet,23,kandinsky_2_2,RAISE,1,CompEval,test,LatDiff,PNG,768x768,RGB,False,,OwensLab/CommunityForensics-Eval,default,CompEval,7d4a74a88d2cac93b513c0853bf92c260eaceea0,49365d527202f179b93e478f5b32107eb92aaa3f,20261009
0239.parquet:66,RAISE_AI_kandinsky_2_2,000909.png,0239.parquet,66,kandinsky_2_2,RAISE,1,CompEval,test,LatDiff,PNG,768x768,RGB,False,,OwensLab/CommunityForensics-Eval,default,CompEval,7d4a74a88d2cac93b513c0853bf92c260eaceea0,49365d527202f179b93e478f5b32107eb92aaa3f,20261009
0244.parquet:125,RAISE_AI_kandinsky_2_2,000570.png,0244.parquet,125,kandinsky_2_2,RAISE,1,CompEval,test,LatDiff,PNG,768x768,RGB,False,,OwensLab/CommunityForensics-Eval,default,CompEval,7d4a74a88d2cac93b513c0853bf92c260eaceea0,49365d527202f179b93e478f5b32107eb92aaa3f,20261009
0241.parquet:23,RAISE_AI_kandinsky_2_2,000860.png,0241.parquet,23,kandinsky_2_2,RAISE,1,CompEval,test,LatDiff,PNG,768x768,RGB,False,,OwensLab/CommunityForensics-Eval,default,CompEval,7d4a74a88d2cac93b513c0853bf92c260eaceea0,49365d527202f179b93e478f5b32107eb92aaa3f,20261009
0240.parquet:18,RAISE_AI_kandinsky_2_2,000610.png,0240.parquet,18,kandinsky_2_2,RAISE,1,CompEval,test,LatDiff,PNG,768x768,RGB,False,,OwensLab/CommunityForensics-Eval,default,CompEval,7d4a74a88d2cac93b513c0853bf92c260eaceea0,49365d527202f179b93e478f5b32107eb92aaa3f,20261009
0245.parquet:62,RAISE_AI_kandinsky_2_2,000007.png,0245.parquet,62,kandinsky_2_2,RAISE,1,CompEval,test,LatDiff,PNG,768x768,RGB,False,,OwensLab/CommunityForensics-Eval,default,CompEval,7d4a74a88d2cac93b513c0853bf92c260eaceea0,49365d527202f179b93e478f5b32107eb92aaa3f,20261009
0244.parquet:66,RAISE_AI_kandinsky_2_2,000848.png,0244.parquet,66,kandinsky_2_2,RAISE,1,CompEval,test,LatDiff,PNG,768x768,RGB,False,,OwensLab/CommunityForensics-Eval,default,CompEval,7d4a74a88d2cac93b513c0853bf92c260eaceea0,49365d527202f179b93e478f5b32107eb92aaa3f,20261009
0245.parquet:58,RAISE_AI_kandinsky_2_2,000353.png,0245.parquet,58,kandinsky_2_2,RAISE,1,CompEval,test,LatDiff,PNG,768x768,RGB,False,,OwensLab/CommunityForensics-Eval,default,CompEval,7d4a74a88d2cac93b513c0853bf92c260eaceea0,49365d527202f179b93e478f5b32107eb92aaa3f,20261009
0240.parquet:61,RAISE_AI_kandinsky_2_2,000297.png,0240.parquet,61,kandinsky_2_2,RAISE,1,CompEval,test,LatDiff,PNG,768x768,RGB,False,,OwensLab/CommunityForensics-Eval,default,CompEval,7d4a74a88d2cac93b513c0853bf92c260eaceea0,49365d527202f179b93e478f5b32107eb92aaa3f,20261009
0240.parquet:81,RAISE_AI_kandinsky_2_2,000870.png,0240.parquet,81,kandinsky_2_2,RAISE,1,CompEval,test,LatDiff,PNG,768x768,RGB,False,,OwensLab/CommunityForensics-Eval,default,CompEval,7d4a74a88d2cac93b513c0853bf92c260eaceea0,49365d527202f179b93e478f5b32107eb92aaa3f,20261009
0245.parquet:88,RAISE_AI_kandinsky_2_2,000283.png,0245.parquet,88,kandinsky_2_2,RAISE,1,CompEval,test,LatDiff,PNG,768x768,RGB,False,,OwensLab/CommunityForensics-Eval,default,CompEval,7d4a74a88d2cac93b513c0853bf92c260eaceea0,49365d527202f179b93e478f5b32107eb92aaa3f,20261009
0162.parquet:15,RAISE_AI_kandinsky_2_2,000091.png,0162.parquet,15,kandinsky_2_2,RAISE,1,CompEval,test,LatDiff,PNG,768x768,RGB,False,,OwensLab/CommunityForensics-Eval,default,CompEval,7d4a74a88d2cac93b513c0853bf92c260eaceea0,49365d527202f179b93e478f5b32107eb92aaa3f,20261009
0239.parquet:123,RAISE_AI_kandinsky_2_2,000781.png,0239.parquet,123,kandinsky_2_2,RAISE,1,CompEval,test,LatDiff,PNG,768x768,RGB,False,,OwensLab/CommunityForensics-Eval,default,CompEval,7d4a74a88d2cac93b513c0853bf92c260eaceea0,49365d527202f179b93e478f5b32107eb92aaa3f,20261009
0244.parquet:108,RAISE_AI_kandinsky_2_2,000540.png,0244.parquet,108,kandinsky_2_2,RAISE,1,CompEval,test,LatDiff,PNG,768x768,RGB,False,,OwensLab/CommunityForensics-Eval,default,CompEval,7d4a74a88d2cac93b513c0853bf92c260eaceea0,49365d527202f179b93e478f5b32107eb92aaa3f,20261009
0241.parquet:43,RAISE_AI_kandinsky_2_2,000181.png,0241.parquet,43,kandinsky_2_2,RAISE,1,CompEval,test,LatDiff,PNG,768x768,RGB,False,,OwensLab/CommunityForensics-Eval,default,CompEval,7d4a74a88d2cac93b513c0853bf92c260eaceea0,49365d527202f179b93e478f5b32107eb92aaa3f,20261009
0241.parquet:66,RAISE_AI_kandinsky_2_2,000469.png,0241.parquet,66,kandinsky_2_2,RAISE,1,CompEval,test,LatDiff,PNG,768x768,RGB,False,,OwensLab/CommunityForensics-Eval,default,CompEval,7d4a74a88d2cac93b513c0853bf92c260eaceea0,49365d527202f179b93e478f5b32107eb92aaa3f,20261009
0239.parquet:63,RAISE_AI_kandinsky_2_2,000315.png,0239.parquet,63,kandinsky_2_2,RAISE,1,CompEval,test,LatDiff,PNG,768x768,RGB,False,,OwensLab/CommunityForensics-Eval,default,CompEval,7d4a74a88d2cac93b513c0853bf92c260eaceea0,49365d527202f179b93e478f5b32107eb92aaa3f,20261009
0241.parquet:11,RAISE_AI_kandinsky_2_2,000225.png,0241.parquet,11,kandinsky_2_2,RAISE,1,CompEval,test,LatDiff,PNG,768x768,RGB,False,,OwensLab/CommunityForensics-Eval,default,CompEval,7d4a74a88d2cac93b513c0853bf92c260eaceea0,49365d527202f179b93e478f5b32107eb92aaa3f,20261009
0243.parquet:56,RAISE_AI_kandinsky_2_2,000366.png,0243.parquet,56,kandinsky_2_2,RAISE,1,CompEval,test,LatDiff,PNG,768x768,RGB,False,,OwensLab/CommunityForensics-Eval,default,CompEval,7d4a74a88d2cac93b513c0853bf92c260eaceea0,49365d527202f179b93e478f5b32107eb92aaa3f,20261009
0243.parquet:3,RAISE_AI_kandinsky_2_2,000420.png,0243.parquet,3,kandinsky_2_2,RAISE,1,CompEval,test,LatDiff,PNG,768x768,RGB,False,,OwensLab/CommunityForensics-Eval,default,CompEval,7d4a74a88d2cac93b513c0853bf92c260eaceea0,49365d527202f179b93e478f5b32107eb92aaa3f,20261009
0245.parquet:107,RAISE_AI_kandinsky_2_2,000136.png,0245.parquet,107,kandinsky_2_2,RAISE,1,CompEval,test,LatDiff,PNG,768x768,RGB,False,,OwensLab/CommunityForensics-Eval,default,CompEval,7d4a74a88d2cac93b513c0853bf92c260eaceea0,49365d527202f179b93e478f5b32107eb92aaa3f,20261009
0243.parquet:85,RAISE_AI_kandinsky_2_2,000170.png,0243.parquet,85,kandinsky_2_2,RAISE,1,CompEval,test,LatDiff,PNG,768x768,RGB,False,,OwensLab/CommunityForensics-Eval,default,CompEval,7d4a74a88d2cac93b513c0853bf92c260eaceea0,49365d527202f179b93e478f5b32107eb92aaa3f,20261009
0244.parquet:88,RAISE_AI_kandinsky_2_2,000934.png,0244.parquet,88,kandinsky_2_2,RAISE,1,CompEval,test,LatDiff,PNG,768x768,RGB,False,,OwensLab/CommunityForensics-Eval,default,CompEval,7d4a74a88d2cac93b513c0853bf92c260eaceea0,49365d527202f179b93e478f5b32107eb92aaa3f,20261009
0245.parquet:23,RAISE_AI_kandinsky_2_2,000699.png,0245.parquet,23,kandinsky_2_2,RAISE,1,CompEval,test,LatDiff,PNG,768x768,RGB,False,,OwensLab/CommunityForensics-Eval,default,CompEval,7d4a74a88d2cac93b513c0853bf92c260eaceea0,49365d527202f179b93e478f5b32107eb92aaa3f,20261009
0244.parquet:91,RAISE_AI_kandinsky_2_2,000099.png,0244.parquet,91,kandinsky_2_2,RAISE,1,CompEval,test,LatDiff,PNG,768x768,RGB,False,,OwensLab/CommunityForensics-Eval,default,CompEval,7d4a74a88d2cac93b513c0853bf92c260eaceea0,49365d527202f179b93e478f5b32107eb92aaa3f,20261009
0240.parquet:91,RAISE_AI_kandinsky_2_2,000403.png,0240.parquet,91,kandinsky_2_2,RAISE,1,CompEval,test,LatDiff,PNG,768x768,RGB,False,,OwensLab/CommunityForensics-Eval,default,CompEval,7d4a74a88d2cac93b513c0853bf92c260eaceea0,49365d527202f179b93e478f5b32107eb92aaa3f,20261009
0242.parquet:98,RAISE_AI_kandinsky_2_2,000493.png,0242.parquet,98,kandinsky_2_2,RAISE,1,CompEval,test,LatDiff,PNG,768x768,RGB,False,,OwensLab/CommunityForensics-Eval,default,CompEval,7d4a74a88d2cac93b513c0853bf92c260eaceea0,49365d527202f179b93e478f5b32107eb92aaa3f,20261009
0240.parquet:71,RAISE_AI_kandinsky_2_2,000714.png,0240.parquet,71,kandinsky_2_2,RAISE,1,CompEval,test,LatDiff,PNG,768x768,RGB,False,,OwensLab/CommunityForensics-Eval,default,CompEval,7d4a74a88d2cac93b513c0853bf92c260eaceea0,49365d527202f179b93e478f5b32107eb92aaa3f,20261009
0245.parquet:8,RAISE_AI_kandinsky_2_2,000370.png,0245.parquet,8,kandinsky_2_2,RAISE,1,CompEval,test,LatDiff,PNG,768x768,RGB,False,,OwensLab/CommunityForensics-Eval,default,CompEval,7d4a74a88d2cac93b513c0853bf92c260eaceea0,49365d527202f179b93e478f5b32107eb92aaa3f,20261009
0244.parquet:62,RAISE_AI_kandinsky_2_2,000281.png,0244.parquet,62,kandinsky_2_2,RAISE,1,CompEval,test,LatDiff,PNG,768x768,RGB,False,,OwensLab/CommunityForensics-Eval,default,CompEval,7d4a74a88d2cac93b513c0853bf92c260eaceea0,49365d527202f179b93e478f5b32107eb92aaa3f,20261009
0242.parquet:39,RAISE_AI_kandinsky_2_2,000510.png,0242.parquet,39,kandinsky_2_2,RAISE,1,CompEval,test,LatDiff,PNG,768x768,RGB,False,,OwensLab/CommunityForensics-Eval,default,CompEval,7d4a74a88d2cac93b513c0853bf92c260eaceea0,49365d527202f179b93e478f5b32107eb92aaa3f,20261009
0246.parquet:32,RAISE_AI_kandinsky_2_2,000250.png,0246.parquet,32,kandinsky_2_2,RAISE,1,CompEval,test,LatDiff,PNG,768x768,RGB,False,,OwensLab/CommunityForensics-Eval,default,CompEval,7d4a74a88d2cac93b513c0853bf92c260eaceea0,49365d527202f179b93e478f5b32107eb92aaa3f,20261009
0242.parquet:52,RAISE_AI_kandinsky_2_2,000028.png,0242.parquet,52,kandinsky_2_2,RAISE,1,CompEval,test,LatDiff,PNG,768x768,RGB,False,,OwensLab/CommunityForensics-Eval,default,CompEval,7d4a74a88d2cac93b513c0853bf92c260eaceea0,49365d527202f179b93e478f5b32107eb92aaa3f,20261009
0245.parquet:55,RAISE_AI_kandinsky_2_2,000778.png,0245.parquet,55,kandinsky_2_2,RAISE,1,CompEval,test,LatDiff,PNG,768x768,RGB,False,,OwensLab/CommunityForensics-Eval,default,CompEval,7d4a74a88d2cac93b513c0853bf92c260eaceea0,49365d527202f179b93e478f5b32107eb92aaa3f,20261009
0244.parquet:31,RAISE_AI_kandinsky_2_2,000775.png,0244.parquet,31,kandinsky_2_2,RAISE,1,CompEval,test,LatDiff,PNG,768x768,RGB,False,,OwensLab/CommunityForensics-Eval,default,CompEval,7d4a74a88d2cac93b513c0853bf92c260eaceea0,49365d527202f179b93e478f5b32107eb92aaa3f,20261009
0240.parquet:37,RAISE_AI_kandinsky_2_2,000746.png,0240.parquet,37,kandinsky_2_2,RAISE,1,CompEval,test,LatDiff,PNG,768x768,RGB,False,,OwensLab/CommunityForensics-Eval,default,CompEval,7d4a74a88d2cac93b513c0853bf92c260eaceea0,49365d527202f179b93e478f5b32107eb92aaa3f,20261009
0239.parquet:86,RAISE_AI_kandinsky_2_2,000085.png,0239.parquet,86,kandinsky_2_2,RAISE,1,CompEval,test,LatDiff,PNG,768x768,RGB,False,,OwensLab/CommunityForensics-Eval,default,CompEval,7d4a74a88d2cac93b513c0853bf92c260eaceea0,49365d527202f179b93e478f5b32107eb92aaa3f,20261009
0239.parquet:18,RAISE_AI_kandinsky_2_2,000144.png,0239.parquet,18,kandinsky_2_2,RAISE,1,CompEval,test,LatDiff,PNG,768x768,RGB,False,,OwensLab/CommunityForensics-Eval,default,CompEval,7d4a74a88d2cac93b513c0853bf92c260eaceea0,49365d527202f179b93e478f5b32107eb92aaa3f,20261009
0243.parquet:19,RAISE_AI_kandinsky_2_2,000098.png,0243.parquet,19,kandinsky_2_2,RAISE,1,CompEval,test,LatDiff,PNG,768x768,RGB,False,,OwensLab/CommunityForensics-Eval,default,CompEval,7d4a74a88d2cac93b513c0853bf92c260eaceea0,49365d527202f179b93e478f5b32107eb92aaa3f,20261009
0243.parquet:26,RAISE_AI_kandinsky_2_2,000661.png,0243.parquet,26,kandinsky_2_2,RAISE,1,CompEval,test,LatDiff,PNG,768x768,RGB,False,,OwensLab/CommunityForensics-Eval,default,CompEval,7d4a74a88d2cac93b513c0853bf92c260eaceea0,49365d527202f179b93e478f5b32107eb92aaa3f,20261009
0243.parquet:58,RAISE_AI_kandinsky_2_2,000716.png,0243.parquet,58,kandinsky_2_2,RAISE,1,CompEval,test,LatDiff,PNG,768x768,RGB,False,,OwensLab/CommunityForensics-Eval,default,CompEval,7d4a74a88d2cac93b513c0853bf92c260eaceea0,49365d527202f179b93e478f5b32107eb92aaa3f,20261009
0243.parquet:123,RAISE_AI_kandinsky_2_2,000059.png,0243.parquet,123,kandinsky_2_2,RAISE,1,CompEval,test,LatDiff,PNG,768x768,RGB,False,,OwensLab/CommunityForensics-Eval,default,CompEval,7d4a74a88d2cac93b513c0853bf92c260eaceea0,49365d527202f179b93e478f5b32107eb92aaa3f,20261009
0241.parquet:119,RAISE_AI_kandinsky_2_2,000321.png,0241.parquet,119,kandinsky_2_2,RAISE,1,CompEval,test,LatDiff,PNG,768x768,RGB,False,,OwensLab/CommunityForensics-Eval,default,CompEval,7d4a74a88d2cac93b513c0853bf92c260eaceea0,49365d527202f179b93e478f5b32107eb92aaa3f,20261009
0244.parquet:61,RAISE_AI_kandinsky_2_2,000760.png,0244.parquet,61,kandinsky_2_2,RAISE,1,CompEval,test,LatDiff,PNG,768x768,RGB,False,,OwensLab/CommunityForensics-Eval,default,CompEval,7d4a74a88d2cac93b513c0853bf92c260eaceea0,49365d527202f179b93e478f5b32107eb92aaa3f,20261009
0239.parquet:89,RAISE_AI_kandinsky_2_2,000329.png,0239.parquet,89,kandinsky_2_2,RAISE,1,CompEval,test,LatDiff,PNG,768x768,RGB,False,,OwensLab/CommunityForensics-Eval,default,CompEval,7d4a74a88d2cac93b513c0853bf92c260eaceea0,49365d527202f179b93e478f5b32107eb92aaa3f,20261009
0242.parquet:30,RAISE_AI_kandinsky_2_2,000967.png,0242.parquet,30,kandinsky_2_2,RAISE,1,CompEval,test,LatDiff,PNG,768x768,RGB,False,,OwensLab/CommunityForensics-Eval,default,CompEval,7d4a74a88d2cac93b513c0853bf92c260eaceea0,49365d527202f179b93e478f5b32107eb92aaa3f,20261009
0241.parquet:1,RAISE_AI_kandinsky_2_2,000193.png,0241.parquet,1,kandinsky_2_2,RAISE,1,CompEval,test,LatDiff,PNG,768x768,RGB,False,,OwensLab/CommunityForensics-Eval,default,CompEval,7d4a74a88d2cac93b513c0853bf92c260eaceea0,49365d527202f179b93e478f5b32107eb92aaa3f,20261009
0240.parquet:28,RAISE_AI_kandinsky_2_2,000048.png,0240.parquet,28,kandinsky_2_2,RAISE,1,CompEval,test,LatDiff,PNG,768x768,RGB,False,,OwensLab/CommunityForensics-Eval,default,CompEval,7d4a74a88d2cac93b513c0853bf92c260eaceea0,49365d527202f179b93e478f5b32107eb92aaa3f,20261009
0242.parquet:34,RAISE_AI_kandinsky_2_2,000286.png,0242.parquet,34,kandinsky_2_2,RAISE,1,CompEval,test,LatDiff,PNG,768x768,RGB,False,,OwensLab/CommunityForensics-Eval,default,CompEval,7d4a74a88d2cac93b513c0853bf92c260eaceea0,49365d527202f179b93e478f5b32107eb92aaa3f,20261009
0241.parquet:28,RAISE_AI_kandinsky_2_2,000083.png,0241.parquet,28,kandinsky_2_2,RAISE,1,CompEval,test,LatDiff,PNG,768x768,RGB,False,,OwensLab/CommunityForensics-Eval,default,CompEval,7d4a74a88d2cac93b513c0853bf92c260eaceea0,49365d527202f179b93e478f5b32107eb92aaa3f,20261009
0239.parquet:5,RAISE_AI_kandinsky_2_2,000267.png,0239.parquet,5,kandinsky_2_2,RAISE,1,CompEval,test,LatDiff,PNG,768x768,RGB,False,,OwensLab/CommunityForensics-Eval,default,CompEval,7d4a74a88d2cac93b513c0853bf92c260eaceea0,49365d527202f179b93e478f5b32107eb92aaa3f,20261009
0240.parquet:103,RAISE_AI_kandinsky_2_2,000367.png,0240.parquet,103,kandinsky_2_2,RAISE,1,CompEval,test,LatDiff,PNG,768x768,RGB,False,,OwensLab/CommunityForensics-Eval,default,CompEval,7d4a74a88d2cac93b513c0853bf92c260eaceea0,49365d527202f179b93e478f5b32107eb92aaa3f,20261009
0018.parquet:122,RAISE_AI_stable_cascade,000209.png,0018.parquet,122,stable_cascade,RAISE,1,CompEval,test,Other,PNG,1024x1024,RGB,False,,OwensLab/CommunityForensics-Eval,default,CompEval,7d4a74a88d2cac93b513c0853bf92c260eaceea0,49365d527202f179b93e478f5b32107eb92aaa3f,20261009
0017.parquet:91,RAISE_AI_stable_cascade,000137.png,0017.parquet,91,stable_cascade,RAISE,1,CompEval,test,Other,PNG,1024x1024,RGB,False,,OwensLab/CommunityForensics-Eval,default,CompEval,7d4a74a88d2cac93b513c0853bf92c260eaceea0,49365d527202f179b93e478f5b32107eb92aaa3f,20261009
0016.parquet:90,RAISE_AI_stable_cascade,000883.png,0016.parquet,90,stable_cascade,RAISE,1,CompEval,test,Other,PNG,1024x1024,RGB,False,,OwensLab/CommunityForensics-Eval,default,CompEval,7d4a74a88d2cac93b513c0853bf92c260eaceea0,49365d527202f179b93e478f5b32107eb92aaa3f,20261009
0020.parquet:29,RAISE_AI_stable_cascade,000269.png,0020.parquet,29,stable_cascade,RAISE,1,CompEval,test,Other,PNG,1024x1024,RGB,False,,OwensLab/CommunityForensics-Eval,default,CompEval,7d4a74a88d2cac93b513c0853bf92c260eaceea0,49365d527202f179b93e478f5b32107eb92aaa3f,20261009
0017.parquet:123,RAISE_AI_stable_cascade,000493.png,0017.parquet,123,stable_cascade,RAISE,1,CompEval,test,Other,PNG,1024x1024,RGB,False,,OwensLab/CommunityForensics-Eval,default,CompEval,7d4a74a88d2cac93b513c0853bf92c260eaceea0,49365d527202f179b93e478f5b32107eb92aaa3f,20261009
0020.parquet:119,RAISE_AI_stable_cascade,000167.png,0020.parquet,119,stable_cascade,RAISE,1,CompEval,test,Other,PNG,1024x1024,RGB,False,,OwensLab/CommunityForensics-Eval,default,CompEval,7d4a74a88d2cac93b513c0853bf92c260eaceea0,49365d527202f179b93e478f5b32107eb92aaa3f,20261009
0016.parquet:114,RAISE_AI_stable_cascade,000673.png,0016.parquet,114,stable_cascade,RAISE,1,CompEval,test,Other,PNG,1024x1024,RGB,False,,OwensLab/CommunityForensics-Eval,default,CompEval,7d4a74a88d2cac93b513c0853bf92c260eaceea0,49365d527202f179b93e478f5b32107eb92aaa3f,20261009
0016.parquet:54,RAISE_AI_stable_cascade,000189.png,0016.parquet,54,stable_cascade,RAISE,1,CompEval,test,Other,PNG,1024x1024,RGB,False,,OwensLab/CommunityForensics-Eval,default,CompEval,7d4a74a88d2cac93b513c0853bf92c260eaceea0,49365d527202f179b93e478f5b32107eb92aaa3f,20261009
0018.parquet:118,RAISE_AI_stable_cascade,000149.png,0018.parquet,118,stable_cascade,RAISE,1,CompEval,test,Other,PNG,1024x1024,RGB,False,,OwensLab/CommunityForensics-Eval,default,CompEval,7d4a74a88d2cac93b513c0853bf92c260eaceea0,49365d527202f179b93e478f5b32107eb92aaa3f,20261009
0017.parquet:118,RAISE_AI_stable_cascade,000957.png,0017.parquet,118,stable_cascade,RAISE,1,CompEval,test,Other,PNG,1024x1024,RGB,False,,OwensLab/CommunityForensics-Eval,default,CompEval,7d4a74a88d2cac93b513c0853bf92c260eaceea0,49365d527202f179b93e478f5b32107eb92aaa3f,20261009
0023.parquet:31,RAISE_AI_stable_cascade,000738.png,0023.parquet,31,stable_cascade,RAISE,1,CompEval,test,Other,PNG,1024x1024,RGB,False,,OwensLab/CommunityForensics-Eval,default,CompEval,7d4a74a88d2cac93b513c0853bf92c260eaceea0,49365d527202f179b93e478f5b32107eb92aaa3f,20261009
0021.parquet:97,RAISE_AI_stable_cascade,000105.png,0021.parquet,97,stable_cascade,RAISE,1,CompEval,test,Other,PNG,1024x1024,RGB,False,,OwensLab/CommunityForensics-Eval,default,CompEval,7d4a74a88d2cac93b513c0853bf92c260eaceea0,49365d527202f179b93e478f5b32107eb92aaa3f,20261009
0016.parquet:87,RAISE_AI_stable_cascade,000668.png,0016.parquet,87,stable_cascade,RAISE,1,CompEval,test,Other,PNG,1024x1024,RGB,False,,OwensLab/CommunityForensics-Eval,default,CompEval,7d4a74a88d2cac93b513c0853bf92c260eaceea0,49365d527202f179b93e478f5b32107eb92aaa3f,20261009
0019.parquet:61,RAISE_AI_stable_cascade,000288.png,0019.parquet,61,stable_cascade,RAISE,1,CompEval,test,Other,PNG,1024x1024,RGB,False,,OwensLab/CommunityForensics-Eval,default,CompEval,7d4a74a88d2cac93b513c0853bf92c260eaceea0,49365d527202f179b93e478f5b32107eb92aaa3f,20261009
0018.parquet:26,RAISE_AI_stable_cascade,000950.png,0018.parquet,26,stable_cascade,RAISE,1,CompEval,test,Other,PNG,1024x1024,RGB,False,,OwensLab/CommunityForensics-Eval,default,CompEval,7d4a74a88d2cac93b513c0853bf92c260eaceea0,49365d527202f179b93e478f5b32107eb92aaa3f,20261009
0022.parquet:45,RAISE_AI_stable_cascade,000293.png,0022.parquet,45,stable_cascade,RAISE,1,CompEval,test,Other,PNG,1024x1024,RGB,False,,OwensLab/CommunityForensics-Eval,default,CompEval,7d4a74a88d2cac93b513c0853bf92c260eaceea0,49365d527202f179b93e478f5b32107eb92aaa3f,20261009
0022.parquet:21,RAISE_AI_stable_cascade,000912.png,0022.parquet,21,stable_cascade,RAISE,1,CompEval,test,Other,PNG,1024x1024,RGB,False,,OwensLab/CommunityForensics-Eval,default,CompEval,7d4a74a88d2cac93b513c0853bf92c260eaceea0,49365d527202f179b93e478f5b32107eb92aaa3f,20261009
0022.parquet:28,RAISE_AI_stable_cascade,000722.png,0022.parquet,28,stable_cascade,RAISE,1,CompEval,test,Other,PNG,1024x1024,RGB,False,,OwensLab/CommunityForensics-Eval,default,CompEval,7d4a74a88d2cac93b513c0853bf92c260eaceea0,49365d527202f179b93e478f5b32107eb92aaa3f,20261009
0021.parquet:12,RAISE_AI_stable_cascade,000181.png,0021.parquet,12,stable_cascade,RAISE,1,CompEval,test,Other,PNG,1024x1024,RGB,False,,OwensLab/CommunityForensics-Eval,default,CompEval,7d4a74a88d2cac93b513c0853bf92c260eaceea0,49365d527202f179b93e478f5b32107eb92aaa3f,20261009
0018.parquet:29,RAISE_AI_stable_cascade,000343.png,0018.parquet,29,stable_cascade,RAISE,1,CompEval,test,Other,PNG,1024x1024,RGB,False,,OwensLab/CommunityForensics-Eval,default,CompEval,7d4a74a88d2cac93b513c0853bf92c260eaceea0,49365d527202f179b93e478f5b32107eb92aaa3f,20261009
0021.parquet:7,RAISE_AI_stable_cascade,000863.png,0021.parquet,7,stable_cascade,RAISE,1,CompEval,test,Other,PNG,1024x1024,RGB,False,,OwensLab/CommunityForensics-Eval,default,CompEval,7d4a74a88d2cac93b513c0853bf92c260eaceea0,49365d527202f179b93e478f5b32107eb92aaa3f,20261009
0018.parquet:103,RAISE_AI_stable_cascade,000757.png,0018.parquet,103,stable_cascade,RAISE,1,CompEval,test,Other,PNG,1024x1024,RGB,False,,OwensLab/CommunityForensics-Eval,default,CompEval,7d4a74a88d2cac93b513c0853bf92c260eaceea0,49365d527202f179b93e478f5b32107eb92aaa3f,20261009
0017.parquet:86,RAISE_AI_stable_cascade,000404.png,0017.parquet,86,stable_cascade,RAISE,1,CompEval,test,Other,PNG,1024x1024,RGB,False,,OwensLab/CommunityForensics-Eval,default,CompEval,7d4a74a88d2cac93b513c0853bf92c260eaceea0,49365d527202f179b93e478f5b32107eb92aaa3f,20261009
0016.parquet:80,RAISE_AI_stable_cascade,000601.png,0016.parquet,80,stable_cascade,RAISE,1,CompEval,test,Other,PNG,1024x1024,RGB,False,,OwensLab/CommunityForensics-Eval,default,CompEval,7d4a74a88d2cac93b513c0853bf92c260eaceea0,49365d527202f179b93e478f5b32107eb92aaa3f,20261009
0016.parquet:21,RAISE_AI_stable_cascade,000540.png,0016.parquet,21,stable_cascade,RAISE,1,CompEval,test,Other,PNG,1024x1024,RGB,False,,OwensLab/CommunityForensics-Eval,default,CompEval,7d4a74a88d2cac93b513c0853bf92c260eaceea0,49365d527202f179b93e478f5b32107eb92aaa3f,20261009
0023.parquet:104,RAISE_AI_stable_cascade,000005.png,0023.parquet,104,stable_cascade,RAISE,1,CompEval,test,Other,PNG,1024x1024,RGB,False,,OwensLab/CommunityForensics-Eval,default,CompEval,7d4a74a88d2cac93b513c0853bf92c260eaceea0,49365d527202f179b93e478f5b32107eb92aaa3f,20261009
0017.parquet:70,RAISE_AI_stable_cascade,000449.png,0017.parquet,70,stable_cascade,RAISE,1,CompEval,test,Other,PNG,1024x1024,RGB,False,,OwensLab/CommunityForensics-Eval,default,CompEval,7d4a74a88d2cac93b513c0853bf92c260eaceea0,49365d527202f179b93e478f5b32107eb92aaa3f,20261009
0017.parquet:21,RAISE_AI_stable_cascade,000651.png,0017.parquet,21,stable_cascade,RAISE,1,CompEval,test,Other,PNG,1024x1024,RGB,False,,OwensLab/CommunityForensics-Eval,default,CompEval,7d4a74a88d2cac93b513c0853bf92c260eaceea0,49365d527202f179b93e478f5b32107eb92aaa3f,20261009
0021.parquet:11,RAISE_AI_stable_cascade,000842.png,0021.parquet,11,stable_cascade,RAISE,1,CompEval,test,Other,PNG,1024x1024,RGB,False,,OwensLab/CommunityForensics-Eval,default,CompEval,7d4a74a88d2cac93b513c0853bf92c260eaceea0,49365d527202f179b93e478f5b32107eb92aaa3f,20261009
0021.parquet:39,RAISE_AI_stable_cascade,000405.png,0021.parquet,39,stable_cascade,RAISE,1,CompEval,test,Other,PNG,1024x1024,RGB,False,,OwensLab/CommunityForensics-Eval,default,CompEval,7d4a74a88d2cac93b513c0853bf92c260eaceea0,49365d527202f179b93e478f5b32107eb92aaa3f,20261009
0023.parquet:53,RAISE_AI_stable_cascade,000277.png,0023.parquet,53,stable_cascade,RAISE,1,CompEval,test,Other,PNG,1024x1024,RGB,False,,OwensLab/CommunityForensics-Eval,default,CompEval,7d4a74a88d2cac93b513c0853bf92c260eaceea0,49365d527202f179b93e478f5b32107eb92aaa3f,20261009
0022.parquet:59,RAISE_AI_stable_cascade,000271.png,0022.parquet,59,stable_cascade,RAISE,1,CompEval,test,Other,PNG,1024x1024,RGB,False,,OwensLab/CommunityForensics-Eval,default,CompEval,7d4a74a88d2cac93b513c0853bf92c260eaceea0,49365d527202f179b93e478f5b32107eb92aaa3f,20261009
0017.parquet:46,RAISE_AI_stable_cascade,000672.png,0017.parquet,46,stable_cascade,RAISE,1,CompEval,test,Other,PNG,1024x1024,RGB,False,,OwensLab/CommunityForensics-Eval,default,CompEval,7d4a74a88d2cac93b513c0853bf92c260eaceea0,49365d527202f179b93e478f5b32107eb92aaa3f,20261009
0020.parquet:99,RAISE_AI_stable_cascade,000574.png,0020.parquet,99,stable_cascade,RAISE,1,CompEval,test,Other,PNG,1024x1024,RGB,False,,OwensLab/CommunityForensics-Eval,default,CompEval,7d4a74a88d2cac93b513c0853bf92c260eaceea0,49365d527202f179b93e478f5b32107eb92aaa3f,20261009
0018.parquet:55,RAISE_AI_stable_cascade,000573.png,0018.parquet,55,stable_cascade,RAISE,1,CompEval,test,Other,PNG,1024x1024,RGB,False,,OwensLab/CommunityForensics-Eval,default,CompEval,7d4a74a88d2cac93b513c0853bf92c260eaceea0,49365d527202f179b93e478f5b32107eb92aaa3f,20261009
0020.parquet:64,RAISE_AI_stable_cascade,000967.png,0020.parquet,64,stable_cascade,RAISE,1,CompEval,test,Other,PNG,1024x1024,RGB,False,,OwensLab/CommunityForensics-Eval,default,CompEval,7d4a74a88d2cac93b513c0853bf92c260eaceea0,49365d527202f179b93e478f5b32107eb92aaa3f,20261009
0023.parquet:39,RAISE_AI_stable_cascade,000372.png,0023.parquet,39,stable_cascade,RAISE,1,CompEval,test,Other,PNG,1024x1024,RGB,False,,OwensLab/CommunityForensics-Eval,default,CompEval,7d4a74a88d2cac93b513c0853bf92c260eaceea0,49365d527202f179b93e478f5b32107eb92aaa3f,20261009
0017.parquet:110,RAISE_AI_stable_cascade,000958.png,0017.parquet,110,stable_cascade,RAISE,1,CompEval,test,Other,PNG,1024x1024,RGB,False,,OwensLab/CommunityForensics-Eval,default,CompEval,7d4a74a88d2cac93b513c0853bf92c260eaceea0,49365d527202f179b93e478f5b32107eb92aaa3f,20261009
0021.parquet:80,RAISE_AI_stable_cascade,000086.png,0021.parquet,80,stable_cascade,RAISE,1,CompEval,test,Other,PNG,1024x1024,RGB,False,,OwensLab/CommunityForensics-Eval,default,CompEval,7d4a74a88d2cac93b513c0853bf92c260eaceea0,49365d527202f179b93e478f5b32107eb92aaa3f,20261009
0019.parquet:16,RAISE_AI_stable_cascade,000247.png,0019.parquet,16,stable_cascade,RAISE,1,CompEval,test,Other,PNG,1024x1024,RGB,False,,OwensLab/CommunityForensics-Eval,default,CompEval,7d4a74a88d2cac93b513c0853bf92c260eaceea0,49365d527202f179b93e478f5b32107eb92aaa3f,20261009
0017.parquet:56,RAISE_AI_stable_cascade,000019.png,0017.parquet,56,stable_cascade,RAISE,1,CompEval,test,Other,PNG,1024x1024,RGB,False,,OwensLab/CommunityForensics-Eval,default,CompEval,7d4a74a88d2cac93b513c0853bf92c260eaceea0,49365d527202f179b93e478f5b32107eb92aaa3f,20261009
0016.parquet:113,RAISE_AI_stable_cascade,000901.png,0016.parquet,113,stable_cascade,RAISE,1,CompEval,test,Other,PNG,1024x1024,RGB,False,,OwensLab/CommunityForensics-Eval,default,CompEval,7d4a74a88d2cac93b513c0853bf92c260eaceea0,49365d527202f179b93e478f5b32107eb92aaa3f,20261009
0020.parquet:77,RAISE_AI_stable_cascade,000066.png,0020.parquet,77,stable_cascade,RAISE,1,CompEval,test,Other,PNG,1024x1024,RGB,False,,OwensLab/CommunityForensics-Eval,default,CompEval,7d4a74a88d2cac93b513c0853bf92c260eaceea0,49365d527202f179b93e478f5b32107eb92aaa3f,20261009
0020.parquet:23,RAISE_AI_stable_cascade,000916.png,0020.parquet,23,stable_cascade,RAISE,1,CompEval,test,Other,PNG,1024x1024,RGB,False,,OwensLab/CommunityForensics-Eval,default,CompEval,7d4a74a88d2cac93b513c0853bf92c260eaceea0,49365d527202f179b93e478f5b32107eb92aaa3f,20261009
0018.parquet:109,RAISE_AI_stable_cascade,000215.png,0018.parquet,109,stable_cascade,RAISE,1,CompEval,test,Other,PNG,1024x1024,RGB,False,,OwensLab/CommunityForensics-Eval,default,CompEval,7d4a74a88d2cac93b513c0853bf92c260eaceea0,49365d527202f179b93e478f5b32107eb92aaa3f,20261009
0021.parquet:114,RAISE_AI_stable_cascade,000986.png,0021.parquet,114,stable_cascade,RAISE,1,CompEval,test,Other,PNG,1024x1024,RGB,False,,OwensLab/CommunityForensics-Eval,default,CompEval,7d4a74a88d2cac93b513c0853bf92c260eaceea0,49365d527202f179b93e478f5b32107eb92aaa3f,20261009
0022.parquet:80,RAISE_AI_stable_cascade,000044.png,0022.parquet,80,stable_cascade,RAISE,1,CompEval,test,Other,PNG,1024x1024,RGB,False,,OwensLab/CommunityForensics-Eval,default,CompEval,7d4a74a88d2cac93b513c0853bf92c260eaceea0,49365d527202f179b93e478f5b32107eb92aaa3f,20261009
0021.parquet:34,RAISE_AI_stable_cascade,000481.png,0021.parquet,34,stable_cascade,RAISE,1,CompEval,test,Other,PNG,1024x1024,RGB,False,,OwensLab/CommunityForensics-Eval,default,CompEval,7d4a74a88d2cac93b513c0853bf92c260eaceea0,49365d527202f179b93e478f5b32107eb92aaa3f,20261009
0022.parquet:70,RAISE_AI_stable_cascade,000767.png,0022.parquet,70,stable_cascade,RAISE,1,CompEval,test,Other,PNG,1024x1024,RGB,False,,OwensLab/CommunityForensics-Eval,default,CompEval,7d4a74a88d2cac93b513c0853bf92c260eaceea0,49365d527202f179b93e478f5b32107eb92aaa3f,20261009
0022.parquet:15,RAISE_AI_stable_cascade,000942.png,0022.parquet,15,stable_cascade,RAISE,1,CompEval,test,Other,PNG,1024x1024,RGB,False,,OwensLab/CommunityForensics-Eval,default,CompEval,7d4a74a88d2cac93b513c0853bf92c260eaceea0,49365d527202f179b93e478f5b32107eb92aaa3f,20261009
0016.parquet:58,RAISE_AI_stable_cascade,000415.png,0016.parquet,58,stable_cascade,RAISE,1,CompEval,test,Other,PNG,1024x1024,RGB,False,,OwensLab/CommunityForensics-Eval,default,CompEval,7d4a74a88d2cac93b513c0853bf92c260eaceea0,49365d527202f179b93e478f5b32107eb92aaa3f,20261009
0016.parquet:44,RAISE_AI_stable_cascade,000310.png,0016.parquet,44,stable_cascade,RAISE,1,CompEval,test,Other,PNG,1024x1024,RGB,False,,OwensLab/CommunityForensics-Eval,default,CompEval,7d4a74a88d2cac93b513c0853bf92c260eaceea0,49365d527202f179b93e478f5b32107eb92aaa3f,20261009
0020.parquet:25,RAISE_AI_stable_cascade,000983.png,0020.parquet,25,stable_cascade,RAISE,1,CompEval,test,Other,PNG,1024x1024,RGB,False,,OwensLab/CommunityForensics-Eval,default,CompEval,7d4a74a88d2cac93b513c0853bf92c260eaceea0,49365d527202f179b93e478f5b32107eb92aaa3f,20261009
0022.parquet:63,RAISE_AI_stable_cascade,000255.png,0022.parquet,63,stable_cascade,RAISE,1,CompEval,test,Other,PNG,1024x1024,RGB,False,,OwensLab/CommunityForensics-Eval,default,CompEval,7d4a74a88d2cac93b513c0853bf92c260eaceea0,49365d527202f179b93e478f5b32107eb92aaa3f,20261009
0023.parquet:6,RAISE_AI_stable_cascade,000297.png,0023.parquet,6,stable_cascade,RAISE,1,CompEval,test,Other,PNG,1024x1024,RGB,False,,OwensLab/CommunityForensics-Eval,default,CompEval,7d4a74a88d2cac93b513c0853bf92c260eaceea0,49365d527202f179b93e478f5b32107eb92aaa3f,20261009
0022.parquet:62,RAISE_AI_stable_cascade,000613.png,0022.parquet,62,stable_cascade,RAISE,1,CompEval,test,Other,PNG,1024x1024,RGB,False,,OwensLab/CommunityForensics-Eval,default,CompEval,7d4a74a88d2cac93b513c0853bf92c260eaceea0,49365d527202f179b93e478f5b32107eb92aaa3f,20261009
0016.parquet:14,RAISE_AI_stable_cascade,000633.png,0016.parquet,14,stable_cascade,RAISE,1,CompEval,test,Other,PNG,1024x1024,RGB,False,,OwensLab/CommunityForensics-Eval,default,CompEval,7d4a74a88d2cac93b513c0853bf92c260eaceea0,49365d527202f179b93e478f5b32107eb92aaa3f,20261009
0021.parquet:30,RAISE_AI_stable_cascade,000793.png,0021.parquet,30,stable_cascade,RAISE,1,CompEval,test,Other,PNG,1024x1024,RGB,False,,OwensLab/CommunityForensics-Eval,default,CompEval,7d4a74a88d2cac93b513c0853bf92c260eaceea0,49365d527202f179b93e478f5b32107eb92aaa3f,20261009
0019.parquet:38,RAISE_AI_stable_cascade,000660.png,0019.parquet,38,stable_cascade,RAISE,1,CompEval,test,Other,PNG,1024x1024,RGB,False,,OwensLab/CommunityForensics-Eval,default,CompEval,7d4a74a88d2cac93b513c0853bf92c260eaceea0,49365d527202f179b93e478f5b32107eb92aaa3f,20261009
0021.parquet:35,RAISE_AI_stable_cascade,000749.png,0021.parquet,35,stable_cascade,RAISE,1,CompEval,test,Other,PNG,1024x1024,RGB,False,,OwensLab/CommunityForensics-Eval,default,CompEval,7d4a74a88d2cac93b513c0853bf92c260eaceea0,49365d527202f179b93e478f5b32107eb92aaa3f,20261009
0023.parquet:87,RAISE_AI_stable_cascade,000622.png,0023.parquet,87,stable_cascade,RAISE,1,CompEval,test,Other,PNG,1024x1024,RGB,False,,OwensLab/CommunityForensics-Eval,default,CompEval,7d4a74a88d2cac93b513c0853bf92c260eaceea0,49365d527202f179b93e478f5b32107eb92aaa3f,20261009
0017.parquet:79,RAISE_AI_stable_cascade,000463.png,0017.parquet,79,stable_cascade,RAISE,1,CompEval,test,Other,PNG,1024x1024,RGB,False,,OwensLab/CommunityForensics-Eval,default,CompEval,7d4a74a88d2cac93b513c0853bf92c260eaceea0,49365d527202f179b93e478f5b32107eb92aaa3f,20261009
0019.parquet:100,RAISE_AI_stable_cascade,000910.png,0019.parquet,100,stable_cascade,RAISE,1,CompEval,test,Other,PNG,1024x1024,RGB,False,,OwensLab/CommunityForensics-Eval,default,CompEval,7d4a74a88d2cac93b513c0853bf92c260eaceea0,49365d527202f179b93e478f5b32107eb92aaa3f,20261009
0022.parquet:122,RAISE_AI_stable_cascade,000317.png,0022.parquet,122,stable_cascade,RAISE,1,CompEval,test,Other,PNG,1024x1024,RGB,False,,OwensLab/CommunityForensics-Eval,default,CompEval,7d4a74a88d2cac93b513c0853bf92c260eaceea0,49365d527202f179b93e478f5b32107eb92aaa3f,20261009
0017.parquet:32,RAISE_AI_stable_cascade,000525.png,0017.parquet,32,stable_cascade,RAISE,1,CompEval,test,Other,PNG,1024x1024,RGB,False,,OwensLab/CommunityForensics-Eval,default,CompEval,7d4a74a88d2cac93b513c0853bf92c260eaceea0,49365d527202f179b93e478f5b32107eb92aaa3f,20261009
0020.parquet:36,RAISE_AI_stable_cascade,000977.png,0020.parquet,36,stable_cascade,RAISE,1,CompEval,test,Other,PNG,1024x1024,RGB,False,,OwensLab/CommunityForensics-Eval,default,CompEval,7d4a74a88d2cac93b513c0853bf92c260eaceea0,49365d527202f179b93e478f5b32107eb92aaa3f,20261009
0020.parquet:68,RAISE_AI_stable_cascade,000080.png,0020.parquet,68,stable_cascade,RAISE,1,CompEval,test,Other,PNG,1024x1024,RGB,False,,OwensLab/CommunityForensics-Eval,default,CompEval,7d4a74a88d2cac93b513c0853bf92c260eaceea0,49365d527202f179b93e478f5b32107eb92aaa3f,20261009
0022.parquet:114,RAISE_AI_stable_cascade,000376.png,0022.parquet,114,stable_cascade,RAISE,1,CompEval,test,Other,PNG,1024x1024,RGB,False,,OwensLab/CommunityForensics-Eval,default,CompEval,7d4a74a88d2cac93b513c0853bf92c260eaceea0,49365d527202f179b93e478f5b32107eb92aaa3f,20261009
0016.parquet:108,RAISE_AI_stable_cascade,000228.png,0016.parquet,108,stable_cascade,RAISE,1,CompEval,test,Other,PNG,1024x1024,RGB,False,,OwensLab/CommunityForensics-Eval,default,CompEval,7d4a74a88d2cac93b513c0853bf92c260eaceea0,49365d527202f179b93e478f5b32107eb92aaa3f,20261009
0018.parquet:12,RAISE_AI_stable_cascade,000013.png,0018.parquet,12,stable_cascade,RAISE,1,CompEval,test,Other,PNG,1024x1024,RGB,False,,OwensLab/CommunityForensics-Eval,default,CompEval,7d4a74a88d2cac93b513c0853bf92c260eaceea0,49365d527202f179b93e478f5b32107eb92aaa3f,20261009
0017.parquet:41,RAISE_AI_stable_cascade,000503.png,0017.parquet,41,stable_cascade,RAISE,1,CompEval,test,Other,PNG,1024x1024,RGB,False,,OwensLab/CommunityForensics-Eval,default,CompEval,7d4a74a88d2cac93b513c0853bf92c260eaceea0,49365d527202f179b93e478f5b32107eb92aaa3f,20261009
0019.parquet:96,RAISE_AI_stable_cascade,000410.png,0019.parquet,96,stable_cascade,RAISE,1,CompEval,test,Other,PNG,1024x1024,RGB,False,,OwensLab/CommunityForensics-Eval,default,CompEval,7d4a74a88d2cac93b513c0853bf92c260eaceea0,49365d527202f179b93e478f5b32107eb92aaa3f,20261009
0018.parquet:115,RAISE_AI_stable_cascade,000774.png,0018.parquet,115,stable_cascade,RAISE,1,CompEval,test,Other,PNG,1024x1024,RGB,False,,OwensLab/CommunityForensics-Eval,default,CompEval,7d4a74a88d2cac93b513c0853bf92c260eaceea0,49365d527202f179b93e478f5b32107eb92aaa3f,20261009
0017.parquet:113,RAISE_AI_stable_cascade,000947.png,0017.parquet,113,stable_cascade,RAISE,1,CompEval,test,Other,PNG,1024x1024,RGB,False,,OwensLab/CommunityForensics-Eval,default,CompEval,7d4a74a88d2cac93b513c0853bf92c260eaceea0,49365d527202f179b93e478f5b32107eb92aaa3f,20261009
0023.parquet:50,RAISE_AI_stable_cascade,000144.png,0023.parquet,50,stable_cascade,RAISE,1,CompEval,test,Other,PNG,1024x1024,RGB,False,,OwensLab/CommunityForensics-Eval,default,CompEval,7d4a74a88d2cac93b513c0853bf92c260eaceea0,49365d527202f179b93e478f5b32107eb92aaa3f,20261009
0019.parquet:65,RAISE_AI_stable_cascade,000681.png,0019.parquet,65,stable_cascade,RAISE,1,CompEval,test,Other,PNG,1024x1024,RGB,False,,OwensLab/CommunityForensics-Eval,default,CompEval,7d4a74a88d2cac93b513c0853bf92c260eaceea0,49365d527202f179b93e478f5b32107eb92aaa3f,20261009
0020.parquet:18,RAISE_AI_stable_cascade,000886.png,0020.parquet,18,stable_cascade,RAISE,1,CompEval,test,Other,PNG,1024x1024,RGB,False,,OwensLab/CommunityForensics-Eval,default,CompEval,7d4a74a88d2cac93b513c0853bf92c260eaceea0,49365d527202f179b93e478f5b32107eb92aaa3f,20261009
0021.parquet:66,RAISE_AI_stable_cascade,000926.png,0021.parquet,66,stable_cascade,RAISE,1,CompEval,test,Other,PNG,1024x1024,RGB,False,,OwensLab/CommunityForensics-Eval,default,CompEval,7d4a74a88d2cac93b513c0853bf92c260eaceea0,49365d527202f179b93e478f5b32107eb92aaa3f,20261009
0019.parquet:97,RAISE_AI_stable_cascade,000488.png,0019.parquet,97,stable_cascade,RAISE,1,CompEval,test,Other,PNG,1024x1024,RGB,False,,OwensLab/CommunityForensics-Eval,default,CompEval,7d4a74a88d2cac93b513c0853bf92c260eaceea0,49365d527202f179b93e478f5b32107eb92aaa3f,20261009
0018.parquet:67,RAISE_AI_stable_cascade,000207.png,0018.parquet,67,stable_cascade,RAISE,1,CompEval,test,Other,PNG,1024x1024,RGB,False,,OwensLab/CommunityForensics-Eval,default,CompEval,7d4a74a88d2cac93b513c0853bf92c260eaceea0,49365d527202f179b93e478f5b32107eb92aaa3f,20261009
0022.parquet:46,RAISE_AI_stable_cascade,000643.png,0022.parquet,46,stable_cascade,RAISE,1,CompEval,test,Other,PNG,1024x1024,RGB,False,,OwensLab/CommunityForensics-Eval,default,CompEval,7d4a74a88d2cac93b513c0853bf92c260eaceea0,49365d527202f179b93e478f5b32107eb92aaa3f,20261009
0018.parquet:93,RAISE_AI_stable_cascade,000904.png,0018.parquet,93,stable_cascade,RAISE,1,CompEval,test,Other,PNG,1024x1024,RGB,False,,OwensLab/CommunityForensics-Eval,default,CompEval,7d4a74a88d2cac93b513c0853bf92c260eaceea0,49365d527202f179b93e478f5b32107eb92aaa3f,20261009
0021.parquet:116,RAISE_AI_stable_cascade,000489.png,0021.parquet,116,stable_cascade,RAISE,1,CompEval,test,Other,PNG,1024x1024,RGB,False,,OwensLab/CommunityForensics-Eval,default,CompEval,7d4a74a88d2cac93b513c0853bf92c260eaceea0,49365d527202f179b93e478f5b32107eb92aaa3f,20261009
0018.parquet:21,RAISE_AI_stable_cascade,000206.png,0018.parquet,21,stable_cascade,RAISE,1,CompEval,test,Other,PNG,1024x1024,RGB,False,,OwensLab/CommunityForensics-Eval,default,CompEval,7d4a74a88d2cac93b513c0853bf92c260eaceea0,49365d527202f179b93e478f5b32107eb92aaa3f,20261009
0019.parquet:110,RAISE_AI_stable_cascade,000197.png,0019.parquet,110,stable_cascade,RAISE,1,CompEval,test,Other,PNG,1024x1024,RGB,False,,OwensLab/CommunityForensics-Eval,default,CompEval,7d4a74a88d2cac93b513c0853bf92c260eaceea0,49365d527202f179b93e478f5b32107eb92aaa3f,20261009
0021.parquet:32,RAISE_AI_stable_cascade,000073.png,0021.parquet,32,stable_cascade,RAISE,1,CompEval,test,Other,PNG,1024x1024,RGB,False,,OwensLab/CommunityForensics-Eval,default,CompEval,7d4a74a88d2cac93b513c0853bf92c260eaceea0,49365d527202f179b93e478f5b32107eb92aaa3f,20261009
0017.parquet:104,RAISE_AI_stable_cascade,000974.png,0017.parquet,104,stable_cascade,RAISE,1,CompEval,test,Other,PNG,1024x1024,RGB,False,,OwensLab/CommunityForensics-Eval,default,CompEval,7d4a74a88d2cac93b513c0853bf92c260eaceea0,49365d527202f179b93e478f5b32107eb92aaa3f,20261009
0023.parquet:43,RAISE_AI_stable_cascade,000114.png,0023.parquet,43,stable_cascade,RAISE,1,CompEval,test,Other,PNG,1024x1024,RGB,False,,OwensLab/CommunityForensics-Eval,default,CompEval,7d4a74a88d2cac93b513c0853bf92c260eaceea0,49365d527202f179b93e478f5b32107eb92aaa3f,20261009
0020.parquet:51,RAISE_AI_stable_cascade,000634.png,0020.parquet,51,stable_cascade,RAISE,1,CompEval,test,Other,PNG,1024x1024,RGB,False,,OwensLab/CommunityForensics-Eval,default,CompEval,7d4a74a88d2cac93b513c0853bf92c260eaceea0,49365d527202f179b93e478f5b32107eb92aaa3f,20261009
0018.parquet:14,RAISE_AI_stable_cascade,000945.png,0018.parquet,14,stable_cascade,RAISE,1,CompEval,test,Other,PNG,1024x1024,RGB,False,,OwensLab/CommunityForensics-Eval,default,CompEval,7d4a74a88d2cac93b513c0853bf92c260eaceea0,49365d527202f179b93e478f5b32107eb92aaa3f,20261009
0020.parquet:86,RAISE_AI_stable_cascade,000388.png,0020.parquet,86,stable_cascade,RAISE,1,CompEval,test,Other,PNG,1024x1024,RGB,False,,OwensLab/CommunityForensics-Eval,default,CompEval,7d4a74a88d2cac93b513c0853bf92c260eaceea0,49365d527202f179b93e478f5b32107eb92aaa3f,20261009
0022.parquet:110,RAISE_AI_stable_cascade,000010.png,0022.parquet,110,stable_cascade,RAISE,1,CompEval,test,Other,PNG,1024x1024,RGB,False,,OwensLab/CommunityForensics-Eval,default,CompEval,7d4a74a88d2cac93b513c0853bf92c260eaceea0,49365d527202f179b93e478f5b32107eb92aaa3f,20261009
0019.parquet:106,RAISE_AI_stable_cascade,000459.png,0019.parquet,106,stable_cascade,RAISE,1,CompEval,test,Other,PNG,1024x1024,RGB,False,,OwensLab/CommunityForensics-Eval,default,CompEval,7d4a74a88d2cac93b513c0853bf92c260eaceea0,49365d527202f179b93e478f5b32107eb92aaa3f,20261009
0022.parquet:22,RAISE_AI_stable_cascade,000071.png,0022.parquet,22,stable_cascade,RAISE,1,CompEval,test,Other,PNG,1024x1024,RGB,False,,OwensLab/CommunityForensics-Eval,default,CompEval,7d4a74a88d2cac93b513c0853bf92c260eaceea0,49365d527202f179b93e478f5b32107eb92aaa3f,20261009
0023.parquet:68,RAISE_AI_stable_cascade,000152.png,0023.parquet,68,stable_cascade,RAISE,1,CompEval,test,Other,PNG,1024x1024,RGB,False,,OwensLab/CommunityForensics-Eval,default,CompEval,7d4a74a88d2cac93b513c0853bf92c260eaceea0,49365d527202f179b93e478f5b32107eb92aaa3f,20261009
0017.parquet:93,RAISE_AI_stable_cascade,000106.png,0017.parquet,93,stable_cascade,RAISE,1,CompEval,test,Other,PNG,1024x1024,RGB,False,,OwensLab/CommunityForensics-Eval,default,CompEval,7d4a74a88d2cac93b513c0853bf92c260eaceea0,49365d527202f179b93e478f5b32107eb92aaa3f,20261009
0017.parquet:36,RAISE_AI_stable_cascade,000315.png,0017.parquet,36,stable_cascade,RAISE,1,CompEval,test,Other,PNG,1024x1024,RGB,False,,OwensLab/CommunityForensics-Eval,default,CompEval,7d4a74a88d2cac93b513c0853bf92c260eaceea0,49365d527202f179b93e478f5b32107eb92aaa3f,20261009
0017.parquet:0,RAISE_AI_stable_cascade,000201.png,0017.parquet,0,stable_cascade,RAISE,1,CompEval,test,Other,PNG,1024x1024,RGB,False,,OwensLab/CommunityForensics-Eval,default,CompEval,7d4a74a88d2cac93b513c0853bf92c260eaceea0,49365d527202f179b93e478f5b32107eb92aaa3f,20261009
0021.parquet:115,RAISE_AI_stable_cascade,000371.png,0021.parquet,115,stable_cascade,RAISE,1,CompEval,test,Other,PNG,1024x1024,RGB,False,,OwensLab/CommunityForensics-Eval,default,CompEval,7d4a74a88d2cac93b513c0853bf92c260eaceea0,49365d527202f179b93e478f5b32107eb92aaa3f,20261009
0019.parquet:5,RAISE_AI_stable_cascade,000049.png,0019.parquet,5,stable_cascade,RAISE,1,CompEval,test,Other,PNG,1024x1024,RGB,False,,OwensLab/CommunityForensics-Eval,default,CompEval,7d4a74a88d2cac93b513c0853bf92c260eaceea0,49365d527202f179b93e478f5b32107eb92aaa3f,20261009
