candidate_id,category,global_idx,shard_filename,row_in_shard,sha256,phash,width,height,exact_dup_match,exact_dup_dataset,exact_dup_id,min_phash_distance,nearest_ref_dataset,nearest_ref_id,audit_action,rejection_reason,is_replacement_event
DEF_REAL_001,REAL,6635,validation-00001-of-00002.parquet,2135,54f2df820f75feea943319ee05486c3947a95e4d5f3d15e4fe95dc798eb8b542,b14cce33f34c0c73,427,640,False,None,None,10,dataset_v4,v4_te_ai_genimage_00026.png,ACCEPT,Clean,False
DEF_REAL_002,REAL,8220,validation-00001-of-00002.parquet,3720,33de4b238f34d4d5c192a52097ebc7a00cbb298d6702a0e0116182b15ffdaf5a,ebf7700f841be288,640,480,False,None,None,16,MagicBrush,mb_manip_514668_turn1.png,ACCEPT,Clean,False
DEF_REAL_003,REAL,2564,validation-00000-of-00002.parquet,2564,32db00d59f22aa6dffe0ba91a7d3be98be63b4a8b6ff3835c1c37304cf22fc45,9578c7bc616e48c5,480,640,False,None,None,16,dataset_v4,v4_tr_ai_genimage_00374.png,ACCEPT,Clean,False
DEF_REAL_004,REAL,2541,validation-00000-of-00002.parquet,2541,dc33730a3a64d18a21eed01be6208040837cdc3a8f36ea4d674ae004c44f1e69,9ad84237393e7932,500,375,False,None,None,18,dataset_v4,v4_tr_ai_genimage_00102.png,ACCEPT,Clean,False
DEF_REAL_005,REAL,2717,validation-00000-of-00002.parquet,2717,7a188eb13bc83ca22d77b0ad34b51a3c0fa95e83e0961bf5b06ca0928b7e4762,8ac8e50e75e09e6d,640,363,False,None,None,16,dataset_v4,v4_tr_ai_genimage_00243.png,ACCEPT,Clean,False
DEF_REAL_006,REAL,5190,validation-00001-of-00002.parquet,690,aa44b2bba34686a527e5a3b9817c6e1591a7cc60991e7cf2321b3422ed3a03b3,c6d4a588e4e391bd,640,425,False,None,None,16,dataset_v4,v4_tr_ai_modern_00193.png,ACCEPT,Clean,False
DEF_REAL_007,REAL,6352,validation-00001-of-00002.parquet,1852,b09ab96db542e35bcb8b3af54c0e8924994f7589e5c98afe206b101f17166776,9791b9e66b44446b,640,428,False,None,None,16,dataset_v4,v4_tr_real_genimage_00759.jpg,ACCEPT,Clean,False
DEF_REAL_008,REAL,4545,validation-00001-of-00002.parquet,45,a0ab7dcae53ce1845501bd7ffd8a3e3d750a2fc786548e264e2abb0357347e8d,899a3513e8e54abd,640,480,False,None,None,18,dataset_v4,v4_te_ai_genimage_00108.png,ACCEPT,Clean,False
DEF_REAL_009,REAL,7618,validation-00001-of-00002.parquet,3118,0d52d7cc82056ebd9f73a1bf76d7b75c10a7927b91b90d7ed1fc3cfd0a017514,b071d037c1f60fe2,640,425,False,None,None,16,dataset_v4,v4_tr_real_genimage_00282.jpg,ACCEPT,Clean,False
DEF_REAL_010,REAL,1639,validation-00000-of-00002.parquet,1639,07e38096705005fd60a6b1b93f8c036d3310a9f892ad2a3ab358c4edf5cf26bd,b2b1dd4a24265be9,640,481,False,None,None,12,dataset_v4,v4_tr_ai_genimage_00775.png,ACCEPT,Clean,False
DEF_REAL_011,REAL,5377,validation-00001-of-00002.parquet,877,b217a5c0698d72b39e7f2f5936b91b3d419053d2de2a50738242b9011d54d69b,c203fc6c4bf0f34c,500,375,False,None,None,16,dataset_v4,v4_te_real_genimage_00167.jpg,ACCEPT,Clean,False
DEF_REAL_012,REAL,8603,validation-00001-of-00002.parquet,4103,e786ec7bcb59e3061308e20f5eb0a0c9b4d25e7423d6ddc0219d077908f1414c,f1ccaa314572e88f,640,374,False,None,None,16,PIPE,pipe_orig_289222.png,ACCEPT,Clean,False
DEF_REAL_013,REAL,4364,validation-00000-of-00002.parquet,4364,7c2f38a53a1f7a94f6c9ee07878211cae9172050c79b742cac98dc16e4bb009e,d0d6af28a7a51c6a,480,640,False,None,None,16,dataset_v4,v4_tr_real_genimage_00595.jpg,ACCEPT,Clean,False
DEF_REAL_014,REAL,8328,validation-00001-of-00002.parquet,3828,4fbb17e748eca6b185fbc20cfd2a6dab09c610719a893d06b34476537c6b3c1e,9d0bc5b15c6c7349,500,333,False,None,None,14,dataset_v4,v4_tr_ai_genimage_00596.png,ACCEPT,Clean,False
DEF_REAL_015,REAL,440,validation-00000-of-00002.parquet,440,6d20c6bfaecb9143f1bc46c2c0d54e18b9a38faad933cc45c2c555a913e474bd,99ae9aa982d73958,640,480,False,None,None,18,PIPE,pipe_manip_214224.png,ACCEPT,Clean,False
DEF_REAL_016,REAL,7599,validation-00001-of-00002.parquet,3099,c6cb16b23472a3c28825eae73a8d5b22a5cee015bdea638155ef90b5df2c7499,dacd1b2689d6560b,640,426,False,None,None,16,dataset_v4,v4_tr_real_historical_00032.jpg,ACCEPT,Clean,False
DEF_REAL_017,REAL,8953,validation-00001-of-00002.parquet,4453,c2def7f88d2cd1c36167ac36eb81fce55f7edac5d703e528373694f23cf9cb66,c6e3d998a61ee149,640,427,False,None,None,14,dataset_manipulation_v2,pair_tgif_ps_90631_orig.png,ACCEPT,Clean,False
DEF_REAL_018,REAL,3703,validation-00000-of-00002.parquet,3703,6b47883c288e35387555fc8bf9fda511f34b4daa339ad2ac0d839275e16082f5,cccd4f8f03e361d0,426,640,False,None,None,16,dataset_v4,v4_va_ai_historical_style_00012.png,ACCEPT,Clean,False
DEF_REAL_019,REAL,2623,validation-00000-of-00002.parquet,2623,7f9ec5af57d6a846fff087c3bcf7e8db1c8e22f5ad2f39204d4fd70a21d04275,e59aad7180b29c97,640,480,False,None,None,14,dataset_v4,v4_tr_ai_genimage_00021.png,ACCEPT,Clean,False
DEF_REAL_020,REAL,318,validation-00000-of-00002.parquet,318,f95cdd102567c23d42db0560817ef54f5747ca1e13c143e84b8143d20d336f97,a38cde71f52e6211,640,427,False,None,None,16,dataset_v4,v4_te_real_genimage_00154.jpg,ACCEPT,Clean,False
DEF_REAL_021,REAL,7117,validation-00001-of-00002.parquet,2617,f17a4cc16d173ecd5c5cdb61e88325b17f85d242da7063315da9f494c5ffc454,d6d29e952c6e0726,640,480,False,None,None,14,dataset_v4,v4_tr_ai_modern_00008.png,ACCEPT,Clean,False
DEF_REAL_022,REAL,6698,validation-00001-of-00002.parquet,2198,218b1084b44d22061a932cbf21454f3befb0f193adad71dc626197757698b36b,dcde35399a80256d,640,480,False,None,None,16,dataset_v4,v4_tr_ai_genimage_00506.png,ACCEPT,Clean,False
DEF_REAL_023,REAL,7065,validation-00001-of-00002.parquet,2565,11bd7f7af9faa5835ba6fc2c0db35799ee46fd277c9ce8ffda83b16d04b8b8bd,85e69196c39e329b,640,426,False,None,None,16,manipulation_v1,manip_292451_turn1.png,ACCEPT,Clean,False
DEF_REAL_024,REAL,7492,validation-00001-of-00002.parquet,2992,346cb66387a025e1985da8a4ef57a699436bd8a9acda50b0faf581f6b18b9dbb,89cf8d8fa681a39c,427,640,False,None,None,18,dataset_v4,v4_te_ai_historical_style_00010.png,ACCEPT,Clean,False
DEF_REAL_025,REAL,8546,validation-00001-of-00002.parquet,4046,b9655c7349d1a2df13a73749fa8f0f86374e1a75bebdde170cc9555bee1a8c6e,c878b3915c9c333e,427,640,False,None,None,16,dataset_v4,v4_tr_real_genimage_00474.jpg,ACCEPT,Clean,False
DEF_REAL_026,REAL,2615,validation-00000-of-00002.parquet,2615,da9c4a62ecf964e1d8be68fc20381bfce3006b50c92500b07bb8d38bdeee5df4,adedf3cea850c0a1,633,640,False,None,None,18,dataset_v4,v4_tr_real_genimage_00123.jpg,ACCEPT,Clean,False
DEF_REAL_027,REAL,8724,validation-00001-of-00002.parquet,4224,c15ec1dc69315629c623347fa7249db8cc88f5b881eef695d83bfc7edf7d79ec,94d4d8f01f633bc2,640,360,False,None,None,14,PIPE,pipe_manip_358427.png,ACCEPT,Clean,False
DEF_REAL_028,REAL,8841,validation-00001-of-00002.parquet,4341,f5675d69498733302f942f2365d549fd480f6c5c2305d8083a04a5e857380ce2,b836077cb90d1b0f,458,640,False,None,None,16,diagnostic_real_camera,06eb4b3f354b4ed4a47cc4987b286227.jpg,ACCEPT,Clean,False
DEF_REAL_029,REAL,7400,validation-00001-of-00002.parquet,2900,8d4fcfda8cb8c82f97a2cb63c2196bacd79e4e0962082ddd7cb569cbf2e729c1,85937a3632e17f90,640,480,False,None,None,18,dataset_v4,v4_tr_ai_historical_style_00136.png,ACCEPT,Clean,False
DEF_REAL_030,REAL,7690,validation-00001-of-00002.parquet,3190,61c556313f56fb1b250d97f567d4a7525f9c327563d1dfa247ae2d873f426255,8b243cd1e33f9874,500,375,False,None,None,16,dataset_v4,v4_tr_real_genimage_00097.jpg,ACCEPT,Clean,False
DEF_REAL_031,REAL,6481,validation-00001-of-00002.parquet,1981,ed0e2ba7e6c52f621a16fd7547415734ab83496d3e556b5539b25497e00861a6,909d3d909e3dcc4e,480,640,False,None,None,18,dataset_v4,v4_tr_ai_genimage_00288.png,ACCEPT,Clean,False
DEF_REAL_032,REAL,3741,validation-00000-of-00002.parquet,3741,ded1e93847908c376e069efc81a200bafdf5e8d1ebd34f3376e7b74294575c2a,d22f1bcc24f1e34c,436,640,False,None,None,18,dataset_v4,v4_tr_ai_genimage_00470.png,ACCEPT,Clean,False
DEF_REAL_033,REAL,7702,validation-00001-of-00002.parquet,3202,e2cd10e03a3a10fd545183a5d6406e8e3bf55b10e33609a3115703435672acd4,fb2a8b9c30e2c72a,640,425,False,None,None,16,dataset_v4,v4_tr_ai_genimage_00456.png,ACCEPT,Clean,False
DEF_REAL_034,REAL,6249,validation-00001-of-00002.parquet,1749,76c6e321a8148d5c60814ae254bcf0e20792c1ee43a7742c5be49aa35e4d7444,be46c1396f969560,640,384,False,None,None,16,dataset_v4,v4_tr_ai_genimage_00450.png,ACCEPT,Clean,False
DEF_REAL_035,REAL,1373,validation-00000-of-00002.parquet,1373,a2108644cb66e8e922b52cb28268c0644a6706eaa8af94a143444ca1dfa734c4,be8dc833c6c098bb,375,500,False,None,None,16,dataset_v4,v4_tr_ai_genimage_00654.png,ACCEPT,Clean,False
DEF_REAL_036,REAL,2153,validation-00000-of-00002.parquet,2153,9576edba4031b8609ba6ce4f7c94d7cd7d1c0509f0cc063e7a09798e7a75144a,96a036c1cebd1a3d,428,640,False,None,None,18,dataset_v4,v4_tr_ai_modern_00114.png,ACCEPT,Clean,False
DEF_REAL_037,REAL,2568,validation-00000-of-00002.parquet,2568,ccaeab71a3ca10e12dacca708eb15fba987c459834ecd9b3c0e7d8eafd96375d,8d91a6d8cb4fc49a,640,427,False,None,None,18,PIPE,pipe_orig_519764.png,ACCEPT,Clean,False
DEF_REAL_038,REAL,2591,validation-00000-of-00002.parquet,2591,28b9e6887373389a82a8a887efa7048c29038c7eb3b03b9513eda86a8eeb163c,8ce1bb5045be6b46,640,479,False,None,None,16,MagicBrush,mb_orig_35571.png,ACCEPT,Clean,False
DEF_REAL_039,REAL,6588,validation-00001-of-00002.parquet,2088,6af97b1cb3a37a983af9d6f40901c41bb8e8d3bbe4be5302be114d0c4b428c94,8bf6c1047b975865,640,428,False,None,None,18,dataset_v4,v4_tr_real_genimage_00846.jpg,ACCEPT,Clean,False
DEF_REAL_040,REAL,476,validation-00000-of-00002.parquet,476,3220dfdcabc6939d8601e008cf7d2db90d36d096ac20015e17f0ac95c4d00081,c000e3af7c5ef529,640,457,False,None,None,16,dataset_manipulation_v2,pair_mb_6197_manip.png,ACCEPT,Clean,False
DEF_REAL_041,REAL,8382,validation-00001-of-00002.parquet,3882,627eaf3d0ce663562ba6411fa345221798a73181a22c2efe708c99475b1ad2af,8a1dd3e0676dc24d,307,500,False,None,None,18,dataset_v4,v4_va_ai_genimage_00087.png,ACCEPT,Clean,False
DEF_REAL_042,REAL,2652,validation-00000-of-00002.parquet,2652,de650b48fc9e8f2e76f33af14057141a029803708b55b3ba1ad407c1201b7c43,a6aaaeac39a1a59c,640,427,False,None,None,16,dataset_manipulation_v2,pair_pipe_eebd6128935a888e_manip.png,ACCEPT,Clean,False
DEF_REAL_043,REAL,8033,validation-00001-of-00002.parquet,3533,207fec91631c96376c8b2ba87e503cbd3d983b95ccd3c33a96649da710dcb317,c45f2ba312e0de5c,403,640,False,None,None,16,dataset_manipulation_v2,pair_tgif_ps_488270_manip.png,ACCEPT,Clean,False
DEF_REAL_044,REAL,5206,validation-00001-of-00002.parquet,706,42990a1d249705289858a26fbd845b9d1d4b903424e3538de52ae889f2e3b55a,8186b77ec9c0b536,612,612,False,None,None,16,PIPE,pipe_orig_414133.png,ACCEPT,Clean,False
DEF_REAL_045,REAL,6460,validation-00001-of-00002.parquet,1960,6729327eb83f5d46330e60ed2d62fc8f8ac0bd01354bad9d6ba9043bca01ea85,d986e67b092690f9,640,480,False,None,None,14,dataset_v4,v4_va_ai_genimage_00067.png,ACCEPT,Clean,False
DEF_REAL_046,REAL,2204,validation-00000-of-00002.parquet,2204,494ef08ceb3c029e81ae69513978102590d6ecaa7e5bd57bae6904f95ea1f9dc,a7c8f1cce4c34c78,300,432,False,None,None,16,dataset_v4,v4_tr_real_genimage_00679.jpg,ACCEPT,Clean,False
DEF_REAL_047,REAL,2240,validation-00000-of-00002.parquet,2240,475b6334b6bbde5df0e18a21863a407b074319b311af374f1f4dad9114698c70,de7261a93891fc98,640,480,False,None,None,16,dataset_v4,v4_tr_ai_genimage_00015.png,ACCEPT,Clean,False
DEF_REAL_048,REAL,1927,validation-00000-of-00002.parquet,1927,ffd29de24df0098bf4218526103d9c38ea68592465aedf2691f628292beec70e,c7c3b5bd0d8361c8,375,500,False,None,None,16,dataset_v4,v4_tr_ai_genimage_00837.png,ACCEPT,Clean,False
DEF_REAL_049,REAL,4516,validation-00001-of-00002.parquet,16,1e1f1c4c211513f4a01aff39d5e7dd184e5ab93671f519958e69bed4c6f8c75c,b665c34af0d54a8b,640,480,False,None,None,16,dataset_v4,v4_tr_real_genimage_00369.jpg,ACCEPT,Clean,False
DEF_REAL_050,REAL,6013,validation-00001-of-00002.parquet,1513,e92cc9d7db229438954da168e411c6be1bc4fa3a21fce8f84b17b794a74039e4,bb83dca3295f9284,640,426,False,None,None,18,dataset_v4,v4_tr_ai_genimage_00721.png,ACCEPT,Clean,False
DEF_REAL_051,REAL,3791,validation-00000-of-00002.parquet,3791,2baa6235207819f937a11e2f42a5eead385dcaf7a117751cd7514e4d87564081,fd90f832f0c7d038,500,375,False,None,None,16,dataset_manipulation_v2,pair_pipe_62946c4093e3dd6a_orig.png,ACCEPT,Clean,False
DEF_REAL_052,REAL,3304,validation-00000-of-00002.parquet,3304,e6ca844147cdfda6e47d4bdcb76cbbb7c2e55605a5a2d74768286aeee2fa1b75,e7ae30d21a1b0e9d,640,480,False,None,None,16,dataset_v4,v4_tr_real_historical_00072.jpg,ACCEPT,Clean,False
DEF_REAL_053,REAL,6778,validation-00001-of-00002.parquet,2278,e50624598f384ad260c704748e4f2dc8e67b8e2dab828501f443d7146d87b558,c149c9d8d0c9dddc,640,480,False,None,None,16,dataset_v4,v4_va_real_genimage_00198.jpg,ACCEPT,Clean,False
DEF_REAL_054,REAL,7763,validation-00001-of-00002.parquet,3263,8dd2bae4c32884578a3333acf1f789e8e45d10ee28c8022abdd982b190ee0efa,9b66ec30a23e99c9,640,454,False,None,None,14,dataset_v4,v4_tr_real_genimage_00207.jpg,ACCEPT,Clean,False
DEF_REAL_055,REAL,3338,validation-00000-of-00002.parquet,3338,ea0aec51688595214e2241f355e00782a849ac9d1a89e5808cfdb9974a0a2eec,87c1687f5aba6584,640,360,False,None,None,16,PIPE,pipe_orig_579893.png,ACCEPT,Clean,False
DEF_REAL_056,REAL,4178,validation-00000-of-00002.parquet,4178,b9c4fb2485a6cac424408795a7359ccfc0d573388e7d5ee3ad7d8f14ef502308,a681db4c3e23e4d6,640,429,False,None,None,16,MagicBrush,mb_manip_223599_turn1.png,ACCEPT,Clean,False
DEF_REAL_057,REAL,311,validation-00000-of-00002.parquet,311,d0b802b3d118dd08ee198021aa02fbca5087f04dac1e57cbf85335db4dd6d547,9d43241e53389f76,480,640,False,None,None,18,dataset_v4,v4_tr_ai_genimage_00847.png,ACCEPT,Clean,False
DEF_REAL_058,REAL,2968,validation-00000-of-00002.parquet,2968,db9c7c91e3b7853678bd615ce3533a8651d23c791fdc12414053a7a8853cf564,ccb1076e3100fff4,640,480,False,None,None,18,dataset_v4,v4_tr_ai_modern_00171.png,ACCEPT,Clean,False
DEF_REAL_059,REAL,1960,validation-00000-of-00002.parquet,1960,23edb1f327c89cb20586c4adbe83239c97e40cbea3dd857e11fb4b34b5285777,fcc887a624e445dd,640,480,False,None,None,18,dataset_v4,v4_te_ai_genimage_00069.png,ACCEPT,Clean,False
DEF_REAL_060,REAL,5510,validation-00001-of-00002.parquet,1010,9ca0fba2029c96ac92f2b82a73f4c666a6537d1e1b7b88fa06459e61718d78da,f4ff037a036a1499,480,640,False,None,None,18,dataset_v4,v4_tr_real_historical_00053.jpg,ACCEPT,Clean,False
DEF_REAL_061,REAL,3896,validation-00000-of-00002.parquet,3896,d45f0e4c9fc7c7607edf7d0f3c376ca3a601ec83da58e7c91da488bbd2c248b7,ac725934b46ba64e,480,640,False,None,None,16,dataset_v4,v4_va_real_genimage_00165.jpg,ACCEPT,Clean,False
DEF_REAL_062,REAL,3368,validation-00000-of-00002.parquet,3368,3a4ecc5d03543dbd8213079540e3e94d1046ea21f67d4ad4a8e3e90b1284e340,c9fbd0cec6951511,478,640,False,None,None,16,dataset_v4,v4_tr_ai_genimage_00462.png,ACCEPT,Clean,False
DEF_REAL_063,REAL,2955,validation-00000-of-00002.parquet,2955,79002443a40ae4ef297f22856529705bbf35d6a014622f520ffdef4a5633d961,9387ccf24718f926,640,428,False,None,None,16,dataset_v4,v4_tr_ai_genimage_00729.png,ACCEPT,Clean,False
DEF_REAL_064,REAL,430,validation-00000-of-00002.parquet,430,f874b52f1659ceca0edd6f6d6732cf038330cf04a2a7d3a40d6fbac1c7371f43,dfa6c0492695f847,640,429,False,None,None,16,dataset_v4,v4_tr_ai_genimage_00314.png,ACCEPT,Clean,False
DEF_REAL_065,REAL,4937,validation-00001-of-00002.parquet,437,057112f2d6ff49f1175f35efcb2f1b4d0fad09c23a579e379fe1d0628e94ea8a,cee1c39938664e99,640,640,False,None,None,12,dataset_manipulation_v2,pair_tgif_ps_90631_orig.png,ACCEPT,Clean,False
DEF_REAL_066,REAL,3003,validation-00000-of-00002.parquet,3003,cc411db3c9f6c5321316f20758aff0f4d5368b5251e1669cc49c0d914076905d,927c65c63c1cd339,640,427,False,None,None,16,dataset_v4,v4_te_ai_genimage_00017.png,ACCEPT,Clean,False
DEF_REAL_067,REAL,1935,validation-00000-of-00002.parquet,1935,192a4fafbc1b1f3d725d0788463ebf6e5f4b15459c139bb51b6572c8dac6b71e,abe1e314caac94e3,640,424,False,None,None,16,manipulation_v1,manip_16403_turn2.png,ACCEPT,Clean,False
DEF_REAL_068,REAL,6554,validation-00001-of-00002.parquet,2054,f539196c6b6f0b3fc1d07992fd33af0fafe1997b00bf9dc3aa1265cb6f8373a1,e1329f87a7181a73,500,375,False,None,None,18,dataset_v4,v4_te_ai_genimage_00203.png,ACCEPT,Clean,False
DEF_REAL_069,REAL,7479,validation-00001-of-00002.parquet,2979,473ee35beb435a73cfa417714c9004103a93f42a042f4099c5b805edf750656d,a4dfc8435982adb6,640,425,False,None,None,16,dataset_v4,v4_te_ai_genimage_00086.png,ACCEPT,Clean,False
DEF_REAL_070,REAL,1105,validation-00000-of-00002.parquet,1105,77ef5495aa11dd7619bda304db6bed6f2f22784a93e76fae9bcc4a63659a5adf,955a6364662acb9e,640,480,False,None,None,14,dataset_v4,v4_va_ai_genimage_00110.png,ACCEPT,Clean,False
DEF_REAL_071,REAL,1913,validation-00000-of-00002.parquet,1913,d521e3737f988e27f1291c8d7e8de2c4e8cb8a18b3ba86f312bf41a7622ade2c,aaa363d4f64790f0,500,375,False,None,None,18,dataset_v4,v4_te_real_genimage_00139.jpg,ACCEPT,Clean,False
DEF_REAL_072,REAL,5132,validation-00001-of-00002.parquet,632,80976e070118c35f50b835090c544db66a824e916c5bc87c1a2cede50bbfdf02,c74e7891453673a9,640,480,False,None,None,16,dataset_v4,v4_va_ai_genimage_00114.png,ACCEPT,Clean,False
DEF_REAL_073,REAL,4838,validation-00001-of-00002.parquet,338,e0b81b7e765608a251692a2a17ac523b145324a784971af4c387f4373eeb77a9,c28daf902c67c9d9,640,424,False,None,None,16,dataset_v4,v4_tr_real_genimage_00283.jpg,ACCEPT,Clean,False
DEF_REAL_074,REAL,1789,validation-00000-of-00002.parquet,1789,408a063b9f9a43618a07e8bf917c8e4a46fcb53b05d058eafc219b5972642ccf,d22df6838c5ea532,640,456,False,None,None,16,dataset_v4,v4_te_real_modern_00022.jpg,ACCEPT,Clean,False
DEF_REAL_075,REAL,4320,validation-00000-of-00002.parquet,4320,7c95a41f0840509610fbdc8fb5ee3084a53bd909af4e44c6eadb941608444327,bcdb403453cdce32,427,640,False,None,None,14,manipulation_v1,orig_519172.png,ACCEPT,Clean,False
DEF_REAL_076,REAL,7998,validation-00001-of-00002.parquet,3498,ae6de0a4af2e8c5dd8a3d8d8c9531a9f5a07c424dfdbc6e3b97c4dc5ae688fd8,fa829497cccc89cb,640,458,False,None,None,16,dataset_v4,v4_tr_ai_historical_style_00005.png,ACCEPT,Clean,False
DEF_REAL_077,REAL,3990,validation-00000-of-00002.parquet,3990,20cdf39d2a41a7b9dac83df3c9dbb7dd5d61e5fb5c41763c9c9fddd3e0c43d05,d9ab2ed222bd06cc,442,640,False,None,None,16,dataset_manipulation_v2,pair_pipe_45f921c467f23b09_orig.png,ACCEPT,Clean,False
DEF_REAL_078,REAL,3172,validation-00000-of-00002.parquet,3172,38fb41fe8000f1e813db76c8f80632d0010c78713487c164f8a2b6e20d76034a,8807397c1cb39b9d,640,427,False,None,None,14,dataset_v4,v4_te_ai_genimage_00024.png,ACCEPT,Clean,False
DEF_REAL_079,REAL,2823,validation-00000-of-00002.parquet,2823,47462d1d76cfc60a7419a7362dd44d3ea799677bfeebdf808d780c8f5a1835e9,a4af4958a653f923,640,425,False,None,None,16,PIPE,pipe_manip_217400.png,ACCEPT,Clean,False
DEF_REAL_080,REAL,5664,validation-00001-of-00002.parquet,1164,27066d5a39b103ba763436c1ed54cd61188881566e282b0c6bf551314554bdab,800cf943faf807fc,640,426,False,None,None,16,dataset_v4,v4_tr_ai_modern_00072.png,ACCEPT,Clean,False
DEF_REAL_081,REAL,6204,validation-00001-of-00002.parquet,1704,1919df674e124a8eb43256b881225b1f2455e99e72ec6379dc98a569ae44afe5,934664a34bd5ea96,640,480,False,None,None,16,dataset_v4,v4_tr_ai_historical_style_00106.png,ACCEPT,Clean,False
DEF_REAL_082,REAL,143,validation-00000-of-00002.parquet,143,0a5a9e724fcccc21c3fc2dc32fba83e6f72b741e086bae0a6ddcf02b18cb7c87,811f707e6b60c787,640,427,False,None,None,18,dataset_v4,v4_te_ai_genimage_00149.png,ACCEPT,Clean,False
DEF_REAL_083,REAL,1491,validation-00000-of-00002.parquet,1491,21568c359801d900b7125f6b1631daa78e669a36068ef6965641e014ac08ad50,f4f6960a08dcfd81,426,640,False,None,None,14,dataset_v4,v4_tr_real_genimage_00920.jpg,ACCEPT,Clean,False
DEF_REAL_084,REAL,4858,validation-00001-of-00002.parquet,358,485600da4f97fdeea0c8932c0c14ffd7d775e472002ecdbc631e59d1a08c0de0,ec83ae18191e51fd,454,342,False,None,None,18,dataset_v4,v4_tr_ai_genimage_00184.png,ACCEPT,Clean,False
DEF_REAL_085,REAL,4966,validation-00001-of-00002.parquet,466,cf1c8f86b8fe5ae2aee0c724559276bb401254066f21274543d11e42671e7391,a4e998e6db25b492,640,424,False,None,None,14,manipulation_v1,manip_303020_turn1.png,ACCEPT,Clean,False
DEF_REAL_086,REAL,420,validation-00000-of-00002.parquet,420,f98d17b39d19b07db5eefe983a1bdaccda76f412c9d3ed931d7c3609fae627a7,947b59246693d96c,640,458,False,None,None,12,dataset_v4,v4_tr_ai_genimage_00591.png,ACCEPT,Clean,False
DEF_REAL_087,REAL,3667,validation-00000-of-00002.parquet,3667,23ab034fb72a2f084351401b00397ca6f7d3242bd02e6378d128a4197442e0fc,e0d897caf2e4193a,500,332,False,None,None,16,dataset_v4,v4_tr_ai_genimage_00554.png,ACCEPT,Clean,False
DEF_REAL_088,REAL,5629,validation-00001-of-00002.parquet,1129,3fce2a1ded94ed37e701c0e8bc033f847d617e04882c0d0aded741e7fa709c5f,c1432cbf1f8c3972,640,427,False,None,None,16,dataset_v4,v4_tr_ai_genimage_00149.png,ACCEPT,Clean,False
DEF_REAL_089,REAL,4617,validation-00001-of-00002.parquet,117,f5a1e003f3286fcd4d563326f206e68b2bed54c2533b00ff76283040a2acc8b0,82be3f45c17033b9,640,480,False,None,None,16,dataset_v4,v4_te_ai_genimage_00110.png,ACCEPT,Clean,False
DEF_REAL_090,REAL,5637,validation-00001-of-00002.parquet,1137,deeb4595e6bc1be1556b3f3a3e38063f5ebec6fbac668c992b2f1e2b0a2c3986,cce5a54450544fef,640,486,False,None,None,18,dataset_v4,v4_tr_real_genimage_00560.jpg,ACCEPT,Clean,False
DEF_REAL_091,REAL,6577,validation-00001-of-00002.parquet,2077,ec1ffe6386459bdaa762ab79fd3b246adfb07b450fac3c226c58f632d716d0c3,c3c3357c660e7ce0,640,427,False,None,None,18,dataset_v4,v4_te_ai_genimage_00096.png,ACCEPT,Clean,False
DEF_REAL_092,REAL,1569,validation-00000-of-00002.parquet,1569,05c2f8a9fb2c3f0250af9e63f2a91c8670aa7aff72f7986fbc3e179d5d5adacc,bfe0409f74c4611f,640,480,False,None,None,14,dataset_v4,v4_va_ai_genimage_00139.png,ACCEPT,Clean,False
DEF_REAL_093,REAL,1713,validation-00000-of-00002.parquet,1713,99e9b9a7f73b92d2028094496a1ce3ca196ad259d93793c3af8d647b252b0249,bfa45aa9ceb1a412,640,640,False,None,None,18,dataset_v4,v4_tr_real_genimage_00224.jpg,ACCEPT,Clean,False
DEF_REAL_094,REAL,8450,validation-00001-of-00002.parquet,3950,11b18cf20cd802910f749d457065614ea6cf2e7596175466cf5a47551652a73d,b4af03a23f9c350b,426,640,False,None,None,16,dataset_manipulation_v2,pair_pipe_9aabc8bfae4d3332_manip.png,ACCEPT,Clean,False
DEF_REAL_095,REAL,6368,validation-00001-of-00002.parquet,1868,890d805f09a3cbd9118f0dbda9c8f158eff0f7b5d283bd77a80f33e564be0d20,c4cf9971268699d6,640,480,False,None,None,14,dataset_v4,v4_te_real_genimage_00152.jpg,ACCEPT,Clean,False
DEF_REAL_096,REAL,2923,validation-00000-of-00002.parquet,2923,1409b3afb47a091f765236f5fe372fa6e48adaa602a37de7c9c11542dbdd8906,a29d9dc242392dde,640,480,False,None,None,14,PIPE,pipe_manip_140439.png,ACCEPT,Clean,False
DEF_REAL_097,REAL,2588,validation-00000-of-00002.parquet,2588,a8c9a956c76bef59182f912071ef82c102a14b3e6ba6d606d648ccf0257fccbf,bb461ce3c53f2885,640,480,False,None,None,18,dataset_v4,v4_tr_ai_modern_00227.png,ACCEPT,Clean,False
DEF_REAL_098,REAL,701,validation-00000-of-00002.parquet,701,6db024b9e588eac2d5449285edae120aa0bd689c9f9187616ec447879324a4b9,d4d567387a2f680a,640,480,False,None,None,16,dataset_v4,v4_tr_ai_genimage_00486.png,ACCEPT,Clean,False
DEF_REAL_099,REAL,6922,validation-00001-of-00002.parquet,2422,cfeda8641ac72eb5de087924a259febaaae5d57d483c80a834bec32b5c106345,9692ce7de1985714,640,480,False,None,None,16,PIPE,pipe_manip_311394.png,ACCEPT,Clean,False
DEF_REAL_100,REAL,2404,validation-00000-of-00002.parquet,2404,bffb4c45cebf8f8ce972f9aa7d95ee299f1086cd3ed07127f2866d890da8d2b1,f0bfd730c8278662,640,480,False,None,None,12,dataset_manipulation_v2,pair_mb_533003_manip.png,ACCEPT,Clean,False
DEF_REAL_101,REAL,5958,validation-00001-of-00002.parquet,1458,0882f3b584c431a56eab4612a6e5b6ed75f5f7d65801f845e43be37d9ba0323b,fbcae189c01c9fb0,640,380,False,None,None,16,dataset_v4,v4_va_ai_historical_style_00023.png,ACCEPT,Clean,False
DEF_REAL_102,REAL,4385,validation-00000-of-00002.parquet,4385,99dd77891d869e2bb3bc9664355503b51e259dab6612e1830fe232664b6d4077,85cc1b653cc29b3d,480,640,False,None,None,16,manipulation_v1,manip_112286_turn2.png,ACCEPT,Clean,False
DEF_REAL_103,REAL,6742,validation-00001-of-00002.parquet,2242,1267bf61a1872e60abb00425a68db2ebd9137016d74075c56b4a37a02419972c,868ad171e6eed851,436,640,False,None,None,16,dataset_v4,v4_tr_ai_genimage_00387.png,ACCEPT,Clean,False
DEF_REAL_104,REAL,6478,validation-00001-of-00002.parquet,1978,44e3b4c44103e262d80d1c6b9a0d4bead02ac77e0a16cd8ec9e2642e7f1cdf89,e1c13f67259ce207,640,427,False,None,None,16,dataset_v4,v4_tr_ai_genimage_00375.png,ACCEPT,Clean,False
DEF_REAL_105,REAL,3032,validation-00000-of-00002.parquet,3032,4721783a59abfdd53cb4f13fb2fd383a0b1580822e98963a66d9013b5640262b,97c7309cc683b9a6,640,428,False,None,None,16,dataset_manipulation_v2,pair_mb_44953_manip.png,ACCEPT,Clean,False
DEF_REAL_106,REAL,269,validation-00000-of-00002.parquet,269,3e98186858b5cbeeffe9eb420999b31a3d45018c6054047661798ea2ecb4b1f5,ee9b94e561381a8e,640,480,False,None,None,16,dataset_v4,v4_tr_ai_genimage_00036.png,ACCEPT,Clean,False
DEF_REAL_107,REAL,377,validation-00000-of-00002.parquet,377,6322f1fa8af31c3104827545b5c4e9ea8d319c6dffc1e1bb602fbec74724b892,d930e1166c926bf5,324,500,False,None,None,16,PIPE,pipe_manip_160556.png,ACCEPT,Clean,False
DEF_REAL_108,REAL,6876,validation-00001-of-00002.parquet,2376,34356afead47d58be81a3f3ed4aa1bdc4f5aea740326e70958a1f2964b9f996f,89d3434df0136ff0,639,640,False,None,None,16,dataset_v4,v4_tr_real_historical_00028.jpg,ACCEPT,Clean,False
DEF_REAL_109,REAL,117,validation-00000-of-00002.parquet,117,7604a455fede141be6ba41e6e68a100853fc3ae901ddde9bff575a2f07a65c27,a9e65af9b31c5980,640,427,False,None,None,16,dataset_v4,v4_tr_real_historical_00025.jpg,ACCEPT,Clean,False
DEF_REAL_110,REAL,5273,validation-00001-of-00002.parquet,773,15a51dfc9d262195248ce63529802e9d06e5481a40c7e57a68f28c10171b69e1,e792196d2694e959,640,388,False,None,None,14,external_test,1757919161939.png,ACCEPT,Clean,False
DEF_REAL_111,REAL,2936,validation-00000-of-00002.parquet,2936,2341b8eee17eba22dd5d4233c8d5ec4fd213b2face0afb48a608b5d1aacfa837,d2ea6ac2626afd84,612,612,False,None,None,18,dataset_v4,v4_tr_ai_genimage_00291.png,ACCEPT,Clean,False
DEF_REAL_112,REAL,7922,validation-00001-of-00002.parquet,3422,60b5a33e1f9182077c5d48dc56796e5b141c8bb8e71828fb6d3f6bbb0d825290,be50e79d638e2384,640,480,False,None,None,18,manipulation_v1,orig_114703.png,ACCEPT,Clean,False
DEF_REAL_113,REAL,4578,validation-00001-of-00002.parquet,78,6096e717a83d16fb0150008474819effc275b1d0aa45ab5224985cf7ecf40836,83d7ce322465e9d8,640,426,False,None,None,16,dataset_v4,v4_te_ai_genimage_00048.png,ACCEPT,Clean,False
DEF_REAL_114,REAL,1428,validation-00000-of-00002.parquet,1428,ffadb53f10ec77eed14e220f16ed3e00a1fd1550e63273b3fd194a3fad4341f7,c0c03fd57f2a0b35,376,500,False,None,None,16,MagicBrush,mb_manip_523664_turn1.png,ACCEPT,Clean,False
DEF_REAL_115,REAL,718,validation-00000-of-00002.parquet,718,9743f8cb234c536c2a56d406e47af3ee20b0f7b2f7e7bf830a899dc581a541ef,c084e8c07c5b7f37,640,443,False,None,None,16,dataset_v4,v4_va_ai_genimage_00083.png,ACCEPT,Clean,False
DEF_REAL_116,REAL,2590,validation-00000-of-00002.parquet,2590,100036719230686b1b11ee9cfadd285ed8d846fa7a950011d9d4eaff450d8dda,c8e61fd833648f51,480,640,False,None,None,18,dataset_v4,v4_tr_ai_genimage_00205.png,ACCEPT,Clean,False
DEF_REAL_117,REAL,4972,validation-00001-of-00002.parquet,472,c5f0a452dc96835c79b8d5d468994601f71aff06a19e0b76c80f4aba75a13d6c,c48b643aba91cfe8,640,448,False,None,None,18,dataset_v4,v4_tr_ai_genimage_00495.png,ACCEPT,Clean,False
DEF_REAL_118,REAL,1002,validation-00000-of-00002.parquet,1002,8a2823a0db06ccd81a39dfe461dabdc2adfb0e6e3e1b4a65a5247c60a5ec6dee,f2e4e6d229356923,640,480,False,None,None,14,manipulation_v1,manip_203920_turn1.png,ACCEPT,Clean,False
DEF_REAL_119,REAL,649,validation-00000-of-00002.parquet,649,4807db4df05d3dbfb23705002a986076c9ed5c622ca70bec68512a1625ecabb7,9657696d177a4826,480,640,False,None,None,14,dataset_manipulation_v2,pair_pipe_e4f61ac4e397204c_manip.png,ACCEPT,Clean,False
DEF_REAL_120,REAL,6497,validation-00001-of-00002.parquet,1997,b76e5b13ec07e9c3fa3eb207030b0ee0887e266a2ec24f7566d88be8bfe8988f,b2ba09fd44a46c67,640,480,False,None,None,18,dataset_v4,v4_tr_ai_genimage_00766.png,ACCEPT,Clean,False
DEF_REAL_121,REAL,5964,validation-00001-of-00002.parquet,1464,2aa5b07b80eaa2b58e07192d4b9ee1fd8d38f8d33b4381b4de296a6b4f3eb144,e1a6274bb46388fa,640,480,False,None,None,16,manipulation_v1,manip_5434_turn2.png,ACCEPT,Clean,False
DEF_REAL_122,REAL,8406,validation-00001-of-00002.parquet,3906,2924a488bacf8ca81ca801194778936bba3a9dd6ddd08ebe2142f6134b2f42ff,c7d315c437d9ec20,500,375,False,None,None,14,dataset_v4,v4_tr_ai_genimage_00908.png,ACCEPT,Clean,False
DEF_REAL_123,REAL,8570,validation-00001-of-00002.parquet,4070,16d263d8c37ab347e8ca135934424dbd8e3c8d1ac6b387a394933d9c97a890ba,f2979590a6a489f3,640,480,False,None,None,16,MagicBrush,mb_manip_524375_turn3.png,ACCEPT,Clean,False
DEF_REAL_124,REAL,2545,validation-00000-of-00002.parquet,2545,dd341bd195c2e715ca3b19c5b3b851776bf8baec7bf2fef62f27e8817efdef7e,9393c66c31816ebb,480,640,False,None,None,16,dataset_v4,v4_tr_ai_genimage_00328.png,ACCEPT,Clean,False
DEF_REAL_125,REAL,851,validation-00000-of-00002.parquet,851,cf52e17b818ca34ed73757a054f126cfe0ac2a626a054ffec7424fa077a9eb49,953f5adb989ca052,640,480,False,None,None,18,dataset_v4,v4_te_real_genimage_00042.jpg,ACCEPT,Clean,False
DEF_REAL_126,REAL,7381,validation-00001-of-00002.parquet,2881,89931016842307a218a365a6fd2cd7add13e16f653128dc99b9b1f6397dab203,899753ae3667aca0,640,359,False,None,None,18,dataset_v4,v4_tr_ai_genimage_00566.png,ACCEPT,Clean,False
DEF_REAL_127,REAL,7752,validation-00001-of-00002.parquet,3252,135c479a59f7959cdf23d01d7253f8536889fb0157a88297e882367bc2cd0c57,bab2d5cd4e0ec434,640,480,False,None,None,14,PIPE,pipe_manip_450488.png,ACCEPT,Clean,False
DEF_REAL_128,REAL,4664,validation-00001-of-00002.parquet,164,e8b9980979f42d0cd095c95f35194db9e141dc48a59ec797d53dfde43921d0d2,a3d73368da8d09b2,640,480,False,None,None,16,dataset_v4,v4_tr_real_genimage_00909.jpg,ACCEPT,Clean,False
DEF_REAL_129,REAL,7153,validation-00001-of-00002.parquet,2653,fafd888e16824c19f019b51aaf607dd8465049f06559df4624dc9dba08941e1a,d222f5c2d63ec171,426,640,False,None,None,18,dataset_v4,v4_tr_ai_genimage_00366.png,ACCEPT,Clean,False
DEF_REAL_130,REAL,2825,validation-00000-of-00002.parquet,2825,ebae5d5b50bf36c55fb387d9655d5576074199c223ee71e29d443a975baca169,92cd6926649bd8cd,480,640,False,None,None,12,dataset_v4,v4_va_real_genimage_00225.jpg,ACCEPT,Clean,False
DEF_REAL_131,REAL,7447,validation-00001-of-00002.parquet,2947,855376da0d95079f802bbfd7c212f0720532b27346cb263519907b1419b91304,cbb4d4cb8be89443,640,372,False,None,None,16,dataset_v4,v4_tr_real_genimage_00818.jpg,ACCEPT,Clean,False
DEF_REAL_132,REAL,484,validation-00000-of-00002.parquet,484,cc732abf9f2c88fc1a64238cd0a1e436f7d1c1eeef9d73d8eaa9684be839a869,b9aac295ddd28f80,640,427,False,None,None,12,PIPE,pipe_manip_230450.png,ACCEPT,Clean,False
DEF_REAL_133,REAL,6037,validation-00001-of-00002.parquet,1537,a68beba0a90f347d81bcc7ead35214866ca105bf0122a6407011ba77b952dc8d,81909e8ec46f6bcb,640,424,False,None,None,16,dataset_v4,v4_tr_real_modern_00013.jpg,ACCEPT,Clean,False
DEF_REAL_134,REAL,8952,validation-00001-of-00002.parquet,4452,a5b857593a923a479e873fad800e6335aa0d35629b63e721354b24ca4ba853e5,82b69dc2e30d46b7,612,612,False,None,None,16,dataset_v4,v4_tr_ai_genimage_00335.png,ACCEPT,Clean,False
DEF_REAL_135,REAL,3477,validation-00000-of-00002.parquet,3477,3e8c809cf4d12cb5852c4639d24a57052236653f94cf8a28c58455d21dd5bbb0,a2fd9d1385378865,493,640,False,None,None,16,PIPE,pipe_orig_543043.png,ACCEPT,Clean,False
DEF_REAL_136,REAL,67,validation-00000-of-00002.parquet,67,e14a8866507c3d4826168a25327e168a7ae59566cfde523dc64e11c89e629ce0,8fd273a4d9169619,480,640,False,None,None,14,dataset_manipulation_v2,pair_tgif_sdxl_107851_manip.png,ACCEPT,Clean,False
DEF_REAL_137,REAL,3023,validation-00000-of-00002.parquet,3023,6b8f4fc88fd1f1584e97d3d13eeb6903e57d1fdaafa7304e55ecc716ca3550bf,9fde22bb15118fc0,640,512,False,None,None,16,dataset_manipulation_v2,pair_pipe_1145024ccf58cd55_manip.png,ACCEPT,Clean,False
DEF_REAL_138,REAL,2184,validation-00000-of-00002.parquet,2184,76bb10996d1acd46ca36eda5abfdc9e5b9f2c4e5ac60a35a143cb33842add896,d59a27f8150ff0d0,480,640,False,None,None,14,dataset_manipulation_v2,pair_pipe_db1a715ff5386f1a_orig.png,ACCEPT,Clean,False
DEF_REAL_139,REAL,6015,validation-00001-of-00002.parquet,1515,dd4d1b2d775c0f5e850051e3212cdf9e80e8962d97ea6c0aaf7c584bfdf15f4e,c83274cd05735ec7,480,640,False,None,None,16,dataset_v4,v4_va_ai_genimage_00215.png,ACCEPT,Clean,False
DEF_REAL_140,REAL,1685,validation-00000-of-00002.parquet,1685,d8be989c1fb3a9075414ce7261b9823b18b7a3874ab33180c97f1fe028108227,f29505739cecd20b,640,427,False,None,None,16,manipulation_v1,manip_295049_turn1.png,ACCEPT,Clean,False
DEF_REAL_141,REAL,7066,validation-00001-of-00002.parquet,2566,1c549857fe075567e7f36e6bdb3f30d6bf6929d88ae4a1445011d0ed41741b88,b1e98d61c4a4ce5e,640,427,False,None,None,18,dataset_v4,v4_tr_ai_genimage_00905.png,ACCEPT,Clean,False
DEF_REAL_142,REAL,1680,validation-00000-of-00002.parquet,1680,92decc6d474016e6ba6972970ef45d87251808fddfa64efd797d58836c501c45,a988863f4aecbd43,640,361,False,None,None,16,MagicBrush,mb_orig_318789.png,ACCEPT,Clean,False
DEF_REAL_143,REAL,8852,validation-00001-of-00002.parquet,4352,8b3583784457c5d7ae1d135cd28f87757b2ae81a3fc3a1f1ce165d41767481f0,9595e04a5bb49d3a,480,640,False,None,None,14,PIPE,pipe_manip_397133.png,ACCEPT,Clean,False
DEF_REAL_144,REAL,1474,validation-00000-of-00002.parquet,1474,4afc00959cf6386a03f18435ead6932eae185110ccc01b97528e1fa0454d0414,e8b61539c80bf44f,640,478,False,None,None,16,dataset_v4,v4_va_ai_genimage_00096.png,ACCEPT,Clean,False
DEF_REAL_145,REAL,3548,validation-00000-of-00002.parquet,3548,9234efde942f184e1ab6eb7214dfcd885422eb854204be2e23962fb1050456e2,8cf235194e1df994,426,640,False,None,None,16,dataset_v4,v4_te_ai_genimage_00120.png,ACCEPT,Clean,False
DEF_REAL_146,REAL,7854,validation-00001-of-00002.parquet,3354,9d8b13ddcaa68fd01d2ae615fa4b33a531c792acd7f4e8e67a74317380207811,904f6fc086a297be,388,640,False,None,None,16,PIPE,pipe_orig_240250.png,ACCEPT,Clean,False
DEF_REAL_147,REAL,4242,validation-00000-of-00002.parquet,4242,6e9156153c68a61c8abf5505746583ec7471070f7a63e2980c6647cc9b1d2c3a,9f7de0d8e082f183,462,640,False,None,None,16,dataset_v4,v4_tr_real_modern_00034.jpg,ACCEPT,Clean,False
DEF_REAL_148,REAL,6029,validation-00001-of-00002.parquet,1529,e2bf467a267585e83f48b8cc672019848805ba5f1b9ee5859f4d281c4d1243c8,8ece56d03a316cce,426,640,False,None,None,18,dataset_v4,v4_te_ai_historical_style_00034.png,ACCEPT,Clean,False
DEF_REAL_149,REAL,2004,validation-00000-of-00002.parquet,2004,93ba6df572759bca1e032b1fe4cd869c326727afc9b7ff9b91d9cda41f24677b,b8a373d80e6e0d3c,375,500,False,None,None,18,dataset_v4,v4_tr_ai_genimage_00770.png,ACCEPT,Clean,False
DEF_REAL_150,REAL,4803,validation-00001-of-00002.parquet,303,a87003671252a4a08815388b4d9ed1d27ceec44bc6c2d2851c5d6a8452417d70,e28599f7fad88112,640,480,False,None,None,16,dataset_v4,v4_tr_ai_genimage_00284.png,ACCEPT,Clean,False
DEF_REAL_151,REAL,8166,validation-00001-of-00002.parquet,3666,e3e4e46cde59cf6bd2d907230dbcd74ed20f25132689c623e7cdf1ceebac92d3,ca3c27f21c0b9b66,640,480,False,None,None,16,dataset_v4,v4_te_ai_genimage_00017.png,ACCEPT,Clean,False
DEF_REAL_152,REAL,7144,validation-00001-of-00002.parquet,2644,3ff2accf3f55db35123a544d063210fb3da1375973c7256d426b5eb62319b6a5,c983ee30c2cf3ac5,640,430,False,None,None,14,dataset_manipulation_v2,pair_tgif_ps_74860_orig.png,ACCEPT,Clean,False
DEF_REAL_153,REAL,5905,validation-00001-of-00002.parquet,1405,b7744f90bbf8caff823b74db6ad7df3e50fcb3ffcc1dac9fe601b3543feb89a3,8a69d5866a3dd5d0,640,421,False,None,None,16,dataset_v4,v4_va_ai_modern_00033.png,ACCEPT,Clean,False
DEF_REAL_154,REAL,8801,validation-00001-of-00002.parquet,4301,87dc15a4d94d489b28a7e39db37a367b7c1df0e306f9cf08ce5d302f1a7611b5,c6f907d229669a2d,640,399,False,None,None,12,dataset_v4,v4_va_ai_modern_00006.png,ACCEPT,Clean,False
DEF_REAL_155,REAL,3192,validation-00000-of-00002.parquet,3192,d08960fbca885358dff0c13347176ff631fdb025b205c58fe6af0f2ce303bf00,8cc35f5a30272fd8,480,640,False,None,None,16,manipulation_v1,orig_221833.png,ACCEPT,Clean,False
DEF_REAL_156,REAL,8572,validation-00001-of-00002.parquet,4072,51c817e27a75140d4bd5781b1cb5e920fbd4320165a587726c4f98906d69625c,874838e31c6f724f,480,640,False,None,None,16,dataset_v4,v4_tr_real_genimage_00803.jpg,ACCEPT,Clean,False
DEF_REAL_157,REAL,6927,validation-00001-of-00002.parquet,2427,0afe385b6c0f7cb0198ee8920b4dec3400af50fde9d87a6ff65796b79ea42a59,874a3ea5b8659366,427,640,False,None,None,16,PIPE,pipe_orig_223955.png,ACCEPT,Clean,False
DEF_REAL_158,REAL,1033,validation-00000-of-00002.parquet,1033,67c8852fda0e95bb6b4930d532a575338e2f6c0abb1f00791c0be0c63910cef8,f69961c7659c3232,450,303,False,None,None,18,dataset_v4,v4_tr_ai_genimage_00597.png,ACCEPT,Clean,False
DEF_REAL_159,REAL,2213,validation-00000-of-00002.parquet,2213,391a5f9c5229ca0a7eb43f21c439ced4575580bfe918624df7d7e5ffdf5f8096,9fd08135fc2d0397,640,501,False,None,None,16,dataset_v4,v4_tr_real_modern_00101.jpg,ACCEPT,Clean,False
DEF_REAL_160,REAL,268,validation-00000-of-00002.parquet,268,a3b1d68ecc603edef031631a2bdce9a4f606d72a5f7815aa359dd25de9b8a11e,e613992d90e327ce,500,333,False,None,None,16,MagicBrush,mb_manip_257063_turn3.png,ACCEPT,Clean,False
DEF_REAL_161,REAL,2551,validation-00000-of-00002.parquet,2551,596c2c8b8699d08f5eec19f89d8150a945a4f9d2d9b59bd13dfec78307b46b40,e535f48d30c619b3,500,500,False,None,None,14,manipulation_v1,orig_254387.png,ACCEPT,Clean,False
DEF_REAL_162,REAL,2161,validation-00000-of-00002.parquet,2161,2d2634977f5415685592be5af473d4de09019e17045b5ed3a8434e6d1ac65d60,c1618c3e3cc4ff07,640,361,False,None,None,16,dataset_manipulation_v2,pair_mb_13934_orig.png,ACCEPT,Clean,False
DEF_REAL_163,REAL,6175,validation-00001-of-00002.parquet,1675,f7ae7c75e8e786f93b0292e040ab9167f8f82d046e792cff97115df6f8d8ba9a,e253fc9d1fa80b18,478,640,False,None,None,16,MagicBrush,mb_manip_422785_turn2.png,ACCEPT,Clean,False
DEF_REAL_164,REAL,8434,validation-00001-of-00002.parquet,3934,88fd3b8fe9816f426eabd062f2bf6e50e7558e557f8e05c455550b1b3f46dc7e,d2f9a7245cd1a2a6,640,427,False,None,None,16,dataset_v4,v4_te_real_modern_00046.jpg,ACCEPT,Clean,False
DEF_REAL_165,REAL,573,validation-00000-of-00002.parquet,573,0c152c9b66f6218c98c94b255e46f1ff173da6cbc3d46cb22ac37bb2daa8304a,c4c4e56d3636c6cc,640,421,False,None,None,16,dataset_manipulation_v2,pair_pipe_3d91a385c29126bd_manip.png,ACCEPT,Clean,False
DEF_REAL_166,REAL,590,validation-00000-of-00002.parquet,590,89afb2a881c99b7447e2124f0d0ea269814b95484f44b3d246ef4e581dd35cca,80ab79b4cbc4e34e,640,480,False,None,None,18,dataset_v4,v4_tr_ai_genimage_00943.png,ACCEPT,Clean,False
DEF_REAL_167,REAL,8948,validation-00001-of-00002.parquet,4448,95f50b3def6ef86e8bc6dacd9847cb73d63bf629de078f66851096c6601432de,ce4e9db8e887a113,612,612,False,None,None,16,dataset_v4,v4_tr_ai_genimage_00369.png,ACCEPT,Clean,False
DEF_REAL_168,REAL,6279,validation-00001-of-00002.parquet,1779,634edcf6e53314890140fad0725331679198bba0dd8deafbf29e478b492d1194,f308ce4ba6728976,640,480,False,None,None,16,PIPE,pipe_orig_16451.png,ACCEPT,Clean,False
DEF_REAL_169,REAL,5874,validation-00001-of-00002.parquet,1374,0b8d48eb582a844baf866e87643488e6b018796840284e8d6e665bc9319c2cf9,b3064e786d6f1c54,640,284,False,None,None,16,dataset_v4,v4_tr_real_genimage_00534.jpg,ACCEPT,Clean,False
DEF_REAL_170,REAL,2347,validation-00000-of-00002.parquet,2347,05b2f6b2025381a47c11144d2d3e017e8a27ead3cfaf346c7f97a031cb905812,f0f115c5484d8abf,500,333,False,None,None,16,dataset_manipulation_v2,pair_pipe_4b3eed898c5113a7_manip.png,ACCEPT,Clean,False
DEF_REAL_171,REAL,1554,validation-00000-of-00002.parquet,1554,0af5308a2beb2cf7ab64abf583c26fe6ebbe17c0562a3de79cc9eefc63172215,aac3f094dc5a1e8b,640,488,False,None,None,18,dataset_v4,v4_va_real_genimage_00124.jpg,ACCEPT,Clean,False
DEF_REAL_172,REAL,6565,validation-00001-of-00002.parquet,2065,a63f620909a47f945398fc189a25afad747b1a36e9e24f86168311cb00f57f53,aa2f355497c1e6a8,640,480,False,None,None,16,external_test,IMG-20260524-WA0043.jpg,ACCEPT,Clean,False
DEF_REAL_173,REAL,3040,validation-00000-of-00002.parquet,3040,08b207f75295b419ebb89543f2bd21d67b7bad6d874bab0bdaffd950533c9f24,ea069578349fa786,500,333,False,None,None,18,dataset_v4,v4_tr_ai_genimage_00112.png,ACCEPT,Clean,False
DEF_REAL_174,REAL,4290,validation-00000-of-00002.parquet,4290,795f7d4cfc0f54aac6865a4b04441a53551f2dd2d1f4abd9e000a84a98a34f51,bbd8d0a8a7866547,640,480,False,None,None,18,dataset_v4,v4_va_real_genimage_00157.jpg,ACCEPT,Clean,False
DEF_REAL_175,REAL,752,validation-00000-of-00002.parquet,752,d48ddc8ba6f2cc19707536e6b659962930ea3e9f30342f2be9e3633bf8bc5f6d,e418e427d9396778,375,500,False,None,None,16,dataset_v4,v4_te_real_genimage_00002.jpg,ACCEPT,Clean,False
DEF_REAL_176,REAL,1482,validation-00000-of-00002.parquet,1482,7ba50b962b2a7e1db334b3be4b3a5445f9a735a4fba1de4858b83f1058eb7615,a67f0d8ccee45864,375,500,False,None,None,16,dataset_v4,v4_te_real_genimage_00209.jpg,ACCEPT,Clean,False
DEF_REAL_177,REAL,6622,validation-00001-of-00002.parquet,2122,e00a79e1c8f49c1a7c9f2495fcdfe8fcf4459df44090edf5bc3c1640d277135e,b65966a2d99f1941,500,375,False,None,None,16,dataset_v4,v4_tr_real_genimage_00613.jpg,ACCEPT,Clean,False
DEF_REAL_178,REAL,4182,validation-00000-of-00002.parquet,4182,bec1a737a5a7d6504f208622ceeb182225ae1a780d5cc2e5e65aa222d4b27d6a,a6cd1b224cb39957,500,333,False,None,None,14,dataset_v4,v4_tr_real_genimage_00748.jpg,ACCEPT,Clean,False
DEF_REAL_179,REAL,2938,validation-00000-of-00002.parquet,2938,e5e7df04127be176925aa33c079e41ce0707cb5f8b165813d932777edb22548a,cbf52cd23c8994f0,480,640,False,None,None,16,dataset_manipulation_v2,pair_pipe_318e8c0d125c41f9_orig.png,ACCEPT,Clean,False
DEF_REAL_180,REAL,7815,validation-00001-of-00002.parquet,3315,c549854bd68406920bba5da48dd5c3477b5db1e63c89cf2ffb9b2f0a93eccfa3,b7ad02b2ac5b42ad,400,533,False,None,None,18,dataset_v4,v4_tr_ai_genimage_00485.png,ACCEPT,Clean,False
DEF_REAL_181,REAL,1701,validation-00000-of-00002.parquet,1701,24d4ed1ed5c10f5bbe6a2c2e12cfef256b393ed8f57637e7d4575c2c8e0b3bac,bf80c03f3fc0d03e,500,334,False,None,None,14,dataset_v4,v4_tr_ai_genimage_00709.png,ACCEPT,Clean,False
DEF_REAL_182,REAL,3537,validation-00000-of-00002.parquet,3537,e0750a34e0bc01ff988fa4a8aeb1fd15cdf48b8b16b888c33d56c62894cfd05d,c1c76ed8f8701695,640,480,False,None,None,18,dataset_v4,v4_te_ai_genimage_00204.png,ACCEPT,Clean,False
DEF_REAL_183,REAL,1244,validation-00000-of-00002.parquet,1244,598a4639db0618ce9d4ce8e6b0a20fea58e72f68b4e8c95650094cea27bc889e,92ca6637194d64f3,640,359,False,None,None,12,dataset_v4,v4_tr_ai_genimage_00440.png,ACCEPT,Clean,False
DEF_REAL_184,REAL,168,validation-00000-of-00002.parquet,168,36b162efade933978e5536738c931142c886b318c9465bb7657fe8deeb37f36b,d9cca630f929c62e,612,612,False,None,None,14,dataset_manipulation_v2,pair_pipe_535100_manip.png,ACCEPT,Clean,False
DEF_REAL_185,REAL,7893,validation-00001-of-00002.parquet,3393,552c78e0ca9040b7723daf9459931a5e75a5599715834aaba93335938fe22a6b,94cc7399d92e6863,640,505,False,None,None,12,dataset_v4,v4_tr_ai_historical_style_00113.png,ACCEPT,Clean,False
DEF_REAL_186,REAL,4944,validation-00001-of-00002.parquet,444,90c9403363158dd2e1836a7570363a08e87e61a52d6a5750f280816e09a7b97f,d1c183f20d7e9a65,500,375,False,None,None,18,dataset_v4,v4_tr_real_genimage_00512.jpg,ACCEPT,Clean,False
DEF_REAL_187,REAL,6005,validation-00001-of-00002.parquet,1505,7ce3a9110626a1893a767b66e5be2f63458b86e42fcc63e436b386f77f24cd76,80bcb3c670c337ce,640,480,False,None,None,10,dataset_manipulation_v2,pair_mb_380162_orig.png,ACCEPT,Clean,False
DEF_REAL_188,REAL,2349,validation-00000-of-00002.parquet,2349,f3c402b85b9f2c5abd51d74f1c6c91eaa67725d83f45769fae8c0c983a925c86,a379d60c8f8259f8,480,640,False,None,None,16,dataset_v4,v4_tr_real_genimage_00884.jpg,ACCEPT,Clean,False
DEF_REAL_189,REAL,6399,validation-00001-of-00002.parquet,1899,05225095c7488c5ca577f7aa141a2b545bce47bf2f95031f46db8390e53bee72,ea739748c127cca5,640,427,False,None,None,16,dataset_v4,v4_tr_ai_genimage_00413.png,ACCEPT,Clean,False
DEF_REAL_190,REAL,8094,validation-00001-of-00002.parquet,3594,53d266875ca46cf8ee342491755fb841a99bd77cc1f719d425ffd095985aa221,8535f1054ccb6be5,425,640,False,None,None,16,dataset_manipulation_v2,pair_pipe_eab21875a656a465_manip.png,ACCEPT,Clean,False
DEF_REAL_191,REAL,3519,validation-00000-of-00002.parquet,3519,ed40993d995d84b2950fe921decb15ef5cc9e52a5593d570daa2171811c7b78b,81f1964e7da3c392,500,375,False,None,None,16,MagicBrush,mb_manip_188216_turn2.png,ACCEPT,Clean,False
DEF_REAL_192,REAL,5376,validation-00001-of-00002.parquet,876,c28b2874639614ba009879d90b79740ee341c299e91ca83c546d56223b7cb191,9b04f5174a5d744e,640,403,False,None,None,16,dataset_v4,v4_tr_ai_historical_style_00106.png,ACCEPT,Clean,False
DEF_REAL_193,REAL,7955,validation-00001-of-00002.parquet,3455,7963f0dca6932c58ebb626c9c58f5a5488f28c97a9157e2a82f14704fae82672,ea91c0f4b6d9b4c4,612,612,False,None,None,16,dataset_v4,v4_tr_ai_modern_00138.jpg,ACCEPT,Clean,False
DEF_REAL_194,REAL,7963,validation-00001-of-00002.parquet,3463,0811037e782ccda5347e907c166a3faef1955f09e3c53d60706644da85ad26a4,d1d1136ece0fd81c,640,480,False,None,None,16,dataset_v4,v4_tr_ai_genimage_00614.png,ACCEPT,Clean,False
DEF_REAL_195,REAL,5735,validation-00001-of-00002.parquet,1235,955968ad39b09dd498aa53b903620d0ff43d5f13c1b8174871358121c3909d16,d2b6892942f73571,640,480,False,None,None,14,dataset_manipulation_v2,pair_tgif_ps_433515_orig.png,ACCEPT,Clean,False
DEF_REAL_196,REAL,938,validation-00000-of-00002.parquet,938,c342eb057dc8ef6e78e14f9585a56402258a26dc5b7d61917d34d1f53637c880,806c6e73b19ba92d,427,640,False,None,None,16,dataset_v4,v4_tr_ai_genimage_00193.png,ACCEPT,Clean,False
DEF_REAL_197,REAL,5535,validation-00001-of-00002.parquet,1035,465b8b8b0388785cf89d06c5de943decc758aa06a1b45745da7eb9344935c0c4,c055017f2ffa2fa0,333,500,False,None,None,16,manipulation_v1,orig_536392.png,ACCEPT,Clean,False
DEF_REAL_198,REAL,1867,validation-00000-of-00002.parquet,1867,678ee242b6014fb91165d79afa86db08af9f4952c2922ae8a1a357786a270d77,c5cd0a9793646f98,640,427,False,None,None,16,dataset_v4,v4_tr_ai_genimage_00047.png,ACCEPT,Clean,False
DEF_REAL_199,REAL,4619,validation-00001-of-00002.parquet,119,44891da2595826685133d6864d99a83a825bfde7fc413066f240843544d6c09d,c6999b9092a5a7e6,375,500,False,None,None,16,dataset_v4,v4_tr_real_modern_00041.jpg,ACCEPT,Clean,False
DEF_REAL_200,REAL,2485,validation-00000-of-00002.parquet,2485,42eeeafde423beda39ab3c5ff2c8e73c0911d2c90c207aa18a0c1252878fb6d7,8c31736e1a1d5b4d,426,640,False,None,None,16,manipulation_v1,manip_3501_turn1.png,ACCEPT,Clean,False
DEF_REAL_201,REAL,5902,validation-00001-of-00002.parquet,1402,af46f65489a045b504f8bf429aa37c070fac309ecdd0031f532bee55eeca0c87,b286146967ebd668,640,480,False,None,None,18,dataset_v4,v4_tr_ai_genimage_00874.png,ACCEPT,Clean,False
DEF_REAL_202,REAL,3684,validation-00000-of-00002.parquet,3684,ad59d018f59ec5118a13434b27c413e06971bade5d0b2a090eabfa6494ef3b29,85e0ac0f49787e2f,500,375,False,None,None,16,dataset_v4,v4_te_ai_genimage_00077.png,ACCEPT,Clean,False
DEF_REAL_203,REAL,2562,validation-00000-of-00002.parquet,2562,4da76f520c5b509752be7c272f3971af2960b2cead243fe72055516cf5ad2599,c4607f0939639ed3,480,640,False,None,None,14,dataset_v4,v4_te_real_genimage_00101.jpg,ACCEPT,Clean,False
DEF_REAL_204,REAL,2838,validation-00000-of-00002.parquet,2838,e9482588678342607e30049b63bfbd576156c367ebe2dc6d02fb05f651caf873,94a988b0e6c77337,640,434,False,None,None,16,dataset_v4,v4_va_real_genimage_00223.jpg,ACCEPT,Clean,False
DEF_REAL_205,REAL,7060,validation-00001-of-00002.parquet,2560,ef6bf2a10b65a635e6f3f75115fa5c389da0d3d65cfbee8f3892b2dbfbfa0f26,ac7b56d47b85008f,640,427,False,None,None,18,dataset_v4,v4_tr_real_genimage_00118.jpg,ACCEPT,Clean,False
DEF_REAL_206,REAL,5722,validation-00001-of-00002.parquet,1222,6152b8fff6f754d48070706b76de523f1c13cde6749ebab6c045e98bcbef7bd1,8fb6f0491e2d52e1,640,638,False,None,None,16,dataset_v4,v4_te_ai_historical_style_00020.png,ACCEPT,Clean,False
DEF_REAL_207,REAL,1150,validation-00000-of-00002.parquet,1150,03b27a817f666a2789a2e029945ea2aa51c9c2ea7af621cd94f3ca23ba5b4821,d1dcf788063fb424,640,426,False,None,None,18,dataset_v4,v4_tr_real_genimage_00533.jpg,ACCEPT,Clean,False
DEF_REAL_208,REAL,4125,validation-00000-of-00002.parquet,4125,6eef606a1fa7c20fb131b4af16063109382a27a2dd36121d88292cabc74dde5d,a69fc68d0592b1f2,500,500,False,None,None,18,dataset_v4,v4_te_ai_genimage_00013.png,ACCEPT,Clean,False
DEF_REAL_209,REAL,2190,validation-00000-of-00002.parquet,2190,82a44a1f6cdcf37cf3e95d53c8abff9a20f9889c15ea52d4e9d16fd9a61f05e4,94f5c36870f27c64,640,418,False,None,None,16,dataset_v4,v4_tr_real_genimage_00666.jpg,ACCEPT,Clean,False
DEF_REAL_210,REAL,5170,validation-00001-of-00002.parquet,670,d78ddebe9fa970c3d9fdbcc989c0e2e91426bccbdad4ecb10321c39c5f591bb2,c66910afcc326f1e,640,480,False,None,None,16,dataset_v4,v4_tr_ai_genimage_00585.png,ACCEPT,Clean,False
DEF_REAL_211,REAL,398,validation-00000-of-00002.parquet,398,c0bbb9ec75b6d6f6af2771f40119d7c0af98b421e0c5777c35159446a16c68a2,9e9ab3d56d25118a,640,480,False,None,None,16,dataset_v4,v4_te_ai_genimage_00144.png,ACCEPT,Clean,False
DEF_REAL_212,REAL,6983,validation-00001-of-00002.parquet,2483,1adbc81bafdf1d55e1f17c1fa3370f9e25bac0a7ff15695f403713eda940165d,e2379de63300b4d3,640,427,False,None,None,18,dataset_v4,v4_tr_ai_genimage_00210.png,ACCEPT,Clean,False
DEF_REAL_213,REAL,4674,validation-00001-of-00002.parquet,174,0adff162881593a5face9ff67a963be7f5dd41a0c3b779bb5a8201a3306afecd,f4af69f980acb604,500,334,False,None,None,16,dataset_manipulation_v2,pair_pipe_592ed664effd8db0_manip.png,ACCEPT,Clean,False
DEF_REAL_214,REAL,8643,validation-00001-of-00002.parquet,4143,a404d5d3b903a7b795449158e3e8a78d055b632facd8a2540238a61e336e09ec,b6c885f44d3b121f,640,480,False,None,None,18,dataset_v4,v4_te_ai_genimage_00044.png,ACCEPT,Clean,False
DEF_REAL_215,REAL,1644,validation-00000-of-00002.parquet,1644,89e14b6e53239ccf55b3e44afb5e9bf5bfe3db8dcd3c518b8cde541fc9935107,e5a988933ba4da9a,640,480,False,None,None,16,dataset_v4,v4_tr_ai_genimage_00862.png,ACCEPT,Clean,False
DEF_REAL_216,REAL,2157,validation-00000-of-00002.parquet,2157,2d84776eef1af5ab95f0e55588ce35c82e0d42f47569ebb5818580487af8dd63,ea8a99919535b46e,640,424,False,None,None,14,dataset_manipulation_v2,pair_mb_62376_orig.png,ACCEPT,Clean,False
DEF_REAL_217,REAL,7264,validation-00001-of-00002.parquet,2764,d390790490009b09391e273d426735aea0f0f8f7d43b78095b23d8e2b6001ff0,fb9898f940c4c57c,640,456,False,None,None,14,dataset_v4,v4_va_ai_genimage_00205.png,ACCEPT,Clean,False
DEF_REAL_218,REAL,2882,validation-00000-of-00002.parquet,2882,ec3990196ea5e35c7ab90f498444f1e24d649832ebbfa3b06f73077112e6e430,a412fbb105faed24,640,533,False,None,None,18,dataset_v4,v4_te_ai_genimage_00225.png,ACCEPT,Clean,False
DEF_REAL_219,REAL,8030,validation-00001-of-00002.parquet,3530,7db39209fb8a45717737b3f0a1f64448b4a6ffcdc17816fbe857ce89ab84432b,f8d0856f460d9c7c,426,640,False,None,None,18,dataset_v4,v4_va_ai_historical_style_00021.png,ACCEPT,Clean,False
DEF_REAL_220,REAL,1217,validation-00000-of-00002.parquet,1217,59c5a1b8c701afb79ac402d72c7be5ea469e53ee0a254c0080c6903047019350,aecb2569163dca15,640,467,False,None,None,16,dataset_manipulation_v2,pair_pipe_e1e289143e300f10_manip.png,ACCEPT,Clean,False
DEF_REAL_221,REAL,7366,validation-00001-of-00002.parquet,2866,70f959c95e2a887642484b76107dd30deb07330447f74f9470544e820ae93c9f,85c5d4d01a9b776c,640,359,False,None,None,16,dataset_v4,v4_tr_real_genimage_00001.jpg,ACCEPT,Clean,False
DEF_REAL_222,REAL,5580,validation-00001-of-00002.parquet,1080,912504b98ce42c3e9596d51657745b5b3b3b504c3435d438996886fca96e4fca,99d96667e718981a,480,640,False,None,None,14,dataset_v4,v4_tr_real_modern_00170.jpg,ACCEPT,Clean,False
DEF_REAL_223,REAL,4558,validation-00001-of-00002.parquet,58,1c0bfe42f2086206ac5c84bf308fe5cce891efd6be9b726cebae32ff6268fafb,8ed590c190ce3ff1,500,333,False,None,None,16,manipulation_v1,manip_236951_turn1.png,ACCEPT,Clean,False
DEF_REAL_224,REAL,3471,validation-00000-of-00002.parquet,3471,5f3ac6d3c3b22a22e8bde2a847d94295116d37f53f739debdd6a3099a0d3cfa4,eae88e18da21d1bb,640,480,False,None,None,16,external_test,IMG-20240713-WA0000.jpg,ACCEPT,Clean,False
DEF_REAL_225,REAL,1332,validation-00000-of-00002.parquet,1332,7c404a413ae1165ceb6bdee2711bf9a9e428ea1047558be64f7a523192978df2,f9706684a5ad5987,640,428,False,None,None,18,dataset_v4,v4_va_real_genimage_00077.jpg,ACCEPT,Clean,False
DEF_REAL_226,REAL,2728,validation-00000-of-00002.parquet,2728,6834aa010e3997aad342109678fc614ea20d8b7e63411e4649224ebc5c19415e,b54c20f548abd69b,640,426,False,None,None,16,PIPE,pipe_orig_435208.png,ACCEPT,Clean,False
DEF_REAL_227,REAL,153,validation-00000-of-00002.parquet,153,342fab0963954ed1ac798831b01006217919506f5d837099639887bb56c45604,abc2546d5475883f,480,640,False,None,None,16,dataset_v4,v4_tr_ai_genimage_00269.png,ACCEPT,Clean,False
DEF_REAL_228,REAL,348,validation-00000-of-00002.parquet,348,83138031ccbd7416d58ad94897de4d8c3591317b53e5cd3a452978db1d3473bf,cbde9a80d6cbc930,640,480,False,None,None,18,dataset_v4,v4_tr_real_genimage_00271.jpg,ACCEPT,Clean,False
DEF_REAL_229,REAL,7204,validation-00001-of-00002.parquet,2704,362e9c65b1b269c89245e67bc7e953e2cca37309ab49ca0a39d0ff13c62d9b14,aad4716c5a15e16d,640,481,False,None,None,18,dataset_v4,v4_tr_ai_genimage_00259.png,ACCEPT,Clean,False
DEF_REAL_230,REAL,8334,validation-00001-of-00002.parquet,3834,d5f0a6570c412d69924817b40973e66f0b284943cab92a6d0076e7c17cf351d9,cdb582dafab31380,640,427,False,None,None,18,dataset_v4,v4_tr_ai_historical_style_00016.png,ACCEPT,Clean,False
DEF_REAL_231,REAL,6361,validation-00001-of-00002.parquet,1861,83e2bbba679eca46e58d3a527fb4f424c5368863506e602d5b76d264223680f7,9b1c965e8bd4a4e8,640,480,False,None,None,18,dataset_v4,v4_tr_real_genimage_00138.jpg,ACCEPT,Clean,False
DEF_REAL_232,REAL,2605,validation-00000-of-00002.parquet,2605,169d6f7516691e72acd7d28abd59494f0a38bc9f767534e1bae87d123a42d680,e6e48c19d3b70c66,640,429,False,None,None,14,dataset_v4,v4_tr_ai_genimage_00577.png,ACCEPT,Clean,False
DEF_REAL_233,REAL,4426,validation-00000-of-00002.parquet,4426,c47e4f80aa3200b939d4e369d754ca5c5fbec8c8a3f33d6a41b12ee244147764,9c320c1ec36d936f,640,479,False,None,None,16,PIPE,pipe_orig_564336.png,ACCEPT,Clean,False
DEF_REAL_234,REAL,6814,validation-00001-of-00002.parquet,2314,668442d7ff341ebf907f098e2e200018f273391ad54a05ce004646ffdb0d6b2b,cad6346a99b4a647,359,640,False,None,None,16,dataset_v4,v4_tr_real_genimage_00798.jpg,ACCEPT,Clean,False
DEF_REAL_235,REAL,6044,validation-00001-of-00002.parquet,1544,f441eda045085100bf2764981bda7f31990485e3f6020ea40aaf434b32829051,81803f3f9ba874b6,640,480,False,None,None,16,dataset_v4,v4_tr_ai_genimage_00102.png,ACCEPT,Clean,False
DEF_REAL_236,REAL,6276,validation-00001-of-00002.parquet,1776,c77e41071cdc70c1a8c4f6a7f37e2c80871a0b45b3cb8b3c99ade111459fe45d,b5fe0680597c1e36,480,640,False,None,None,18,dataset_v4,v4_tr_ai_genimage_01041.png,ACCEPT,Clean,False
DEF_REAL_237,REAL,8078,validation-00001-of-00002.parquet,3578,56442c48a6098a6a506a2d591ea2398a28ceb706629cb3315170cfd8ef11142b,b1cc4d31667cc19e,480,640,False,None,None,14,dataset_v4,v4_tr_ai_genimage_00729.png,ACCEPT,Clean,False
DEF_REAL_238,REAL,7408,validation-00001-of-00002.parquet,2908,7a6e9fd9a333b48c8a06d6d3a0d3970c39ec584e0109911798b9a264eff7e873,cac7a7ac3cb83132,640,430,False,None,None,14,PIPE,pipe_manip_464476.png,ACCEPT,Clean,False
DEF_REAL_239,REAL,7406,validation-00001-of-00002.parquet,2906,77462bf82b8923943bc9f2b8e6c014b4226cbba2e8e571a0a2c9377bb9075101,ef789801974e56e4,640,426,False,None,None,16,dataset_manipulation_v2,pair_pipe_1fd9f45de9d0584c_orig.png,ACCEPT,Clean,False
DEF_REAL_240,REAL,8700,validation-00001-of-00002.parquet,4200,37749aba8379ba239dc6861a9c05818654644c60ca1c080279cdba9e9ba9e81b,af6eda999924061d,640,480,False,None,None,16,dataset_v4,v4_te_ai_genimage_00101.png,ACCEPT,Clean,False
DEF_REAL_241,REAL,3787,validation-00000-of-00002.parquet,3787,1ee7d2c46f6336c059a069dabc66c6ea098c587849cffd114f06fe3189d3abd7,96c1b4dec1562ba9,640,429,False,None,None,16,dataset_v4,v4_va_ai_genimage_00196.png,ACCEPT,Clean,False
DEF_REAL_242,REAL,6373,validation-00001-of-00002.parquet,1873,801f69933a39786ab423a6e2e41890ca793e872e295927e31556b6f3646c226a,f7d990c49e8e8664,640,391,False,None,None,16,PIPE,pipe_manip_361586.png,ACCEPT,Clean,False
DEF_REAL_243,REAL,5076,validation-00001-of-00002.parquet,576,e9cb49c16ef440f000d4123c2c89d83283db56a83932955ba4e879864642e5ae,c94b8b3cb693c91a,500,375,False,None,None,16,manipulation_v1,manip_190360_turn2.png,ACCEPT,Clean,False
DEF_REAL_244,REAL,562,validation-00000-of-00002.parquet,562,26bd612160416c1219344e12f9b7f3a19c75dc4c009b8943043209546a852e75,d2d69c39e960aa6a,484,640,False,None,None,12,PIPE,pipe_orig_344059.png,ACCEPT,Clean,False
DEF_REAL_245,REAL,3228,validation-00000-of-00002.parquet,3228,402c41833e599832a2966db4fdf540f60ff104516a3ffebce6c9e3c815a6bfbd,a30d1db38eb8e319,480,640,False,None,None,14,manipulation_v1,manip_542625_turn2.png,ACCEPT,Clean,False
DEF_REAL_246,REAL,3206,validation-00000-of-00002.parquet,3206,598f808bedde2fa01cb6b0a0a10568642e006a40c623017e2835f627ce905bf6,dce11e94e59da388,640,480,False,None,None,16,dataset_v4,v4_tr_real_genimage_00240.jpg,ACCEPT,Clean,False
DEF_REAL_247,REAL,8081,validation-00001-of-00002.parquet,3581,a286f70c24c9fc26c27fd1786facfd2558895b994a8bb01096134410f4a793bc,c12b7798709f20db,640,222,False,None,None,16,dataset_manipulation_v2,pair_pipe_043455b1a48df933_manip.png,ACCEPT,Clean,False
DEF_REAL_248,REAL,6982,validation-00001-of-00002.parquet,2482,e16d5f248a1be247b6f7ea9ff4cef445cd0051b6498316e52b476d54f171d277,f160d2fce0c28f0f,640,480,False,None,None,16,dataset_v4,v4_va_real_genimage_00013.jpg,ACCEPT,Clean,False
DEF_REAL_249,REAL,7012,validation-00001-of-00002.parquet,2512,9441628638217675957a447884c5585de71a1127dc932e4d4873411430a9529f,bd97ca6ac54086e5,640,480,False,None,None,16,dataset_v4,v4_tr_real_genimage_00655.jpg,ACCEPT,Clean,False
DEF_REAL_250,REAL,3840,validation-00000-of-00002.parquet,3840,4dac941d8e5217c48323f7c851b3ec2c4e755ead3dc4d50a747f975afa5917a8,98d3d37b06a034d7,480,640,False,None,None,16,PIPE,pipe_orig_297085.png,ACCEPT,Clean,False
DEF_REAL_251,REAL,6178,validation-00001-of-00002.parquet,1678,b1415bae2962504aa97d436e83402ef602ce7035ac15c69394264ab7a7aec24f,81f609669c53e73a,480,640,False,None,None,18,dataset_v4,v4_tr_ai_modern_00140.png,ACCEPT,Clean,False
DEF_REAL_252,REAL,1677,validation-00000-of-00002.parquet,1677,d697fe9af0234e37811d566024ee4ca674dd57a06f6f1938a375e2ce2728460a,b3e7edd21214d24a,338,500,False,None,None,14,dataset_v4,v4_tr_ai_genimage_01043.png,ACCEPT,Clean,False
DEF_REAL_253,REAL,8055,validation-00001-of-00002.parquet,3555,e2cb9b4414e841cfbecbc8c50607ebe00c2acbeca7a2b06ce3931c70a71e7872,92973d6a23b86798,393,640,False,None,None,14,dataset_v4,v4_tr_ai_modern_00119.png,ACCEPT,Clean,False
DEF_REAL_254,REAL,3816,validation-00000-of-00002.parquet,3816,5a359debebc60c1d17c4486dfd4b3232eb633ee2b937dc93121a5fe50a0946df,cf7cb8904283717d,500,375,False,None,None,16,dataset_v4,v4_tr_real_genimage_00792.jpg,ACCEPT,Clean,False
DEF_REAL_255,REAL,6250,validation-00001-of-00002.parquet,1750,1afe173738dd9561cd77f743294d59df486668b1f3b46016719ecd9d1c032087,a06bbf74ab038587,640,480,False,None,None,16,dataset_v4,v4_tr_real_genimage_00875.jpg,ACCEPT,Clean,False
DEF_REAL_256,REAL,5931,validation-00001-of-00002.parquet,1431,d420e29671f6b32ec999150a2ea741fe5a7473389540bf28eb3cc934ec9bdc11,8e8e8b63e5958ae2,500,296,False,None,None,18,dataset_v4,v4_tr_ai_genimage_00050.png,ACCEPT,Clean,False
DEF_REAL_257,REAL,2296,validation-00000-of-00002.parquet,2296,b12668ac9c505048240605e4eb1d08b7480c2a6a6928d794ff8307db7ef069f9,c8ee13f56122668f,640,426,False,None,None,16,PIPE,pipe_orig_82807.png,ACCEPT,Clean,False
DEF_REAL_258,REAL,3575,validation-00000-of-00002.parquet,3575,dda841daf79f5b82a99422a579f84b17fcb9b06836b83e1d3b437a32df9a9d50,91bc6ac0a5e38f2b,640,472,False,None,None,16,dataset_v4,v4_tr_real_genimage_00856.jpg,ACCEPT,Clean,False
DEF_REAL_259,REAL,5894,validation-00001-of-00002.parquet,1394,39976818c572c37a466078b7c612181580875f07b848acbbe3b1f8c1cc462462,bad1d1e6c634e40d,640,480,False,None,None,16,dataset_v4,v4_te_real_genimage_00179.jpg,ACCEPT,Clean,False
DEF_REAL_260,REAL,6900,validation-00001-of-00002.parquet,2400,70d94aafd467a52c3e5f7c5d16c9fba0dda9c10ff40eb8bb272b34b62cb8621f,c1c307d3e51e65e2,640,427,False,None,None,14,dataset_v4,v4_va_real_genimage_00126.jpg,ACCEPT,Clean,False
DEF_REAL_261,REAL,6819,validation-00001-of-00002.parquet,2319,18ad69d22149908810e25f27743511aae2b4ae21e2b3a569b37977ec3fb35ede,986663b2dc63a7c4,480,640,False,None,None,16,dataset_v4,v4_tr_ai_genimage_00161.png,ACCEPT,Clean,False
DEF_REAL_262,REAL,1473,validation-00000-of-00002.parquet,1473,dea4f5cce37a2d39a575f1c950b7480659bb69b0016f9277c1fc59959a584f68,cb0988fd718b8747,640,427,False,None,None,18,dataset_v4,v4_tr_real_genimage_00157.jpg,ACCEPT,Clean,False
DEF_REAL_263,REAL,3646,validation-00000-of-00002.parquet,3646,37bcdc2c7814ab8da6ce62c33969716829e0cf516584cceee55a8317bc272a75,9d1cf2f2171506f2,482,640,False,None,None,18,dataset_v4,v4_tr_real_genimage_00473.jpg,ACCEPT,Clean,False
DEF_REAL_264,REAL,5870,validation-00001-of-00002.parquet,1370,374fd823418d047d01b0df343524bc869c440d4080d1ad803b6851267065230b,e4d399b44b1f4c45,640,426,False,None,None,16,PIPE,pipe_orig_447917.png,ACCEPT,Clean,False
DEF_REAL_265,REAL,8678,validation-00001-of-00002.parquet,4178,6b6acdcbf8ee953dcb823b82f75d872dbcd13fcb6d1832ac000e6ea8bf8e06db,b803733da49f4e58,640,512,False,None,None,16,PIPE,pipe_orig_407298.png,ACCEPT,Clean,False
DEF_REAL_266,REAL,6895,validation-00001-of-00002.parquet,2395,8210ac8712a4f4067c01b69e25f1ce52595012f120766e5004a34dcf097ed170,a6e60cd91959b366,640,469,False,None,None,16,dataset_v4,v4_tr_ai_genimage_00065.png,ACCEPT,Clean,False
DEF_REAL_267,REAL,3583,validation-00000-of-00002.parquet,3583,28518e60b02eb18344c93974fa1fcf4f85914521609227a3166604c64fa944d1,e1b1d816165cdf91,500,333,False,None,None,16,dataset_v4,v4_tr_real_genimage_00997.jpg,ACCEPT,Clean,False
DEF_REAL_268,REAL,1282,validation-00000-of-00002.parquet,1282,1a0ad727e7050f72133ecbdb05f2af0f88532c69d8336ad4326e171abc1a2694,bea395dd4c0a2ba8,640,435,False,None,None,16,dataset_manipulation_v2,pair_pipe_c86c776d7a45bac3_manip.png,ACCEPT,Clean,False
DEF_REAL_269,REAL,6406,validation-00001-of-00002.parquet,1906,67b6115e6e8866c610d51dcb0a454607b7fcbcc45c79233625b38a70aaab74f3,9825a6938f1ef82d,640,424,False,None,None,16,dataset_v4,v4_tr_ai_historical_style_00099.jpg,ACCEPT,Clean,False
DEF_REAL_270,REAL,5471,validation-00001-of-00002.parquet,971,8033071fe0f59304f45618182ede6fbe4a8c8081f6cf5f0159c2ab2c3555f7a9,83617c9c315e279e,640,559,False,None,None,16,dataset_manipulation_v2,pair_pipe_1f99fdbcfd6ccca1_manip.png,ACCEPT,Clean,False
DEF_REAL_271,REAL,2198,validation-00000-of-00002.parquet,2198,22fe0628ce517f065df464ac51c0c27300adcade6f229271614da98df54e9bf6,cb98671771003777,480,640,False,None,None,16,manipulation_v1,manip_538741_turn1.png,ACCEPT,Clean,False
DEF_REAL_272,REAL,361,validation-00000-of-00002.parquet,361,277e81ee8b3e5889f26c2f3de347bffcee571a20710b181c603535c1611be366,cb326d3a2c336cb1,400,500,False,None,None,16,manipulation_v1,manip_178928_turn2.png,ACCEPT,Clean,False
DEF_REAL_273,REAL,1906,validation-00000-of-00002.parquet,1906,fb3cbc6ee047140a42a9896a22c897e21d709e5654dacd4f155df6457d2ac220,ceb0d14bf2650c6b,600,450,False,None,None,16,dataset_v4,v4_tr_real_modern_00133.jpg,ACCEPT,Clean,False
DEF_REAL_274,REAL,8685,validation-00001-of-00002.parquet,4185,c87d1e64be398f6d7d0a927a720dfb6085b93772da96c03b158c80e715400ed7,cecacbc811376c8e,640,424,False,None,None,16,dataset_v4,v4_tr_real_modern_00132.jpg,ACCEPT,Clean,False
DEF_REAL_275,REAL,5094,validation-00001-of-00002.parquet,594,d4ac6870eec7c04beb60c8e27fb1ff44d945def4c83ae0c92ce9c92fcece9c71,ee8bb50336ea4c92,511,640,False,None,None,18,dataset_v4,v4_tr_ai_historical_style_00033.png,ACCEPT,Clean,False
DEF_REAL_276,REAL,7557,validation-00001-of-00002.parquet,3057,d48bcde522f566fc599323ce69f22f9bcef4bef9ca309e43cd03f1d55e2d9cb1,b0fce70638e21ccd,640,228,False,None,None,14,dataset_manipulation_v2,pair_pipe_7e8d4b96b2461aa7_orig.png,ACCEPT,Clean,False
DEF_REAL_277,REAL,8591,validation-00001-of-00002.parquet,4091,1777ffbf450d10b9b5c2fa056a7c4aa30cd3b15bafa2b32c6151fcf75f351790,b8c3df3d00631c79,640,480,False,None,None,14,dataset_v4,v4_tr_real_genimage_01044.jpg,ACCEPT,Clean,False
DEF_REAL_278,REAL,7182,validation-00001-of-00002.parquet,2682,d68060ad9c4b5df0bdf1adea207e9ef19bc8b4b22960ad1db1f7afdad6586fc8,d8ee318d02947a9f,460,640,False,None,None,16,MagicBrush,mb_manip_455381_turn1.png,ACCEPT,Clean,False
DEF_REAL_279,REAL,2253,validation-00000-of-00002.parquet,2253,7157f9227a2996a2a234317766bf4ecccb971c166cc4dbf69cc5307b5c008df4,cb28a47de9a9e191,426,640,False,None,None,18,dataset_v4,v4_tr_real_genimage_00651.jpg,ACCEPT,Clean,False
DEF_REAL_280,REAL,8157,validation-00001-of-00002.parquet,3657,ae7cd892aa5ad67de9638ac15618f060692833a63d2bb11b92f98224ff002e73,a561e2a6b8ad1f58,640,480,False,None,None,16,dataset_v4,v4_tr_ai_genimage_00725.png,ACCEPT,Clean,False
DEF_REAL_281,REAL,7109,validation-00001-of-00002.parquet,2609,c587637424e5e4286d81352431e2d46723640351edacb7d7bfefc5ad011ae2bb,c1c10e3e3f690dcd,640,384,False,None,None,14,dataset_manipulation_v2,pair_mb_375150_manip.png,ACCEPT,Clean,False
DEF_REAL_282,REAL,7810,validation-00001-of-00002.parquet,3310,712c5c4ddfd9a59a469ad206a86b23f3b08b1a9b1cfee7419fdb4d179ac022e7,9ce306fc833c6387,500,334,False,None,None,16,dataset_v4,v4_tr_ai_genimage_00822.png,ACCEPT,Clean,False
DEF_REAL_283,REAL,7376,validation-00001-of-00002.parquet,2876,a3aecab9aef4316845720d4c4535657f22d8b4f290c0d479d670876f7b455b90,9445229dc727d9f2,640,427,False,None,None,16,dataset_v4,v4_tr_ai_genimage_00004.png,ACCEPT,Clean,False
DEF_REAL_284,REAL,4312,validation-00000-of-00002.parquet,4312,6b456678d4975eb36cbc34ae9c3ae966ffd0759afdf0446a3ec48fc9adf4044c,fda143542a3ae5c3,640,424,False,None,None,16,PIPE,pipe_manip_446522.png,ACCEPT,Clean,False
DEF_REAL_285,REAL,1445,validation-00000-of-00002.parquet,1445,390a279faeb0fccf806928a729660b505a8ac98725cfd5958244dc67e9a68ab5,f3e59484e611633b,500,308,False,None,None,16,dataset_v4,v4_tr_real_genimage_00741.jpg,ACCEPT,Clean,False
DEF_REAL_286,REAL,3784,validation-00000-of-00002.parquet,3784,65d5c9b5af7a4865b858445fe079c479ca8faba3c096488b7b4d342f7cb85ce7,eb56c4c9870b9275,426,640,False,None,None,14,PIPE,pipe_orig_366611.png,ACCEPT,Clean,False
DEF_REAL_287,REAL,1204,validation-00000-of-00002.parquet,1204,d86aba0c7e9ba614b256d10118950fe2c1a4e390053ecda49db6d386565f84f1,acc28b8c98879f9e,427,640,False,None,None,14,manipulation_v1,manip_61831_turn1.png,ACCEPT,Clean,False
DEF_REAL_288,REAL,7540,validation-00001-of-00002.parquet,3040,50b30fd8220cfc2ab0cabeb324b775ec249c73709edfe89596ae112059eaad20,c4d1b52f4bca321e,640,407,False,None,None,16,dataset_v4,v4_tr_ai_modern_00196.png,ACCEPT,Clean,False
DEF_REAL_289,REAL,502,validation-00000-of-00002.parquet,502,527a701fca725b59fea2bc08bd2554f9a42405a838459333e0b21da5b681b435,918c81e16379bdbc,640,427,False,None,None,14,dataset_v4,v4_tr_real_modern_00129.jpg,ACCEPT,Clean,False
DEF_REAL_290,REAL,8470,validation-00001-of-00002.parquet,3970,897c820442b7fbb2a7a8af2fc85f64d5ac2c79c97ea1c68f423cb4c3d9b7f6bb,81f98fcac4565e43,640,480,False,None,None,16,dataset_v4,v4_va_ai_genimage_00121.png,ACCEPT,Clean,False
DEF_REAL_291,REAL,3653,validation-00000-of-00002.parquet,3653,d5e85f0f97736c0afd32df537ae023a5a6ca4632711493821a72852febbf0b19,d21b37d32bc49a61,480,640,False,None,None,14,dataset_manipulation_v2,pair_pipe_490222_manip.png,ACCEPT,Clean,False
DEF_REAL_292,REAL,6862,validation-00001-of-00002.parquet,2362,461089c85643d7a2ce0ceedc24452967450bde03087e42e51b9f005df80ba53a,a4e699d1443ffc24,490,350,False,None,None,16,dataset_v4,v4_tr_ai_genimage_00218.png,ACCEPT,Clean,False
DEF_REAL_293,REAL,610,validation-00000-of-00002.parquet,610,fdec61f85396448667fa52cd4b027fa0279506ab4ff880c4cc529c7301ccaaf1,e6199926ee992536,640,480,False,None,None,12,dataset_manipulation_v2,pair_tgif_ps_208901_orig.png,ACCEPT,Clean,False
DEF_REAL_294,REAL,7652,validation-00001-of-00002.parquet,3152,2d5319534fd7db86217c73a454cd9d000c19c85cecc4fbe61337d73eb562ce2d,d95926e6265c1d8b,640,427,False,None,None,14,dataset_v4,v4_tr_real_modern_00170.jpg,ACCEPT,Clean,False
DEF_REAL_295,REAL,4790,validation-00001-of-00002.parquet,290,217ba40ddc572b6edbbf9fcea0cc68cc93c99edef4ee9d3d81235c3fe0b93867,854e4233ef4c3c9b,640,480,False,None,None,12,manipulation_v1,manip_354126_turn1.png,ACCEPT,Clean,False
DEF_REAL_296,REAL,5956,validation-00001-of-00002.parquet,1456,b04f103c2e15edb428bde92dd04e06c2f0fae07e68f92dd9dce68fe1bee64624,cc6e2a993b320d3b,440,500,False,None,None,16,dataset_v4,v4_tr_real_genimage_00208.jpg,ACCEPT,Clean,False
DEF_REAL_297,REAL,4861,validation-00001-of-00002.parquet,361,2ed31acdfb132509145c98316275ed8218c5e5153a5c4d63760620cc284296a6,a2f6156999666d92,640,480,False,None,None,16,manipulation_v1,orig_385707.png,ACCEPT,Clean,False
DEF_REAL_298,REAL,7574,validation-00001-of-00002.parquet,3074,7cec207f2f11f4dfef77d7053b7587b3659cf5765acba271d957d87e30ce5171,8e3578f48733f805,640,478,False,None,None,16,dataset_v4,v4_tr_ai_genimage_00275.png,ACCEPT,Clean,False
DEF_REAL_299,REAL,6832,validation-00001-of-00002.parquet,2332,077935a1c2e3a8d755287676c44e581f6a025874ef72d2bed97ff7b594037289,d3dc98b34ce08d99,640,480,False,None,None,16,dataset_v4,v4_te_ai_modern_00027.png,ACCEPT,Clean,False
DEF_REAL_300,REAL,4989,validation-00001-of-00002.parquet,489,9e64cc5263688c1ee25aa7b85d6fe0bcef7b74fa8c498b73218d95ddd2bbb5ec,d0e8f14fcddc3821,640,478,False,None,None,18,dataset_v4,v4_te_real_genimage_00163.jpg,ACCEPT,Clean,False
DEF_REAL_301,REAL,2353,validation-00000-of-00002.parquet,2353,e9f148833ef6a10d53788f2b0a766e528a42a65e610b339c72260e66f6ecd2c2,ac9cafca8721554b,640,480,False,None,None,18,dataset_v4,v4_tr_real_genimage_00757.jpg,ACCEPT,Clean,False
DEF_REAL_302,REAL,3287,validation-00000-of-00002.parquet,3287,8ef6896a3be74cfcc5ded7b8090eca2a282a1ef1e17d3e0da7ce0c73dae857c9,c8f2288bd528797d,427,640,False,None,None,18,dataset_v4,v4_tr_real_genimage_00221.jpg,ACCEPT,Clean,False
DEF_REAL_303,REAL,8959,validation-00001-of-00002.parquet,4459,6ed2966401ab5208a250d44ad0c309812d9dcb276ba19a873286815b7892ff98,82f7092466bfd827,640,480,False,None,None,16,dataset_v4,v4_tr_ai_genimage_00172.png,ACCEPT,Clean,False
DEF_REAL_304,REAL,6613,validation-00001-of-00002.parquet,2113,4859288a6537b1f44980cfa94946694796a17dbae6b7e2682f45eab1e3160093,939afa874ef2c844,640,513,False,None,None,16,dataset_v4,v4_te_real_genimage_00006.jpg,ACCEPT,Clean,False
DEF_REAL_305,REAL,2050,validation-00000-of-00002.parquet,2050,9e690f6e66b06f0af9d84333eb5424b4c74ef118ed02a47c11c49f0fd0ec4c1b,e5459578121dfcaa,640,480,False,None,None,16,dataset_v4,v4_te_ai_genimage_00194.png,ACCEPT,Clean,False
DEF_REAL_306,REAL,2233,validation-00000-of-00002.parquet,2233,860ee3e404eabc11cf827c7b40a2cff76e4136980147f691876fdaeaab8450d3,fd62c20d1fdc3883,640,480,False,None,None,16,MagicBrush,mb_orig_526133.png,ACCEPT,Clean,False
DEF_REAL_307,REAL,8931,validation-00001-of-00002.parquet,4431,f0f19d4c1a400ab344d459baaa834e91beb82902fe8748ffee529771719a7c3e,dbd7baa694218079,500,375,False,None,None,18,dataset_v4,v4_tr_ai_genimage_00620.png,ACCEPT,Clean,False
DEF_REAL_308,REAL,6185,validation-00001-of-00002.parquet,1685,e155e943c0c2c8db6c4ad886d6c5c36820bbffb0249abcc047c330e9d3a2440f,cc26f1a19bce05bc,640,480,False,None,None,14,dataset_v4,v4_tr_ai_genimage_00710.png,ACCEPT,Clean,False
DEF_REAL_309,REAL,4336,validation-00000-of-00002.parquet,4336,182f2e665bb38eb172e8d04c9974ab409462820c0868218a7038406f6aaf05ac,b2964d63d94cd2d2,408,640,False,None,None,16,dataset_v4,v4_te_ai_genimage_00085.png,ACCEPT,Clean,False
DEF_REAL_310,REAL,2080,validation-00000-of-00002.parquet,2080,ee0bed21f82273677b78fda21f7f4c7a6c3eae6af5c096716b264e30a043121d,acd213b9df0538d1,480,640,False,None,None,16,MagicBrush,mb_manip_131087_turn1.png,ACCEPT,Clean,False
DEF_REAL_311,REAL,2603,validation-00000-of-00002.parquet,2603,58d95f3955217c9f7d2bc833466842d4a7c7aed43c41ad93faa00551f8387e19,be856e798424b9cc,640,457,False,None,None,0,PIPE,pipe_orig_140556.png,REJECT,NEAR_DUPLICATE_SOURCE_OVERLAP (d=0) with PIPE:pipe_orig_140556.png,False
DEF_REAL_311,REAL,7432,validation-00001-of-00002.parquet,2932,e565e55dc6b239634b591d57c1af81ef5b4ee4852d0bbe16c7fbe44d857c63d6,9b73717171b149a4,500,345,False,None,None,16,PIPE,pipe_manip_224200.png,ACCEPT,Clean,False
DEF_REAL_312,REAL,2585,validation-00000-of-00002.parquet,2585,f9df4c100b35b31adf477f4211cb798316cb55cce57f231efe4d67bef642d5ec,a60b195b52dec05f,640,480,False,None,None,14,dataset_manipulation_v2,pair_pipe_102915_manip.png,ACCEPT,Clean,False
DEF_REAL_313,REAL,3830,validation-00000-of-00002.parquet,3830,a8dd21d7f3281248bf10efc813d290b31d114bb82c1574de96fd9a5edffb51c1,8e736e25913874da,429,640,False,None,None,14,manipulation_v1,manip_181992_turn2.png,ACCEPT,Clean,False
DEF_REAL_314,REAL,6611,validation-00001-of-00002.parquet,2111,1ed73bc348441a5ffc09f929af4230c7651e586957e15af87cd99fbab7326e37,8211e71cfdfe8c60,640,479,False,None,None,18,dataset_v4,v4_tr_ai_genimage_00342.png,ACCEPT,Clean,False
DEF_REAL_315,REAL,4165,validation-00000-of-00002.parquet,4165,6039f18a7bc307c1d8b51eae8020268849ec7b17fc498f3dbd06b39cf7cab2fc,9fa6e0334e62b19c,640,480,False,None,None,14,dataset_manipulation_v2,pair_tgif_ps_492968_manip.png,ACCEPT,Clean,False
DEF_REAL_316,REAL,4232,validation-00000-of-00002.parquet,4232,f5e48eb4c5758d576644ed2f2beb9665367f6d611a0ca7d2be846a7af8d46669,f9a483d5da03f330,640,427,False,None,None,18,manipulation_v1,orig_172537.png,ACCEPT,Clean,False
DEF_REAL_317,REAL,4625,validation-00001-of-00002.parquet,125,097a04301b1d0867b15a487455174a3384610ecbcc59ec3f32b5098382a59f91,ecfed201396129e6,640,480,False,None,None,14,dataset_v4,v4_tr_ai_genimage_00189.png,ACCEPT,Clean,False
DEF_REAL_318,REAL,1611,validation-00000-of-00002.parquet,1611,49df39ceff09ef01cb538291f35c3180edc18ee01e83b7ed68c32f63355881eb,bc5dd8d8642d8c93,640,427,False,None,None,16,dataset_v4,v4_tr_real_genimage_00731.jpg,ACCEPT,Clean,False
DEF_REAL_319,REAL,6544,validation-00001-of-00002.parquet,2044,c8dda64f2d3bc016fe6a4edd68d36bc2769e32b0be36fbc885f74b351695a066,c43b42bf40bf608f,640,480,False,None,None,18,dataset_v4,v4_tr_real_genimage_00231.jpg,ACCEPT,Clean,False
DEF_REAL_320,REAL,5577,validation-00001-of-00002.parquet,1077,9b173d1b8f1d7f0b1a51fa6d266cf54108a46eedf7f99f7051d2daa97bcfe986,f0f2fc44cd032e0f,427,640,False,None,None,18,dataset_v4,v4_te_ai_modern_00038.png,ACCEPT,Clean,False
DEF_REAL_321,REAL,7046,validation-00001-of-00002.parquet,2546,a8ede3450a33b460531fae580708cfb7a23025cd6b68fd0aa8b8d95fa0a61c22,e610af5fd0899837,612,612,False,None,None,14,PIPE,pipe_orig_428562.png,ACCEPT,Clean,False
DEF_REAL_322,REAL,4102,validation-00000-of-00002.parquet,4102,a1dae001d693834e407e1e773f795a50881141fca82e9c23f53fcd1bb1bf4e76,bcbc87072363c1d3,640,427,False,None,None,14,PIPE,pipe_manip_172617.png,ACCEPT,Clean,False
DEF_REAL_323,REAL,5089,validation-00001-of-00002.parquet,589,8a3de5a37ed5dd3db86e6c0748e45b8894528d27ea734dc80584c7c26e28b7b3,968968379fe10e93,640,480,False,None,None,14,dataset_v4,v4_te_ai_genimage_00169.png,ACCEPT,Clean,False
DEF_REAL_324,REAL,4902,validation-00001-of-00002.parquet,402,ed0980861308e8a3a470022c3cd6020933b38e4a585f03b5a97ade5241b2f5a6,dca25aa5124bb75c,640,480,False,None,None,14,manipulation_v1,orig_412544.png,ACCEPT,Clean,False
DEF_REAL_325,REAL,8735,validation-00001-of-00002.parquet,4235,77529d20fee89c67ef96d8f823ce55ec845d82690c6fc787aa756f020abf17d3,97a8b50e6587da61,513,640,False,None,None,16,MagicBrush,mb_manip_269105_turn2.png,ACCEPT,Clean,False
DEF_REAL_326,REAL,518,validation-00000-of-00002.parquet,518,496904364001c243467924f5652668896158125a8d281e2984829bc9384be312,bdcbc0b5ca0f4a1c,640,426,False,None,None,14,dataset_v4,v4_tr_ai_modern_00050.png,ACCEPT,Clean,False
DEF_REAL_327,REAL,8559,validation-00001-of-00002.parquet,4059,3186b55e1b05eaf20a5a7a9d0dd4736e5382bd97a7340e7df29d240d2846072d,9515d51554d6b2ec,640,427,False,None,None,14,MagicBrush,mb_orig_250655.png,ACCEPT,Clean,False
DEF_REAL_328,REAL,1658,validation-00000-of-00002.parquet,1658,131d7c4f78094d514005bf04c90012cc2f566479caa2c92535b28dfec496477a,eb2b5472854fb688,640,336,False,None,None,18,PIPE,pipe_manip_209142.png,ACCEPT,Clean,False
DEF_REAL_329,REAL,1783,validation-00000-of-00002.parquet,1783,c6b3d4177e3584f4bb1ba3110ff0ec844aacd4d31594b6a229530a08d7deba62,88fa1c36959d64a7,640,425,False,None,None,18,dataset_v4,v4_tr_real_historical_00034.jpg,ACCEPT,Clean,False
DEF_REAL_330,REAL,8915,validation-00001-of-00002.parquet,4415,9296c4ce5d9626447fb5097edbd296e30fddad4349e08da519d03f9bb264a6b7,f6ea4116b6510f9c,426,640,False,None,None,14,dataset_v4,v4_tr_real_genimage_00760.jpg,ACCEPT,Clean,False
DEF_REAL_331,REAL,5415,validation-00001-of-00002.parquet,915,e49505d94f56dc1bc06551a0c3132353f0fd1e43334a8601b843c7ecfd656c14,be9c88f9a7063471,500,435,False,None,None,12,manipulation_v1,orig_17324.png,ACCEPT,Clean,False
DEF_REAL_332,REAL,8969,validation-00001-of-00002.parquet,4469,1588fa230d7a93c63cdc1166abc98c186d8426ed7dd3bc9b6a0fed868f854e24,bb30c4cf1b3170e6,640,614,False,None,None,14,dataset_v4,v4_va_real_genimage_00180.jpg,ACCEPT,Clean,False
DEF_REAL_333,REAL,5945,validation-00001-of-00002.parquet,1445,52693f93cdf1133898890ed9efefa6dbec3b1bde6a6677f67fd3bcc0591b8756,ec906a35d267c587,500,333,False,None,None,16,manipulation_v1,orig_337222.png,ACCEPT,Clean,False
DEF_REAL_334,REAL,3258,validation-00000-of-00002.parquet,3258,e61fd1847b0031416f79ea1e4b42e243355ea1f8806c676a6a0db9fc0bab8505,b0b9d2849d93b3ac,473,640,False,None,None,16,dataset_v4,v4_tr_ai_modern_00052.png,ACCEPT,Clean,False
DEF_REAL_335,REAL,6018,validation-00001-of-00002.parquet,1518,5e754b481c40a28231e6e4b4800772c1f4db7d3f9416180d8b93f20372d4e181,98b2e5699796918e,500,334,False,None,None,16,dataset_v4,v4_va_ai_genimage_00098.png,ACCEPT,Clean,False
DEF_REAL_336,REAL,1378,validation-00000-of-00002.parquet,1378,8cd892384a8f2894a35da4d147ce636e8e08635d476c8706fee341df1c882df2,adf10caf265c4d0b,437,640,False,None,None,16,dataset_v4,v4_tr_real_historical_00007.jpg,ACCEPT,Clean,False
DEF_REAL_337,REAL,643,validation-00000-of-00002.parquet,643,1ea9ba102e6c3d1a0bb57d75db0356000f304fb0dd1a5e0af504e7e84378ff4f,940c697063e33de7,500,236,False,None,None,16,dataset_v4,v4_tr_ai_modern_00122.jpg,ACCEPT,Clean,False
DEF_REAL_338,REAL,4114,validation-00000-of-00002.parquet,4114,cd46afb9dd442863293ea3de3b5c7fcb843589122df9f06833c782bd4ec33ede,8a8234b5eb1fb4e4,600,449,False,None,None,16,dataset_v4,v4_tr_ai_genimage_00403.png,ACCEPT,Clean,False
DEF_REAL_339,REAL,3539,validation-00000-of-00002.parquet,3539,1b90c12c9a45b815dbb826e092af524c811c4e21279c2bb7b7b60f1ab8693f32,9f9f50e934c22536,500,332,False,None,None,18,dataset_v4,v4_tr_ai_genimage_00856.png,ACCEPT,Clean,False
DEF_REAL_340,REAL,1028,validation-00000-of-00002.parquet,1028,7d33d25627769faca2d8da0c41bbdf08b7b18904b012f0e344a9bc696bbf2858,c6bc1973c6ac1927,500,324,False,None,None,12,dataset_v4,v4_te_real_genimage_00152.jpg,ACCEPT,Clean,False
DEF_REAL_341,REAL,3267,validation-00000-of-00002.parquet,3267,d2ae64be68df1de0ce0efe734c5aae05197e9287dbccd4c299ce37918b319d94,989d18d83e896d67,480,640,False,None,None,14,dataset_v4,v4_te_ai_genimage_00196.png,ACCEPT,Clean,False
DEF_REAL_342,REAL,6449,validation-00001-of-00002.parquet,1949,667054349a9a872770c1f3d50f38aa1ae76fc050548ee5335361dab7f65c88a0,96d6cb16363e50a5,640,427,False,None,None,16,dataset_v4,v4_te_real_modern_00037.jpg,ACCEPT,Clean,False
DEF_REAL_343,REAL,6998,validation-00001-of-00002.parquet,2498,c49688fa011e327d4569e2b58926f754d411e57f70be84a5bfde044e59ac361d,f68d0b3b8d929694,640,480,False,None,None,18,dataset_v4,v4_tr_ai_genimage_00021.png,ACCEPT,Clean,False
DEF_REAL_344,REAL,6591,validation-00001-of-00002.parquet,2091,f626c9fc9125f1017cf1bbd996634db078ffff011d0eb1b770752e49dedff41a,f2cd2b144a3de1b2,640,424,False,None,None,18,dataset_v4,v4_tr_ai_genimage_00546.png,ACCEPT,Clean,False
DEF_REAL_345,REAL,5955,validation-00001-of-00002.parquet,1455,2a5becef1df13dc0d30b0f6c26e9249ab67e4be2ae32dc4ba3c9303c50a1be40,ddf5fd31330900e2,640,480,False,None,None,18,MagicBrush,mb_orig_170976.png,ACCEPT,Clean,False
DEF_REAL_346,REAL,1746,validation-00000-of-00002.parquet,1746,a46327da1b60e0fbfdb12465d7091d0b5f1fceb4bd287934b8dcf18f56a6988f,a0e91866b73e1cd5,427,640,False,None,None,16,dataset_manipulation_v2,pair_pipe_c9842f69c15c576b_orig.png,ACCEPT,Clean,False
DEF_REAL_347,REAL,5237,validation-00001-of-00002.parquet,737,9534d78e196d7380863276337e026bee44cbb78329ede109c074dfc19aa92911,d7971074561bd585,640,480,False,None,None,18,dataset_v4,v4_tr_ai_genimage_00172.png,ACCEPT,Clean,False
DEF_REAL_348,REAL,2305,validation-00000-of-00002.parquet,2305,cb9dfa48dc5552fab40fb2ec05f2a13acce1bd44105b2466d27c0ace4f836e57,f0add392889b969a,640,480,False,None,None,16,dataset_v4,v4_tr_ai_historical_style_00013.png,ACCEPT,Clean,False
DEF_REAL_349,REAL,7104,validation-00001-of-00002.parquet,2604,0173c37accb0d75d5c6b977b586334aa88104e964e65804d5246bb6ac763b58a,cdc2c4d989a4e6cd,500,375,False,None,None,16,dataset_v4,v4_tr_ai_genimage_00551.png,ACCEPT,Clean,False
DEF_REAL_350,REAL,165,validation-00000-of-00002.parquet,165,d11edb0227d097631d5252c9abba1e93b3090f12e04fcd5101fc6cc8948c1d60,cb82f23547e1929e,640,425,False,None,None,18,dataset_v4,v4_va_ai_genimage_00165.png,ACCEPT,Clean,False
DEF_REAL_351,REAL,3330,validation-00000-of-00002.parquet,3330,0e04ed7d2c47cb10bf53b16b8d4b24252e81ff59b68a13cda7e657002cdee143,95cb7798308b2735,612,612,False,None,None,18,dataset_v4,v4_tr_real_modern_00186.png,ACCEPT,Clean,False
DEF_REAL_352,REAL,1296,validation-00000-of-00002.parquet,1296,86c371f3153c7b1165b88bec7e9bb55a12e1cb07c02aef027cf93e76503f02f4,f9e1e1f2c2c1d1e0,640,427,False,None,None,14,PIPE,pipe_orig_105912.png,ACCEPT,Clean,False
DEF_REAL_353,REAL,6268,validation-00001-of-00002.parquet,1768,e70bbeac46bc4763d75fefb478f7a487f6bcb9ab80d5bdecda8cc74035a2cec7,e2eadb95802c359b,500,304,False,None,None,16,dataset_v4,v4_tr_ai_modern_00214.png,ACCEPT,Clean,False
DEF_REAL_354,REAL,5628,validation-00001-of-00002.parquet,1128,c009db114ab4ef82ac496502653de46df1bc1967f7028ebe5a0ba9d97ab6ccc8,e3e34c62738cd0ba,640,427,False,None,None,14,dataset_manipulation_v2,pair_pipe_7eb79ab2d9d2d0a6_manip.png,ACCEPT,Clean,False
DEF_REAL_355,REAL,4921,validation-00001-of-00002.parquet,421,c76c7011c1053dd8b9487631a8c3136697d21dfacab043b9709500c4cfda15af,fc87009ea1a197be,640,548,False,None,None,16,MagicBrush,mb_manip_71476_turn1.png,ACCEPT,Clean,False
DEF_REAL_356,REAL,3781,validation-00000-of-00002.parquet,3781,ca93de7dac554fd01e2e63e3193501fd6c6173d97122c3e2d41f0bf5799847b7,e684961b9c4e9a9b,640,360,False,None,None,18,dataset_v4,v4_te_ai_modern_00045.png,ACCEPT,Clean,False
DEF_REAL_357,REAL,5690,validation-00001-of-00002.parquet,1190,bf1b4ca71357743a1b57794e4f2577b8d52e87a440483d3d903cf8e9f68fe352,9968873fe42ec236,640,480,False,None,None,18,dataset_v4,v4_te_ai_genimage_00068.png,ACCEPT,Clean,False
DEF_REAL_358,REAL,3785,validation-00000-of-00002.parquet,3785,f88e55ad9e9aed26904c7e04f9e02a2ee53b40d179a2327e77979ac865391450,a3bc700778c17f38,480,640,False,None,None,18,dataset_v4,v4_tr_ai_modern_00137.png,ACCEPT,Clean,False
DEF_REAL_359,REAL,1114,validation-00000-of-00002.parquet,1114,9851f1aee46fdb858775192eebadd50d41fa339879653e043cd696ee5772ac20,dec8dcf5a2a21c15,425,640,False,None,None,18,dataset_v4,v4_tr_ai_genimage_00033.png,ACCEPT,Clean,False
DEF_REAL_360,REAL,4347,validation-00000-of-00002.parquet,4347,57d4fe043187fe57448e8ed471a5ed510a9310a4d2073998e97865e80aea0daf,fc645692b965c61c,640,481,False,None,None,14,dataset_v4,v4_te_real_genimage_00219.jpg,ACCEPT,Clean,False
DEF_REAL_361,REAL,5710,validation-00001-of-00002.parquet,1210,c6c28e073dfd9c1fddd7be6770765f61c818b61c9795eb6cdcf0aa133c851cb8,94b69494113733fb,427,640,False,None,None,18,dataset_v4,v4_tr_ai_genimage_00829.png,ACCEPT,Clean,False
DEF_REAL_362,REAL,6913,validation-00001-of-00002.parquet,2413,2966fb38360a30fe19c3e9ca7c1e9bd6fd5e9ec2b11d78a080ff89643253b352,e49f803d7781ce31,640,480,False,None,None,16,dataset_manipulation_v2,pair_pipe_155dcecf7348fc7c_orig.png,ACCEPT,Clean,False
DEF_REAL_363,REAL,7253,validation-00001-of-00002.parquet,2753,5c39168fff598a6b8c7251c62bcff95772eb0d3aa0f79368e1286b8995b148ed,eda0d48b76c3989c,640,480,False,None,None,12,dataset_v4,v4_tr_ai_genimage_00360.png,ACCEPT,Clean,False
DEF_REAL_364,REAL,6555,validation-00001-of-00002.parquet,2055,285ddd1e12ea2535da5e4e41dd40613c6c1ef8c9898ab5fcaf47966d6c510a82,df9a8274399d1668,640,480,False,None,None,14,dataset_v4,v4_te_real_genimage_00145.jpg,ACCEPT,Clean,False
DEF_REAL_365,REAL,5482,validation-00001-of-00002.parquet,982,f95176aacb4631a18fe27ca4d4c99c75c80519f611439260324dfac0b14496aa,aff6e3a118a55a28,640,481,False,None,None,18,manipulation_v1,manip_536073_turn1.png,ACCEPT,Clean,False
DEF_REAL_366,REAL,510,validation-00000-of-00002.parquet,510,40d3995041062d0c3ff3d0c87b9755df835886a90c73bfe00fcaf7ba9caa62a5,ae88d1a72cb946d3,640,468,False,None,None,16,manipulation_v1,manip_49424_turn1.png,ACCEPT,Clean,False
DEF_REAL_367,REAL,4292,validation-00000-of-00002.parquet,4292,d5fbe18db423ae40a1df821ab66e72af0c1a0920f6e57c88d1755c7137c6e4e6,fd00ae4ecc7988ce,480,640,False,None,None,18,manipulation_v1,orig_204863.png,ACCEPT,Clean,False
DEF_REAL_368,REAL,296,validation-00000-of-00002.parquet,296,28898eb5527a3c18a8450269651d5f7df813eb0edc92aa6eb84e7c3640db0262,96974de59e62901e,640,426,False,None,None,16,dataset_v4,v4_tr_ai_genimage_01007.png,ACCEPT,Clean,False
DEF_REAL_369,REAL,7697,validation-00001-of-00002.parquet,3197,b2202821cee2b069d856ef245e63f41e296a5a9a8bbd39915d5ae90be92db3a7,f8b583251797d415,500,333,False,None,None,18,dataset_v4,v4_tr_real_genimage_00750.jpg,ACCEPT,Clean,False
DEF_REAL_370,REAL,899,validation-00000-of-00002.parquet,899,e00b078b6a81729914db81c16f5b435cb0529f080d37942303f9f67d76e4d325,b2cc4dc391b26ee8,427,640,False,None,None,16,dataset_v4,v4_tr_ai_genimage_00251.png,ACCEPT,Clean,False
DEF_REAL_371,REAL,6844,validation-00001-of-00002.parquet,2344,a04ae077d78a98bf6e5ba4cbc7da0779849167cc1814f2a2d364f5f56c6c97fa,c493c0e467d966e9,640,480,False,None,None,14,dataset_v4,v4_tr_ai_historical_style_00063.jpg,ACCEPT,Clean,False
DEF_REAL_372,REAL,6781,validation-00001-of-00002.parquet,2281,c1f83a4528f1fc198f3832f150e99a9829e1beeba41e2dc8c770323db365ebf0,c6f00138c6e73f3c,640,480,False,None,None,18,dataset_v4,v4_tr_ai_genimage_00128.png,ACCEPT,Clean,False
DEF_REAL_373,REAL,5923,validation-00001-of-00002.parquet,1423,b06afc00ab59bcff001c14b614ba6aef5417cf53520d28b319a616152e4fc702,fae8443e73c1cd14,426,640,False,None,None,14,dataset_v4,v4_tr_ai_genimage_00355.png,ACCEPT,Clean,False
DEF_REAL_374,REAL,6316,validation-00001-of-00002.parquet,1816,e7df70e6c5461953ec1fa7545bd33aedbf8e855ced77655eeadad41338f36295,991b5bf4831f64c2,640,501,False,None,None,16,dataset_v4,v4_tr_ai_modern_00149.png,ACCEPT,Clean,False
DEF_REAL_375,REAL,4907,validation-00001-of-00002.parquet,407,b03efe6d4557c5207ed0cc3b8f9c6c1922cc877f9a86482f446f9c02a381345b,909ce1e5dac25367,640,329,False,None,None,16,dataset_v4,v4_te_ai_historical_style_00024.png,ACCEPT,Clean,False
DEF_REAL_376,REAL,7363,validation-00001-of-00002.parquet,2863,5cdb8ce75b23d4b33884b64737b38b6b9930d4ccec6532713731b41f5b4e064e,f1c5c63031c53eda,640,386,False,None,None,14,dataset_v4,v4_tr_ai_genimage_00198.png,ACCEPT,Clean,False
DEF_REAL_377,REAL,8899,validation-00001-of-00002.parquet,4399,4e075500e2c85a96a5faf6f7cc0d396550c0afc9784e8e7f6523e13236b10039,dffc7c0b2102f0d4,480,640,False,None,None,18,dataset_v4,v4_te_ai_genimage_00070.png,ACCEPT,Clean,False
DEF_REAL_378,REAL,8627,validation-00001-of-00002.parquet,4127,b7ef4bfbf922bce1dd9db22f50c6c8fb7ec8b3a83247e6186795d98fcf193470,ccb1185bf0e61da3,640,480,False,None,None,16,dataset_v4,v4_tr_real_genimage_00959.jpg,ACCEPT,Clean,False
DEF_REAL_379,REAL,1063,validation-00000-of-00002.parquet,1063,47b40acf47e7dcc65ef41cf75fea2ded9f3a6c9f177151356029e15f6f74d791,b2ed8b0f5a24f035,500,413,False,None,None,16,manipulation_v1,orig_480776.png,ACCEPT,Clean,False
DEF_REAL_380,REAL,8154,validation-00001-of-00002.parquet,3654,83798c0a43e9d4f65c89d311dadaca9010bcea3f7b353a2590e30adb5c89b74a,bf81506a9a5d474e,480,640,False,None,None,14,dataset_v4,v4_tr_real_historical_00038.jpg,ACCEPT,Clean,False
DEF_REAL_381,REAL,7476,validation-00001-of-00002.parquet,2976,beb211892bab184af85dc0c465f8d60bc785448ed691deff2c31797f20f68b6f,8a5fa3e14cb251b3,640,614,False,None,None,18,dataset_v4,v4_va_real_genimage_00150.jpg,ACCEPT,Clean,False
DEF_REAL_382,REAL,6248,validation-00001-of-00002.parquet,1748,60796f34021ffbeb24a914f55429717b843be716334d75ff23812fb592c0bc90,c95463f835cb149d,500,375,False,None,None,16,MagicBrush,mb_manip_465825_turn1.png,ACCEPT,Clean,False
DEF_REAL_383,REAL,5786,validation-00001-of-00002.parquet,1286,617f0a26b1a8fac111838af187b8b9c02fc6da830145039f9f820e2a42fc0d6a,e5b10a6f54f20de2,480,640,False,None,None,16,dataset_v4,v4_tr_real_genimage_00783.jpg,ACCEPT,Clean,False
DEF_REAL_384,REAL,4959,validation-00001-of-00002.parquet,459,7b819677a5c688af09249c3ace0eaf5da14d97a4827be10143fae7080e465497,ebe495dc931a831a,640,401,False,None,None,16,dataset_v4,v4_va_ai_modern_00028.png,ACCEPT,Clean,False
DEF_REAL_385,REAL,2235,validation-00000-of-00002.parquet,2235,80c2fcdca7374167a0a6308999ee69959bf9d06872f3c02b229d32f401f41ac9,94a47d4f0d85e933,640,427,False,None,None,16,dataset_v4,v4_tr_real_genimage_00348.jpg,ACCEPT,Clean,False
DEF_REAL_386,REAL,7006,validation-00001-of-00002.parquet,2506,4ae16be8bd3c607f423d6ffc78b6080c825c4202146e901e46501686555d31e4,ffd2084d2c6426de,375,500,False,None,None,16,dataset_v4,v4_va_ai_genimage_00105.png,ACCEPT,Clean,False
DEF_REAL_387,REAL,7116,validation-00001-of-00002.parquet,2616,6ba29eeb56963d3e1f282cfea0356f52e1915c7eceb107d5b4f3cc38cd8bd9b0,9d5541b64a9999bc,607,640,False,None,None,18,dataset_v4,v4_tr_real_genimage_00483.jpg,ACCEPT,Clean,False
DEF_REAL_388,REAL,2163,validation-00000-of-00002.parquet,2163,81b4cc0da9c422a274266a2d14490d392f300784e435bc9032f43ce93fb8bb9e,9911a9b191d799bc,471,640,False,None,None,16,PIPE,pipe_manip_293071.png,ACCEPT,Clean,False
DEF_REAL_389,REAL,6068,validation-00001-of-00002.parquet,1568,63fd80aa63b4cfac54eb9985f342b79258e7aeee0316a09ec0dbc620feec5056,95c427266a917a7e,587,640,False,None,None,12,manipulation_v1,orig_548377.png,ACCEPT,Clean,False
DEF_REAL_390,REAL,3761,validation-00000-of-00002.parquet,3761,17b490f752b8938883c026d0e5fd5556952ae381bcf86a49bfb3a4695d179cbf,97c31abdc0318fe4,480,640,False,None,None,16,dataset_v4,v4_va_ai_genimage_00050.png,ACCEPT,Clean,False
DEF_REAL_391,REAL,5886,validation-00001-of-00002.parquet,1386,50fb9c33013225e74b78efe3c0f8e9c8e1a45bb4c96575a33d99508ba58fadf2,87316e3853d6c5cc,480,640,False,None,None,18,dataset_v4,v4_tr_ai_genimage_00870.png,ACCEPT,Clean,False
DEF_REAL_392,REAL,7619,validation-00001-of-00002.parquet,3119,38c077aefa06460463fa0a38354c621e2f10555160c63b6b823171b5b50dc30a,dbcf3ca464c43472,640,427,False,None,None,14,dataset_v4,v4_tr_real_historical_00048.jpg,ACCEPT,Clean,False
DEF_REAL_393,REAL,3578,validation-00000-of-00002.parquet,3578,1ce9d06f6a7c2ee4ce3208224f134dee56e3d8528857b97fc42037539f4a6080,bf97870f8c3ec060,640,426,False,None,None,18,dataset_v4,v4_te_ai_genimage_00185.png,ACCEPT,Clean,False
DEF_REAL_394,REAL,7733,validation-00001-of-00002.parquet,3233,43e14c9873dc9fff61c8a8c2fadf39c218bd5b1f910c072faefcc96bd4937a5f,ad806c47667b93c5,640,427,False,None,None,16,dataset_v4,v4_tr_real_genimage_00220.jpg,ACCEPT,Clean,False
DEF_REAL_395,REAL,3854,validation-00000-of-00002.parquet,3854,ffb30ae4291c7aceefd20615e7a52e1f4cfa442eb80d283ee449f413fb490e03,8a3eb2cb94344b6e,640,480,False,None,None,18,dataset_v4,v4_tr_ai_genimage_00354.png,ACCEPT,Clean,False
DEF_REAL_396,REAL,1545,validation-00000-of-00002.parquet,1545,7276f58b95e629b9498067e1a95144a83467cefd4d58a5889461d16ed823bb4e,e11eb0e19ec176d8,640,426,False,None,None,16,dataset_v4,v4_tr_ai_modern_00108.png,ACCEPT,Clean,False
DEF_REAL_397,REAL,8254,validation-00001-of-00002.parquet,3754,6d58e3883348a67c12e1494e9193a063fea3dfe82fccb4d2678941b0b1d11ec3,a8b4e35a7ac8361e,640,333,False,None,None,18,dataset_v4,v4_va_ai_modern_00011.jpg,ACCEPT,Clean,False
DEF_REAL_398,REAL,8718,validation-00001-of-00002.parquet,4218,256539ff828834950aab96abc5abfc373cb212ed45350ff5732e4720b29a2012,dfcd247231319c78,427,640,False,None,None,14,dataset_v4,v4_tr_real_genimage_01033.jpg,ACCEPT,Clean,False
DEF_REAL_399,REAL,4673,validation-00001-of-00002.parquet,173,988f581b5eaa28908ced1aaafc2dc0c75e73c0ad1f17e1cabdbe63eafe97ec62,932ce6db19245bb1,480,640,False,None,None,12,dataset_v4,v4_tr_real_genimage_01017.jpg,ACCEPT,Clean,False
DEF_REAL_REP_001,REAL,5965,validation-00001-of-00002.parquet,1465,bf77ada06b67037a99de63fee0850295f81abe2881956290529c7988effb0898,9597d538c6c512cd,500,375,False,None,None,16,MagicBrush,mb_manip_81944_turn1.png,ACCEPT,Clean,True
DEF_SD3_001,SD3,595,validation-00000-of-00002.parquet,595,73da751a73ae8a42fe7ceda3f29c2470ed54d1b196dbacd89e799746a0964583,cecf393066c6c919,1024,1024,False,None,None,12,dataset_v4,v4_tr_real_genimage_00974.jpg,ACCEPT,Clean,False
DEF_SD3_002,SD3,695,validation-00000-of-00002.parquet,695,3130e4880ce327f3dedeb95297538452de0914c16d48ede5c4aeb85431f4ab18,d3d389a1ad2c8baa,1024,1024,False,None,None,16,dataset_v4,v4_tr_ai_modern_00229.png,ACCEPT,Clean,False
DEF_SD3_003,SD3,4693,validation-00001-of-00002.parquet,193,853fe2738de13e49860237ee1f9575cdacd8745c1746a5af248f260c350170aa,a61b39b7b60519d2,1024,1024,False,None,None,16,dataset_v4,v4_tr_real_genimage_00146.jpg,ACCEPT,Clean,False
DEF_SD3_004,SD3,8414,validation-00001-of-00002.parquet,3914,7ca31fef8a1a75e452d053335c232c430a06198b0ffeb60c0011d23eb6313310,8fb449d89296e23e,1024,1024,False,None,None,18,dataset_manipulation_v2,pair_mb_114692_manip.png,ACCEPT,Clean,False
DEF_SD3_005,SD3,4710,validation-00001-of-00002.parquet,210,93d38997e36e8127265706d91b637345553e761eb77793c62a3a7eba1e81d158,9a96e1691ac7e1b8,1024,1024,False,None,None,16,dataset_v4,v4_va_ai_genimage_00098.png,ACCEPT,Clean,False
DEF_SD3_006,SD3,3145,validation-00000-of-00002.parquet,3145,b22ec65aa3020248988010b5934caeab0873930b6ea658382e91994dccb4c54f,9888810de6e777f1,1024,1024,False,None,None,16,PIPE,pipe_manip_356424.png,ACCEPT,Clean,False
DEF_SD3_007,SD3,2767,validation-00000-of-00002.parquet,2767,89c1eed5812240e311ca78719c3b19eb52874131dd9891ec431c7d2d6250445d,d92cf4914ca59f25,1024,1024,False,None,None,18,dataset_v4,v4_te_ai_genimage_00122.png,ACCEPT,Clean,False
DEF_SD3_008,SD3,4203,validation-00000-of-00002.parquet,4203,d2a827fa56587c7bcfc0d35a3f2fb774f3e499fe0e6290eaaf3e70bfa0bed61b,f6b9a94446f28b49,1024,1024,False,None,None,14,dataset_v4,v4_tr_ai_genimage_00762.png,ACCEPT,Clean,False
DEF_SD3_009,SD3,6777,validation-00001-of-00002.parquet,2277,2cbd84d26e836456bc50984f2d69e1f956bd27017810923795d3c7ce82a474f0,9cc883ead4786f98,1024,1024,False,None,None,16,dataset_v4,v4_tr_ai_genimage_00131.png,ACCEPT,Clean,False
DEF_SD3_010,SD3,5848,validation-00001-of-00002.parquet,1348,e506cc8a4e1f5353e59f1aaeff5445b05013392e5d9cc51868203de13abdc621,9ab6a279c932e11e,1024,1024,False,None,None,16,dataset_v4,v4_tr_ai_genimage_00012.png,ACCEPT,Clean,False
DEF_SD3_011,SD3,5901,validation-00001-of-00002.parquet,1401,d953ed25c16cf175a549a4ca405094fdf6c15f690cbc93f2f8c560a48fe7f0cb,a4e9db16a4e95923,1024,1024,False,None,None,12,PIPE,pipe_orig_79565.png,ACCEPT,Clean,False
DEF_SD3_012,SD3,3584,validation-00000-of-00002.parquet,3584,5664ea1ef1a463680675fd754dd7b1e773e2962a10f52e58e4f4a2bdd4a57fb6,d939d47b2be860a1,1024,1024,False,None,None,16,dataset_v4,v4_tr_ai_genimage_00192.png,ACCEPT,Clean,False
DEF_SD3_013,SD3,2186,validation-00000-of-00002.parquet,2186,8b9136b71fa65737159f65b3a8e1a9ac9fd0fe6a64992110961f49f79aec6306,b1d1ccae92833d4d,1024,1024,False,None,None,16,dataset_v4,v4_te_real_genimage_00011.jpg,ACCEPT,Clean,False
DEF_SD3_014,SD3,84,validation-00000-of-00002.parquet,84,f300cec65b04dcfa962a50cababc3f3d5836d2a6a5181828547ef4453dc1bcdf,fc935c95b1b24986,1024,1024,False,None,None,16,dataset_v4,v4_te_real_historical_00006.jpg,ACCEPT,Clean,False
DEF_SD3_015,SD3,421,validation-00000-of-00002.parquet,421,47f7a59a1d7b85c568cd0afc4f2318e2d3f54baf4fd9b67c44232695df66bf92,eed1e12c5a21b4da,1024,1024,False,None,None,18,dataset_v4,v4_tr_ai_genimage_00367.png,ACCEPT,Clean,False
DEF_SD3_016,SD3,5016,validation-00001-of-00002.parquet,516,41e2732bbd7836f75ea8a0093fc90bd4872f3015a45987511fd09edf6d9930bf,99f2a6ce063867e8,1024,1024,False,None,None,14,MagicBrush,mb_manip_188216_turn3.png,ACCEPT,Clean,False
DEF_SD3_017,SD3,1448,validation-00000-of-00002.parquet,1448,447ea8e9d929b762f0caa7d6aa3d345e062bfbb4470ed57b11abb499f9c4fefd,c6f319646799e20e,1024,1024,False,None,None,14,dataset_v4,v4_tr_real_genimage_00796.jpg,ACCEPT,Clean,False
DEF_SD3_018,SD3,2927,validation-00000-of-00002.parquet,2927,7f753cd995db48d395e14040da6555be8936bf668a759f3c79f51c9272136378,808f1f873f8f47c0,1024,1024,False,None,None,18,dataset_v4,v4_tr_ai_genimage_00662.png,ACCEPT,Clean,False
DEF_SD3_019,SD3,2791,validation-00000-of-00002.parquet,2791,dafdbfbbced9a0b8ebd0ad0880d892b96bcd3549a3e2a0a6d6b22e63bdb3b320,93a7e8d0e47ac45c,1024,1024,False,None,None,18,dataset_v4,v4_tr_ai_genimage_00057.png,ACCEPT,Clean,False
DEF_SD3_020,SD3,8494,validation-00001-of-00002.parquet,3994,a79161a3bd3d2f14d207929fd19689396715cac28cc54b77896f7344ea06c42f,d9e2b21995f4a42d,1024,1024,False,None,None,18,dataset_v4,v4_tr_ai_genimage_00551.png,ACCEPT,Clean,False
DEF_SD3_021,SD3,7951,validation-00001-of-00002.parquet,3451,4741e7ce455d833552a203ce15a99ddf5caf5378ca51f88de300eeb0d9e65b3f,9f405f1f31d6e288,1024,1024,False,None,None,14,dataset_v4,v4_va_ai_genimage_00053.png,ACCEPT,Clean,False
DEF_SD3_022,SD3,7338,validation-00001-of-00002.parquet,2838,1afbc4650b5600180c3cb69bcefed28fd58c1f3dd5d38c8ddcfbf843b180b71d,c43d629bfcc11ee0,1024,1024,False,None,None,18,dataset_v4,v4_tr_ai_modern_00091.png,ACCEPT,Clean,False
DEF_SD3_023,SD3,4597,validation-00001-of-00002.parquet,97,a2d85e52cc060e272af544f9e2344dcd2b10816b89db49ac623374f59dac4551,cc16534b78acb6f0,1024,1024,False,None,None,18,dataset_v4,v4_te_ai_genimage_00009.png,ACCEPT,Clean,False
DEF_SD3_024,SD3,3979,validation-00000-of-00002.parquet,3979,128bdb51799b4bc13853b100582d88a0971619b4aede8fa987e9393f16f294f7,e5a69a7947192966,1024,1024,False,None,None,16,dataset_v4,v4_te_ai_genimage_00172.png,ACCEPT,Clean,False
DEF_SD3_025,SD3,7894,validation-00001-of-00002.parquet,3394,65addbdef607d0bb5cfac85bdd517743fc8b13d5655a3023cccc523839eda284,d6d67068ccc8c3e3,1024,1024,False,None,None,16,dataset_v4,v4_tr_ai_genimage_00397.png,ACCEPT,Clean,False
DEF_SD3_026,SD3,403,validation-00000-of-00002.parquet,403,68f8fad3b389fa09e01c9c18a5b6ce5a231bf6758ff21afddfa7ae247781dfea,921299b9a9cdeda8,1024,1024,False,None,None,16,dataset_v4,v4_tr_ai_genimage_01045.png,ACCEPT,Clean,False
DEF_SD3_027,SD3,8686,validation-00001-of-00002.parquet,4186,0b22fdecfa1ce81a0d391815f355ef88741543dfcb1e56b569ae3e0e9f9e998e,d5add02f4a3540b7,1024,1024,False,None,None,16,PIPE,pipe_manip_440508.png,ACCEPT,Clean,False
DEF_SD3_028,SD3,4440,validation-00000-of-00002.parquet,4440,d56ad724abe8d724d8203611b717ec454dbd8920ec56d9d563703451ae87ea15,ef90b0e7c7323238,1024,1024,False,None,None,16,dataset_v4,v4_tr_real_genimage_00135.jpg,ACCEPT,Clean,False
DEF_SD3_029,SD3,6341,validation-00001-of-00002.parquet,1841,30a29a210f480e1adb8ae1953adb54a33f4aa0bbddc8e5b52c0a1f03a9bc983a,a020f49b4f9edd4c,1024,1024,False,None,None,18,dataset_v4,v4_tr_ai_historical_style_00128.jpg,ACCEPT,Clean,False
DEF_SD3_030,SD3,4408,validation-00000-of-00002.parquet,4408,9f99623c719dc0889507ad9b48a803a23bed6ade6aaf0b9c6bb66f73330bbc72,be80814bc52f6bb5,1024,1024,False,None,None,12,dataset_v4,v4_va_real_modern_00002.png,ACCEPT,Clean,False
DEF_SD3_031,SD3,25,validation-00000-of-00002.parquet,25,1adfb73588e2c49fd9249373b9dc9612fd9d9b0b8fbe434f37bcff0fea02374d,b6368521f8c5887f,1024,1024,False,None,None,18,dataset_v4,v4_tr_ai_modern_00114.png,ACCEPT,Clean,False
DEF_SD3_032,SD3,628,validation-00000-of-00002.parquet,628,3ce6eb674a743d8be4bce84d5eaaa69595650c7e86762b061b4b56733d758d02,d963e60cd933668c,1024,1024,False,None,None,12,dataset_v4,v4_tr_ai_genimage_00056.png,ACCEPT,Clean,False
DEF_SD3_033,SD3,1515,validation-00000-of-00002.parquet,1515,8aa6e25c30155d453138dfe459983a49809833595bc06656582cf17fee0377c0,c3dc4ed2dc07d0d8,1024,1024,False,None,None,16,PIPE,pipe_manip_309938.png,ACCEPT,Clean,False
DEF_SD3_034,SD3,8656,validation-00001-of-00002.parquet,4156,da4ade688f45ee3681bb3f3098216eafe348664a2fbdc7d2fc82e4db770f76c3,dafac18515166a7a,1024,1024,False,None,None,16,dataset_v4,v4_tr_real_genimage_00275.jpg,ACCEPT,Clean,False
DEF_SD3_035,SD3,4531,validation-00001-of-00002.parquet,31,9eff1eef067f7efba0cfd5f6a2abe994dab6080aa58a6beb1bf10afb72074215,9df0c38e789760e1,1024,1024,False,None,None,16,dataset_v4,v4_tr_ai_genimage_00940.png,ACCEPT,Clean,False
DEF_SD3_036,SD3,5330,validation-00001-of-00002.parquet,830,d1572433eacd935b119c8a6caa6d68a92faa6adb8dfed46898c9fc322a8e101f,e4f61a686185ea9b,1024,1024,False,None,None,16,dataset_v4,v4_tr_real_genimage_00010.jpg,ACCEPT,Clean,False
DEF_SD3_037,SD3,2275,validation-00000-of-00002.parquet,2275,2b617e049bbd94ee7ffbbc1bc89a0edfd8df24c0441ade2c3a7fb372bcc206c8,c3d13c66671ce760,1024,1024,False,None,None,14,dataset_v4,v4_va_ai_genimage_00026.png,ACCEPT,Clean,False
DEF_SD3_038,SD3,89,validation-00000-of-00002.parquet,89,a3a7e6d68988b11def0c682e8e649f886e6d83efcd62beba4a4fba42a35a0e21,91a0e65939a6e679,1024,1024,False,None,None,14,dataset_v4,v4_te_ai_genimage_00101.png,ACCEPT,Clean,False
DEF_SD3_039,SD3,192,validation-00000-of-00002.parquet,192,e757599cb7d32f5eb9f3db85b12a88b7d87fe3cb2f50e5891df8efff12c56950,cacbd5f43a16608b,1024,1024,False,None,None,16,dataset_v4,v4_tr_real_historical_00046.jpg,ACCEPT,Clean,False
DEF_SD3_040,SD3,1983,validation-00000-of-00002.parquet,1983,1acbc84bdd6ebff0785d03f3015fcc7ce2e5d04d51a691d6774cca1ea763e498,c493d16c9329de27,1024,1024,False,None,None,18,dataset_v4,v4_tr_ai_genimage_00684.png,ACCEPT,Clean,False
DEF_SD3_041,SD3,6474,validation-00001-of-00002.parquet,1974,ba5dc6e9167e8fdf065341ff792e642f84be5b1d87cad295db97362c17c510fa,9cdc13c43c8bf199,1024,1024,False,None,None,16,dataset_v4,v4_te_ai_genimage_00089.png,ACCEPT,Clean,False
DEF_SD3_042,SD3,5009,validation-00001-of-00002.parquet,509,f184e70f7744b59e00bbf6eb1056350a0d49ab8aaf84d7750b3dfd8f4e1934c2,980ca6e65959e5e3,1024,1024,False,None,None,16,dataset_v4,v4_te_ai_genimage_00027.png,ACCEPT,Clean,False
DEF_SD3_043,SD3,4630,validation-00001-of-00002.parquet,130,5526a3dea9b764a6392cdaf9c52e411e62b618d9ce790531ed47bc667c44ad6b,b83f7f80db5f00a0,1024,1024,False,None,None,18,dataset_manipulation_v2,pair_pipe_65b53fd0fcb663a2_manip.png,ACCEPT,Clean,False
DEF_SD3_044,SD3,7701,validation-00001-of-00002.parquet,3201,4c667b2165d879eb11d020463a713daed74f5ff5302c43bd56185f41a744c501,d5cd2a36e50ad962,1024,1024,False,None,None,16,dataset_v4,v4_tr_ai_genimage_00177.png,ACCEPT,Clean,False
DEF_SD3_045,SD3,290,validation-00000-of-00002.parquet,290,e0e2fe513cc70e42b3bab3a4a3851f7b92e38d4b5fbf78a1c397771d4c1e31e7,d3b33ccc20a119f7,1024,1024,False,None,None,16,dataset_v4,v4_tr_ai_genimage_00190.png,ACCEPT,Clean,False
DEF_SD3_046,SD3,3151,validation-00000-of-00002.parquet,3151,a37751056b8661010a31be8705bff97a44066b66d8dd0e9ee4f9670dab94d57b,bd1f92333c6c82c3,1024,1024,False,None,None,16,dataset_v4,v4_te_ai_genimage_00185.png,ACCEPT,Clean,False
DEF_SD3_047,SD3,8410,validation-00001-of-00002.parquet,3910,b9f4e113828f3d748a4f058773592e464bf630601be24befac0e4f94ed259f6f,8f04ccdb31ea6a95,1024,1024,False,None,None,18,dataset_v4,v4_tr_ai_genimage_00436.png,ACCEPT,Clean,False
DEF_SD3_048,SD3,245,validation-00000-of-00002.parquet,245,cefd4b3305efadf70b2b78852cc313bc29a1584735ec84078e04c3550787e74c,9568c7e6a09e683d,1024,1024,False,None,None,16,dataset_v4,v4_tr_real_genimage_00201.jpg,ACCEPT,Clean,False
DEF_SD3_049,SD3,6292,validation-00001-of-00002.parquet,1792,49915abaeebf8c5a29fa23411cf022790502512aff06f8bee892eaab96bdd7e7,c1c3f07e473c1bb0,1024,1024,False,None,None,14,dataset_manipulation_v2,pair_pipe_415642f748858c17_manip.png,ACCEPT,Clean,False
DEF_SD3_050,SD3,4967,validation-00001-of-00002.parquet,467,97db20695f5084a6ae43b464a694f7c0054874d1497ba54e869fb74f0f2a6b23,d7b8a82771cad42a,1024,1024,False,None,None,16,dataset_v4,v4_va_real_genimage_00213.jpg,ACCEPT,Clean,False
DEF_SD3_051,SD3,739,validation-00000-of-00002.parquet,739,6139d11ded0cca6f1cb5bcfc42c06d7c70799b6f05453ec6e9393d47b58b33f0,d40c1e3f39e6cc38,1024,1024,False,None,None,16,dataset_v4,v4_te_real_genimage_00034.jpg,ACCEPT,Clean,False
DEF_SD3_052,SD3,2867,validation-00000-of-00002.parquet,2867,eaf4c9076adfd6d55a75e7d660052c4b5a6ecab6e867f5ac0ffd2e096c528e84,97a627cc38c39639,1024,1024,False,None,None,18,dataset_v4,v4_tr_ai_modern_00148.jpg,ACCEPT,Clean,False
DEF_SD3_053,SD3,0,validation-00000-of-00002.parquet,0,4f98ba2b72e244e1b5eb5419e7bbaa6c2dbf53a66b425731cbc65c42ad96e4f3,89c805f778c73b38,1024,1024,False,None,None,16,dataset_manipulation_v2,pair_pipe_bd29196dd8066608_manip.png,ACCEPT,Clean,False
DEF_SD3_054,SD3,6833,validation-00001-of-00002.parquet,2333,e9dd07a67c938fc25030185733eaef9afd724ce2d75c376f56ba9d1f418609e6,915f4c1e3363cc1e,1024,1024,False,None,None,12,dataset_manipulation_v2,pair_tgif_ps_135673_manip.png,ACCEPT,Clean,False
DEF_SD3_055,SD3,3248,validation-00000-of-00002.parquet,3248,4767898dd438e27fdf23f4d6f406a8b080f57c1d9099ef7a4ec8136fb62ec281,cfe64b35a9a95052,1024,1024,False,None,None,18,dataset_v4,v4_te_ai_genimage_00063.png,ACCEPT,Clean,False
DEF_SD3_056,SD3,2033,validation-00000-of-00002.parquet,2033,7f3008af7160e7ab222eea0fc8cdaa4f7de915f6c4ad0ef718304df99f474910,b6c2c92d6cd2332d,1024,1024,False,None,None,10,dataset_v4,v4_tr_ai_historical_style_00074.png,ACCEPT,Clean,False
DEF_SD3_057,SD3,1595,validation-00000-of-00002.parquet,1595,48dbcb0223b9b34b9ab63d2b98d5002d339b033878c6a63f5fcb58aca58b7d9f,fc0dadf8298748b8,1024,1024,False,None,None,16,MagicBrush,mb_orig_465825.png,ACCEPT,Clean,False
DEF_SD3_058,SD3,4316,validation-00000-of-00002.parquet,4316,fcfa0e8cbd64a2160eecd5ac1c9b1f97347bc59358776a89785b855ab65fc572,9ea10537b9a266da,1024,1024,False,None,None,14,PIPE,pipe_manip_345466.png,ACCEPT,Clean,False
DEF_SD3_059,SD3,4785,validation-00001-of-00002.parquet,285,0f7e5d33d9cf14242e33a83d77bd6b6f8cde39bc60436b8d730f6286041d7f8b,e5a30e5e19e5ba12,1024,1024,False,None,None,16,dataset_v4,v4_tr_ai_genimage_00166.png,ACCEPT,Clean,False
DEF_SD3_060,SD3,1969,validation-00000-of-00002.parquet,1969,91b3cb2dfdc5acb91ca65840a5b49084245b4ec7fe905cd48c7429c4ef34c39c,dd4ccdb1b087d838,1024,1024,False,None,None,14,dataset_v4,v4_te_real_genimage_00052.jpg,ACCEPT,Clean,False
DEF_SD3_061,SD3,7666,validation-00001-of-00002.parquet,3166,6413bf5a44ccb8e1682eca394a19149c1a51864c948467988f6b8ea1412b4069,d5ad2abb6925019b,1024,1024,False,None,None,16,dataset_v4,v4_te_ai_genimage_00025.png,ACCEPT,Clean,False
DEF_SD3_062,SD3,1310,validation-00000-of-00002.parquet,1310,c89047d7d0d2fca1dbe11a27b878df1f1f88212d8f37fc72d729b8b4717bacf9,88c6219aed27de3c,1024,1024,False,None,None,16,dataset_v4,v4_va_real_modern_00035.jpg,ACCEPT,Clean,False
DEF_SD3_063,SD3,6416,validation-00001-of-00002.parquet,1916,9c7176c333d3f3aa0045b69a64e3b2e76c23378db0fc8d68fd1ba52f02794193,ff3c81c8bc5e6141,1024,1024,False,None,None,16,dataset_v4,v4_tr_real_genimage_00331.jpg,ACCEPT,Clean,False
DEF_SD3_064,SD3,6593,validation-00001-of-00002.parquet,2093,8a18b5a5568f9087c430282657183145606deafe320a783c607e288ff6726d5a,bd03a67dc9d85382,1024,1024,False,None,None,16,dataset_v4,v4_tr_real_genimage_00785.jpg,ACCEPT,Clean,False
DEF_SD3_065,SD3,1059,validation-00000-of-00002.parquet,1059,3d7028763d2835f461563e78a73ea2f7f5d7fe4f239050a85ee6b20beedc87b1,b6a6a644c89f931b,1024,1024,False,None,None,16,dataset_v4,v4_tr_real_genimage_00198.jpg,ACCEPT,Clean,False
DEF_SD3_066,SD3,2952,validation-00000-of-00002.parquet,2952,d1bee2eb6d269813a2cbf9be2d88ae82b389bc3dce4aa8398e3b94bfa469e639,8a8eccce26e2ab71,1024,1024,False,None,None,18,dataset_v4,v4_tr_ai_modern_00178.png,ACCEPT,Clean,False
DEF_SD3_067,SD3,2217,validation-00000-of-00002.parquet,2217,33c72f258daec5484e5f714281764082011ea2a2fa5a8bf052e23835c2615a72,d6be499835c2371c,1024,1024,False,None,None,16,dataset_v4,v4_te_ai_modern_00034.png,ACCEPT,Clean,False
DEF_SD3_068,SD3,924,validation-00000-of-00002.parquet,924,497a546849099ea7c0f2d845313b2e586b2e75f4d708d36e5cc61b16020d3d72,e5bcdc2d5392d821,1024,1024,False,None,None,16,PIPE,pipe_orig_172617.png,ACCEPT,Clean,False
DEF_SD3_069,SD3,4130,validation-00000-of-00002.parquet,4130,efd55cf438365318fcf166195593ad67182c6072d46eae852f96e60ab82d4407,eaca953548daf225,1024,1024,False,None,None,12,dataset_v4,v4_tr_real_genimage_00673.jpg,ACCEPT,Clean,False
DEF_SD3_070,SD3,6450,validation-00001-of-00002.parquet,1950,4110d0ba89677fb8078cb0d4e79e716bb12e530cd30c3e3f26b61dad874f356e,9cd163e7cc6e181c,1024,1024,False,None,None,14,dataset_v4,v4_tr_real_genimage_00465.jpg,ACCEPT,Clean,False
DEF_SD3_071,SD3,2081,validation-00000-of-00002.parquet,2081,a95d37f18515af3355ceb2796c06ea1151720ea5471769fc0755956876fb39e7,958d6892333e876b,1024,1024,False,None,None,16,dataset_v4,v4_tr_ai_modern_00068.png,ACCEPT,Clean,False
DEF_SD3_072,SD3,5721,validation-00001-of-00002.parquet,1221,d6840386aef4c3ef8982401489e1fe37fa6a0517950f5ba0b4242a459f932245,a7709ece69863866,1024,1024,False,None,None,16,PIPE,pipe_manip_279714.png,ACCEPT,Clean,False
DEF_SD3_073,SD3,8058,validation-00001-of-00002.parquet,3558,bfa92a7f62244ef6a97c352ce9e3c45ce572ec1c3c674e984fb3382bb2614182,e696c92f146b992c,1024,1024,False,None,None,16,dataset_v4,v4_tr_ai_genimage_00069.png,ACCEPT,Clean,False
DEF_SD3_074,SD3,164,validation-00000-of-00002.parquet,164,97059b6722754e75cfd436ed5a8ea2e00e8549682cd72d7dd153d56b1b428f22,a479ca96c94be8e4,1024,1024,False,None,None,18,dataset_v4,v4_tr_ai_genimage_00530.png,ACCEPT,Clean,False
DEF_SD3_075,SD3,3083,validation-00000-of-00002.parquet,3083,47b2987ec4f7c009a795a1d3ab22b5106d5b1b11c6e00f104341344ad70a45f8,87e158a16b5c77c8,1024,1024,False,None,None,18,dataset_v4,v4_va_ai_genimage_00031.png,ACCEPT,Clean,False
DEF_SD3_076,SD3,4124,validation-00000-of-00002.parquet,4124,02f8a8c0b1cb455f166b2a7c18cfe8ab69120f8a0a4e62294fd80be92287f428,feb085cf209533cc,1024,1024,False,None,None,18,dataset_v4,v4_tr_ai_genimage_01047.png,ACCEPT,Clean,False
DEF_SD3_077,SD3,8308,validation-00001-of-00002.parquet,3808,74bd2e6605b773d698d51fdcc310bd6ee26b4749664e51bb1f2a71fe801d71d0,921b9b16fca49c8b,1024,1024,False,None,None,18,dataset_v4,v4_va_real_genimage_00146.jpg,ACCEPT,Clean,False
DEF_SD3_078,SD3,8980,validation-00001-of-00002.parquet,4480,7030f73de9cdccd7f810d478b17e26a9603b34c6b3ce4617a5e03d3e41458a6f,e58c1a73f8a4275a,1024,1024,False,None,None,14,PIPE,pipe_orig_441247.png,ACCEPT,Clean,False
DEF_SD3_079,SD3,8371,validation-00001-of-00002.parquet,3871,dc9b8925bcc682a4b0e43c52185b4d1f7e16aed49abba7d51e6d9f5bbf3d37ee,d6c1af294ad8f505,1024,1024,False,None,None,14,dataset_v4,v4_va_real_modern_00040.jpg,ACCEPT,Clean,False
DEF_SD3_080,SD3,962,validation-00000-of-00002.parquet,962,e8062dc53f521f0702846076c6833d6fd96615b5e7d2da3f94e6be359490797c,b3247ce3c01eb31e,1024,1024,False,None,None,16,PIPE,pipe_manip_320696.png,ACCEPT,Clean,False
DEF_SD3_081,SD3,5769,validation-00001-of-00002.parquet,1269,4edee890b8a3a0ae883ada8fbf1cc7150d4e22baccad91ba232999cbbcb78c0d,bfbdc2c2d04ec2c2,1024,1024,False,None,None,16,dataset_v4,v4_tr_real_genimage_00954.jpg,ACCEPT,Clean,False
DEF_SD3_082,SD3,8553,validation-00001-of-00002.parquet,4053,9f364eef83783dbb3bfd459b35edd84ef480a17a36774574f207e20d2ecff230,d5ac1a932fc2652b,1024,1024,False,None,None,12,dataset_v4,v4_tr_ai_genimage_01038.png,ACCEPT,Clean,False
DEF_SD3_083,SD3,5520,validation-00001-of-00002.parquet,1020,0734aa718637fd8987a7d19901413bf74045565287012b29412c4ef844d63709,9a8dd512383f69c9,1024,1024,False,None,None,16,dataset_v4,v4_tr_real_modern_00067.png,ACCEPT,Clean,False
DEF_SD3_084,SD3,4231,validation-00000-of-00002.parquet,4231,9a92585d92ed6710095c1386cc751fbb58f7a27774ac5c6a92ee4947e0b576a7,b7056d4a7e8ac8a3,1024,1024,False,None,None,18,dataset_v4,v4_tr_ai_historical_style_00081.jpg,ACCEPT,Clean,False
DEF_SD3_085,SD3,2248,validation-00000-of-00002.parquet,2248,d4e8b81c0e649dfdf3df4840988cadda819e793d465110c7de1fa95cf24725d4,e79c8c61926ef129,1024,1024,False,None,None,16,dataset_v4,v4_tr_ai_genimage_00832.png,ACCEPT,Clean,False
DEF_SD3_086,SD3,4282,validation-00000-of-00002.parquet,4282,221c5562fa72a264dea4a17276beb09e93a0194bd679ffb493b8d561422a05dc,991c9c7dae336494,1024,1024,False,None,None,18,dataset_v4,v4_tr_ai_genimage_00262.png,ACCEPT,Clean,False
DEF_SD3_087,SD3,8823,validation-00001-of-00002.parquet,4323,955b2785fb1fe03ab6cfd4363ef3de001108912640befb677ee2b2f031cbf196,deb2ccb92d6411d2,1024,1024,False,None,None,16,manipulation_v1,manip_292451_turn3.png,ACCEPT,Clean,False
DEF_SD3_088,SD3,5171,validation-00001-of-00002.parquet,671,e2cc23d50df29e2f2f29e4247b96194b323de9280d1563ec5262142d072cdf38,d091afeccda2c271,1024,1024,False,None,None,12,manipulation_v1,manip_565012_turn1.png,ACCEPT,Clean,False
DEF_SD3_089,SD3,7393,validation-00001-of-00002.parquet,2893,3d7e79c36e117f318fa594017cbec6b11037bcc03107f61f90bc15a085e93177,f777e8688282c30f,1024,1024,False,None,None,16,manipulation_v1,orig_365329.png,ACCEPT,Clean,False
DEF_SD3_090,SD3,5112,validation-00001-of-00002.parquet,612,efc1fc9caae6779209ce13f5a91d534e5b8bd26d73515f2948cfe37ab9d2d3e6,bdc0c02dbdd2c62d,1024,1024,False,None,None,12,dataset_v4,v4_va_real_genimage_00183.jpg,ACCEPT,Clean,False
DEF_SD3_091,SD3,4306,validation-00000-of-00002.parquet,4306,3844561c5995180b7fef20b4aac2365843657492b5c97b4392e9f555ce1c384e,b9d88723c61d9369,1024,1024,False,None,None,14,dataset_v4,v4_tr_ai_genimage_00601.png,ACCEPT,Clean,False
DEF_SD3_092,SD3,3727,validation-00000-of-00002.parquet,3727,9ae678ec07a1aa3d837e16eacaba2956a803db95f6cfd510735c37dbfe982ba8,b7c60c9b62d41d69,1024,1024,False,None,None,16,dataset_v4,v4_tr_ai_genimage_00605.png,ACCEPT,Clean,False
DEF_SD3_093,SD3,2065,validation-00000-of-00002.parquet,2065,508f37180b2283875aee49ad59a505a4bef3298eff8ead1902db199a657ad40a,d5d4399624cb1a67,1024,1024,False,None,None,18,dataset_v4,v4_te_real_modern_00029.jpg,ACCEPT,Clean,False
DEF_SD3_094,SD3,7045,validation-00001-of-00002.parquet,2545,cd245ec31143713dac431a2d4d6898c808849d9f9d5e14612e706da7fbd4be73,93adc48279f062be,1024,1024,False,None,None,16,dataset_v4,v4_te_real_modern_00006.jpg,ACCEPT,Clean,False
DEF_SD3_095,SD3,1748,validation-00000-of-00002.parquet,1748,763a9757181d47122bada930ff779f6e4648472f926b44a30e9faae608e80e32,a0807ecf67db0770,1024,1024,False,None,None,18,dataset_v4,v4_tr_ai_modern_00207.png,ACCEPT,Clean,False
DEF_SD3_096,SD3,5056,validation-00001-of-00002.parquet,556,13d6818cc5bfd4ae5e8c156e12b12f734ca50e5612b4ab4d59336f2f98b4a542,c74dc9f3f2b01b01,1024,1024,False,None,None,16,dataset_v4,v4_te_ai_genimage_00161.png,ACCEPT,Clean,False
DEF_SD3_097,SD3,2745,validation-00000-of-00002.parquet,2745,b84c7fb1673ce5f19fd0e7cd908e730e6392f27179ac078fd114286067bcd6d9,87c82ca46ad93eda,1024,1024,False,None,None,16,dataset_manipulation_v2,pair_mb_279131_manip.png,ACCEPT,Clean,False
DEF_SD3_098,SD3,5616,validation-00001-of-00002.parquet,1116,b90a3233c88004f80237cc6bb2479b160c8c1db8ee80d375402f7d7df8726432,e843966c63939da6,1024,1024,False,None,None,14,dataset_v4,v4_tr_real_genimage_00881.jpg,ACCEPT,Clean,False
DEF_SD3_099,SD3,8440,validation-00001-of-00002.parquet,3940,f054e42bcb9e09ec8dbb9b602e84195512bd9660da29958d17058b3faddba617,b62b4978f2c31ab8,1024,1024,False,None,None,14,dataset_v4,v4_tr_ai_genimage_00271.png,ACCEPT,Clean,False
DEF_SD3_100,SD3,647,validation-00000-of-00002.parquet,647,cf8537678c8f34ca3993e2669d4b1f888fee20a05542742c0ed3fbba8c4fb865,976005cfeba11e56,1024,1024,False,None,None,18,dataset_v4,v4_te_real_genimage_00223.jpg,ACCEPT,Clean,False
DEF_MIDJOURNEY_V6_001,MIDJOURNEY_V6,8674,validation-00001-of-00002.parquet,4174,c7c0a2a15ab91d7b302a05ffad582254c0888ec53a572baa204105420ee00aa6,d42da8ca2cd66735,436,436,False,None,None,16,dataset_v4,v4_tr_real_modern_00049.jpg,ACCEPT,Clean,False
DEF_MIDJOURNEY_V6_002,MIDJOURNEY_V6,2977,validation-00000-of-00002.parquet,2977,add96b61aa7f1b98e9959e5c1131cf15fd0f6489263363e2731089de306f64b6,f0d60af91fc01f61,436,436,False,None,None,16,manipulation_v1,orig_446005.png,ACCEPT,Clean,False
DEF_MIDJOURNEY_V6_003,MIDJOURNEY_V6,4250,validation-00000-of-00002.parquet,4250,0d320729e955719aca6a405f2ffc4a57a9c15b8a065d9c9c92bf3c606de31cc8,94cbe38cbd924c66,436,436,False,None,None,16,MagicBrush,mb_manip_569716_turn1.png,ACCEPT,Clean,False
DEF_MIDJOURNEY_V6_004,MIDJOURNEY_V6,4399,validation-00000-of-00002.parquet,4399,97ef3ebb620f09c739d7e1d4ffc5a6bdfa5158cdddab50634e245687c866697b,f919e11f04f68ec1,436,436,False,None,None,16,dataset_v4,v4_tr_real_genimage_00417.jpg,ACCEPT,Clean,False
DEF_MIDJOURNEY_V6_005,MIDJOURNEY_V6,3800,validation-00000-of-00002.parquet,3800,d158abe0f6102b2b81eab546a21dce5fa4362f52cb0cfcb710deeab04da3cb09,ba43e3391854eb35,436,436,False,None,None,16,dataset_v4,v4_te_ai_modern_00029.png,ACCEPT,Clean,False
DEF_MIDJOURNEY_V6_006,MIDJOURNEY_V6,8425,validation-00001-of-00002.parquet,3925,083abb530afd0718b41a202407fb13de628a1583f9b7dee55748709a67734c42,87cbb345e5506a39,436,436,False,None,None,18,dataset_v4,v4_tr_ai_genimage_00146.png,ACCEPT,Clean,False
DEF_MIDJOURNEY_V6_007,MIDJOURNEY_V6,7870,validation-00001-of-00002.parquet,3370,730822f206a7fe7b1a1eb525cd27304912c4675094270c79f3d90ce4f3fa3eae,b2971d6c47da9a90,436,436,False,None,None,14,manipulation_v1,orig_262207.png,ACCEPT,Clean,False
DEF_MIDJOURNEY_V6_008,MIDJOURNEY_V6,2600,validation-00000-of-00002.parquet,2600,6fb65e6caab1ab116a93bbe3f2b537d1a5d0dcd54a06359125e9bd0899830399,99e8e696686364f2,436,436,False,None,None,16,dataset_v4,v4_tr_real_genimage_00480.jpg,ACCEPT,Clean,False
DEF_MIDJOURNEY_V6_009,MIDJOURNEY_V6,1806,validation-00000-of-00002.parquet,1806,9af6740477cc3ede4fe0aaa8e0a208bdb2448cb56efc152f469d9fcf430e66b5,da423f72a4436ea5,436,436,False,None,None,18,dataset_v4,v4_tr_real_genimage_00211.jpg,ACCEPT,Clean,False
DEF_MIDJOURNEY_V6_010,MIDJOURNEY_V6,5210,validation-00001-of-00002.parquet,710,879a944042b58204d065880e38399e17389869042d6f51c55fde5d34cfd3f7a8,8139460b7574de76,436,436,False,None,None,14,dataset_v4,v4_te_ai_genimage_00054.png,ACCEPT,Clean,False
DEF_MIDJOURNEY_V6_011,MIDJOURNEY_V6,3945,validation-00000-of-00002.parquet,3945,d7ca7f17e17fa156fe971226608597571320a5fd0401bb69687e6d12f51c8d08,9f5c8873d70ce0aa,436,436,False,None,None,14,dataset_manipulation_v2,pair_pipe_df73c932ea33bde6_orig.png,ACCEPT,Clean,False
DEF_MIDJOURNEY_V6_012,MIDJOURNEY_V6,6413,validation-00001-of-00002.parquet,1913,f5ff12e8f65e50c29f9cf475514e470013430a7c1f5e6216efc61cb2b27605d1,869a32c569622f6f,436,436,False,None,None,14,MagicBrush,mb_orig_101420.png,ACCEPT,Clean,False
DEF_MIDJOURNEY_V6_013,MIDJOURNEY_V6,2120,validation-00000-of-00002.parquet,2120,380cfee4a37b730e1c6f9c30ee4c430b1ada15fcf871d988dc277789938caa2f,98bd6e6ac21d98b1,436,436,False,None,None,16,dataset_v4,v4_te_real_genimage_00100.jpg,ACCEPT,Clean,False
DEF_MIDJOURNEY_V6_014,MIDJOURNEY_V6,8416,validation-00001-of-00002.parquet,3916,4ec52b95df46357bf20ea39b780bf91382c076f431d66bc258d8cc692baf86ba,91918bea4af4fc98,436,436,False,None,None,16,dataset_v4,v4_tr_real_modern_00126.jpg,ACCEPT,Clean,False
DEF_MIDJOURNEY_V6_015,MIDJOURNEY_V6,6546,validation-00001-of-00002.parquet,2046,7da3016f2110c8dc03db636b0633b7a4931459a4a2e09ab8e544b075e4932889,c8d8ce3b706e322e,436,436,False,None,None,16,PIPE,pipe_manip_485844.png,ACCEPT,Clean,False
DEF_MIDJOURNEY_V6_016,MIDJOURNEY_V6,7580,validation-00001-of-00002.parquet,3080,2a8d1e17334364608d5012cf1c800d358b5cd8b9f69c7a432aa14d231f360389,c61861635e541ff9,436,436,False,None,None,18,dataset_v4,v4_tr_real_genimage_00467.jpg,ACCEPT,Clean,False
DEF_MIDJOURNEY_V6_017,MIDJOURNEY_V6,2721,validation-00000-of-00002.parquet,2721,7cbca35162561ce460455fbe20b58125ca2ae0517c759320b9fd4a58d25eb6b8,c092ee3948c47f1f,436,436,False,None,None,16,dataset_v4,v4_tr_ai_genimage_00501.png,ACCEPT,Clean,False
DEF_MIDJOURNEY_V6_018,MIDJOURNEY_V6,2765,validation-00000-of-00002.parquet,2765,bb36f6975addb11df6ebdae467449ecbf6017775ae3d66468520a4692c4f8264,c2c959b6ee09b661,436,436,False,None,None,16,dataset_v4,v4_tr_ai_genimage_00943.png,ACCEPT,Clean,False
DEF_MIDJOURNEY_V6_019,MIDJOURNEY_V6,5803,validation-00001-of-00002.parquet,1303,a42ef1c268a4f60e5d112687d9ddca82f26a772e361cb81083f1fbb28fd46387,97b73642c8cf6544,436,436,False,None,None,16,manipulation_v1,manip_122896_turn1.png,ACCEPT,Clean,False
DEF_MIDJOURNEY_V6_020,MIDJOURNEY_V6,3716,validation-00000-of-00002.parquet,3716,e01d28cdd19b40e2254f929f842c8a3fe4190dc1e4ec720566d995211eccf520,c6c1cfc419c7e03b,436,436,False,None,None,16,dataset_v4,v4_tr_real_genimage_00261.jpg,ACCEPT,Clean,False
DEF_MIDJOURNEY_V6_021,MIDJOURNEY_V6,3835,validation-00000-of-00002.parquet,3835,94ee6ed99c06d7b09701f471094973b693bad7468cd4e9abc646d1770af9eda0,90c1c395be53b16b,436,436,False,None,None,16,dataset_v4,v4_tr_real_genimage_00869.jpg,ACCEPT,Clean,False
DEF_MIDJOURNEY_V6_022,MIDJOURNEY_V6,2937,validation-00000-of-00002.parquet,2937,ff2aa07d675cf4877de1039581f75e81e269fbba393957d1413b03ec772e29f9,ddd7cde208825a5c,436,436,False,None,None,16,dataset_v4,v4_te_real_genimage_00052.jpg,ACCEPT,Clean,False
DEF_MIDJOURNEY_V6_023,MIDJOURNEY_V6,1512,validation-00000-of-00002.parquet,1512,7b23cdb3584321c253957864e3a566516d834348a5fa971cdfafe60195f9e471,919707c69c932779,436,436,False,None,None,12,MagicBrush,mb_orig_410650.png,ACCEPT,Clean,False
DEF_MIDJOURNEY_V6_024,MIDJOURNEY_V6,7255,validation-00001-of-00002.parquet,2755,63aa38506767cc76674a23559017aaa3dc308637869883c467216f2410ce49fb,e6fc180368fa19e9,436,436,False,None,None,16,dataset_v4,v4_te_ai_modern_00027.png,ACCEPT,Clean,False
DEF_MIDJOURNEY_V6_025,MIDJOURNEY_V6,272,validation-00000-of-00002.parquet,272,36954d34a698d47a1678bd3f8266185d5d4c6e5e3d6ba2b4a1cebad0628a6cb1,b1083c367a7dc273,436,436,False,None,None,16,dataset_v4,v4_tr_real_genimage_00863.jpg,ACCEPT,Clean,False
DEF_MIDJOURNEY_V6_026,MIDJOURNEY_V6,3921,validation-00000-of-00002.parquet,3921,4263a0b54a303d35a0777975975d1525ee185e900b87884d57b733da3b0f953e,c02dd3e42bdc5897,436,436,False,None,None,16,PIPE,pipe_orig_71756.png,ACCEPT,Clean,False
DEF_MIDJOURNEY_V6_027,MIDJOURNEY_V6,1510,validation-00000-of-00002.parquet,1510,3ccdaa317734294a60cffa66fd17ff4adf9b03f4824b981d9ff4939551e08203,91c98ecf5a1276ca,436,436,False,None,None,16,dataset_v4,v4_te_ai_modern_00006.png,ACCEPT,Clean,False
DEF_MIDJOURNEY_V6_028,MIDJOURNEY_V6,1224,validation-00000-of-00002.parquet,1224,884e07c4b2c8a46c5d1085b76aedc8f840e32cc92dea9fba33707a18374c847d,e7d02c673216cf92,436,436,False,None,None,14,dataset_v4,v4_te_real_modern_00025.jpg,ACCEPT,Clean,False
DEF_MIDJOURNEY_V6_029,MIDJOURNEY_V6,3705,validation-00000-of-00002.parquet,3705,02e8616c564477227962f05dec046664e3918773b4bb8bcc301fac934deb2565,d1c1cc8e46bab87a,436,436,False,None,None,16,manipulation_v1,orig_125106.png,ACCEPT,Clean,False
DEF_MIDJOURNEY_V6_030,MIDJOURNEY_V6,2953,validation-00000-of-00002.parquet,2953,b2fe98a08153fe042ff0c5c2a81383195e7bbc593bfdf904ea6488bc668d3ab2,dadbbc7c1a008af1,436,436,False,None,None,18,dataset_v4,v4_tr_ai_genimage_00752.png,ACCEPT,Clean,False
DEF_MIDJOURNEY_V6_031,MIDJOURNEY_V6,7051,validation-00001-of-00002.parquet,2551,15e2fd06902a4c235d99efd36749726190435c25aac8503f09a46628681eb9ba,ae314f96e10b35ca,436,436,False,None,None,18,dataset_v4,v4_tr_ai_genimage_00658.png,ACCEPT,Clean,False
DEF_MIDJOURNEY_V6_032,MIDJOURNEY_V6,8264,validation-00001-of-00002.parquet,3764,deeeea7642fa12546b1828ae969e3f4775d45b4d3c49af2647aea5df2df859ae,95eeba634590c6e8,436,436,False,None,None,14,dataset_manipulation_v2,pair_pipe_29525_manip.png,ACCEPT,Clean,False
DEF_MIDJOURNEY_V6_033,MIDJOURNEY_V6,6168,validation-00001-of-00002.parquet,1668,918674e7c95a6275191db0a54a3f5ddf78b9ae06ada7b65e79c82e3b67b9c5e7,b8983777e988ce44,436,436,False,None,None,16,dataset_v4,v4_va_real_modern_00046.jpg,ACCEPT,Clean,False
DEF_MIDJOURNEY_V6_034,MIDJOURNEY_V6,2607,validation-00000-of-00002.parquet,2607,c7a7d57709c4e6a96a4b260e7b2d6f47c4a6d5fd7d9f1b7f179729504f3c1748,9d95e040b999da37,436,436,False,None,None,16,manipulation_v1,manip_240709_turn2.png,ACCEPT,Clean,False
DEF_MIDJOURNEY_V6_035,MIDJOURNEY_V6,5772,validation-00001-of-00002.parquet,1272,a32cbbbc877fdb0ce85251451784808d875298459b3495589ef17feb8bbac5e8,9496e954e24dea6a,436,436,False,None,None,18,dataset_v4,v4_tr_ai_genimage_00393.png,ACCEPT,Clean,False
DEF_MIDJOURNEY_V6_036,MIDJOURNEY_V6,1541,validation-00000-of-00002.parquet,1541,fb682464126aeaa099194a458575ec43bf8116f904dc628c44badf388e5c1d6f,e646292d3b8d13e6,436,436,False,None,None,16,dataset_v4,v4_va_ai_genimage_00115.png,ACCEPT,Clean,False
DEF_MIDJOURNEY_V6_037,MIDJOURNEY_V6,1635,validation-00000-of-00002.parquet,1635,cd6ecee46d29fd96b709a92c092b537d5c7ce98870b3459ef68c997ba25cb611,d933246ce6b33338,436,436,False,None,None,16,dataset_v4,v4_tr_ai_genimage_00064.png,ACCEPT,Clean,False
DEF_MIDJOURNEY_V6_038,MIDJOURNEY_V6,5706,validation-00001-of-00002.parquet,1206,5c7305efd63589f6820712b8b5bac21d19159438d1eca408c77aa417faedf922,d7e3689e0475949c,436,436,False,None,None,16,dataset_v4,v4_tr_ai_genimage_00561.png,ACCEPT,Clean,False
DEF_MIDJOURNEY_V6_039,MIDJOURNEY_V6,2426,validation-00000-of-00002.parquet,2426,8b634dffd4cfecd29552b43f1cf243dfeeed4166a6a84ad6ed2294c713a8fbb5,fdaca12181a9ab79,436,436,False,None,None,16,dataset_v4,v4_tr_ai_modern_00128.png,ACCEPT,Clean,False
DEF_MIDJOURNEY_V6_040,MIDJOURNEY_V6,7123,validation-00001-of-00002.parquet,2623,b3eb1392f20f7f2b86845c0aafa6058db878e3a63d6f055ba4538a7fd36d2ee3,cebb5b300e49a792,436,436,False,None,None,18,dataset_v4,v4_tr_ai_genimage_00335.png,ACCEPT,Clean,False
DEF_MIDJOURNEY_V6_041,MIDJOURNEY_V6,5214,validation-00001-of-00002.parquet,714,0657ba65fb86bc530e4417bf0e4f231ad380e6a1006787a241995fd790682de9,cbcbc3c9cdb230a1,436,436,False,None,None,16,diagnostic_real_camera,5fa43eb98bff48088ec08351d01fbba2.jpg,ACCEPT,Clean,False
DEF_MIDJOURNEY_V6_042,MIDJOURNEY_V6,7590,validation-00001-of-00002.parquet,3090,ec0958e2ba5eb69e1e161ee4ebd048d24f321ce8f7ebef81a2db1e46cc6250fe,aa7517314b154e6d,436,436,False,None,None,18,dataset_v4,v4_te_ai_historical_style_00033.png,ACCEPT,Clean,False
DEF_MIDJOURNEY_V6_043,MIDJOURNEY_V6,5563,validation-00001-of-00002.parquet,1063,c4ca091bf9af4eae61a726f64eb3407088cbf5e43dbf605934a1a6631a3a6571,96c8e126f337b807,436,436,False,None,None,18,dataset_v4,v4_tr_ai_genimage_00971.png,ACCEPT,Clean,False
DEF_MIDJOURNEY_V6_044,MIDJOURNEY_V6,6371,validation-00001-of-00002.parquet,1871,8840619522650f12ecb4b994c63e4a8262c2cc5f72c43df336d7aa5715fd6c3d,fed5c0eb90baa068,436,436,False,None,None,12,dataset_v4,v4_tr_real_historical_00024.jpg,ACCEPT,Clean,False
DEF_MIDJOURNEY_V6_045,MIDJOURNEY_V6,4274,validation-00000-of-00002.parquet,4274,ac5aa31b5504606df943d31e80653c8db539e898012cd91df40ddbd812d8bf52,82e23e95a972d695,436,436,False,None,None,16,dataset_v4,v4_tr_ai_genimage_00721.png,ACCEPT,Clean,False
DEF_MIDJOURNEY_V6_046,MIDJOURNEY_V6,5463,validation-00001-of-00002.parquet,963,4773981b685663ace92f69f58bdd2fd9212a36f7fc130fe3deb4bb642bec300d,a3f2cdcc0f8cdc60,436,436,False,None,None,16,dataset_v4,v4_te_ai_genimage_00116.png,ACCEPT,Clean,False
DEF_MIDJOURNEY_V6_047,MIDJOURNEY_V6,3851,validation-00000-of-00002.parquet,3851,7ceeb4cff85c5912941dd417d485bf47a9455197428ee4f6f8507709fadb2472,c4d8c3437c1f5f28,436,436,False,None,None,14,dataset_v4,v4_va_ai_genimage_00145.png,ACCEPT,Clean,False
DEF_MIDJOURNEY_V6_048,MIDJOURNEY_V6,2759,validation-00000-of-00002.parquet,2759,fe24920a2ce839db8ccb0fca3e985076aac86fc7489d2ff00f9e9993cb1d44e7,ecec2dc37252a52c,436,436,False,None,None,18,dataset_v4,v4_tr_real_modern_00211.jpg,ACCEPT,Clean,False
DEF_MIDJOURNEY_V6_049,MIDJOURNEY_V6,6919,validation-00001-of-00002.parquet,2419,dffdb3a2e8d3acbfe3ec48dd8243e8c9b46308509c1b6f9973282cc28d284e8c,d8dc8d7ea26232c9,436,436,False,None,None,16,dataset_v4,v4_tr_real_genimage_00153.jpg,ACCEPT,Clean,False
DEF_MIDJOURNEY_V6_050,MIDJOURNEY_V6,3123,validation-00000-of-00002.parquet,3123,1c05c8468451836588c9c9f0e055dbc0253763452600123a4191376b4eacdcd7,b1996e8c29a74a6d,436,436,False,None,None,14,dataset_v4,v4_tr_ai_historical_style_00172.jpg,ACCEPT,Clean,False
DEF_MIDJOURNEY_V6_051,MIDJOURNEY_V6,1284,validation-00000-of-00002.parquet,1284,7e4080f8f4a3b3b5964d82074051ecce3ab3934a5da1119fe31f1e927e6e2f32,f3945c62ad1c1e5a,436,436,False,None,None,16,dataset_v4,v4_tr_ai_genimage_00805.png,ACCEPT,Clean,False
DEF_MIDJOURNEY_V6_052,MIDJOURNEY_V6,8508,validation-00001-of-00002.parquet,4008,f0bff85c58b433e63bd6ef1151d3cadc5d40e5501b4b5749e4ebc369f5472094,c06c6c7ab46b319b,436,436,False,None,None,16,dataset_manipulation_v2,pair_pipe_148516_manip.png,ACCEPT,Clean,False
DEF_MIDJOURNEY_V6_053,MIDJOURNEY_V6,48,validation-00000-of-00002.parquet,48,1aadccddc6e106f3c4dc9787bde913c971542b4977c592b33fe7a9be32e2f119,e67cc123837ca3d4,436,436,False,None,None,16,MagicBrush,mb_manip_516871_turn1.png,ACCEPT,Clean,False
DEF_MIDJOURNEY_V6_054,MIDJOURNEY_V6,2111,validation-00000-of-00002.parquet,2111,dd649335709bcc70a2806eb3f39ee88e243d9cadf63ca1a003835b432b2eaabf,cd9b64025736cf31,436,436,False,None,None,16,dataset_v4,v4_tr_real_genimage_00602.jpg,ACCEPT,Clean,False
DEF_MIDJOURNEY_V6_055,MIDJOURNEY_V6,3426,validation-00000-of-00002.parquet,3426,3fdc33a435624fb8c9ba5010f7ed1957990d2026e789f84edb2b4508fe645934,cb6a1c509467e799,436,436,False,None,None,16,dataset_v4,v4_te_real_genimage_00017.jpg,ACCEPT,Clean,False
DEF_MIDJOURNEY_V6_056,MIDJOURNEY_V6,7615,validation-00001-of-00002.parquet,3115,7674669152715177ef768cafe69a55cf7c9e727fb5c5c9413c97b7c7d71adc93,97d7b52f6f520802,436,436,False,None,None,18,dataset_v4,v4_te_ai_genimage_00190.png,ACCEPT,Clean,False
DEF_MIDJOURNEY_V6_057,MIDJOURNEY_V6,660,validation-00000-of-00002.parquet,660,fc3f243de7be3181354b225c114e2bde877549030e74d324818997e7e9415b83,d3985b343cb63c58,436,436,False,None,None,16,dataset_v4,v4_tr_real_genimage_00738.jpg,ACCEPT,Clean,False
DEF_MIDJOURNEY_V6_058,MIDJOURNEY_V6,3612,validation-00000-of-00002.parquet,3612,001dbe47a7b99374bc439d15b99be396805f2db955899067530066c13aa080c2,978c8e7ba19da04d,436,436,False,None,None,16,PIPE,pipe_manip_109118.png,ACCEPT,Clean,False
DEF_MIDJOURNEY_V6_059,MIDJOURNEY_V6,3946,validation-00000-of-00002.parquet,3946,dcc0139d8418981ca224c874c96d962b4a8a8dd38bb0e749bc8ae97c2ef006b7,e3e9c8490c1d9dda,436,436,False,None,None,16,manipulation_v1,orig_540682.png,ACCEPT,Clean,False
DEF_MIDJOURNEY_V6_060,MIDJOURNEY_V6,1368,validation-00000-of-00002.parquet,1368,e98db952370be6a04f001802c0fdbf31def22e4cc11ec0e5727d8b043e17c40e,a3bc974b93924b83,436,436,False,None,None,16,dataset_manipulation_v2,pair_pipe_c2ac9fa638b7f5e2_manip.png,ACCEPT,Clean,False
DEF_MIDJOURNEY_V6_061,MIDJOURNEY_V6,487,validation-00000-of-00002.parquet,487,04cca1dd91290e76507d2192d7755c0f9ba7175899a168a69bf0e9fd281ea2c7,8d6599e1ce7b8942,436,436,False,None,None,18,dataset_v4,v4_tr_ai_genimage_00339.png,ACCEPT,Clean,False
DEF_MIDJOURNEY_V6_062,MIDJOURNEY_V6,1395,validation-00000-of-00002.parquet,1395,3ab38c8ea54536a3f9d0fb2b012c356c375935b1041fcc53b292aa4906aba99e,8dced8b664694bc1,436,436,False,None,None,14,dataset_manipulation_v2,pair_mb_51783_orig.png,ACCEPT,Clean,False
DEF_MIDJOURNEY_V6_063,MIDJOURNEY_V6,8471,validation-00001-of-00002.parquet,3971,d800e49dd9ea4183611c8307d698e4c94f9de34207ffe61d977afa53e9f6c1ff,e60448cd6b551cf7,436,436,False,None,None,18,MagicBrush,mb_manip_323553_turn1.png,ACCEPT,Clean,False
DEF_MIDJOURNEY_V6_064,MIDJOURNEY_V6,4363,validation-00000-of-00002.parquet,4363,9de7575f5534be118a57167b64318f158474b8b0f7f9fc1f6163945ac066a6f2,a03fab60e736d232,436,436,False,None,None,16,dataset_v4,v4_tr_ai_genimage_00641.png,ACCEPT,Clean,False
DEF_MIDJOURNEY_V6_065,MIDJOURNEY_V6,3166,validation-00000-of-00002.parquet,3166,a8812a0631b790b04cb916e8d2e368313ba6bec018546a50f545291d81b7626f,ec2d9bf26891223d,436,436,False,None,None,16,dataset_v4,v4_tr_ai_genimage_00695.png,ACCEPT,Clean,False
DEF_MIDJOURNEY_V6_066,MIDJOURNEY_V6,6994,validation-00001-of-00002.parquet,2494,074f158ce9ae9ef48065a5c7f65e3f48a9f218617de9bd697650b44125d42117,f7a04bda8dc83265,436,436,False,None,None,16,dataset_v4,v4_tr_ai_genimage_00242.png,ACCEPT,Clean,False
DEF_MIDJOURNEY_V6_067,MIDJOURNEY_V6,2499,validation-00000-of-00002.parquet,2499,1b30f0d10d0e8421058c641efef65e71819cb01d9cc27ce98c3509a0310754ea,ef10963ff0840f72,436,436,False,None,None,14,dataset_v4,v4_tr_real_genimage_00616.jpg,ACCEPT,Clean,False
DEF_MIDJOURNEY_V6_068,MIDJOURNEY_V6,1898,validation-00000-of-00002.parquet,1898,800ad8a873f898164bfe1f4fc2f4046071e53c2fe3775cf517e76157e39157e2,cefae09c3c142375,436,436,False,None,None,16,dataset_manipulation_v2,pair_tgif_ps_71711_orig.png,ACCEPT,Clean,False
DEF_MIDJOURNEY_V6_069,MIDJOURNEY_V6,8804,validation-00001-of-00002.parquet,4304,789cceb9fb0825d2063b6ce0a01af520a300e48e93b146f6dd98eed1b3218cad,b99c1e0cb19a4d79,436,436,False,None,None,12,manipulation_v1,manip_166761_turn1.png,ACCEPT,Clean,False
DEF_MIDJOURNEY_V6_070,MIDJOURNEY_V6,6796,validation-00001-of-00002.parquet,2296,ecc873c81532ebecfc84fa0daf01eabec0c003c53cc3c615007971705aa79ac0,b3598568d0b68f66,436,436,False,None,None,16,dataset_manipulation_v2,pair_pipe_9b8bba44dbb01faa_orig.png,ACCEPT,Clean,False
DEF_MIDJOURNEY_V6_071,MIDJOURNEY_V6,7388,validation-00001-of-00002.parquet,2888,27bf93752a3f9df1c50fe8d753caa006467828c6e3d11ea1da573c6a6d944d94,ccc8e83450fb73b4,436,436,False,None,None,18,dataset_v4,v4_tr_real_historical_00071.jpg,ACCEPT,Clean,False
DEF_MIDJOURNEY_V6_072,MIDJOURNEY_V6,437,validation-00000-of-00002.parquet,437,ffa980d610dccbcdd106d9d0d2bbfb4b2f3c1c1a595a2f5f6dcd884eb67702bf,ea899c9cf1909e4b,436,436,False,None,None,16,diagnostic_real_camera,3690569bc9d24e76b4919142948c62f1.jpg,ACCEPT,Clean,False
DEF_MIDJOURNEY_V6_073,MIDJOURNEY_V6,6375,validation-00001-of-00002.parquet,1875,5cf228db11ca311a3593d2344b57480ee42f01ad0cca99a19daafd69d10960e0,92339552bf906ec6,436,436,False,None,None,18,dataset_v4,v4_te_ai_historical_style_00011.png,ACCEPT,Clean,False
DEF_MIDJOURNEY_V6_074,MIDJOURNEY_V6,1651,validation-00000-of-00002.parquet,1651,484e1596b9c9f05d8387ad651fb9d67bd645a5d0902e5db774de8ccfcca876ab,9d9dc7ca3c2095d8,436,436,False,None,None,16,dataset_v4,v4_tr_ai_genimage_00476.png,ACCEPT,Clean,False
DEF_MIDJOURNEY_V6_075,MIDJOURNEY_V6,7192,validation-00001-of-00002.parquet,2692,e9a5623f4805bb340c496741a9219dbd79393c539dc2c24b27a79770912b3d2e,d4d6fdc595804479,436,436,False,None,None,14,MagicBrush,mb_manip_356387_turn2.png,ACCEPT,Clean,False
DEF_MIDJOURNEY_V6_076,MIDJOURNEY_V6,5618,validation-00001-of-00002.parquet,1118,4c45a4380ff25cf730a4e456a646bfe68d5cb421966b65f9884badaa12866f0f,81ec955a2c53c9f6,436,436,False,None,None,18,dataset_v4,v4_tr_ai_genimage_00201.png,ACCEPT,Clean,False
DEF_MIDJOURNEY_V6_077,MIDJOURNEY_V6,2085,validation-00000-of-00002.parquet,2085,f80cec85ab0c9ceea4712c5873fcd06dafc8744f86a3c000efab5ba6cfcdfb68,c461b246c99ceea7,436,436,False,None,None,14,PIPE,pipe_manip_537991.png,ACCEPT,Clean,False
DEF_MIDJOURNEY_V6_078,MIDJOURNEY_V6,4586,validation-00001-of-00002.parquet,86,a2dc33fce5ab97dfb620caee6a009b95b468ddcf42bdb4d4af1f54145d86fbda,b885d13a075b7a87,436,436,False,None,None,16,dataset_v4,v4_te_ai_genimage_00191.png,ACCEPT,Clean,False
DEF_MIDJOURNEY_V6_079,MIDJOURNEY_V6,926,validation-00000-of-00002.parquet,926,96fb89227e7f3bbb3428558f6c863315d1c05da68e14db3dc80dd983c7309883,83cfe6502c877c99,436,436,False,None,None,18,dataset_v4,v4_tr_ai_genimage_00011.png,ACCEPT,Clean,False
DEF_MIDJOURNEY_V6_080,MIDJOURNEY_V6,1404,validation-00000-of-00002.parquet,1404,8f4274190440551631e005ebab241d85fdcd2930541253d938c7897fad3514b0,ead1080eb6e75c4b,436,436,False,None,None,16,dataset_v4,v4_tr_real_genimage_00978.jpg,ACCEPT,Clean,False
DEF_MIDJOURNEY_V6_081,MIDJOURNEY_V6,4679,validation-00001-of-00002.parquet,179,ef64ef1d969104485c52c14b9f9137244de44b0ca8a732e850b060b8013799d1,f393b4f1c27c4819,436,436,False,None,None,16,dataset_v4,v4_va_ai_modern_00046.png,ACCEPT,Clean,False
DEF_MIDJOURNEY_V6_082,MIDJOURNEY_V6,1776,validation-00000-of-00002.parquet,1776,76bc734a6844b625985c218cd0c0ee3daba8db988a52dd3d26f3e16f00773121,d0b0636d70f0c9cf,436,436,False,None,None,16,manipulation_v1,manip_495122_turn2.png,ACCEPT,Clean,False
DEF_MIDJOURNEY_V6_083,MIDJOURNEY_V6,4272,validation-00000-of-00002.parquet,4272,a4013d89ba03ed6341d43d6b8c5d9f36d763e89da4f3b10d26ab5eb32440bf04,9635a987d4fa0749,436,436,False,None,None,14,dataset_v4,v4_tr_ai_genimage_00417.png,ACCEPT,Clean,False
DEF_MIDJOURNEY_V6_084,MIDJOURNEY_V6,6242,validation-00001-of-00002.parquet,1742,fc0b9e5d05db66ecc7b22d92f466cbdd01b49c41b425a7dd2baa623dfc1e5918,91917eaea32f68c8,436,436,False,None,None,16,dataset_v4,v4_tr_real_modern_00013.jpg,ACCEPT,Clean,False
DEF_MIDJOURNEY_V6_085,MIDJOURNEY_V6,356,validation-00000-of-00002.parquet,356,c92941fdf8d73fdc2da44e6a7bd3661b2a6c12806295572df621f2429a6cb617,e6871638255a1f7c,436,436,False,None,None,14,manipulation_v1,orig_501972.png,ACCEPT,Clean,False
DEF_MIDJOURNEY_V6_086,MIDJOURNEY_V6,1132,validation-00000-of-00002.parquet,1132,45a7b9aff20ccfab937a24cddcb9757ecbc67d7c3de9f0ae5598704945ab3040,efa83347e1c31c61,436,436,False,None,None,16,dataset_v4,v4_tr_ai_genimage_00664.png,ACCEPT,Clean,False
DEF_MIDJOURNEY_V6_087,MIDJOURNEY_V6,7103,validation-00001-of-00002.parquet,2603,a6c28d2c7ba7ad73ad738b79b8a666b073b040e9170a6ebbd49951636bee961b,c989a92eda8c3aa7,436,436,False,None,None,16,dataset_v4,v4_tr_real_genimage_00814.jpg,ACCEPT,Clean,False
DEF_MIDJOURNEY_V6_088,MIDJOURNEY_V6,4519,validation-00001-of-00002.parquet,19,751df694af7f82b706bd1a8004cfb9a1afffbbf0716daa9f77697fd0e3ac2a58,cce4dbfc20c66607,436,436,False,None,None,16,dataset_v4,v4_tr_ai_genimage_00091.png,ACCEPT,Clean,False
DEF_MIDJOURNEY_V6_089,MIDJOURNEY_V6,8292,validation-00001-of-00002.parquet,3792,12f481b98c3ec9ba2f6c4bd858de5bb6f76dda0d4eb313e95b35d9ba7b53a64d,80858f8da19e3d3f,436,436,False,None,None,18,dataset_v4,v4_tr_ai_modern_00112.jpg,ACCEPT,Clean,False
DEF_MIDJOURNEY_V6_090,MIDJOURNEY_V6,5602,validation-00001-of-00002.parquet,1102,e652aa830e02bd3d6139c8eab1661f67c7603cb994022b25301da7b065b00786,93b36474cb35c994,436,436,False,None,None,14,dataset_v4,v4_tr_ai_genimage_00956.png,ACCEPT,Clean,False
DEF_MIDJOURNEY_V6_091,MIDJOURNEY_V6,6010,validation-00001-of-00002.parquet,1510,6c87310179b3999fb821248fdaa8d4e18ec27ad1cfc6733704147b60dcd04f78,d22d144a6d76ea39,436,436,False,None,None,14,dataset_v4,v4_tr_ai_genimage_00111.png,ACCEPT,Clean,False
DEF_MIDJOURNEY_V6_092,MIDJOURNEY_V6,7021,validation-00001-of-00002.parquet,2521,358cd1310747b2dad6c0aacd601efab6cd55d123652f77a1e06207b138dd82b0,c0c130c7ba1dc77d,436,436,False,None,None,14,dataset_manipulation_v2,pair_pipe_7786c6f34a906f09_orig.png,ACCEPT,Clean,False
DEF_MIDJOURNEY_V6_093,MIDJOURNEY_V6,802,validation-00000-of-00002.parquet,802,5bfc7261559a4d93053ceb828be4fa344b29e446fdec6d04d63da924032f3709,98929a9f86a666e6,436,436,False,None,None,14,dataset_v4,v4_tr_ai_historical_style_00002.jpg,ACCEPT,Clean,False
DEF_MIDJOURNEY_V6_094,MIDJOURNEY_V6,8380,validation-00001-of-00002.parquet,3880,3cae2ec829d0335d6d14e268cd4e381dc795c4bc33c08437b160b52e46d1dace,e1bce2f1f0870b0e,436,436,False,None,None,16,dataset_v4,v4_tr_ai_genimage_00051.png,ACCEPT,Clean,False
DEF_MIDJOURNEY_V6_095,MIDJOURNEY_V6,3993,validation-00000-of-00002.parquet,3993,720418e8ee9dfe97c6810210661e1ad2af3fb8a7a1db7f66a4f207f74fe5fb6f,d7cf0b9bf8f88080,436,436,False,None,None,14,dataset_manipulation_v2,pair_pipe_322309_manip.png,ACCEPT,Clean,False
DEF_MIDJOURNEY_V6_096,MIDJOURNEY_V6,4737,validation-00001-of-00002.parquet,237,3fe90983111d790cf321d9459d8e806476e3776445ca033319e26d8b7526678b,f1314f1906f1fe41,436,436,False,None,None,16,MagicBrush,mb_orig_166565.png,ACCEPT,Clean,False
DEF_MIDJOURNEY_V6_097,MIDJOURNEY_V6,1459,validation-00000-of-00002.parquet,1459,8e61a9260f0c5834ce12f388d133f2bf66381eadacf3e3d5c3310bda3c25a22e,ac9c246bd50537bc,436,436,False,None,None,16,dataset_v4,v4_te_real_genimage_00211.jpg,ACCEPT,Clean,False
DEF_MIDJOURNEY_V6_098,MIDJOURNEY_V6,6762,validation-00001-of-00002.parquet,2262,2a4c96fa454f962290ba43afb931a56054983d70cb3e9537e95c3a7a5e306e7b,836a3d376c85d06d,436,436,False,None,None,16,dataset_v4,v4_tr_ai_genimage_00991.png,ACCEPT,Clean,False
DEF_MIDJOURNEY_V6_099,MIDJOURNEY_V6,4728,validation-00001-of-00002.parquet,228,952a5320532cec202106341ae484ebbf6cb503e5bf7978090c485501a16b7127,9199d3c3ea86e8e8,436,436,False,None,None,16,dataset_manipulation_v2,pair_mb_31248_manip.png,ACCEPT,Clean,False
DEF_MIDJOURNEY_V6_100,MIDJOURNEY_V6,5311,validation-00001-of-00002.parquet,811,a13a2485bb27ba0c88f05c09c75ba8761be335a18a8a3951878651a545ea7a20,dbe32438dba01d39,436,436,False,None,None,16,dataset_v4,v4_tr_ai_genimage_00479.png,ACCEPT,Clean,False
DEF_DALLE_3_001,DALLE_3,57,validation-00000-of-00002.parquet,57,486c796667f9d5706ab9c63fc239515530c86ad9fdd8a74e99088efe5b9920f7,97bd783978706223,270,270,False,None,None,14,dataset_v4,v4_tr_ai_historical_style_00136.png,ACCEPT,Clean,False
DEF_DALLE_3_002,DALLE_3,352,validation-00000-of-00002.parquet,352,0205a0bd44f300f3ba17a37374c27242e9d693254c5a069b9810d9bc2516fd1e,ddfd06127c87198c,270,270,False,None,None,14,dataset_v4,v4_te_real_modern_00002.jpg,ACCEPT,Clean,False
DEF_DALLE_3_003,DALLE_3,3934,validation-00000-of-00002.parquet,3934,a4a557727d9e632ded2fc742fb43b71e441d21b585a087742a897cb972ecd60b,a0a68f981c9f1e3e,270,270,False,None,None,16,dataset_v4,v4_tr_real_genimage_00369.jpg,ACCEPT,Clean,False
DEF_DALLE_3_004,DALLE_3,8300,validation-00001-of-00002.parquet,3800,9de401e1086c6794744df0d41a4e141c4662f5173508163b96dc78422c36723c,91844cf9b3e74c1d,270,270,False,None,None,14,dataset_v4,v4_tr_real_genimage_00441.jpg,ACCEPT,Clean,False
DEF_DALLE_3_005,DALLE_3,4092,validation-00000-of-00002.parquet,4092,e6575c871e153f198700baf1a00a2126aad05461f399550f5a008ed360c059f3,c3e7ee07039c44e9,270,270,False,None,None,18,dataset_v4,v4_tr_ai_historical_style_00088.jpg,ACCEPT,Clean,False
DEF_DALLE_3_006,DALLE_3,5075,validation-00001-of-00002.parquet,575,994a957ca3ed1e3ceb36ad880895bfd98a449b8e5c64af4a600287d7cbedce62,ce0c5cc40fbae356,270,270,False,None,None,18,dataset_v4,v4_tr_ai_genimage_00783.png,ACCEPT,Clean,False
DEF_DALLE_3_007,DALLE_3,5742,validation-00001-of-00002.parquet,1242,d05939f12d8342a68bc05a0c6190e11844e406b05e63ba5b2a8876337fe1438b,9991a1bd70abf42a,270,270,False,None,None,18,dataset_v4,v4_tr_ai_historical_style_00029.png,ACCEPT,Clean,False
DEF_DALLE_3_008,DALLE_3,6147,validation-00001-of-00002.parquet,1647,d7bcd79775a41cea0a32a01928a31c3f3eda92c4e3648ff5a4a76205ae29e60c,a4838fa4cf795391,270,270,False,None,None,18,dataset_v4,v4_te_ai_genimage_00202.png,ACCEPT,Clean,False
DEF_DALLE_3_009,DALLE_3,7592,validation-00001-of-00002.parquet,3092,9f828b3c1d14c05f0a17ceeccf8538e068e6b45a40a8e18be352ff5bbe147d87,d647a170cbe95ac8,270,270,False,None,None,18,dataset_v4,v4_te_ai_genimage_00178.png,ACCEPT,Clean,False
DEF_DALLE_3_010,DALLE_3,1559,validation-00000-of-00002.parquet,1559,af567ce00cc90258bc30084862607fe106ee82580661d619e36a55091a91ffc4,a4e1ab0e19631ebd,270,270,False,None,None,16,dataset_manipulation_v2,pair_mb_434177_manip.png,ACCEPT,Clean,False
DEF_DALLE_3_011,DALLE_3,1856,validation-00000-of-00002.parquet,1856,d857f7d13c09c50985c58a79f7b408f7c0e066a0ec1851dec894fe2735ef7524,d751d0ac5ea70b23,270,270,False,None,None,16,manipulation_v1,manip_49_turn3.png,ACCEPT,Clean,False
DEF_DALLE_3_012,DALLE_3,7080,validation-00001-of-00002.parquet,2580,a3d8d92ea15e1433450818f8361d593f480a249c538b1597bbeac14cbedb1304,9eed43c6219a42f3,270,270,False,None,None,18,dataset_v4,v4_te_ai_genimage_00124.png,ACCEPT,Clean,False
DEF_DALLE_3_013,DALLE_3,1035,validation-00000-of-00002.parquet,1035,6d935d0514104262c8645eaacd1b6ee3484c5d3782ef078ae5ad5122766cd06c,999d5984831d27fc,270,270,False,None,None,16,dataset_v4,v4_tr_ai_genimage_00432.png,ACCEPT,Clean,False
DEF_DALLE_3_014,DALLE_3,2643,validation-00000-of-00002.parquet,2643,9b9be02cb0adb60f71e77c37499526207676f5dfbb3debd5a48b32db37b9608b,b0ce934ec7499696,270,270,False,None,None,14,dataset_manipulation_v2,pair_mb_237781_manip.png,ACCEPT,Clean,False
DEF_DALLE_3_015,DALLE_3,3538,validation-00000-of-00002.parquet,3538,d5a1589cff968fcfb6009651a3df8da255df435bcc3c4934b11d7131c9b2424a,949e0e344be3ca79,270,270,False,None,None,16,PIPE,pipe_manip_172617.png,ACCEPT,Clean,False
DEF_DALLE_3_016,DALLE_3,7617,validation-00001-of-00002.parquet,3117,24754a687060ec4378b8dd391f6a8e07cd75b21fb62267e6528c8bea23b30f69,c8cbb7343d032eb8,270,270,False,None,None,14,dataset_manipulation_v2,pair_pipe_391229_orig.png,ACCEPT,Clean,False
DEF_DALLE_3_017,DALLE_3,2156,validation-00000-of-00002.parquet,2156,1f63bd21777bd4b95d881ce215e59feb47b4206ea9f466117e8532190a6904c5,899bc2de565ec1e0,270,270,False,None,None,16,dataset_v4,v4_va_real_historical_00005.jpg,ACCEPT,Clean,False
DEF_DALLE_3_018,DALLE_3,6214,validation-00001-of-00002.parquet,1714,700aba0f658f9dddeb7e19370e36ac1b975ae9e65e53d4bb72c6a28c63f46450,a594911edc8b1f55,270,270,False,None,None,18,dataset_v4,v4_te_ai_modern_00053.png,ACCEPT,Clean,False
DEF_DALLE_3_019,DALLE_3,544,validation-00000-of-00002.parquet,544,23813a93221fc8adab6841b1f2bc935c0c201ea180462085b2860f26afac5c40,91e69fd05c1ee360,270,270,False,None,None,18,dataset_v4,v4_va_ai_genimage_00166.png,ACCEPT,Clean,False
DEF_DALLE_3_020,DALLE_3,3419,validation-00000-of-00002.parquet,3419,74da1dc1312d5c0c1068baf1b71756b8e1a5271544b4ff985df65e1d468de461,fbeac095687b3a02,270,270,False,None,None,16,dataset_v4,v4_tr_real_modern_00128.jpg,ACCEPT,Clean,False
DEF_DALLE_3_021,DALLE_3,4660,validation-00001-of-00002.parquet,160,678a4efd1410d849cfdd054637606c02de3f16108169329d318681466db5605f,ebeb963405c85acc,270,270,False,None,None,16,dataset_v4,v4_te_ai_modern_00008.png,ACCEPT,Clean,False
DEF_DALLE_3_022,DALLE_3,8896,validation-00001-of-00002.parquet,4396,de08d7106e8b72282ef13e190dc6045aa0bb53cfa1984b0efbfa712602d766e2,9b705ab80eaac1bd,270,270,False,None,None,18,dataset_v4,v4_tr_ai_genimage_00919.png,ACCEPT,Clean,False
DEF_DALLE_3_023,DALLE_3,2644,validation-00000-of-00002.parquet,2644,9fba481056200bfc6692a604445e79ebee03712d80f726e262f55524ec158ee0,d7ff4c240a965d41,270,270,False,None,None,16,PIPE,pipe_manip_337987.png,ACCEPT,Clean,False
DEF_DALLE_3_024,DALLE_3,4027,validation-00000-of-00002.parquet,4027,897a2f221d065f94e25806f2cb98a0b7d18af5373fd7c61afbeb8dd732ffa626,9b7936275880c7da,270,270,False,None,None,16,dataset_v4,v4_tr_ai_genimage_00831.png,ACCEPT,Clean,False
DEF_DALLE_3_025,DALLE_3,6035,validation-00001-of-00002.parquet,1535,02693ab27af8662e57c2817d765b9e286a06d4c4778a75404f78c29a8198e12b,84c43556b68b7cd6,270,270,False,None,None,18,dataset_v4,v4_tr_ai_genimage_00071.png,ACCEPT,Clean,False
DEF_DALLE_3_026,DALLE_3,4071,validation-00000-of-00002.parquet,4071,9002be584dfd72c5721b988c26938a46a28a6556cb929a2ada5bd20dc89484d9,c08cefb0da85db98,270,270,False,None,None,14,PIPE,pipe_manip_71756.png,ACCEPT,Clean,False
DEF_DALLE_3_027,DALLE_3,748,validation-00000-of-00002.parquet,748,30df9fd14ca64fc4d81c4016271c7e596f5371713a959b7083bf10f8595e1092,81f6aa194955b0ef,270,270,False,None,None,18,dataset_v4,v4_tr_ai_genimage_00677.png,ACCEPT,Clean,False
DEF_DALLE_3_028,DALLE_3,4155,validation-00000-of-00002.parquet,4155,7797c934d04f29efd5d4bb520d9db1559ffd7ceaecfc21c068ea1669de4ff2e5,cdf5365849a462ce,270,270,False,None,None,16,dataset_v4,v4_tr_ai_genimage_01034.png,ACCEPT,Clean,False
DEF_DALLE_3_029,DALLE_3,2434,validation-00000-of-00002.parquet,2434,f0d169b82e8b50deb7c5d78a189f5a6b40eabb2ebc5cebb503ca6ace921b3250,b6a90d96b6cdc1a4,270,270,False,None,None,16,dataset_v4,v4_tr_real_genimage_00343.jpg,ACCEPT,Clean,False
DEF_DALLE_3_030,DALLE_3,6456,validation-00001-of-00002.parquet,1956,9792080e9dcf842d3a612e8728bb193eefacf4ec0bbcd943df73f063530fd89c,95906e636127e39d,270,270,False,None,None,14,dataset_v4,v4_va_ai_genimage_00037.png,ACCEPT,Clean,False
DEF_DALLE_3_031,DALLE_3,7603,validation-00001-of-00002.parquet,3103,1082236a8112d25b3e80da8f777df91c62ac3f14556c5a881c660476dd5dd411,9e2a635e5225de31,270,270,False,None,None,16,dataset_v4,v4_te_real_genimage_00031.jpg,ACCEPT,Clean,False
DEF_DALLE_3_032,DALLE_3,982,validation-00000-of-00002.parquet,982,8758d9e518440c2944d5659cf7c4c8bacb1c0584aab9701d2c4a658f5a87ac18,ccecf943e258123e,270,270,False,None,None,18,dataset_v4,v4_tr_real_genimage_00197.jpg,ACCEPT,Clean,False
DEF_DALLE_3_033,DALLE_3,8670,validation-00001-of-00002.parquet,4170,dbf4a7890ca4b194f29de2d2be39fd117664bc0e10f5561622ff648b7760ab90,f40c7b7d06cbf00c,270,270,False,None,None,16,dataset_v4,v4_tr_real_genimage_00145.jpg,ACCEPT,Clean,False
DEF_DALLE_3_034,DALLE_3,6881,validation-00001-of-00002.parquet,2381,7ae7e394c882accc000d49d43063271dd30a5f7b0d0445d143ea293bad18eb33,8e9231496835eadf,270,270,False,None,None,16,external_test,IMG_20260403_083135.jpg,ACCEPT,Clean,False
DEF_DALLE_3_035,DALLE_3,3142,validation-00000-of-00002.parquet,3142,71e33652d411a2d8a6dccb859f01c1539aaf806bf0a56591a9d961db2627f679,ccf452cf89433387,270,270,False,None,None,16,dataset_v4,v4_tr_ai_historical_style_00031.png,ACCEPT,Clean,False
DEF_DALLE_3_036,DALLE_3,3883,validation-00000-of-00002.parquet,3883,2d30746d1c88f4e1a025f6c04516198fb663d71ef2f42bb0c761ac811f0f410a,d8811ff4313f9661,270,270,False,None,None,16,dataset_manipulation_v2,pair_tgif_ps_525322_manip.png,ACCEPT,Clean,False
DEF_DALLE_3_037,DALLE_3,8688,validation-00001-of-00002.parquet,4188,149b12aa073b485470019ba05ca7d8eb49e1cacd27c23163306d0116187a8ca2,eaeb15a23b3554c4,270,270,False,None,None,16,dataset_manipulation_v2,pair_pipe_1fd9f45de9d0584c_orig.png,ACCEPT,Clean,False
DEF_DALLE_3_038,DALLE_3,4771,validation-00001-of-00002.parquet,271,ed2dc845b42de086315671271b4f14a63ee003e0067950e353557336627c47cb,a1bc91c17a5fd898,270,270,False,None,None,14,dataset_v4,v4_tr_ai_genimage_00360.png,ACCEPT,Clean,False
DEF_DALLE_3_039,DALLE_3,4909,validation-00001-of-00002.parquet,409,724c17423d6e5444fb66ca00f764af20ae9742a840b283782d3b366adec26f4b,95a78e92620eaf69,270,270,False,None,None,18,dataset_v4,v4_tr_ai_genimage_00105.png,ACCEPT,Clean,False
DEF_DALLE_3_040,DALLE_3,8286,validation-00001-of-00002.parquet,3786,841ee3506e4af5f1acda3a37ba2345d49605448657026418df46fed52cb19191,fca22730da0f633c,270,270,False,None,None,16,PIPE,pipe_orig_292236.png,ACCEPT,Clean,False
DEF_DALLE_3_041,DALLE_3,6520,validation-00001-of-00002.parquet,2020,c951bc300e47c338c3b25819aaba657219fcea6ce109c913b4aa4e7e5b9f378d,f09a99e546ca0d97,270,270,False,None,None,14,dataset_v4,v4_te_ai_genimage_00186.png,ACCEPT,Clean,False
DEF_DALLE_3_042,DALLE_3,6245,validation-00001-of-00002.parquet,1745,6bed69fb5efe03047a21dfa959136de76fa31bccf15f52f25c859a1a30f9b868,ecb056605913f3f2,270,270,False,None,None,14,dataset_v4,v4_tr_ai_genimage_00054.png,ACCEPT,Clean,False
DEF_DALLE_3_043,DALLE_3,3423,validation-00000-of-00002.parquet,3423,347fd06c2ef500d5e13b1a6a14d028afcdd77884906690db13c2d8f5cecd09d0,f1f0d08f0f58a663,270,270,False,None,None,16,dataset_v4,v4_tr_ai_genimage_00210.png,ACCEPT,Clean,False
DEF_DALLE_3_044,DALLE_3,5047,validation-00001-of-00002.parquet,547,e14505cd59dc9af52e7097d06e6a72a3862dfa74784465ebe74d18abf6691da1,9bb6b469c9c50e1c,270,270,False,None,None,16,dataset_manipulation_v2,pair_pipe_404059_manip.png,ACCEPT,Clean,False
DEF_DALLE_3_045,DALLE_3,8945,validation-00001-of-00002.parquet,4445,83a7ed99f3a84766c3140342109840047d6d7cf0d191d8fe70ff59536e17d865,96ca653239a5cb8d,270,270,False,None,None,16,dataset_v4,v4_tr_ai_historical_style_00172.jpg,ACCEPT,Clean,False
DEF_DALLE_3_046,DALLE_3,1099,validation-00000-of-00002.parquet,1099,18ba6e7d5305f22fd0fa9aa4a96e388d3154c5df61d816a080e381df50d616f9,d0f40e3bc3db13c8,270,270,False,None,None,14,dataset_v4,v4_te_real_genimage_00032.jpg,ACCEPT,Clean,False
DEF_DALLE_3_047,DALLE_3,3351,validation-00000-of-00002.parquet,3351,02fa09f9b103891d5bc85c8b35e39b32a1b29f5f43cf1e1356b1c37216383d59,9795d4bd94890be2,270,270,False,None,None,16,dataset_v4,v4_va_ai_genimage_00196.png,ACCEPT,Clean,False
DEF_DALLE_3_048,DALLE_3,4964,validation-00001-of-00002.parquet,464,f1c043d3b99681bdfc6b42a9902cd009f25b4a3da025045870a1d5b7e55b35aa,cc9772ec8d6905a6,270,270,False,None,None,16,dataset_v4,v4_va_ai_historical_style_00014.png,ACCEPT,Clean,False
DEF_DALLE_3_049,DALLE_3,2187,validation-00000-of-00002.parquet,2187,935fd0f69f46724f9362e5bd2138e066178ee1fff1fc74b59352b042b9054efa,92b30744ce3f85f1,270,270,False,None,None,16,manipulation_v1,orig_417823.png,ACCEPT,Clean,False
DEF_DALLE_3_050,DALLE_3,1189,validation-00000-of-00002.parquet,1189,9fc1f2a962239982c3b1eef7c30818899d185672197ab4c73b3c1390e3e2554d,ebedc55052b0c39c,270,270,False,None,None,18,dataset_v4,v4_te_ai_genimage_00059.png,ACCEPT,Clean,False
DEF_DALLE_3_051,DALLE_3,1341,validation-00000-of-00002.parquet,1341,51adc8e2c68283a2d99b16b34decbc9d7c4f19bb77a2827c5f266578237f2ef6,b387a79e3248946b,270,270,False,None,None,18,dataset_v4,v4_tr_ai_genimage_00032.png,ACCEPT,Clean,False
DEF_DALLE_3_052,DALLE_3,2920,validation-00000-of-00002.parquet,2920,1e081eb2f27f73324534fdbff74b580699b3166fc924fb52ea011d2bd713a1cc,9b0f961a4d315736,270,270,False,None,None,16,manipulation_v1,orig_24591.png,ACCEPT,Clean,False
DEF_DALLE_3_053,DALLE_3,8131,validation-00001-of-00002.parquet,3631,f7721d672ae2487b9be3fcc6940e36fa328626a931eeeccdfb80cb0c068e783e,ccccc4c3d3a267c5,270,270,False,None,None,18,dataset_v4,v4_te_ai_genimage_00161.png,ACCEPT,Clean,False
DEF_DALLE_3_054,DALLE_3,5521,validation-00001-of-00002.parquet,1021,b53f7d9a28d58b17ec387589f9e45d0fc16b3400bcf253df35104a94615a74e4,81e92687dde287d8,270,270,False,None,None,14,dataset_v4,v4_tr_ai_genimage_00118.png,ACCEPT,Clean,False
DEF_DALLE_3_055,DALLE_3,6141,validation-00001-of-00002.parquet,1641,f18c9b3a95a8e571d9f5d176515405ff66d8349d46787a2c53593f0e041bd0a0,e2f62ca98bcc09e9,270,270,False,None,None,16,manipulation_v1,orig_194600.png,ACCEPT,Clean,False
DEF_DALLE_3_056,DALLE_3,323,validation-00000-of-00002.parquet,323,07310b4b1dedaa8b6bfd3b0b4541a3f4ce96dc66d11c4a3a33b40b3a9db44732,fa94c4fb0350dc8b,270,270,False,None,None,14,dataset_v4,v4_tr_real_genimage_00021.jpg,ACCEPT,Clean,False
DEF_DALLE_3_057,DALLE_3,1085,validation-00000-of-00002.parquet,1085,ac02c41f3dfe2a053bd42e44199d0fa56dd8acd12960ae01ff72faef9eb41cfa,ccba0731da9be08e,270,270,False,None,None,18,dataset_v4,v4_tr_ai_historical_style_00157.png,ACCEPT,Clean,False
DEF_DALLE_3_058,DALLE_3,7712,validation-00001-of-00002.parquet,3212,2013f9075adf70195970264c087c459ead7644d5f5445029a043b79300bf5f19,8af16198712ddeac,270,270,False,None,None,18,dataset_v4,v4_va_real_genimage_00136.jpg,ACCEPT,Clean,False
DEF_DALLE_3_059,DALLE_3,8192,validation-00001-of-00002.parquet,3692,a38ffd161f6fccd9de05edee961f51bd0b2fc01098bcac4ae395ad15eacc51b2,d69be4a4c9d61463,270,270,False,None,None,16,dataset_v4,v4_tr_ai_genimage_00479.png,ACCEPT,Clean,False
DEF_DALLE_3_060,DALLE_3,2686,validation-00000-of-00002.parquet,2686,ea71d61926360c3ae5b2fbb18ccc329b41b52741d894082100883cecdc60cee2,8fb0900df0da86ef,270,270,False,None,None,14,dataset_v4,v4_tr_real_genimage_00959.jpg,ACCEPT,Clean,False
DEF_DALLE_3_061,DALLE_3,2398,validation-00000-of-00002.parquet,2398,6511103789fea24b47f3a7e0b1fb50cdeeffcc6cf0565e2798f3843f9d5eb224,9cb56873689a87ca,270,270,False,None,None,18,dataset_v4,v4_tr_ai_genimage_00193.png,ACCEPT,Clean,False
DEF_DALLE_3_062,DALLE_3,3400,validation-00000-of-00002.parquet,3400,332b8c7e6ee36abd141a018aebeca55f908f53c3dd0eaf034d39732efc814e18,a197d9859e592578,270,270,False,None,None,16,dataset_v4,v4_te_real_genimage_00044.jpg,ACCEPT,Clean,False
DEF_DALLE_3_063,DALLE_3,3129,validation-00000-of-00002.parquet,3129,3331c38a249b2c496b402a462c3856cb71551a832929c060b436f98ec673d4e3,99cc749e03f9dc0a,270,270,False,None,None,18,dataset_v4,v4_tr_ai_genimage_00160.png,ACCEPT,Clean,False
DEF_DALLE_3_064,DALLE_3,1330,validation-00000-of-00002.parquet,1330,96e32106b5363c794fa380c90217dc4dd662b647d5c8662d1eab4f9a110a447d,ebf5c1c9c196a464,270,270,False,None,None,16,dataset_v4,v4_tr_ai_genimage_00548.png,ACCEPT,Clean,False
DEF_DALLE_3_065,DALLE_3,972,validation-00000-of-00002.parquet,972,7ca49c7fb90f70de77aca1170366ff6398ff36909e64d0edbfd7c3b6e00c269d,e6e220385379fcf0,270,270,False,None,None,16,dataset_v4,v4_te_ai_genimage_00148.png,ACCEPT,Clean,False
DEF_DALLE_3_066,DALLE_3,4366,validation-00000-of-00002.parquet,4366,eeb119833dfdf62fe3db5ef49d5011319428d637526ca778cc4276298d2a0219,b5ba5c20d07df251,270,270,False,None,None,16,dataset_v4,v4_va_ai_modern_00009.png,ACCEPT,Clean,False
DEF_DALLE_3_067,DALLE_3,2270,validation-00000-of-00002.parquet,2270,7be368757d27ee3e28f665949b6101fe8de7ac86d15bcfed27116bfd8959b11b,95d11c62aad867d5,270,270,False,None,None,18,dataset_v4,v4_te_ai_genimage_00082.png,ACCEPT,Clean,False
DEF_DALLE_3_068,DALLE_3,8070,validation-00001-of-00002.parquet,3570,49965f4dd406972c8d92993387b9928f0c38d8f6e21a7d4bc63bd92130aa7483,cc8c44211b36cbff,270,270,False,None,None,16,dataset_v4,v4_tr_real_genimage_00189.jpg,ACCEPT,Clean,False
DEF_DALLE_3_069,DALLE_3,8468,validation-00001-of-00002.parquet,3968,08e20d97d44bfe593a4b8791f64ea7ab5b914dca12329c8ea92115cdc577f8da,de9b81802b6f27cc,270,270,False,None,None,16,dataset_v4,v4_tr_ai_genimage_00477.png,ACCEPT,Clean,False
DEF_DALLE_3_070,DALLE_3,3335,validation-00000-of-00002.parquet,3335,de3b5edeab420893df5f5d721cedb50fa44c1942b0296be23ba372cd95799dc1,9ad890bcfd89e1c4,270,270,False,None,None,16,dataset_v4,v4_tr_ai_modern_00092.png,ACCEPT,Clean,False
DEF_DALLE_3_071,DALLE_3,3262,validation-00000-of-00002.parquet,3262,2f50596108b4c8a5a05b9a60def88a3b99dc7091b69c5b7e060639a3e367c9ec,cf8fa729f0548952,270,270,False,None,None,14,dataset_manipulation_v2,pair_pipe_3a1332efa89cbd2d_orig.png,ACCEPT,Clean,False
DEF_DALLE_3_072,DALLE_3,8356,validation-00001-of-00002.parquet,3856,312bbcde271b6c7f4d89f2b106d0d31f965520fdb1bf47aa3da601baf560a44f,c4e0938b4e9778cb,270,270,False,None,None,14,dataset_v4,v4_va_ai_modern_00005.png,ACCEPT,Clean,False
DEF_DALLE_3_073,DALLE_3,6764,validation-00001-of-00002.parquet,2264,b1a45eafa591828b7095e1d103a8a2772a4f57dd627fb9e3cc3ae67761255a57,eec0de38d9c18792,270,270,False,None,None,14,dataset_v4,v4_te_real_genimage_00074.jpg,ACCEPT,Clean,False
DEF_DALLE_3_074,DALLE_3,6732,validation-00001-of-00002.parquet,2232,60fadabc8f8ccefa290ccea848733dba66f76de7787ba350c0bf8f3a2b6dfa8c,c19a9b3225ed9729,270,270,False,None,None,18,dataset_v4,v4_tr_ai_genimage_00093.png,ACCEPT,Clean,False
DEF_DALLE_3_075,DALLE_3,1408,validation-00000-of-00002.parquet,1408,6d07eaf15354eddb5511ac4c1d68b462198aef9a3eee66473e3645b88beed4b3,94af4f630370f896,270,270,False,None,None,18,dataset_v4,v4_tr_ai_genimage_00095.png,ACCEPT,Clean,False
DEF_DALLE_3_076,DALLE_3,8552,validation-00001-of-00002.parquet,4052,a43e7874957828311f57704f84db5b41b6d3fe19dcedeabff70514edb110fc45,f8f2ed0f371c1830,270,270,False,None,None,14,dataset_manipulation_v2,pair_pipe_360013_manip.png,ACCEPT,Clean,False
DEF_DALLE_3_077,DALLE_3,4851,validation-00001-of-00002.parquet,351,353f41f2d124048195775abc1fce91315c30e0716343fdfb783bd273927e6e01,a588709c3e771b1b,270,270,False,None,None,18,dataset_v4,v4_te_ai_modern_00035.png,ACCEPT,Clean,False
DEF_DALLE_3_078,DALLE_3,5406,validation-00001-of-00002.parquet,906,746a3be5e65361dbaed1762a9e6ca672dcec66d1d8270136081d02b26699d680,bb14d36ccb4cacc4,270,270,False,None,None,16,dataset_v4,v4_tr_real_genimage_00312.jpg,ACCEPT,Clean,False
DEF_DALLE_3_079,DALLE_3,893,validation-00000-of-00002.parquet,893,740b7f99cb9a2f6886448f0c6e0ae15ab69131586175990cb9d2519b102509ed,c5440de9e3cbe90d,270,270,False,None,None,18,dataset_v4,v4_te_ai_genimage_00167.png,ACCEPT,Clean,False
DEF_DALLE_3_080,DALLE_3,39,validation-00000-of-00002.parquet,39,63d8db092ea3a37e307b3b1a08b3a3f861fed9abd28fd7d24653061e5493dc55,d3db4c2c0ea496a7,270,270,False,None,None,16,PIPE,pipe_manip_32735.png,ACCEPT,Clean,False
DEF_DALLE_3_081,DALLE_3,833,validation-00000-of-00002.parquet,833,4d26880d4e2a110e150e561b04dd9be7e0766cb6ce6095e8351bf23098895a37,f1e0c46764fa3239,270,270,False,None,None,16,dataset_v4,v4_tr_ai_genimage_00442.png,ACCEPT,Clean,False
DEF_DALLE_3_082,DALLE_3,3450,validation-00000-of-00002.parquet,3450,1d725b49625cbbc1399fbf85fccb778fff6a3a953b15eea04c62a0ce68ca0c05,e8d9f528926692f2,270,270,False,None,None,16,dataset_manipulation_v2,pair_pipe_c70d4874a8a031f7_manip.png,ACCEPT,Clean,False
DEF_DALLE_3_083,DALLE_3,6236,validation-00001-of-00002.parquet,1736,0e4a1731936e2dc4a8cfb82eff3f48229ac4434e49d6d4806eb6fc3cb017f469,df9ce0c3b0b48b58,270,270,False,None,None,16,dataset_v4,v4_tr_real_genimage_00878.jpg,ACCEPT,Clean,False
DEF_DALLE_3_084,DALLE_3,6382,validation-00001-of-00002.parquet,1882,9a060e32350a224a2a264ce624c0cf9e47ae127737b22b606ea07dc011997ff0,875791b236591ea6,270,270,False,None,None,18,dataset_v4,v4_va_ai_historical_style_00030.png,ACCEPT,Clean,False
DEF_DALLE_3_085,DALLE_3,551,validation-00000-of-00002.parquet,551,49998fbe49b1b8fd5b73bae85269405760ab3a0334155e31e53ecc4c31a03c8e,85b95993397c4a1b,270,270,False,None,None,14,PIPE,pipe_manip_512776.png,ACCEPT,Clean,False
DEF_DALLE_3_086,DALLE_3,8854,validation-00001-of-00002.parquet,4354,255d4692b1c20656d1479ea4fabdb1413e6079dfb38be787928bdae4d0336617,d4d4f5299a234b35,270,270,False,None,None,16,manipulation_v1,manip_299714_turn1.png,ACCEPT,Clean,False
DEF_DALLE_3_087,DALLE_3,5927,validation-00001-of-00002.parquet,1427,934b49c9bde9edebcbb5d4950e5deba6bd7bfef6c9d2383a75efef7596b4ab27,d6960d9e3d0db0a6,270,270,False,None,None,18,dataset_v4,v4_tr_real_modern_00108.jpg,ACCEPT,Clean,False
DEF_DALLE_3_088,DALLE_3,864,validation-00000-of-00002.parquet,864,55610f788dbce768c853d832c5169f02189952f55e22a12e78c99eebf27410aa,c1c2d3e4c6eb2ec8,270,270,False,None,None,16,PIPE,pipe_manip_174004.png,ACCEPT,Clean,False
DEF_DALLE_3_089,DALLE_3,6156,validation-00001-of-00002.parquet,1656,2d8de2d42ee77fa69d2a0639884bd4d9c2999239fce3372faab79990c695770a,c699d98ddd478720,270,270,False,None,None,16,dataset_v4,v4_tr_real_modern_00060.jpg,ACCEPT,Clean,False
DEF_DALLE_3_090,DALLE_3,7612,validation-00001-of-00002.parquet,3112,549508a42a2e29005d4d609b619711c80ffe1026715a76fdca92e25b3de9ef30,baed81c793c0db03,270,270,False,None,None,16,dataset_v4,v4_tr_real_genimage_00535.jpg,ACCEPT,Clean,False
DEF_DALLE_3_091,DALLE_3,4009,validation-00000-of-00002.parquet,4009,59eedb0b02c5967ff574512533d036583e8c8e6bf24505ece3e9b381d20ee9cd,97ec1283b4ab6574,270,270,False,None,None,18,dataset_v4,v4_tr_ai_genimage_01038.png,ACCEPT,Clean,False
DEF_DALLE_3_092,DALLE_3,5481,validation-00001-of-00002.parquet,981,b7fa37c43ccd8bb33860456b113bfbbb42bbe4d7792d6f95b786c932f57b33ec,f6e0438f46f0c933,270,270,False,None,None,12,dataset_manipulation_v2,pair_pipe_bad07a3f07b1eef9_manip.png,ACCEPT,Clean,False
DEF_DALLE_3_093,DALLE_3,2914,validation-00000-of-00002.parquet,2914,c92c508c42f3294961346b452767f66a6dd4389f793a8b4f8992d2a505610da8,fa22615e91d5ed0a,270,270,False,None,None,18,dataset_v4,v4_te_real_genimage_00210.jpg,ACCEPT,Clean,False
DEF_DALLE_3_094,DALLE_3,8771,validation-00001-of-00002.parquet,4271,201f479f09b45f383064e48319ef3f91112b1bacd8308a5414d643d2fbb84b42,999e158e286dd05f,270,270,False,None,None,18,dataset_v4,v4_te_ai_genimage_00127.png,ACCEPT,Clean,False
DEF_DALLE_3_095,DALLE_3,2218,validation-00000-of-00002.parquet,2218,93a2d212f8ba55edc07e54fc918099e132a7fa97f54a186e1f1a6a5a8dc584ae,b69f4ce8f52430b1,270,270,False,None,None,16,dataset_manipulation_v2,pair_tgif_sdxl_426836_orig.png,ACCEPT,Clean,False
DEF_DALLE_3_096,DALLE_3,149,validation-00000-of-00002.parquet,149,1e9c53f2aee7a7e102eabc100f1346a1ca63123aa8ac37da0f47149e99f52fd0,bd94c0c74345f0f9,270,270,False,None,None,14,dataset_manipulation_v2,pair_pipe_adc0b11038cd21f2_manip.png,ACCEPT,Clean,False
DEF_DALLE_3_097,DALLE_3,6012,validation-00001-of-00002.parquet,1512,047009b593657025637b6e99496670bd8ecad640e8e83495ac3809a589f294ad,99a9664d6c260f9b,270,270,False,None,None,16,manipulation_v1,orig_178403.png,ACCEPT,Clean,False
DEF_DALLE_3_098,DALLE_3,4448,validation-00000-of-00002.parquet,4448,72406d9e9c4bca26b148ba3a77342507038e6961779e05b195e569b5f3280a87,a21a59f686a8daae,270,270,False,None,None,16,external_test,IMG_20260403_082342.jpg,ACCEPT,Clean,False
DEF_DALLE_3_099,DALLE_3,475,validation-00000-of-00002.parquet,475,03b496eaa6bde6a8f0fc92c6620c1b1afff1c713e84530faf8ee67badd466c5b,87976c93ee1231b4,270,270,False,None,None,16,dataset_v4,v4_tr_real_genimage_00194.jpg,ACCEPT,Clean,False
DEF_DALLE_3_100,DALLE_3,8594,validation-00001-of-00002.parquet,4094,94991676d7ec6a39ee44dec7d2a6ecd6a8246b627b8aecc366d932098562fb52,d4ee73022cf7d221,270,270,False,None,None,18,dataset_v4,v4_tr_real_genimage_00347.jpg,ACCEPT,Clean,False
DEF_SDXL_001,SDXL,5092,validation-00001-of-00002.parquet,592,6896a263b2638dd53beeb400de0b1f02b8a67695cd232d61ee7c92232fce957e,87c63139ecc31e96,1024,1024,False,None,None,16,dataset_v4,v4_te_ai_genimage_00033.png,ACCEPT,Clean,False
DEF_SDXL_002,SDXL,8265,validation-00001-of-00002.parquet,3765,3c564dba4e61f72786c5d68f7354c29807e19b1816149442351e88d2c8af31f1,8cea33aecd30e44b,1024,1024,False,None,None,16,dataset_v4,v4_tr_ai_modern_00133.webp,ACCEPT,Clean,False
DEF_SDXL_003,SDXL,7827,validation-00001-of-00002.parquet,3327,571f894ebeeb9320653c73327cd9204c55bbdc659b35cb3ffa4edc4f45562bfa,ed991364b459b26c,1024,1024,False,None,None,14,dataset_v4,v4_tr_ai_genimage_00570.png,ACCEPT,Clean,False
DEF_SDXL_004,SDXL,7681,validation-00001-of-00002.parquet,3181,82a151f95e1317fb280fcd10bb55c72de20e892e014afbdcfa26d6a5eaa7e96a,b1cc4731cc67b15c,1024,1024,False,None,None,12,dataset_manipulation_v2,pair_tgif_ps_492968_manip.png,ACCEPT,Clean,False
DEF_SDXL_005,SDXL,3421,validation-00000-of-00002.parquet,3421,b2bc5060faf764e3c88379b62effc5a39c53cf8515979737824d294a5b086b57,acacd70e80f9d24e,1024,1024,False,None,None,14,dataset_v4,v4_tr_ai_genimage_00890.png,ACCEPT,Clean,False
DEF_SDXL_006,SDXL,6616,validation-00001-of-00002.parquet,2116,551f049c5fa14c7eec1683feb865359d86f9725229e4fc819343419a6628b259,cdb2e18bdf0c6621,1024,1024,False,None,None,18,dataset_v4,v4_tr_ai_genimage_00741.png,ACCEPT,Clean,False
DEF_SDXL_007,SDXL,5263,validation-00001-of-00002.parquet,763,5d0d509ee9664aecbad17a3e37b46305f3aa57990b1060fe299508df44665acb,e8ea878795949c9a,1024,1024,False,None,None,14,dataset_v4,v4_tr_real_historical_00032.jpg,ACCEPT,Clean,False
DEF_SDXL_008,SDXL,6516,validation-00001-of-00002.parquet,2016,a507e240c28c0843be849b452b3dc148a2869b817b88906cdfb96ee4b5e7f6b6,b649b9164d162aaf,1024,1024,False,None,None,14,dataset_manipulation_v2,pair_pipe_ba4dbd1d805f3f35_manip.png,ACCEPT,Clean,False
DEF_SDXL_009,SDXL,4377,validation-00000-of-00002.parquet,4377,71e3b3d3f7085ebda66ef7c81f3cab7974a6b852aa624477ac3f9009b197c520,96b21d698d0c96de,1024,1024,False,None,None,16,dataset_v4,v4_tr_ai_genimage_00614.png,ACCEPT,Clean,False
DEF_SDXL_010,SDXL,7301,validation-00001-of-00002.parquet,2801,362cb62853c21b96d50b9e301328927c44f0cd7b2390c0e780802db53bd1974c,ba3486bba4a689bc,1024,1024,False,None,None,16,dataset_v4,v4_tr_ai_genimage_00437.png,ACCEPT,Clean,False
DEF_SDXL_011,SDXL,6287,validation-00001-of-00002.parquet,1787,116943ac8fa1d185224ad056059e5010615147fd0fb00c5e24fa8c22215280cf,e6da30887aa1df34,1024,1024,False,None,None,16,dataset_v4,v4_va_real_genimage_00172.jpg,ACCEPT,Clean,False
DEF_SDXL_012,SDXL,5777,validation-00001-of-00002.parquet,1277,f71fc41a45ec38246725b532d3a9bf441c70c71fc938dfa364cfc12279cd5292,bbf6c23ba4300a3b,1024,1024,False,None,None,16,dataset_v4,v4_tr_real_genimage_01012.jpg,ACCEPT,Clean,False
DEF_SDXL_013,SDXL,6519,validation-00001-of-00002.parquet,2019,aa1e03e2ec731993aca94cf0d022557366da960a2a911cca1e687d30c7b749eb,8663589d49b56b99,1024,1024,False,None,None,18,dataset_v4,v4_tr_ai_genimage_00327.png,ACCEPT,Clean,False
DEF_SDXL_014,SDXL,4050,validation-00000-of-00002.parquet,4050,8c942d1cfeecf6b7eea097cc1c0a3d1b3620798837901cc1d078e996cece5234,b409a96fdfb2c884,1024,1024,False,None,None,18,dataset_v4,v4_tr_ai_genimage_00569.png,ACCEPT,Clean,False
DEF_SDXL_015,SDXL,839,validation-00000-of-00002.parquet,839,780b11fe50ce887b73836547460f9ad16dcc6aecee39e0d55f31bdc7d4321a6c,e55d5a41694e2d8e,1024,1024,False,None,None,18,dataset_v4,v4_tr_ai_historical_style_00068.png,ACCEPT,Clean,False
DEF_SDXL_016,SDXL,5454,validation-00001-of-00002.parquet,954,f29a01c47c74490a51b60379082325653e846b17ae982eed637248feb278e308,cd5a32e8cdca1636,1024,1024,False,None,None,16,dataset_v4,v4_tr_ai_genimage_00500.png,ACCEPT,Clean,False
DEF_SDXL_017,SDXL,1954,validation-00000-of-00002.parquet,1954,da26221291c9c2e3494037abb6072c88959e86661a3dc3d33365515123b98207,bc318e0f61f09e78,1024,1024,False,None,None,16,dataset_v4,v4_te_ai_genimage_00168.png,ACCEPT,Clean,False
DEF_SDXL_018,SDXL,5654,validation-00001-of-00002.parquet,1154,af92ecb34555556d320a0dbb7049765917bb82637dddfdcd8839639ca75bc80a,a7ab499687b521c5,1024,1024,False,None,None,16,dataset_v4,v4_tr_ai_genimage_00694.png,ACCEPT,Clean,False
DEF_SDXL_019,SDXL,3122,validation-00000-of-00002.parquet,3122,8777291c5c4848415dddfa25596e6629863be36315c07d6eb6b9edd9a010bf73,a6f9a6eda98205e1,1024,1024,False,None,None,16,dataset_v4,v4_va_ai_modern_00015.png,ACCEPT,Clean,False
DEF_SDXL_020,SDXL,4872,validation-00001-of-00002.parquet,372,d90187a23f54b4daa47d348786085c94035c258f4dd025a099a803fae18207f6,d7bd4268951b2ad8,1024,1024,False,None,None,16,manipulation_v1,orig_204339.png,ACCEPT,Clean,False
DEF_SDXL_021,SDXL,5389,validation-00001-of-00002.parquet,889,4c9bab56e00f44a13a9149f4a29e8033c1504bdfe477c7a20f045b61ded4e733,def0321bb449686d,1024,1024,False,None,None,16,manipulation_v1,manip_155705_turn2.png,ACCEPT,Clean,False
DEF_SDXL_022,SDXL,4610,validation-00001-of-00002.parquet,110,fe1bd9bf0df4242161d0409db896d4fd1560ec5e092fb20087a31be86af01d27,b69dc9195999e132,1024,1024,False,None,None,14,MagicBrush,mb_manip_361618_turn2.png,ACCEPT,Clean,False
DEF_SDXL_023,SDXL,3179,validation-00000-of-00002.parquet,3179,08116f520a31c6d1deae30a9ec25133a95abf69d9a620b79c71eb469384ef438,8f82766d78826f61,1024,1024,False,None,None,16,dataset_manipulation_v2,pair_pipe_379980_manip.png,ACCEPT,Clean,False
DEF_SDXL_024,SDXL,5898,validation-00001-of-00002.parquet,1398,bf3f0b94295b944fba34fef62f0b41f09a526ce7cfec15a638b7017d4ab3535e,dcdc22dc92229d73,1024,1024,False,None,None,18,dataset_v4,v4_te_ai_modern_00019.png,ACCEPT,Clean,False
DEF_SDXL_025,SDXL,945,validation-00000-of-00002.parquet,945,f09335ce61cde9520795a2baec1d0dfb9a0dc9a06aebe4f4dfe92dfda4cbe88a,9411bf7e8425b666,1024,1024,False,None,None,16,dataset_v4,v4_tr_ai_genimage_00171.png,ACCEPT,Clean,False
DEF_SDXL_026,SDXL,3216,validation-00000-of-00002.parquet,3216,e29a7fdb44357e4b7286c1883e76520046f6aa727c99f201b5c814424452981b,bce81e66190ec39d,1024,1024,False,None,None,16,dataset_manipulation_v2,pair_pipe_7eb79ab2d9d2d0a6_manip.png,ACCEPT,Clean,False
DEF_SDXL_027,SDXL,5619,validation-00001-of-00002.parquet,1119,40b93bce9543717eabbeebd27bd47dee760da07b76d7e1abdec8690606cf855c,a525e5d87867ca43,1024,1024,False,None,None,18,dataset_v4,v4_tr_ai_historical_style_00075.png,ACCEPT,Clean,False
DEF_SDXL_028,SDXL,2124,validation-00000-of-00002.parquet,2124,cd3e053fa20b4b9f52015fe112615d8ba543489c46a256271e8479c9596b6bb8,a8cb55b4cbe0b0da,1024,1024,False,None,None,14,dataset_manipulation_v2,pair_pipe_182279_manip.png,ACCEPT,Clean,False
DEF_SDXL_029,SDXL,6893,validation-00001-of-00002.parquet,2393,b93dbe61c0b30a8f251a56a3770a1b577d95c325ed61409f7da5d4d820a2336b,d142a6ef5ab00bf1,1024,1024,False,None,None,18,dataset_v4,v4_tr_ai_genimage_00579.png,ACCEPT,Clean,False
DEF_SDXL_030,SDXL,8580,validation-00001-of-00002.parquet,4080,f17e30be13fccfb31c3916b8c25908d7801ef8f0a8e46db49fc8eb8c2958b5fb,80ac277d36999667,1024,1024,False,None,None,16,PIPE,pipe_manip_79565.png,ACCEPT,Clean,False
DEF_SDXL_031,SDXL,4556,validation-00001-of-00002.parquet,56,6ff2cbf2c1f408eb3fc364b67740617de190bdd78c83a0705478feac8926bfd1,fbc61d2b493a51a2,1024,1024,False,None,None,18,dataset_v4,v4_te_real_genimage_00066.jpg,ACCEPT,Clean,False
DEF_SDXL_032,SDXL,8027,validation-00001-of-00002.parquet,3527,beeb21dd89c03902ba98696875df222000388afdcab2ea4425771e9763269c89,96e8e8a133115b77,1024,1024,False,None,None,14,dataset_v4,v4_tr_ai_modern_00068.png,ACCEPT,Clean,False
DEF_SDXL_033,SDXL,1506,validation-00000-of-00002.parquet,1506,409fffb4aa2e26c623387233bea3b206f20446b1491c3472c1c214035e396e75,d1fd129299e9ad84,1024,1024,False,None,None,16,dataset_v4,v4_va_real_genimage_00156.jpg,ACCEPT,Clean,False
DEF_SDXL_034,SDXL,1863,validation-00000-of-00002.parquet,1863,b3166901fa16c937e520e0de025a0e6207dad9f34fa89603f907ddf7db62724c,e4d979b69f160868,1024,1024,False,None,None,16,dataset_v4,v4_tr_real_genimage_00191.jpg,ACCEPT,Clean,False
DEF_SDXL_035,SDXL,4687,validation-00001-of-00002.parquet,187,fe06003ccc13492123d84a3b762ca45145890f28162b239e2700ec01e01ad08a,f3cc70738c334ccc,1024,1024,False,None,None,14,dataset_v4,v4_tr_ai_genimage_00669.png,ACCEPT,Clean,False
DEF_SDXL_036,SDXL,794,validation-00000-of-00002.parquet,794,b87b8be31b202567fed4ee06e9cc04857dfe7940a75f657758549da9428c6951,81f10a7447beeb07,1024,1024,False,None,None,18,dataset_v4,v4_tr_ai_genimage_00760.png,ACCEPT,Clean,False
DEF_SDXL_037,SDXL,6443,validation-00001-of-00002.parquet,1943,82a9ad5d88230dc1571e9aa02279cc8e17718c9588dc023f1cce29e6ec1e2eb8,b838e12b61523bd7,1024,1024,False,None,None,16,dataset_v4,v4_tr_real_genimage_00631.jpg,ACCEPT,Clean,False
DEF_SDXL_038,SDXL,3480,validation-00000-of-00002.parquet,3480,fd02b0a7be8b8417cde68ad0ce77c997e2a9684ba8ab31405649e6974eb3e08b,8d8ff331ed43a448,1024,1024,False,None,None,16,dataset_v4,v4_te_real_historical_00015.jpg,ACCEPT,Clean,False
DEF_SDXL_039,SDXL,5055,validation-00001-of-00002.parquet,555,370dfca479ca88f9324628626c4e66bf8912a8ec957e7c8aef155491b17423d2,ccec3e2f4f1b40c4,1024,1024,False,None,None,18,dataset_v4,v4_te_real_modern_00045.png,ACCEPT,Clean,False
DEF_SDXL_040,SDXL,2436,validation-00000-of-00002.parquet,2436,acdc05bf442bfe2476ca8ca30f062c769a515c2749247249ecb2c8719eb4a1d4,9044cf3b20ce7fe2,1024,1024,False,None,None,16,dataset_v4,v4_tr_ai_genimage_00176.png,ACCEPT,Clean,False
DEF_SDXL_041,SDXL,3935,validation-00000-of-00002.parquet,3935,d4227c28ab98955849e36eb1ef646d20bb85d865af76f4956c2078d31cd91ce8,fcc392b545e12e1c,1024,1024,False,None,None,18,dataset_v4,v4_tr_ai_genimage_00301.png,ACCEPT,Clean,False
DEF_SDXL_042,SDXL,3676,validation-00000-of-00002.parquet,3676,e378a0344eb348e84e09009df6cb17f9f814f6e82c7beeafd5d15f22e757493b,9a857ac1771ae50e,1024,1024,False,None,None,18,dataset_v4,v4_tr_ai_genimage_00606.png,ACCEPT,Clean,False
DEF_SDXL_043,SDXL,2169,validation-00000-of-00002.parquet,2169,7a15120619deb9e36ca2fb74a0565ac9e236a49f517c02cb541095877904270e,dc63e19ce0b71266,1024,1024,False,None,None,16,PIPE,pipe_manip_571943.png,ACCEPT,Clean,False
DEF_SDXL_044,SDXL,75,validation-00000-of-00002.parquet,75,49ba7108064bc6c67079f056907fce84e2657b7950520be515965871ef31f081,b3ec8c927321ceca,1024,1024,False,None,None,14,dataset_v4,v4_tr_ai_genimage_00888.png,ACCEPT,Clean,False
DEF_SDXL_045,SDXL,7069,validation-00001-of-00002.parquet,2569,2833b5c39f2e197c68901be622e8251a13079308979717214331fa405988f73e,c1d69db4d4e93132,1024,1024,False,None,None,16,manipulation_v1,manip_65601_turn3.png,ACCEPT,Clean,False
DEF_SDXL_046,SDXL,6221,validation-00001-of-00002.parquet,1721,215eb8c5bba4f2a3747eafe132838530df181d5a25375bf267e1835166316c9d,c639704735c79966,1024,1024,False,None,None,12,dataset_v4,v4_va_ai_genimage_00017.png,ACCEPT,Clean,False
DEF_SDXL_047,SDXL,3746,validation-00000-of-00002.parquet,3746,253f4a701aeacbab59f0e52e0ad690c46a2dad6b7d28ef9fafb60410d0a012c7,d577bb108cf96304,1024,1024,False,None,None,18,dataset_v4,v4_te_ai_genimage_00178.png,ACCEPT,Clean,False
DEF_SDXL_048,SDXL,7678,validation-00001-of-00002.parquet,3178,6438d4b44f9250d960742db839e2415423bca8cd89adf0055c29edd40bad37fe,b6fb3190687e4c49,1024,1024,False,None,None,18,dataset_v4,v4_va_ai_genimage_00128.png,ACCEPT,Clean,False
DEF_SDXL_049,SDXL,3303,validation-00000-of-00002.parquet,3303,c7a946d67eb393b5d9a650ba6357488e2a4249b39e66f731ad47bb9fb507d718,907883a4f8dbaca7,1024,1024,False,None,None,18,MagicBrush,mb_manip_324778_turn1.png,ACCEPT,Clean,False
DEF_SDXL_050,SDXL,6301,validation-00001-of-00002.parquet,1801,f6a78db32fab6c6d2d684f666d9ea1f3fa522fd3b6107d8442b0621f9d3378b1,be718e07c15a9a0f,1024,1024,False,None,None,14,dataset_v4,v4_tr_real_genimage_00090.jpg,ACCEPT,Clean,False
DEF_SDXL_051,SDXL,1976,validation-00000-of-00002.parquet,1976,30a2861bc4e380d8ffe6fcb3916d7d14bdff93a27a307d0f946a86fc6fc7c291,8424abfb92856e9b,1024,1024,False,None,None,16,dataset_v4,v4_tr_ai_genimage_00875.png,ACCEPT,Clean,False
DEF_SDXL_052,SDXL,3569,validation-00000-of-00002.parquet,3569,1d1ea453c5877068efe59ed6beaa3214fe41cbdc952e4922a6f4d6d266cdf7d7,bcd24cf1a281d7d2,1024,1024,False,None,None,16,dataset_v4,v4_tr_real_genimage_00915.jpg,ACCEPT,Clean,False
DEF_SDXL_053,SDXL,4346,validation-00000-of-00002.parquet,4346,db376f4a9389d9903c89095f7d42fda8a5d13e5e6cc8cd9aaccecf7fd83c1072,d72a861b6dc6b864,1024,1024,False,None,None,16,dataset_v4,v4_va_real_genimage_00123.jpg,ACCEPT,Clean,False
DEF_SDXL_054,SDXL,8853,validation-00001-of-00002.parquet,4353,7577db782a944b112e3919c8c30660b327c4102b0f61ddf2f72f0284205e4e98,c33e691b2265d8cd,1024,1024,False,None,None,16,dataset_v4,v4_tr_real_genimage_00462.jpg,ACCEPT,Clean,False
DEF_SDXL_055,SDXL,6058,validation-00001-of-00002.parquet,1558,e02ac997397244d0165a24fb9862b35215960bb5ce1ed733ed5d7dffae2f35e4,85c9e379e1263897,1024,1024,False,None,None,16,dataset_v4,v4_tr_real_modern_00115.jpg,ACCEPT,Clean,False
DEF_SDXL_056,SDXL,6627,validation-00001-of-00002.parquet,2127,ec60bed47491249ce364feefd0280e8e908b81c14f9153f1918b794964289bce,baf0c0c504764fdb,1024,1024,False,None,None,14,PIPE,pipe_manip_356498.png,ACCEPT,Clean,False
DEF_SDXL_057,SDXL,5662,validation-00001-of-00002.parquet,1162,25621bc1fb68a0eef1b82b6aa8bcdcde2011a5617ac7519ce0735ce94edebfed,c0ab96a794dc95d4,1024,1024,False,None,None,16,dataset_manipulation_v2,pair_pipe_4d51094a9db53f43_orig.png,ACCEPT,Clean,False
DEF_SDXL_058,SDXL,6023,validation-00001-of-00002.parquet,1523,9d6f8e11981ebc60e5d0dd41b73eda7a8a448082ca720f5c286576eb0f27906b,961d327b152a7d8c,1024,1024,False,None,None,18,dataset_v4,v4_tr_ai_genimage_00224.png,ACCEPT,Clean,False
DEF_SDXL_059,SDXL,890,validation-00000-of-00002.parquet,890,6ee23952ec08e30313f999ecb71e4b02002097b500741c9ddcd3dcda7022d2d6,b0e4d5b50f16253e,1024,1024,False,None,None,18,dataset_v4,v4_tr_ai_modern_00081.png,ACCEPT,Clean,False
DEF_SDXL_060,SDXL,7305,validation-00001-of-00002.parquet,2805,ce7777cda93ab205ba7e4e1e63a363167db5361a27171d6550aea166c105dc3a,858d2e99c5f92b23,1024,1024,False,None,None,14,dataset_v4,v4_te_ai_genimage_00077.png,ACCEPT,Clean,False
DEF_SDXL_061,SDXL,5829,validation-00001-of-00002.parquet,1329,4f10091751ff12dd2affe2451738ec37fd5f9513c0ff208a5808e7a06d5691ba,807edbfb68683832,1024,1024,False,None,None,14,PIPE,pipe_orig_465718.png,ACCEPT,Clean,False
DEF_SDXL_062,SDXL,750,validation-00000-of-00002.parquet,750,84660079fa1ddf398c4bb471cddde894dc5def2fd64f2816af10ba0b60093390,d775c1790ed520d8,1024,1024,False,None,None,14,PIPE,pipe_orig_420840.png,ACCEPT,Clean,False
DEF_SDXL_063,SDXL,3173,validation-00000-of-00002.parquet,3173,6485061704ede21e571f9bf61b2e79eec2f0feefb619f5d533395c964f036910,878fcb17a519f224,1024,1024,False,None,None,16,dataset_manipulation_v2,pair_pipe_892c9c7147fe864d_manip.png,ACCEPT,Clean,False
DEF_SDXL_064,SDXL,6508,validation-00001-of-00002.parquet,2008,b86a9fe86805839311fe51f3a8e40cf5f9d1a3d368f188ad53ea92258607d6fe,98c38e9cc32f2c1f,1024,1024,False,None,None,12,dataset_v4,v4_te_ai_genimage_00170.png,ACCEPT,Clean,False
DEF_SDXL_065,SDXL,83,validation-00000-of-00002.parquet,83,2da3bb95029ca3b374744a644407ce950f898664dde8eb7ac05a876cbb42f825,9cfd6ac2b503e10d,1024,1024,False,None,None,18,dataset_v4,v4_tr_ai_genimage_00523.png,ACCEPT,Clean,False
DEF_SDXL_066,SDXL,7208,validation-00001-of-00002.parquet,2708,fb9eddbb2a8b43024c58223324b5534354137760edf35ab6846b75ecabe185ff,aefd5c0a47558343,1024,1024,False,None,None,18,dataset_v4,v4_tr_ai_genimage_00151.png,ACCEPT,Clean,False
DEF_SDXL_067,SDXL,4611,validation-00001-of-00002.parquet,111,9fc58eacfb8e4fc3fd3870ad5f559cdafe10847374190b7595cd2ab618f5344e,998fd6769689e181,1024,1024,False,None,None,16,dataset_v4,v4_te_ai_genimage_00132.png,ACCEPT,Clean,False
DEF_SDXL_068,SDXL,6903,validation-00001-of-00002.parquet,2403,9e7d85dcb2c40098029438123e139aac3e5d7405ec789c28aba980664d3c8884,ff84c41ac2b50fb8,1024,1024,False,None,None,16,dataset_manipulation_v2,pair_pipe_b90f485f9d27cd9d_orig.png,ACCEPT,Clean,False
DEF_SDXL_069,SDXL,4180,validation-00000-of-00002.parquet,4180,6adc094a5b5707de3859602cd897767b0f3d8374eca53f7df9e71fb52f8f3eeb,c17b9bc12ea4f093,1024,1024,False,None,None,16,dataset_v4,v4_tr_ai_modern_00214.png,ACCEPT,Clean,False
DEF_SDXL_070,SDXL,6160,validation-00001-of-00002.parquet,1660,29ae47f9a5bf1b4c691a98a149ae918a2288e1605e671ac30aa16959a18f6923,c8961beb4ca6966a,1024,1024,False,None,None,16,dataset_v4,v4_va_ai_genimage_00067.png,ACCEPT,Clean,False
DEF_SDXL_071,SDXL,2103,validation-00000-of-00002.parquet,2103,696741a73d7f13129ca4bed5ec727f265f0991b95e6e964178a728ce72ad3bed,fcea838199fc1652,1024,1024,False,None,None,16,dataset_v4,v4_tr_ai_historical_style_00060.png,ACCEPT,Clean,False
DEF_SDXL_072,SDXL,4025,validation-00000-of-00002.parquet,4025,997fa93d96a1b551d360d12071ee1193920a6afcd294477f807368f60d21dff6,c6fe1ff161c2490c,1024,1024,False,None,None,14,PIPE,pipe_manip_231527.png,ACCEPT,Clean,False
DEF_SDXL_073,SDXL,3639,validation-00000-of-00002.parquet,3639,ee4c0d31b0a88a9533bbfefa08359dc0298d6d4965e11f9f794815be2ad441f3,beaca11397ca2ad4,1024,1024,False,None,None,16,manipulation_v1,manip_210671_turn1.png,ACCEPT,Clean,False
DEF_SDXL_074,SDXL,4742,validation-00001-of-00002.parquet,242,32475d92197362c27a61c5ecc8f5edcd13cab082f65676271d539259f40c768b,b399587112e666cb,1024,1024,False,None,None,16,dataset_v4,v4_tr_ai_genimage_00431.png,ACCEPT,Clean,False
DEF_SDXL_075,SDXL,7309,validation-00001-of-00002.parquet,2809,f6c646d183efbe847568ea254d2f49c6745e4c5e2f65fcc44674cd272967e89f,e8642aa9beaeba28,1024,1024,False,None,None,18,external_test,IMG_20260403_083214.jpg,ACCEPT,Clean,False
DEF_SDXL_076,SDXL,7361,validation-00001-of-00002.parquet,2861,e20c5f47c21147d5d3c21c7b06122037b989e38dac71a02c2cf14037f4385c00,a6c4e6e49ba499d2,1024,1024,False,None,None,18,dataset_v4,v4_tr_real_genimage_00159.jpg,ACCEPT,Clean,False
DEF_SDXL_077,SDXL,728,validation-00000-of-00002.parquet,728,b4c2ce5bcf14da1a2b5ae1d8aa2414705e9c75d0b5a69cf53cef8f5a26b53b89,c4c2dcb3c8cce8f2,1024,1024,False,None,None,18,dataset_v4,v4_tr_ai_genimage_00001.png,ACCEPT,Clean,False
DEF_SDXL_078,SDXL,1800,validation-00000-of-00002.parquet,1800,333b4fcc905cf98b553dd17e876cef017b7580caf1d8ca57e11ed05fbf0e60fe,dd7e26e839a89095,1024,1024,False,None,None,18,dataset_v4,v4_te_ai_modern_00050.png,ACCEPT,Clean,False
DEF_SDXL_079,SDXL,8399,validation-00001-of-00002.parquet,3899,bdf0b10db13a0a3286fbbfb2978caae9da87b1f0f90a501825f0b935b704ef11,f1f8c5217c834cb9,1024,1024,False,None,None,16,dataset_v4,v4_tr_real_genimage_00807.jpg,ACCEPT,Clean,False
DEF_SDXL_080,SDXL,6965,validation-00001-of-00002.parquet,2465,70c9b3ab365100447c9fcb7819bc12411386e1da87590c34f0e6db80ffff5170,ebf17e1d07889c48,1024,1024,False,None,None,18,dataset_v4,v4_tr_ai_genimage_00244.png,ACCEPT,Clean,False
DEF_SDXL_081,SDXL,3019,validation-00000-of-00002.parquet,3019,dd7bc894d1793a1591c9cc97ede865ad7539538abd06e8fc4e900c6472ebaefd,9ea798656699649a,1024,1024,False,None,None,14,dataset_v4,v4_tr_ai_modern_00119.png,ACCEPT,Clean,False
DEF_SDXL_082,SDXL,6348,validation-00001-of-00002.parquet,1848,8593aa26b0ff0958375838a57b3970b6e8341641caacbdce94bbd0bdb8bad077,d3c4b9acc2c6b338,1024,1024,False,None,None,14,dataset_v4,v4_te_ai_historical_style_00013.png,ACCEPT,Clean,False
DEF_SDXL_083,SDXL,8991,validation-00001-of-00002.parquet,4491,d7f2c04fba35d9b855ab79fd02629d0b2f9f395ff75e2f14bd152116cfee4310,ead635e1633610f1,1024,1024,False,None,None,16,dataset_v4,v4_tr_ai_genimage_00245.png,ACCEPT,Clean,False
DEF_SDXL_084,SDXL,8034,validation-00001-of-00002.parquet,3534,a1ab505d8cbb284b30dbfc7c81b5046077b9724c85100b295cdd264214ad3f19,a9a9bb7cf4288117,1024,1024,False,None,None,16,external_test,IMG-20250715-WA0022.jpg,ACCEPT,Clean,False
DEF_SDXL_085,SDXL,6896,validation-00001-of-00002.parquet,2396,db5c0a225d718c4b5399579532ef5b9692d6fbaa0e20904ad80ec79cff70abf1,f49b073438cf3638,1024,1024,False,None,None,14,dataset_v4,v4_tr_ai_modern_00236.jpg,ACCEPT,Clean,False
DEF_SDXL_086,SDXL,1779,validation-00000-of-00002.parquet,1779,211d2075e41caa7a859fd9557ce50625a0945e9fc374525fe6f336aebfdbddcd,938e2a6d1dc46477,1024,1024,False,None,None,16,dataset_v4,v4_va_real_genimage_00089.jpg,ACCEPT,Clean,False
DEF_SDXL_087,SDXL,3687,validation-00000-of-00002.parquet,3687,a0759f9a5d9b4aa8252ab67f0dcfdc1c905cff68999cf8d61ee898720bbbb543,db72a56dce282562,1024,1024,False,None,None,18,dataset_v4,v4_tr_ai_genimage_00719.png,ACCEPT,Clean,False
DEF_SDXL_088,SDXL,5153,validation-00001-of-00002.parquet,653,b3ebbc0e621dcda745435f22f300918fbc4aba038c2e0e9d96870b44e756b497,b413d3988d97b29c,1024,1024,False,None,None,16,dataset_v4,v4_tr_ai_modern_00016.png,ACCEPT,Clean,False
DEF_SDXL_089,SDXL,2379,validation-00000-of-00002.parquet,2379,3cc469368af2ab53385861702f878b5d704a9ce7aac1b032d5cb78e5dfa05b03,921799b4ce8187de,1024,1024,False,None,None,16,dataset_v4,v4_te_ai_modern_00048.png,ACCEPT,Clean,False
DEF_SDXL_090,SDXL,6083,validation-00001-of-00002.parquet,1583,9187cd82641d7481217f5692ae2abcc5b563ae687c5fecad4c79686760739ef5,ee9600799772cc4e,1024,1024,False,None,None,16,dataset_v4,v4_te_real_genimage_00080.jpg,ACCEPT,Clean,False
DEF_SDXL_091,SDXL,7448,validation-00001-of-00002.parquet,2948,24fcbe60d36416008cf81a3b657cde6e2424c2b5c36fe2906b5132e549ebac9d,b44f4e3abb1c7430,1024,1024,False,None,None,16,dataset_v4,v4_va_ai_historical_style_00001.png,ACCEPT,Clean,False
DEF_SDXL_092,SDXL,7186,validation-00001-of-00002.parquet,2686,f8ca595e0e356c3e5930124a14e5f49c2ef51785b18f755eb309ca085e9e8ee5,f84d9f3066cda168,1024,1024,False,None,None,18,dataset_v4,v4_te_ai_genimage_00121.png,ACCEPT,Clean,False
DEF_SDXL_093,SDXL,1736,validation-00000-of-00002.parquet,1736,21313b8da3d1cfff22a0abf1f461b8dc055aaa80619ce1e14e961023d79104d5,b48b1b4c4cf43e17,1024,1024,False,None,None,18,dataset_v4,v4_tr_real_modern_00043.jpg,ACCEPT,Clean,False
DEF_SDXL_094,SDXL,3084,validation-00000-of-00002.parquet,3084,935ae1e135c4c721149824db0a3e0e259e0d6a33ec698d2dc7a1dc9f2a60c1ef,ed53c62d11d42dd1,1024,1024,False,None,None,16,dataset_v4,v4_te_ai_modern_00029.png,ACCEPT,Clean,False
DEF_SDXL_095,SDXL,5465,validation-00001-of-00002.parquet,965,4461b95a254ecc7fb5d7fc901c98aa169dc6d304ef402e657c7b7721d4d8247d,c8ae8f8643cc94f3,1024,1024,False,None,None,16,PIPE,pipe_orig_564336.png,ACCEPT,Clean,False
DEF_SDXL_096,SDXL,3447,validation-00000-of-00002.parquet,3447,bf115df0eb7e35bf80587c3a1e9ec5b919ca2e46b99f6ff1b23d4f225ee9b60c,c07d2ca5bb4c5372,1024,1024,False,None,None,18,dataset_v4,v4_te_ai_modern_00010.png,ACCEPT,Clean,False
DEF_SDXL_097,SDXL,2127,validation-00000-of-00002.parquet,2127,8f6a146ac2269d1911f764798dfab32264af3773964a3b4b1b50ba5002aa6597,88897367c656d2ce,1024,1024,False,None,None,16,dataset_v4,v4_tr_ai_genimage_00110.png,ACCEPT,Clean,False
DEF_SDXL_098,SDXL,5156,validation-00001-of-00002.parquet,656,5885435f3d07170765b9336afce2dcc0c164e59f78bde998b23459403f8801e8,feae832745f89250,1024,1024,False,None,None,16,dataset_v4,v4_va_ai_genimage_00021.png,ACCEPT,Clean,False
DEF_SDXL_099,SDXL,8237,validation-00001-of-00002.parquet,3737,9d6976058e3cef0f097342c1b562f19a773f7c34af5d91901c5cfc8b91dfb4d6,80c75fdefac18059,1024,1024,False,None,None,16,manipulation_v1,manip_552336_turn2.png,ACCEPT,Clean,False
DEF_SDXL_100,SDXL,996,validation-00000-of-00002.parquet,996,0e772dc29c53e464bdffdaadf5395cbdd0414c8b5250d3bb4f6e0abc5285ae01,e60dda656d18334e,1024,1024,False,None,None,14,dataset_v4,v4_tr_ai_genimage_00846.png,ACCEPT,Clean,False
