candidate_id,original_filename,category,source,generator,label,ground_truth_int,model_source_int,original_dataset_identifier,caption,width,height,file_size_bytes,sha256,phash,min_ref_phash_dist,selection_seed,dataset_commit
DEF_REAL_001,DEF_REAL_001_54f2df820f75.jpg,REAL,MS_COCO,None_Authentic_Photograph,REAL,0,0,Defactify_val_shard_1_row_2135,A fire hydrant on a cart with a hose attached to it.,427,640,62374,54f2df820f75feea943319ee05486c3947a95e4d5f3d15e4fe95dc798eb8b542,b14cce33f34c0c73,10,42,787334f7857fa54f29027a7f09c30e895ad486ef
DEF_REAL_002,DEF_REAL_002_33de4b238f34.jpg,REAL,MS_COCO,None_Authentic_Photograph,REAL,0,0,Defactify_val_shard_1_row_3720,An office desk with several monitors and birthday balloons,640,480,46543,33de4b238f34d4d5c192a52097ebc7a00cbb298d6702a0e0116182b15ffdaf5a,ebf7700f841be288,16,42,787334f7857fa54f29027a7f09c30e895ad486ef
DEF_REAL_003,DEF_REAL_003_32db00d59f22.jpg,REAL,MS_COCO,None_Authentic_Photograph,REAL,0,0,Defactify_val_shard_0_row_2564,A blue table sitting inside of a restaurant with a menu on top of it.,480,640,52264,32db00d59f22aa6dffe0ba91a7d3be98be63b4a8b6ff3835c1c37304cf22fc45,9578c7bc616e48c5,16,42,787334f7857fa54f29027a7f09c30e895ad486ef
DEF_REAL_004,DEF_REAL_004_dc33730a3a64.jpg,REAL,MS_COCO,None_Authentic_Photograph,REAL,0,0,Defactify_val_shard_0_row_2541,a living room with a tv on top of a stand with a guitars sitting next to ,500,375,23914,dc33730a3a64d18a21eed01be6208040837cdc3a8f36ea4d674ae004c44f1e69,9ad84237393e7932,18,42,787334f7857fa54f29027a7f09c30e895ad486ef
DEF_REAL_005,DEF_REAL_005_7a188eb13bc8.jpg,REAL,MS_COCO,None_Authentic_Photograph,REAL,0,0,Defactify_val_shard_0_row_2717,A scene featuring a shepard woman is juxtaposed colorful shapes,640,363,69317,7a188eb13bc83ca22d77b0ad34b51a3c0fa95e83e0961bf5b06ca0928b7e4762,8ac8e50e75e09e6d,16,42,787334f7857fa54f29027a7f09c30e895ad486ef
DEF_REAL_006,DEF_REAL_006_aa44b2bba346.jpg,REAL,MS_COCO,None_Authentic_Photograph,REAL,0,0,Defactify_val_shard_1_row_690,Two red and yellow trains parked next to each other.,640,425,66468,aa44b2bba34686a527e5a3b9817c6e1591a7cc60991e7cf2321b3422ed3a03b3,c6d4a588e4e391bd,16,42,787334f7857fa54f29027a7f09c30e895ad486ef
DEF_REAL_007,DEF_REAL_007_b09ab96db542.jpg,REAL,MS_COCO,None_Authentic_Photograph,REAL,0,0,Defactify_val_shard_1_row_1852,A train sitting on a track in a field near a bridge.,640,428,53516,b09ab96db542e35bcb8b3af54c0e8924994f7589e5c98afe206b101f17166776,9791b9e66b44446b,16,42,787334f7857fa54f29027a7f09c30e895ad486ef
DEF_REAL_008,DEF_REAL_008_a0ab7dcae53c.jpg,REAL,MS_COCO,None_Authentic_Photograph,REAL,0,0,Defactify_val_shard_1_row_45,"A kitchen with a stove, oven, cabinets and blender.",640,480,32174,a0ab7dcae53ce1845501bd7ffd8a3e3d750a2fc786548e264e2abb0357347e8d,899a3513e8e54abd,18,42,787334f7857fa54f29027a7f09c30e895ad486ef
DEF_REAL_009,DEF_REAL_009_0d52d7cc8205.jpg,REAL,MS_COCO,None_Authentic_Photograph,REAL,0,0,Defactify_val_shard_1_row_3118,Two zebras and a giraffe in a zoo enclosure. ,640,425,75355,0d52d7cc82056ebd9f73a1bf76d7b75c10a7927b91b90d7ed1fc3cfd0a017514,b071d037c1f60fe2,16,42,787334f7857fa54f29027a7f09c30e895ad486ef
DEF_REAL_010,DEF_REAL_010_07e380967050.jpg,REAL,MS_COCO,None_Authentic_Photograph,REAL,0,0,Defactify_val_shard_0_row_1639,People walking outside of a red brick building.,640,481,59770,07e38096705005fd60a6b1b93f8c036d3310a9f892ad2a3ab358c4edf5cf26bd,b2b1dd4a24265be9,12,42,787334f7857fa54f29027a7f09c30e895ad486ef
DEF_REAL_011,DEF_REAL_011_b217a5c0698d.jpg,REAL,MS_COCO,None_Authentic_Photograph,REAL,0,0,Defactify_val_shard_1_row_877,Two brown horses standing in front of a red brick building.,500,375,54821,b217a5c0698d72b39e7f2f5936b91b3d419053d2de2a50738242b9011d54d69b,c203fc6c4bf0f34c,16,42,787334f7857fa54f29027a7f09c30e895ad486ef
DEF_REAL_012,DEF_REAL_012_e786ec7bcb59.jpg,REAL,MS_COCO,None_Authentic_Photograph,REAL,0,0,Defactify_val_shard_1_row_4103,"A car parked on the dirt, with a bunch of airplanes behind it.",640,374,46251,e786ec7bcb59e3061308e20f5eb0a0c9b4d25e7423d6ddc0219d077908f1414c,f1ccaa314572e88f,16,42,787334f7857fa54f29027a7f09c30e895ad486ef
DEF_REAL_013,DEF_REAL_013_7c2f38a53a1f.jpg,REAL,MS_COCO,None_Authentic_Photograph,REAL,0,0,Defactify_val_shard_0_row_4364,"A man, a woman and a child ride a motorbike together in front of a small building.",480,640,60294,7c2f38a53a1f7a94f6c9ee07878211cae9172050c79b742cac98dc16e4bb009e,d0d6af28a7a51c6a,16,42,787334f7857fa54f29027a7f09c30e895ad486ef
DEF_REAL_014,DEF_REAL_014_4fbb17e748ec.jpg,REAL,MS_COCO,None_Authentic_Photograph,REAL,0,0,Defactify_val_shard_1_row_3828,A giraffe trying to cross a dirt road quickly.,500,333,48393,4fbb17e748eca6b185fbc20cfd2a6dab09c610719a893d06b34476537c6b3c1e,9d0bc5b15c6c7349,14,42,787334f7857fa54f29027a7f09c30e895ad486ef
DEF_REAL_015,DEF_REAL_015_6d20c6bfaecb.jpg,REAL,MS_COCO,None_Authentic_Photograph,REAL,0,0,Defactify_val_shard_0_row_440,A close up image of a street sign letting people know where they are. ,640,480,48774,6d20c6bfaecb9143f1bc46c2c0d54e18b9a38faad933cc45c2c555a913e474bd,99ae9aa982d73958,18,42,787334f7857fa54f29027a7f09c30e895ad486ef
DEF_REAL_016,DEF_REAL_016_c6cb16b23472.jpg,REAL,MS_COCO,None_Authentic_Photograph,REAL,0,0,Defactify_val_shard_1_row_3099,a couple of chairs that are at a table,640,426,32605,c6cb16b23472a3c28825eae73a8d5b22a5cee015bdea638155ef90b5df2c7499,dacd1b2689d6560b,16,42,787334f7857fa54f29027a7f09c30e895ad486ef
DEF_REAL_017,DEF_REAL_017_c2def7f88d2c.jpg,REAL,MS_COCO,None_Authentic_Photograph,REAL,0,0,Defactify_val_shard_1_row_4453,A women using sports equipment on the water.,640,427,42064,c2def7f88d2cd1c36167ac36eb81fce55f7edac5d703e528373694f23cf9cb66,c6e3d998a61ee149,14,42,787334f7857fa54f29027a7f09c30e895ad486ef
DEF_REAL_018,DEF_REAL_018_6b47883c288e.jpg,REAL,MS_COCO,None_Authentic_Photograph,REAL,0,0,Defactify_val_shard_0_row_3703,a little bathroom with just a toilet in it,426,640,34799,6b47883c288e35387555fc8bf9fda511f34b4daa339ad2ac0d839275e16082f5,cccd4f8f03e361d0,16,42,787334f7857fa54f29027a7f09c30e895ad486ef
DEF_REAL_019,DEF_REAL_019_7f9ec5af57d6.jpg,REAL,MS_COCO,None_Authentic_Photograph,REAL,0,0,Defactify_val_shard_0_row_2623,Three sheep are standing on a rock of a hill. ,640,480,110557,7f9ec5af57d6a846fff087c3bcf7e8db1c8e22f5ad2f39204d4fd70a21d04275,e59aad7180b29c97,14,42,787334f7857fa54f29027a7f09c30e895ad486ef
DEF_REAL_020,DEF_REAL_020_f95cdd102567.jpg,REAL,MS_COCO,None_Authentic_Photograph,REAL,0,0,Defactify_val_shard_0_row_318,The motorcycle racer leans down to the road while making a turn. ,640,427,45304,f95cdd102567c23d42db0560817ef54f5747ca1e13c143e84b8143d20d336f97,a38cde71f52e6211,16,42,787334f7857fa54f29027a7f09c30e895ad486ef
DEF_REAL_021,DEF_REAL_021_f17a4cc16d17.jpg,REAL,MS_COCO,None_Authentic_Photograph,REAL,0,0,Defactify_val_shard_1_row_2617,A giraffe walking in a grassy area next to trees.,640,480,103936,f17a4cc16d173ecd5c5cdb61e88325b17f85d242da7063315da9f494c5ffc454,d6d29e952c6e0726,14,42,787334f7857fa54f29027a7f09c30e895ad486ef
DEF_REAL_022,DEF_REAL_022_218b1084b44d.jpg,REAL,MS_COCO,None_Authentic_Photograph,REAL,0,0,Defactify_val_shard_1_row_2198,Some people are riding in a coach on a sunny day.,640,480,46441,218b1084b44d22061a932cbf21454f3befb0f193adad71dc626197757698b36b,dcde35399a80256d,16,42,787334f7857fa54f29027a7f09c30e895ad486ef
DEF_REAL_023,DEF_REAL_023_11bd7f7af9fa.jpg,REAL,MS_COCO,None_Authentic_Photograph,REAL,0,0,Defactify_val_shard_1_row_2565,A sink under a large mirror in a bathroom.,640,426,35759,11bd7f7af9faa5835ba6fc2c0db35799ee46fd277c9ce8ffda83b16d04b8b8bd,85e69196c39e329b,16,42,787334f7857fa54f29027a7f09c30e895ad486ef
DEF_REAL_024,DEF_REAL_024_346cb66387a0.jpg,REAL,MS_COCO,None_Authentic_Photograph,REAL,0,0,Defactify_val_shard_1_row_2992,A teddy bear sitting on top of an arch.,427,640,40025,346cb66387a025e1985da8a4ef57a699436bd8a9acda50b0faf581f6b18b9dbb,89cf8d8fa681a39c,18,42,787334f7857fa54f29027a7f09c30e895ad486ef
DEF_REAL_025,DEF_REAL_025_b9655c7349d1.jpg,REAL,MS_COCO,None_Authentic_Photograph,REAL,0,0,Defactify_val_shard_1_row_4046,"two benches, a small statue and some street signs stand between a street curb and the brick facade of a large building. ",427,640,53575,b9655c7349d1a2df13a73749fa8f0f86374e1a75bebdde170cc9555bee1a8c6e,c878b3915c9c333e,16,42,787334f7857fa54f29027a7f09c30e895ad486ef
DEF_REAL_026,DEF_REAL_026_da9c4a62ecf9.jpg,REAL,MS_COCO,None_Authentic_Photograph,REAL,0,0,Defactify_val_shard_0_row_2615,Woman holding a purse and walking a dog passing in front of a big building. ,633,640,88874,da9c4a62ecf964e1d8be68fc20381bfce3006b50c92500b07bb8d38bdeee5df4,adedf3cea850c0a1,18,42,787334f7857fa54f29027a7f09c30e895ad486ef
DEF_REAL_027,DEF_REAL_027_c15ec1dc6931.jpg,REAL,MS_COCO,None_Authentic_Photograph,REAL,0,0,Defactify_val_shard_1_row_4224,An airport filled with planes sitting on tarmacs.,640,360,28998,c15ec1dc69315629c623347fa7249db8cc88f5b881eef695d83bfc7edf7d79ec,94d4d8f01f633bc2,14,42,787334f7857fa54f29027a7f09c30e895ad486ef
DEF_REAL_028,DEF_REAL_028_f5675d694987.jpg,REAL,MS_COCO,None_Authentic_Photograph,REAL,0,0,Defactify_val_shard_1_row_4341,A small giraffe laying in the sand by a fence,458,640,66375,f5675d69498733302f942f2365d549fd480f6c5c2305d8083a04a5e857380ce2,b836077cb90d1b0f,16,42,787334f7857fa54f29027a7f09c30e895ad486ef
DEF_REAL_029,DEF_REAL_029_8d4fcfda8cb8.jpg,REAL,MS_COCO,None_Authentic_Photograph,REAL,0,0,Defactify_val_shard_1_row_2900,a cake decorated with an airplane has lit candles in it,640,480,77944,8d4fcfda8cb8c82f97a2cb63c2196bacd79e4e0962082ddd7cb569cbf2e729c1,85937a3632e17f90,18,42,787334f7857fa54f29027a7f09c30e895ad486ef
DEF_REAL_030,DEF_REAL_030_61c556313f56.jpg,REAL,MS_COCO,None_Authentic_Photograph,REAL,0,0,Defactify_val_shard_1_row_3190,a couple of red light and a green light ,500,375,21266,61c556313f56fb1b250d97f567d4a7525f9c327563d1dfa247ae2d873f426255,8b243cd1e33f9874,16,42,787334f7857fa54f29027a7f09c30e895ad486ef
DEF_REAL_031,DEF_REAL_031_ed0e2ba7e6c5.jpg,REAL,MS_COCO,None_Authentic_Photograph,REAL,0,0,Defactify_val_shard_1_row_1981,A white car parked in a parking space.,480,640,44253,ed0e2ba7e6c52f621a16fd7547415734ab83496d3e556b5539b25497e00861a6,909d3d909e3dcc4e,18,42,787334f7857fa54f29027a7f09c30e895ad486ef
DEF_REAL_032,DEF_REAL_032_ded1e9384790.jpg,REAL,MS_COCO,None_Authentic_Photograph,REAL,0,0,Defactify_val_shard_0_row_3741,Cars stopped at an intersection on a dark night,436,640,55724,ded1e93847908c376e069efc81a200bafdf5e8d1ebd34f3376e7b74294575c2a,d22f1bcc24f1e34c,18,42,787334f7857fa54f29027a7f09c30e895ad486ef
DEF_REAL_033,DEF_REAL_033_e2cd10e03a3a.jpg,REAL,MS_COCO,None_Authentic_Photograph,REAL,0,0,Defactify_val_shard_1_row_3202,a close up of a bench with a dog laying on the ground,640,425,41719,e2cd10e03a3a10fd545183a5d6406e8e3bf55b10e33609a3115703435672acd4,fb2a8b9c30e2c72a,16,42,787334f7857fa54f29027a7f09c30e895ad486ef
DEF_REAL_034,DEF_REAL_034_76c6e321a814.jpg,REAL,MS_COCO,None_Authentic_Photograph,REAL,0,0,Defactify_val_shard_1_row_1749,A renovated propeller airplane flying in a blue sky,640,384,13551,76c6e321a8148d5c60814ae254bcf0e20792c1ee43a7742c5be49aa35e4d7444,be46c1396f969560,16,42,787334f7857fa54f29027a7f09c30e895ad486ef
DEF_REAL_035,DEF_REAL_035_a2108644cb66.jpg,REAL,MS_COCO,None_Authentic_Photograph,REAL,0,0,Defactify_val_shard_0_row_1373,A towel that is on a rack in a bathroom.,375,500,29213,a2108644cb66e8e922b52cb28268c0644a6706eaa8af94a143444ca1dfa734c4,be8dc833c6c098bb,16,42,787334f7857fa54f29027a7f09c30e895ad486ef
DEF_REAL_036,DEF_REAL_036_9576edba4031.jpg,REAL,MS_COCO,None_Authentic_Photograph,REAL,0,0,Defactify_val_shard_0_row_2153,A toilet that is sitting in a bathroom with the light on.,428,640,39793,9576edba4031b8609ba6ce4f7c94d7cd7d1c0509f0cc063e7a09798e7a75144a,96a036c1cebd1a3d,18,42,787334f7857fa54f29027a7f09c30e895ad486ef
DEF_REAL_037,DEF_REAL_037_ccaeab71a3ca.jpg,REAL,MS_COCO,None_Authentic_Photograph,REAL,0,0,Defactify_val_shard_0_row_2568,A bunch of people gathered together in a very big crowd.,640,427,68302,ccaeab71a3ca10e12dacca708eb15fba987c459834ecd9b3c0e7d8eafd96375d,8d91a6d8cb4fc49a,18,42,787334f7857fa54f29027a7f09c30e895ad486ef
DEF_REAL_038,DEF_REAL_038_28b9e6887373.jpg,REAL,MS_COCO,None_Authentic_Photograph,REAL,0,0,Defactify_val_shard_0_row_2591,Motorcycles driving down a wide city street nearing a white building.,640,479,59550,28b9e6887373389a82a8a887efa7048c29038c7eb3b03b9513eda86a8eeb163c,8ce1bb5045be6b46,16,42,787334f7857fa54f29027a7f09c30e895ad486ef
DEF_REAL_039,DEF_REAL_039_6af97b1cb3a3.jpg,REAL,MS_COCO,None_Authentic_Photograph,REAL,0,0,Defactify_val_shard_1_row_2088,China Airlines plain on the ground at an airport with baggage cars nearby.,640,428,35053,6af97b1cb3a37a983af9d6f40901c41bb8e8d3bbe4be5302be114d0c4b428c94,8bf6c1047b975865,18,42,787334f7857fa54f29027a7f09c30e895ad486ef
DEF_REAL_040,DEF_REAL_040_3220dfdcabc6.jpg,REAL,MS_COCO,None_Authentic_Photograph,REAL,0,0,Defactify_val_shard_0_row_476,Five sheep peeking out of a wall and eating hay on the ground.,640,457,71262,3220dfdcabc6939d8601e008cf7d2db90d36d096ac20015e17f0ac95c4d00081,c000e3af7c5ef529,16,42,787334f7857fa54f29027a7f09c30e895ad486ef
DEF_REAL_041,DEF_REAL_041_627eaf3d0ce6.jpg,REAL,MS_COCO,None_Authentic_Photograph,REAL,0,0,Defactify_val_shard_1_row_3882,a bird is standing on a green bench,307,500,30197,627eaf3d0ce663562ba6411fa345221798a73181a22c2efe708c99475b1ad2af,8a1dd3e0676dc24d,18,42,787334f7857fa54f29027a7f09c30e895ad486ef
DEF_REAL_042,DEF_REAL_042_de650b48fc9e.jpg,REAL,MS_COCO,None_Authentic_Photograph,REAL,0,0,Defactify_val_shard_0_row_2652,A bus that is driving on the street.,640,427,41918,de650b48fc9e8f2e76f33af14057141a029803708b55b3ba1ad407c1201b7c43,a6aaaeac39a1a59c,16,42,787334f7857fa54f29027a7f09c30e895ad486ef
DEF_REAL_043,DEF_REAL_043_207fec91631c.jpg,REAL,MS_COCO,None_Authentic_Photograph,REAL,0,0,Defactify_val_shard_1_row_3533,Posted signs point the way through a parking garage.,403,640,50600,207fec91631c96376c8b2ba87e503cbd3d983b95ccd3c33a96649da710dcb317,c45f2ba312e0de5c,16,42,787334f7857fa54f29027a7f09c30e895ad486ef
DEF_REAL_044,DEF_REAL_044_42990a1d2497.jpg,REAL,MS_COCO,None_Authentic_Photograph,REAL,0,0,Defactify_val_shard_1_row_706,A couple of traffic lights hanging over a city street.,612,612,37087,42990a1d249705289858a26fbd845b9d1d4b903424e3538de52ae889f2e3b55a,8186b77ec9c0b536,16,42,787334f7857fa54f29027a7f09c30e895ad486ef
DEF_REAL_045,DEF_REAL_045_6729327eb83f.jpg,REAL,MS_COCO,None_Authentic_Photograph,REAL,0,0,Defactify_val_shard_1_row_1960,A crashed airplane is shown with its front missing. ,640,480,47911,6729327eb83f5d46330e60ed2d62fc8f8ac0bd01354bad9d6ba9043bca01ea85,d986e67b092690f9,14,42,787334f7857fa54f29027a7f09c30e895ad486ef
DEF_REAL_046,DEF_REAL_046_494ef08ceb3c.jpg,REAL,MS_COCO,None_Authentic_Photograph,REAL,0,0,Defactify_val_shard_0_row_2204,A zoo keeper on a scale holding a giraffe with a me gusta face ,300,432,39843,494ef08ceb3c029e81ae69513978102590d6ecaa7e5bd57bae6904f95ea1f9dc,a7c8f1cce4c34c78,16,42,787334f7857fa54f29027a7f09c30e895ad486ef
DEF_REAL_047,DEF_REAL_047_475b6334b6bb.jpg,REAL,MS_COCO,None_Authentic_Photograph,REAL,0,0,Defactify_val_shard_0_row_2240,A bus stop is decorated with blue brochures.,640,480,47350,475b6334b6bbde5df0e18a21863a407b074319b311af374f1f4dad9114698c70,de7261a93891fc98,16,42,787334f7857fa54f29027a7f09c30e895ad486ef
DEF_REAL_048,DEF_REAL_048_ffd29de24df0.jpg,REAL,MS_COCO,None_Authentic_Photograph,REAL,0,0,Defactify_val_shard_0_row_1927,Two giraffe standing next to each other in a zoo.,375,500,56035,ffd29de24df0098bf4218526103d9c38ea68592465aedf2691f628292beec70e,c7c3b5bd0d8361c8,16,42,787334f7857fa54f29027a7f09c30e895ad486ef
DEF_REAL_049,DEF_REAL_049_1e1f1c4c2115.jpg,REAL,MS_COCO,None_Authentic_Photograph,REAL,0,0,Defactify_val_shard_1_row_16,A white car parked next to a parking meter in front of a parking garage. ,640,480,53791,1e1f1c4c211513f4a01aff39d5e7dd184e5ab93671f519958e69bed4c6f8c75c,b665c34af0d54a8b,16,42,787334f7857fa54f29027a7f09c30e895ad486ef
DEF_REAL_050,DEF_REAL_050_e92cc9d7db22.jpg,REAL,MS_COCO,None_Authentic_Photograph,REAL,0,0,Defactify_val_shard_1_row_1513,the people are standing on a train track ,640,426,82230,e92cc9d7db229438954da168e411c6be1bc4fa3a21fce8f84b17b794a74039e4,bb83dca3295f9284,18,42,787334f7857fa54f29027a7f09c30e895ad486ef
DEF_REAL_051,DEF_REAL_051_2baa62352078.jpg,REAL,MS_COCO,None_Authentic_Photograph,REAL,0,0,Defactify_val_shard_0_row_3791,a bunch of motorcycles are parked together outside,500,375,69086,2baa6235207819f937a11e2f42a5eead385dcaf7a117751cd7514e4d87564081,fd90f832f0c7d038,16,42,787334f7857fa54f29027a7f09c30e895ad486ef
DEF_REAL_052,DEF_REAL_052_e6ca844147cd.jpg,REAL,MS_COCO,None_Authentic_Photograph,REAL,0,0,Defactify_val_shard_0_row_3304,Several men standing outside of small airplane with man retrieving luggage from cart.,640,480,65867,e6ca844147cdfda6e47d4bdcb76cbbb7c2e55605a5a2d74768286aeee2fa1b75,e7ae30d21a1b0e9d,16,42,787334f7857fa54f29027a7f09c30e895ad486ef
DEF_REAL_053,DEF_REAL_053_e50624598f38.jpg,REAL,MS_COCO,None_Authentic_Photograph,REAL,0,0,Defactify_val_shard_1_row_2278,This zoo exhibit is home to a large group of girrafes,640,480,68468,e50624598f384ad260c704748e4f2dc8e67b8e2dab828501f443d7146d87b558,c149c9d8d0c9dddc,16,42,787334f7857fa54f29027a7f09c30e895ad486ef
DEF_REAL_054,DEF_REAL_054_8dd2bae4c328.jpg,REAL,MS_COCO,None_Authentic_Photograph,REAL,0,0,Defactify_val_shard_1_row_3263,An orange striped tabby cat laying on top of a red vehicle's wheel.,640,454,47359,8dd2bae4c32884578a3333acf1f789e8e45d10ee28c8022abdd982b190ee0efa,9b66ec30a23e99c9,14,42,787334f7857fa54f29027a7f09c30e895ad486ef
DEF_REAL_055,DEF_REAL_055_ea0aec516885.jpg,REAL,MS_COCO,None_Authentic_Photograph,REAL,0,0,Defactify_val_shard_0_row_3338,A bicycle on a road with a motor bike at the front,640,360,39627,ea0aec51688595214e2241f355e00782a849ac9d1a89e5808cfdb9974a0a2eec,87c1687f5aba6584,16,42,787334f7857fa54f29027a7f09c30e895ad486ef
DEF_REAL_056,DEF_REAL_056_b9c4fb2485a6.jpg,REAL,MS_COCO,None_Authentic_Photograph,REAL,0,0,Defactify_val_shard_0_row_4178,A yellow and brown bird perched on a leaf on top of a grass covered field.,640,429,77672,b9c4fb2485a6cac424408795a7359ccfc0d573388e7d5ee3ad7d8f14ef502308,a681db4c3e23e4d6,16,42,787334f7857fa54f29027a7f09c30e895ad486ef
DEF_REAL_057,DEF_REAL_057_d0b802b3d118.jpg,REAL,MS_COCO,None_Authentic_Photograph,REAL,0,0,Defactify_val_shard_0_row_311,Two Mallards float and drink water in a shallow pool.,480,640,66115,d0b802b3d118dd08ee198021aa02fbca5087f04dac1e57cbf85335db4dd6d547,9d43241e53389f76,18,42,787334f7857fa54f29027a7f09c30e895ad486ef
DEF_REAL_058,DEF_REAL_058_db9c7c91e3b7.jpg,REAL,MS_COCO,None_Authentic_Photograph,REAL,0,0,Defactify_val_shard_0_row_2968,some people are running on a road and a green and white sign,640,480,47388,db9c7c91e3b7853678bd615ce3533a8651d23c791fdc12414053a7a8853cf564,ccb1076e3100fff4,18,42,787334f7857fa54f29027a7f09c30e895ad486ef
DEF_REAL_059,DEF_REAL_059_23edb1f327c8.jpg,REAL,MS_COCO,None_Authentic_Photograph,REAL,0,0,Defactify_val_shard_0_row_1960,A walking street sign under traffic light covered with stickers,640,480,45944,23edb1f327c89cb20586c4adbe83239c97e40cbea3dd857e11fb4b34b5285777,fcc887a624e445dd,18,42,787334f7857fa54f29027a7f09c30e895ad486ef
DEF_REAL_060,DEF_REAL_060_9ca0fba2029c.jpg,REAL,MS_COCO,None_Authentic_Photograph,REAL,0,0,Defactify_val_shard_1_row_1010,A white toilet sitting in a bathroom next to a white wall.,480,640,22683,9ca0fba2029c96ac92f2b82a73f4c666a6537d1e1b7b88fa06459e61718d78da,f4ff037a036a1499,18,42,787334f7857fa54f29027a7f09c30e895ad486ef
DEF_REAL_061,DEF_REAL_061_d45f0e4c9fc7.jpg,REAL,MS_COCO,None_Authentic_Photograph,REAL,0,0,Defactify_val_shard_0_row_3896,A red fire hydrant sitting on the side of a road.,480,640,81373,d45f0e4c9fc7c7607edf7d0f3c376ca3a601ec83da58e7c91da488bbd2c248b7,ac725934b46ba64e,16,42,787334f7857fa54f29027a7f09c30e895ad486ef
DEF_REAL_062,DEF_REAL_062_3a4ecc5d0354.jpg,REAL,MS_COCO,None_Authentic_Photograph,REAL,0,0,Defactify_val_shard_0_row_3368,Doorway view of a bathroom that includes a toilet and tub.,478,640,25638,3a4ecc5d03543dbd8213079540e3e94d1046ea21f67d4ad4a8e3e90b1284e340,c9fbd0cec6951511,16,42,787334f7857fa54f29027a7f09c30e895ad486ef
DEF_REAL_063,DEF_REAL_063_79002443a40a.jpg,REAL,MS_COCO,None_Authentic_Photograph,REAL,0,0,Defactify_val_shard_0_row_2955,The large green train is approaching a platform.,640,428,73036,79002443a40ae4ef297f22856529705bbf35d6a014622f520ffdef4a5633d961,9387ccf24718f926,16,42,787334f7857fa54f29027a7f09c30e895ad486ef
DEF_REAL_064,DEF_REAL_064_f874b52f1659.jpg,REAL,MS_COCO,None_Authentic_Photograph,REAL,0,0,Defactify_val_shard_0_row_430,Several green buses parked in a parking lot with people walking by,640,429,43743,f874b52f1659ceca0edd6f6d6732cf038330cf04a2a7d3a40d6fbac1c7371f43,dfa6c0492695f847,16,42,787334f7857fa54f29027a7f09c30e895ad486ef
DEF_REAL_065,DEF_REAL_065_057112f2d6ff.jpg,REAL,MS_COCO,None_Authentic_Photograph,REAL,0,0,Defactify_val_shard_1_row_437,A large airliner jet flying through the blue sky.,640,640,30302,057112f2d6ff49f1175f35efcb2f1b4d0fad09c23a579e379fe1d0628e94ea8a,cee1c39938664e99,12,42,787334f7857fa54f29027a7f09c30e895ad486ef
DEF_REAL_066,DEF_REAL_066_cc411db3c9f6.jpg,REAL,MS_COCO,None_Authentic_Photograph,REAL,0,0,Defactify_val_shard_0_row_3003,A large white sheep cake sitting on top of a foil plate.,640,427,43164,cc411db3c9f6c5321316f20758aff0f4d5368b5251e1669cc49c0d914076905d,927c65c63c1cd339,16,42,787334f7857fa54f29027a7f09c30e895ad486ef
DEF_REAL_067,DEF_REAL_067_192a4fafbc1b.jpg,REAL,MS_COCO,None_Authentic_Photograph,REAL,0,0,Defactify_val_shard_0_row_1935,A picture of an older man cutting a turkey on the counter.,640,424,58317,192a4fafbc1b1f3d725d0788463ebf6e5f4b15459c139bb51b6572c8dac6b71e,abe1e314caac94e3,16,42,787334f7857fa54f29027a7f09c30e895ad486ef
DEF_REAL_068,DEF_REAL_068_f539196c6b6f.jpg,REAL,MS_COCO,None_Authentic_Photograph,REAL,0,0,Defactify_val_shard_1_row_2054,a view of an air plane wing in the air ,500,375,25313,f539196c6b6f0b3fc1d07992fd33af0fafe1997b00bf9dc3aa1265cb6f8373a1,e1329f87a7181a73,18,42,787334f7857fa54f29027a7f09c30e895ad486ef
DEF_REAL_069,DEF_REAL_069_473ee35beb43.jpg,REAL,MS_COCO,None_Authentic_Photograph,REAL,0,0,Defactify_val_shard_1_row_2979,there is a police man that is talking to people ,640,425,33896,473ee35beb435a73cfa417714c9004103a93f42a042f4099c5b805edf750656d,a4dfc8435982adb6,16,42,787334f7857fa54f29027a7f09c30e895ad486ef
DEF_REAL_070,DEF_REAL_070_77ef5495aa11.jpg,REAL,MS_COCO,None_Authentic_Photograph,REAL,0,0,Defactify_val_shard_0_row_1105,A busy city street filled with traffic at night.,640,480,56208,77ef5495aa11dd7619bda304db6bed6f2f22784a93e76fae9bcc4a63659a5adf,955a6364662acb9e,14,42,787334f7857fa54f29027a7f09c30e895ad486ef
DEF_REAL_071,DEF_REAL_071_d521e3737f98.jpg,REAL,MS_COCO,None_Authentic_Photograph,REAL,0,0,Defactify_val_shard_0_row_1913,A beautiful woman sitting on a bench next to a body of water.,500,375,21812,d521e3737f988e27f1291c8d7e8de2c4e8cb8a18b3ba86f312bf41a7622ade2c,aaa363d4f64790f0,18,42,787334f7857fa54f29027a7f09c30e895ad486ef
DEF_REAL_072,DEF_REAL_072_80976e070118.jpg,REAL,MS_COCO,None_Authentic_Photograph,REAL,0,0,Defactify_val_shard_1_row_632,An adorable caleco cat sitting underneath a bicycle.,640,480,63393,80976e070118c35f50b835090c544db66a824e916c5bc87c1a2cede50bbfdf02,c74e7891453673a9,16,42,787334f7857fa54f29027a7f09c30e895ad486ef
DEF_REAL_073,DEF_REAL_073_e0b81b7e7656.jpg,REAL,MS_COCO,None_Authentic_Photograph,REAL,0,0,Defactify_val_shard_1_row_338,It will be a long wait for the truck before the buses leave the area.,640,424,59634,e0b81b7e765608a251692a2a17ac523b145324a784971af4c387f4373eeb77a9,c28daf902c67c9d9,16,42,787334f7857fa54f29027a7f09c30e895ad486ef
DEF_REAL_074,DEF_REAL_074_408a063b9f9a.jpg,REAL,MS_COCO,None_Authentic_Photograph,REAL,0,0,Defactify_val_shard_0_row_1789,a  man shearing the wool off a sheep ,640,456,80412,408a063b9f9a43618a07e8bf917c8e4a46fcb53b05d058eafc219b5972642ccf,d22df6838c5ea532,16,42,787334f7857fa54f29027a7f09c30e895ad486ef
DEF_REAL_075,DEF_REAL_075_7c95a41f0840.jpg,REAL,MS_COCO,None_Authentic_Photograph,REAL,0,0,Defactify_val_shard_0_row_4320,A room filled with furniture and curtains on top of carpet.,427,640,31671,7c95a41f0840509610fbdc8fb5ee3084a53bd909af4e44c6eadb941608444327,bcdb403453cdce32,14,42,787334f7857fa54f29027a7f09c30e895ad486ef
DEF_REAL_076,DEF_REAL_076_ae6de0a4af2e.jpg,REAL,MS_COCO,None_Authentic_Photograph,REAL,0,0,Defactify_val_shard_1_row_3498,Two motorcycles parked on the side of the road.,640,458,85454,ae6de0a4af2e8c5dd8a3d8d8c9531a9f5a07c424dfdbc6e3b97c4dc5ae688fd8,fa829497cccc89cb,16,42,787334f7857fa54f29027a7f09c30e895ad486ef
DEF_REAL_077,DEF_REAL_077_20cdf39d2a41.jpg,REAL,MS_COCO,None_Authentic_Photograph,REAL,0,0,Defactify_val_shard_0_row_3990,A sink is under a mirror with bottles of soap and lotion.,442,640,37852,20cdf39d2a41a7b9dac83df3c9dbb7dd5d61e5fb5c41763c9c9fddd3e0c43d05,d9ab2ed222bd06cc,16,42,787334f7857fa54f29027a7f09c30e895ad486ef
DEF_REAL_078,DEF_REAL_078_38fb41fe8000.jpg,REAL,MS_COCO,None_Authentic_Photograph,REAL,0,0,Defactify_val_shard_0_row_3172,a park bench in the midst of flowers and greenery ,640,427,86991,38fb41fe8000f1e813db76c8f80632d0010c78713487c164f8a2b6e20d76034a,8807397c1cb39b9d,14,42,787334f7857fa54f29027a7f09c30e895ad486ef
DEF_REAL_079,DEF_REAL_079_47462d1d76cf.jpg,REAL,MS_COCO,None_Authentic_Photograph,REAL,0,0,Defactify_val_shard_0_row_2823,A couple of people sitting on top of a wooden bench.,640,425,88946,47462d1d76cfc60a7419a7362dd44d3ea799677bfeebdf808d780c8f5a1835e9,a4af4958a653f923,16,42,787334f7857fa54f29027a7f09c30e895ad486ef
DEF_REAL_080,DEF_REAL_080_27066d5a39b1.jpg,REAL,MS_COCO,None_Authentic_Photograph,REAL,0,0,Defactify_val_shard_1_row_1164,there is a man wearing a suit sitting on a street bench,640,426,48667,27066d5a39b103ba763436c1ed54cd61188881566e282b0c6bf551314554bdab,800cf943faf807fc,16,42,787334f7857fa54f29027a7f09c30e895ad486ef
DEF_REAL_081,DEF_REAL_081_1919df674e12.jpg,REAL,MS_COCO,None_Authentic_Photograph,REAL,0,0,Defactify_val_shard_1_row_1704,a black and white cat a chair and some bicycles,640,480,47699,1919df674e124a8eb43256b881225b1f2455e99e72ec6379dc98a569ae44afe5,934664a34bd5ea96,16,42,787334f7857fa54f29027a7f09c30e895ad486ef
DEF_REAL_082,DEF_REAL_082_0a5a9e724fcc.jpg,REAL,MS_COCO,None_Authentic_Photograph,REAL,0,0,Defactify_val_shard_0_row_143,A flock of birds sitting on top of a large rock.,640,427,103025,0a5a9e724fcccc21c3fc2dc32fba83e6f72b741e086bae0a6ddcf02b18cb7c87,811f707e6b60c787,18,42,787334f7857fa54f29027a7f09c30e895ad486ef
DEF_REAL_083,DEF_REAL_083_21568c359801.jpg,REAL,MS_COCO,None_Authentic_Photograph,REAL,0,0,Defactify_val_shard_0_row_1491,A tall building with a massive clock on it's face.,426,640,52735,21568c359801d900b7125f6b1631daa78e669a36068ef6965641e014ac08ad50,f4f6960a08dcfd81,14,42,787334f7857fa54f29027a7f09c30e895ad486ef
DEF_REAL_084,DEF_REAL_084_485600da4f97.jpg,REAL,MS_COCO,None_Authentic_Photograph,REAL,0,0,Defactify_val_shard_1_row_358,People standing in front of building holding protest signs.,454,342,22584,485600da4f97fdeea0c8932c0c14ffd7d775e472002ecdbc631e59d1a08c0de0,ec83ae18191e51fd,18,42,787334f7857fa54f29027a7f09c30e895ad486ef
DEF_REAL_085,DEF_REAL_085_cf1c8f86b8fe.jpg,REAL,MS_COCO,None_Authentic_Photograph,REAL,0,0,Defactify_val_shard_1_row_466,A children play area absent of any children.,640,424,54443,cf1c8f86b8fe5ae2aee0c724559276bb401254066f21274543d11e42671e7391,a4e998e6db25b492,14,42,787334f7857fa54f29027a7f09c30e895ad486ef
DEF_REAL_086,DEF_REAL_086_f98d17b39d19.jpg,REAL,MS_COCO,None_Authentic_Photograph,REAL,0,0,Defactify_val_shard_0_row_420,A fighter jet is flying through a clear sky.,640,458,11556,f98d17b39d19b07db5eefe983a1bdaccda76f412c9d3ed931d7c3609fae627a7,947b59246693d96c,12,42,787334f7857fa54f29027a7f09c30e895ad486ef
DEF_REAL_087,DEF_REAL_087_23ab034fb72a.jpg,REAL,MS_COCO,None_Authentic_Photograph,REAL,0,0,Defactify_val_shard_0_row_3667,A blurry motion picture of a person doing a wheelie on a motorcycle.,500,332,22376,23ab034fb72a2f084351401b00397ca6f7d3242bd02e6378d128a4197442e0fc,e0d897caf2e4193a,16,42,787334f7857fa54f29027a7f09c30e895ad486ef
DEF_REAL_088,DEF_REAL_088_3fce2a1ded94.jpg,REAL,MS_COCO,None_Authentic_Photograph,REAL,0,0,Defactify_val_shard_1_row_1129,A plane that is flying in the air.,640,427,20431,3fce2a1ded94ed37e701c0e8bc033f847d617e04882c0d0aded741e7fa709c5f,c1432cbf1f8c3972,16,42,787334f7857fa54f29027a7f09c30e895ad486ef
DEF_REAL_089,DEF_REAL_089_f5a1e003f328.jpg,REAL,MS_COCO,None_Authentic_Photograph,REAL,0,0,Defactify_val_shard_1_row_117,A busy city street filled with cars at night,640,480,60586,f5a1e003f3286fcd4d563326f206e68b2bed54c2533b00ff76283040a2acc8b0,82be3f45c17033b9,16,42,787334f7857fa54f29027a7f09c30e895ad486ef
DEF_REAL_090,DEF_REAL_090_deeb4595e6bc.jpg,REAL,MS_COCO,None_Authentic_Photograph,REAL,0,0,Defactify_val_shard_1_row_1137,Two people who are in the street on motorcycles.,640,486,56413,deeb4595e6bc1be1556b3f3a3e38063f5ebec6fbac668c992b2f1e2b0a2c3986,cce5a54450544fef,18,42,787334f7857fa54f29027a7f09c30e895ad486ef
DEF_REAL_091,DEF_REAL_091_ec1ffe638645.jpg,REAL,MS_COCO,None_Authentic_Photograph,REAL,0,0,Defactify_val_shard_1_row_2077,Lamps are the only lighting in this kitchen. ,640,427,40091,ec1ffe6386459bdaa762ab79fd3b246adfb07b450fac3c226c58f632d716d0c3,c3c3357c660e7ce0,18,42,787334f7857fa54f29027a7f09c30e895ad486ef
DEF_REAL_092,DEF_REAL_092_05c2f8a9fb2c.jpg,REAL,MS_COCO,None_Authentic_Photograph,REAL,0,0,Defactify_val_shard_0_row_1569,A black cat is sitting on the bench and turning back its head. ,640,480,52757,05c2f8a9fb2c3f0250af9e63f2a91c8670aa7aff72f7986fbc3e179d5d5adacc,bfe0409f74c4611f,14,42,787334f7857fa54f29027a7f09c30e895ad486ef
DEF_REAL_093,DEF_REAL_093_99e9b9a7f73b.jpg,REAL,MS_COCO,None_Authentic_Photograph,REAL,0,0,Defactify_val_shard_0_row_1713,A man handing another man something inside of a room.,640,640,45226,99e9b9a7f73b92d2028094496a1ce3ca196ad259d93793c3af8d647b252b0249,bfa45aa9ceb1a412,18,42,787334f7857fa54f29027a7f09c30e895ad486ef
DEF_REAL_094,DEF_REAL_094_11b18cf20cd8.jpg,REAL,MS_COCO,None_Authentic_Photograph,REAL,0,0,Defactify_val_shard_1_row_3950,A shiny black motorcycle with gleaming chrome is parked on a city sidewalk.,426,640,40474,11b18cf20cd802910f749d457065614ea6cf2e7596175466cf5a47551652a73d,b4af03a23f9c350b,16,42,787334f7857fa54f29027a7f09c30e895ad486ef
DEF_REAL_095,DEF_REAL_095_890d805f09a3.jpg,REAL,MS_COCO,None_Authentic_Photograph,REAL,0,0,Defactify_val_shard_1_row_1868,A woman taking a selfie while brushing her teeth with a tooth brush.,640,480,27530,890d805f09a3cbd9118f0dbda9c8f158eff0f7b5d283bd77a80f33e564be0d20,c4cf9971268699d6,14,42,787334f7857fa54f29027a7f09c30e895ad486ef
DEF_REAL_096,DEF_REAL_096_1409b3afb47a.jpg,REAL,MS_COCO,None_Authentic_Photograph,REAL,0,0,Defactify_val_shard_0_row_2923,The sturdy bridge serves as a  train trestle ,640,480,66187,1409b3afb47a091f765236f5fe372fa6e48adaa602a37de7c9c11542dbdd8906,a29d9dc242392dde,14,42,787334f7857fa54f29027a7f09c30e895ad486ef
DEF_REAL_097,DEF_REAL_097_a8c9a956c76b.jpg,REAL,MS_COCO,None_Authentic_Photograph,REAL,0,0,Defactify_val_shard_0_row_2588,a giraffe standing on a sandy beach in front of some rocks,640,480,45895,a8c9a956c76bef59182f912071ef82c102a14b3e6ba6d606d648ccf0257fccbf,bb461ce3c53f2885,18,42,787334f7857fa54f29027a7f09c30e895ad486ef
DEF_REAL_098,DEF_REAL_098_6db024b9e588.jpg,REAL,MS_COCO,None_Authentic_Photograph,REAL,0,0,Defactify_val_shard_0_row_701,People are eating at an outdoor cafe at tables with red umbrella tops.,640,480,64250,6db024b9e588eac2d5449285edae120aa0bd689c9f9187616ec447879324a4b9,d4d567387a2f680a,16,42,787334f7857fa54f29027a7f09c30e895ad486ef
DEF_REAL_099,DEF_REAL_099_cfeda8641ac7.jpg,REAL,MS_COCO,None_Authentic_Photograph,REAL,0,0,Defactify_val_shard_1_row_2422,A street scene with many people on motorbikes. ,640,480,78871,cfeda8641ac72eb5de087924a259febaaae5d57d483c80a834bec32b5c106345,9692ce7de1985714,16,42,787334f7857fa54f29027a7f09c30e895ad486ef
DEF_REAL_100,DEF_REAL_100_bffb4c45cebf.jpg,REAL,MS_COCO,None_Authentic_Photograph,REAL,0,0,Defactify_val_shard_0_row_2404,A kitchen counter top filled with appliances and a wooden shelf..,640,480,42188,bffb4c45cebf8f8ce972f9aa7d95ee299f1086cd3ed07127f2866d890da8d2b1,f0bfd730c8278662,12,42,787334f7857fa54f29027a7f09c30e895ad486ef
DEF_REAL_101,DEF_REAL_101_0882f3b584c4.jpg,REAL,MS_COCO,None_Authentic_Photograph,REAL,0,0,Defactify_val_shard_1_row_1458,A bus driving down a street next to a lush green forest.,640,380,45319,0882f3b584c431a56eab4612a6e5b6ed75f5f7d65801f845e43be37d9ba0323b,fbcae189c01c9fb0,16,42,787334f7857fa54f29027a7f09c30e895ad486ef
DEF_REAL_102,DEF_REAL_102_99dd77891d86.jpg,REAL,MS_COCO,None_Authentic_Photograph,REAL,0,0,Defactify_val_shard_0_row_4385,a walk in shower with a seat next to a white sink.,480,640,25577,99dd77891d869e2bb3bc9664355503b51e259dab6612e1830fe232664b6d4077,85cc1b653cc29b3d,16,42,787334f7857fa54f29027a7f09c30e895ad486ef
DEF_REAL_103,DEF_REAL_103_1267bf61a187.jpg,REAL,MS_COCO,None_Authentic_Photograph,REAL,0,0,Defactify_val_shard_1_row_2242,A very tall giraffe walks through the trees.,436,640,89470,1267bf61a1872e60abb00425a68db2ebd9137016d74075c56b4a37a02419972c,868ad171e6eed851,16,42,787334f7857fa54f29027a7f09c30e895ad486ef
DEF_REAL_104,DEF_REAL_104_44e3b4c44103.jpg,REAL,MS_COCO,None_Authentic_Photograph,REAL,0,0,Defactify_val_shard_1_row_1978,A black and white cat is sitting on the bathroom sink.,640,427,38466,44e3b4c44103e262d80d1c6b9a0d4bead02ac77e0a16cd8ec9e2642e7f1cdf89,e1c13f67259ce207,16,42,787334f7857fa54f29027a7f09c30e895ad486ef
DEF_REAL_105,DEF_REAL_105_4721783a59ab.jpg,REAL,MS_COCO,None_Authentic_Photograph,REAL,0,0,Defactify_val_shard_0_row_3032,The people are riding motor cycles down the street.,640,428,35897,4721783a59abfdd53cb4f13fb2fd383a0b1580822e98963a66d9013b5640262b,97c7309cc683b9a6,16,42,787334f7857fa54f29027a7f09c30e895ad486ef
DEF_REAL_106,DEF_REAL_106_3e98186858b5.jpg,REAL,MS_COCO,None_Authentic_Photograph,REAL,0,0,Defactify_val_shard_0_row_269,Street signs for 92nd and Bayview in front of utility wires against the sky.,640,480,34273,3e98186858b5cbeeffe9eb420999b31a3d45018c6054047661798ea2ecb4b1f5,ee9b94e561381a8e,16,42,787334f7857fa54f29027a7f09c30e895ad486ef
DEF_REAL_107,DEF_REAL_107_6322f1fa8af3.jpg,REAL,MS_COCO,None_Authentic_Photograph,REAL,0,0,Defactify_val_shard_0_row_377,a toilet sits next to a shower an sink ,324,500,21781,6322f1fa8af31c3104827545b5c4e9ea8d319c6dffc1e1bb602fbec74724b892,d930e1166c926bf5,16,42,787334f7857fa54f29027a7f09c30e895ad486ef
DEF_REAL_108,DEF_REAL_108_34356afead47.jpg,REAL,MS_COCO,None_Authentic_Photograph,REAL,0,0,Defactify_val_shard_1_row_2376,Two young men are looking at a computer screen. ,639,640,51369,34356afead47d58be81a3f3ed4aa1bdc4f5aea740326e70958a1f2964b9f996f,89d3434df0136ff0,16,42,787334f7857fa54f29027a7f09c30e895ad486ef
DEF_REAL_109,DEF_REAL_109_7604a455fede.jpg,REAL,MS_COCO,None_Authentic_Photograph,REAL,0,0,Defactify_val_shard_0_row_117,Three giraffes are feeding from white buckets that are hanging from a fence.,640,427,94319,7604a455fede141be6ba41e6e68a100853fc3ae901ddde9bff575a2f07a65c27,a9e65af9b31c5980,16,42,787334f7857fa54f29027a7f09c30e895ad486ef
DEF_REAL_110,DEF_REAL_110_15a51dfc9d26.jpg,REAL,MS_COCO,None_Authentic_Photograph,REAL,0,0,Defactify_val_shard_1_row_773,The single propelleor airplane slowly takes off from the airport.,640,388,30868,15a51dfc9d262195248ce63529802e9d06e5481a40c7e57a68f28c10171b69e1,e792196d2694e959,14,42,787334f7857fa54f29027a7f09c30e895ad486ef
DEF_REAL_111,DEF_REAL_111_2341b8eee17e.jpg,REAL,MS_COCO,None_Authentic_Photograph,REAL,0,0,Defactify_val_shard_0_row_2936,A man walking across a street near a traffic light.,612,612,60028,2341b8eee17eba22dd5d4233c8d5ec4fd213b2face0afb48a608b5d1aacfa837,d2ea6ac2626afd84,18,42,787334f7857fa54f29027a7f09c30e895ad486ef
DEF_REAL_112,DEF_REAL_112_60b5a33e1f91.jpg,REAL,MS_COCO,None_Authentic_Photograph,REAL,0,0,Defactify_val_shard_1_row_3422,A small bathroom with a toilet and shower.,640,480,24623,60b5a33e1f9182077c5d48dc56796e5b141c8bb8e71828fb6d3f6bbb0d825290,be50e79d638e2384,18,42,787334f7857fa54f29027a7f09c30e895ad486ef
DEF_REAL_113,DEF_REAL_113_6096e717a83d.jpg,REAL,MS_COCO,None_Authentic_Photograph,REAL,0,0,Defactify_val_shard_1_row_78,A woman sitting on a bench with cars behind her.,640,426,50404,6096e717a83d16fb0150008474819effc275b1d0aa45ab5224985cf7ecf40836,83d7ce322465e9d8,16,42,787334f7857fa54f29027a7f09c30e895ad486ef
DEF_REAL_114,DEF_REAL_114_ffadb53f10ec.jpg,REAL,MS_COCO,None_Authentic_Photograph,REAL,0,0,Defactify_val_shard_0_row_1428,"A bathroom area with a  sink, cabinets and a tub.",376,500,18620,ffadb53f10ec77eed14e220f16ed3e00a1fd1550e63273b3fd194a3fad4341f7,c0c03fd57f2a0b35,16,42,787334f7857fa54f29027a7f09c30e895ad486ef
DEF_REAL_115,DEF_REAL_115_9743f8cb234c.jpg,REAL,MS_COCO,None_Authentic_Photograph,REAL,0,0,Defactify_val_shard_0_row_718,"Many sheep grazing in a large, green pasture.",640,443,30205,9743f8cb234c536c2a56d406e47af3ee20b0f7b2f7e7bf830a899dc581a541ef,c084e8c07c5b7f37,16,42,787334f7857fa54f29027a7f09c30e895ad486ef
DEF_REAL_116,DEF_REAL_116_100036719230.jpg,REAL,MS_COCO,None_Authentic_Photograph,REAL,0,0,Defactify_val_shard_0_row_2590,A shower door with a white towel hanging from it.,480,640,24250,100036719230686b1b11ee9cfadd285ed8d846fa7a950011d9d4eaff450d8dda,c8e61fd833648f51,18,42,787334f7857fa54f29027a7f09c30e895ad486ef
DEF_REAL_117,DEF_REAL_117_c5f0a452dc96.jpg,REAL,MS_COCO,None_Authentic_Photograph,REAL,0,0,Defactify_val_shard_1_row_472,A white stove top oven sitting inside of a kitchen.,640,448,37126,c5f0a452dc96835c79b8d5d468994601f71aff06a19e0b76c80f4aba75a13d6c,c48b643aba91cfe8,18,42,787334f7857fa54f29027a7f09c30e895ad486ef
DEF_REAL_118,DEF_REAL_118_8a2823a0db06.jpg,REAL,MS_COCO,None_Authentic_Photograph,REAL,0,0,Defactify_val_shard_0_row_1002, Quaint kitchen with a wooden dining table ,640,480,51777,8a2823a0db06ccd81a39dfe461dabdc2adfb0e6e3e1b4a65a5247c60a5ec6dee,f2e4e6d229356923,14,42,787334f7857fa54f29027a7f09c30e895ad486ef
DEF_REAL_119,DEF_REAL_119_4807db4df05d.jpg,REAL,MS_COCO,None_Authentic_Photograph,REAL,0,0,Defactify_val_shard_0_row_649,A woman in white shirt climbing onto an elephant.,480,640,70570,4807db4df05d3dbfb23705002a986076c9ed5c622ca70bec68512a1625ecabb7,9657696d177a4826,14,42,787334f7857fa54f29027a7f09c30e895ad486ef
DEF_REAL_120,DEF_REAL_120_b76e5b13ec07.jpg,REAL,MS_COCO,None_Authentic_Photograph,REAL,0,0,Defactify_val_shard_1_row_1997,Inside a tram waiting to go out the door. ,640,480,44966,b76e5b13ec07e9c3fa3eb207030b0ee0887e266a2ec24f7566d88be8bfe8988f,b2ba09fd44a46c67,18,42,787334f7857fa54f29027a7f09c30e895ad486ef
DEF_REAL_121,DEF_REAL_121_2aa5b07b80ea.jpg,REAL,MS_COCO,None_Authentic_Photograph,REAL,0,0,Defactify_val_shard_1_row_1464,"Sparse narrow kitchen, used, but neat, all in white.",640,480,30010,2aa5b07b80eaa2b58e07192d4b9ee1fd8d38f8d33b4381b4de296a6b4f3eb144,e1a6274bb46388fa,16,42,787334f7857fa54f29027a7f09c30e895ad486ef
DEF_REAL_122,DEF_REAL_122_2924a488bacf.jpg,REAL,MS_COCO,None_Authentic_Photograph,REAL,0,0,Defactify_val_shard_1_row_3906,There are multiple pictures of the same man standing in the kitchen,500,375,34333,2924a488bacf8ca81ca801194778936bba3a9dd6ddd08ebe2142f6134b2f42ff,c7d315c437d9ec20,14,42,787334f7857fa54f29027a7f09c30e895ad486ef
DEF_REAL_123,DEF_REAL_123_16d263d8c37a.jpg,REAL,MS_COCO,None_Authentic_Photograph,REAL,0,0,Defactify_val_shard_1_row_4070,The parrot is perched on a tree limb.,640,480,85529,16d263d8c37ab347e8ca135934424dbd8e3c8d1ac6b387a394933d9c97a890ba,f2979590a6a489f3,16,42,787334f7857fa54f29027a7f09c30e895ad486ef
DEF_REAL_124,DEF_REAL_124_dd341bd195c2.jpg,REAL,MS_COCO,None_Authentic_Photograph,REAL,0,0,Defactify_val_shard_0_row_2545,A small TV on the hard wood floor of a building,480,640,43591,dd341bd195c2e715ca3b19c5b3b851776bf8baec7bf2fef62f27e8817efdef7e,9393c66c31816ebb,16,42,787334f7857fa54f29027a7f09c30e895ad486ef
DEF_REAL_125,DEF_REAL_125_cf52e17b818c.jpg,REAL,MS_COCO,None_Authentic_Photograph,REAL,0,0,Defactify_val_shard_0_row_851,A house boat along the water has bicycles on deck.,640,480,87102,cf52e17b818ca34ed73757a054f126cfe0ac2a626a054ffec7424fa077a9eb49,953f5adb989ca052,18,42,787334f7857fa54f29027a7f09c30e895ad486ef
DEF_REAL_126,DEF_REAL_126_899310168423.jpg,REAL,MS_COCO,None_Authentic_Photograph,REAL,0,0,Defactify_val_shard_1_row_2881,A group of three dummy heads covered in hats.,640,359,45376,89931016842307a218a365a6fd2cd7add13e16f653128dc99b9b1f6397dab203,899753ae3667aca0,18,42,787334f7857fa54f29027a7f09c30e895ad486ef
DEF_REAL_127,DEF_REAL_127_135c479a59f7.jpg,REAL,MS_COCO,None_Authentic_Photograph,REAL,0,0,Defactify_val_shard_1_row_3252,The train rides down the tracks near a huge building in the city.,640,480,40902,135c479a59f7959cdf23d01d7253f8536889fb0157a88297e882367bc2cd0c57,bab2d5cd4e0ec434,14,42,787334f7857fa54f29027a7f09c30e895ad486ef
DEF_REAL_128,DEF_REAL_128_e8b9980979f4.jpg,REAL,MS_COCO,None_Authentic_Photograph,REAL,0,0,Defactify_val_shard_1_row_164,A kitchen sink sitting inside of a white counter.,640,480,26272,e8b9980979f42d0cd095c95f35194db9e141dc48a59ec797d53dfde43921d0d2,a3d73368da8d09b2,16,42,787334f7857fa54f29027a7f09c30e895ad486ef
DEF_REAL_129,DEF_REAL_129_fafd888e1682.jpg,REAL,MS_COCO,None_Authentic_Photograph,REAL,0,0,Defactify_val_shard_1_row_2653,a little kid that is eating a big cake,426,640,35930,fafd888e16824c19f019b51aaf607dd8465049f06559df4624dc9dba08941e1a,d222f5c2d63ec171,18,42,787334f7857fa54f29027a7f09c30e895ad486ef
DEF_REAL_130,DEF_REAL_130_ebae5d5b50bf.jpg,REAL,MS_COCO,None_Authentic_Photograph,REAL,0,0,Defactify_val_shard_0_row_2825,A white toilet filled with bags of garbage.,480,640,74107,ebae5d5b50bf36c55fb387d9655d5576074199c223ee71e29d443a975baca169,92cd6926649bd8cd,12,42,787334f7857fa54f29027a7f09c30e895ad486ef
DEF_REAL_131,DEF_REAL_131_855376da0d95.jpg,REAL,MS_COCO,None_Authentic_Photograph,REAL,0,0,Defactify_val_shard_1_row_2947,A huge group of scattered out sheep are in the field. ,640,372,50144,855376da0d95079f802bbfd7c212f0720532b27346cb263519907b1419b91304,cbb4d4cb8be89443,16,42,787334f7857fa54f29027a7f09c30e895ad486ef
DEF_REAL_132,DEF_REAL_132_cc732abf9f2c.jpg,REAL,MS_COCO,None_Authentic_Photograph,REAL,0,0,Defactify_val_shard_0_row_484,The oriental signs are pointing in all directions.,640,427,72440,cc732abf9f2c88fc1a64238cd0a1e436f7d1c1eeef9d73d8eaa9684be839a869,b9aac295ddd28f80,12,42,787334f7857fa54f29027a7f09c30e895ad486ef
DEF_REAL_133,DEF_REAL_133_a68beba0a90f.jpg,REAL,MS_COCO,None_Authentic_Photograph,REAL,0,0,Defactify_val_shard_1_row_1537,a wood bench sitting in a park with three people sitting on it ,640,424,91131,a68beba0a90f347d81bcc7ead35214866ca105bf0122a6407011ba77b952dc8d,81909e8ec46f6bcb,16,42,787334f7857fa54f29027a7f09c30e895ad486ef
DEF_REAL_134,DEF_REAL_134_a5b857593a92.jpg,REAL,MS_COCO,None_Authentic_Photograph,REAL,0,0,Defactify_val_shard_1_row_4452,A lone toilet sits in a large bathroom.,612,612,83373,a5b857593a923a479e873fad800e6335aa0d35629b63e721354b24ca4ba853e5,82b69dc2e30d46b7,16,42,787334f7857fa54f29027a7f09c30e895ad486ef
DEF_REAL_135,DEF_REAL_135_3e8c809cf4d1.jpg,REAL,MS_COCO,None_Authentic_Photograph,REAL,0,0,Defactify_val_shard_0_row_3477,A couple of giraffe standing next to each other on a field.,493,640,130867,3e8c809cf4d12cb5852c4639d24a57052236653f94cf8a28c58455d21dd5bbb0,a2fd9d1385378865,16,42,787334f7857fa54f29027a7f09c30e895ad486ef
DEF_REAL_136,DEF_REAL_136_e14a8866507c.jpg,REAL,MS_COCO,None_Authentic_Photograph,REAL,0,0,Defactify_val_shard_0_row_67,A young man with a hat on trying to eat a banana. ,480,640,55318,e14a8866507c3d4826168a25327e168a7ae59566cfde523dc64e11c89e629ce0,8fd273a4d9169619,14,42,787334f7857fa54f29027a7f09c30e895ad486ef
DEF_REAL_137,DEF_REAL_137_6b8f4fc88fd1.jpg,REAL,MS_COCO,None_Authentic_Photograph,REAL,0,0,Defactify_val_shard_0_row_3023,A fire hydrant that has been painted many colors in a tropical area.,640,512,141721,6b8f4fc88fd1f1584e97d3d13eeb6903e57d1fdaafa7304e55ecc716ca3550bf,9fde22bb15118fc0,16,42,787334f7857fa54f29027a7f09c30e895ad486ef
DEF_REAL_138,DEF_REAL_138_76bb10996d1a.jpg,REAL,MS_COCO,None_Authentic_Photograph,REAL,0,0,Defactify_val_shard_0_row_2184,A view from a window high up in the sky.,480,640,29576,76bb10996d1acd46ca36eda5abfdc9e5b9f2c4e5ac60a35a143cb33842add896,d59a27f8150ff0d0,14,42,787334f7857fa54f29027a7f09c30e895ad486ef
DEF_REAL_139,DEF_REAL_139_dd4d1b2d775c.jpg,REAL,MS_COCO,None_Authentic_Photograph,REAL,0,0,Defactify_val_shard_1_row_1515,"A bathroom scene with a toilet, sink and a suitcase.",480,640,29708,dd4d1b2d775c0f5e850051e3212cdf9e80e8962d97ea6c0aaf7c584bfdf15f4e,c83274cd05735ec7,16,42,787334f7857fa54f29027a7f09c30e895ad486ef
DEF_REAL_140,DEF_REAL_140_d8be989c1fb3.jpg,REAL,MS_COCO,None_Authentic_Photograph,REAL,0,0,Defactify_val_shard_0_row_1685,Motor bike taking a fast turn on a track.,640,427,48994,d8be989c1fb3a9075414ce7261b9823b18b7a3874ab33180c97f1fe028108227,f29505739cecd20b,16,42,787334f7857fa54f29027a7f09c30e895ad486ef
DEF_REAL_141,DEF_REAL_141_1c549857fe07.jpg,REAL,MS_COCO,None_Authentic_Photograph,REAL,0,0,Defactify_val_shard_1_row_2566,this is a street with a brick building,640,427,64361,1c549857fe075567e7f36e6bdb3f30d6bf6929d88ae4a1445011d0ed41741b88,b1e98d61c4a4ce5e,18,42,787334f7857fa54f29027a7f09c30e895ad486ef
DEF_REAL_142,DEF_REAL_142_92decc6d4740.jpg,REAL,MS_COCO,None_Authentic_Photograph,REAL,0,0,Defactify_val_shard_0_row_1680,Two racing motorcycles and riders racing at a track.,640,361,38738,92decc6d474016e6ba6972970ef45d87251808fddfa64efd797d58836c501c45,a988863f4aecbd43,16,42,787334f7857fa54f29027a7f09c30e895ad486ef
DEF_REAL_143,DEF_REAL_143_8b3583784457.jpg,REAL,MS_COCO,None_Authentic_Photograph,REAL,0,0,Defactify_val_shard_1_row_4352,A big bathroom with a couch a bathtub in the middle of the room. ,480,640,45778,8b3583784457c5d7ae1d135cd28f87757b2ae81a3fc3a1f1ce165d41767481f0,9595e04a5bb49d3a,14,42,787334f7857fa54f29027a7f09c30e895ad486ef
DEF_REAL_144,DEF_REAL_144_4afc00959cf6.jpg,REAL,MS_COCO,None_Authentic_Photograph,REAL,0,0,Defactify_val_shard_0_row_1474,A large white sheep and two baby black sheep in barn,640,478,87726,4afc00959cf6386a03f18435ead6932eae185110ccc01b97528e1fa0454d0414,e8b61539c80bf44f,16,42,787334f7857fa54f29027a7f09c30e895ad486ef
DEF_REAL_145,DEF_REAL_145_9234efde942f.jpg,REAL,MS_COCO,None_Authentic_Photograph,REAL,0,0,Defactify_val_shard_0_row_3548,"A kitchen area with a refrigerator, dishwasher and cabinets.",426,640,40812,9234efde942f184e1ab6eb7214dfcd885422eb854204be2e23962fb1050456e2,8cf235194e1df994,16,42,787334f7857fa54f29027a7f09c30e895ad486ef
DEF_REAL_146,DEF_REAL_146_9d8b13ddcaa6.jpg,REAL,MS_COCO,None_Authentic_Photograph,REAL,0,0,Defactify_val_shard_1_row_3354,A dog standing next to an address marker and a woman holding an umbrella.,388,640,51402,9d8b13ddcaa68fd01d2ae615fa4b33a531c792acd7f4e8e67a74317380207811,904f6fc086a297be,16,42,787334f7857fa54f29027a7f09c30e895ad486ef
DEF_REAL_147,DEF_REAL_147_6e9156153c68.jpg,REAL,MS_COCO,None_Authentic_Photograph,REAL,0,0,Defactify_val_shard_0_row_4242,Traffic signal on wall attached to cement structure.,462,640,71745,6e9156153c68a61c8abf5505746583ec7471070f7a63e2980c6647cc9b1d2c3a,9f7de0d8e082f183,16,42,787334f7857fa54f29027a7f09c30e895ad486ef
DEF_REAL_148,DEF_REAL_148_e2bf467a2675.jpg,REAL,MS_COCO,None_Authentic_Photograph,REAL,0,0,Defactify_val_shard_1_row_1529,A street sign with a one way arrow on it.,426,640,67551,e2bf467a267585e83f48b8cc672019848805ba5f1b9ee5859f4d281c4d1243c8,8ece56d03a316cce,18,42,787334f7857fa54f29027a7f09c30e895ad486ef
DEF_REAL_149,DEF_REAL_149_93ba6df57275.jpg,REAL,MS_COCO,None_Authentic_Photograph,REAL,0,0,Defactify_val_shard_0_row_2004,A fire hydrant is on the corner of the street.,375,500,43067,93ba6df572759bca1e032b1fe4cd869c326727afc9b7ff9b91d9cda41f24677b,b8a373d80e6e0d3c,18,42,787334f7857fa54f29027a7f09c30e895ad486ef
DEF_REAL_150,DEF_REAL_150_a87003671252.jpg,REAL,MS_COCO,None_Authentic_Photograph,REAL,0,0,Defactify_val_shard_1_row_303,A bathroom has a sink and a bathtub.,640,480,36550,a87003671252a4a08815388b4d9ed1d27ceec44bc6c2d2851c5d6a8452417d70,e28599f7fad88112,16,42,787334f7857fa54f29027a7f09c30e895ad486ef
DEF_REAL_151,DEF_REAL_151_e3e4e46cde59.jpg,REAL,MS_COCO,None_Authentic_Photograph,REAL,0,0,Defactify_val_shard_1_row_3666,A man is hugging two sheep in an enclosed area.,640,480,57676,e3e4e46cde59cf6bd2d907230dbcd74ed20f25132689c623e7cdf1ceebac92d3,ca3c27f21c0b9b66,16,42,787334f7857fa54f29027a7f09c30e895ad486ef
DEF_REAL_152,DEF_REAL_152_3ff2accf3f55.jpg,REAL,MS_COCO,None_Authentic_Photograph,REAL,0,0,Defactify_val_shard_1_row_2644,A group of sheep being led around the water. ,640,430,85746,3ff2accf3f55db35123a544d063210fb3da1375973c7256d426b5eb62319b6a5,c983ee30c2cf3ac5,14,42,787334f7857fa54f29027a7f09c30e895ad486ef
DEF_REAL_153,DEF_REAL_153_b7744f90bbf8.jpg,REAL,MS_COCO,None_Authentic_Photograph,REAL,0,0,Defactify_val_shard_1_row_1405,Two small birds on a plate which is sitting on the floor.,640,421,45868,b7744f90bbf8caff823b74db6ad7df3e50fcb3ffcc1dac9fe601b3543feb89a3,8a69d5866a3dd5d0,16,42,787334f7857fa54f29027a7f09c30e895ad486ef
DEF_REAL_154,DEF_REAL_154_87dc15a4d94d.jpg,REAL,MS_COCO,None_Authentic_Photograph,REAL,0,0,Defactify_val_shard_1_row_4301,A white and red traffic sign on top of a metal pole.,640,399,32187,87dc15a4d94d489b28a7e39db37a367b7c1df0e306f9cf08ce5d302f1a7611b5,c6f907d229669a2d,12,42,787334f7857fa54f29027a7f09c30e895ad486ef
DEF_REAL_155,DEF_REAL_155_d08960fbca88.jpg,REAL,MS_COCO,None_Authentic_Photograph,REAL,0,0,Defactify_val_shard_0_row_3192,Public toilet with the lid up and a garbage can nearby. ,480,640,27896,d08960fbca885358dff0c13347176ff631fdb025b205c58fe6af0f2ce303bf00,8cc35f5a30272fd8,16,42,787334f7857fa54f29027a7f09c30e895ad486ef
DEF_REAL_156,DEF_REAL_156_51c817e27a75.jpg,REAL,MS_COCO,None_Authentic_Photograph,REAL,0,0,Defactify_val_shard_1_row_4072,A clean white toilet with the toilet seat up.,480,640,23107,51c817e27a75140d4bd5781b1cb5e920fbd4320165a587726c4f98906d69625c,874838e31c6f724f,16,42,787334f7857fa54f29027a7f09c30e895ad486ef
DEF_REAL_157,DEF_REAL_157_0afe385b6c0f.jpg,REAL,MS_COCO,None_Authentic_Photograph,REAL,0,0,Defactify_val_shard_1_row_2427,An open beige toilet with some sort of meter across the seat.,427,640,26941,0afe385b6c0f7cb0198ee8920b4dec3400af50fde9d87a6ff65796b79ea42a59,874a3ea5b8659366,16,42,787334f7857fa54f29027a7f09c30e895ad486ef
DEF_REAL_158,DEF_REAL_158_67c8852fda0e.jpg,REAL,MS_COCO,None_Authentic_Photograph,REAL,0,0,Defactify_val_shard_0_row_1033,A bird standing alone in the water looking,450,303,11194,67c8852fda0e95bb6b4930d532a575338e2f6c0abb1f00791c0be0c63910cef8,f69961c7659c3232,18,42,787334f7857fa54f29027a7f09c30e895ad486ef
DEF_REAL_159,DEF_REAL_159_391a5f9c5229.jpg,REAL,MS_COCO,None_Authentic_Photograph,REAL,0,0,Defactify_val_shard_0_row_2213,"Six old men, four sitting on a bench and two standing, conversing.",640,501,98037,391a5f9c5229ca0a7eb43f21c439ced4575580bfe918624df7d7e5ffdf5f8096,9fd08135fc2d0397,16,42,787334f7857fa54f29027a7f09c30e895ad486ef
DEF_REAL_160,DEF_REAL_160_a3b1d68ecc60.jpg,REAL,MS_COCO,None_Authentic_Photograph,REAL,0,0,Defactify_val_shard_0_row_268,A red train traveling through a rural countryside.,500,333,34005,a3b1d68ecc603edef031631a2bdce9a4f606d72a5f7815aa359dd25de9b8a11e,e613992d90e327ce,16,42,787334f7857fa54f29027a7f09c30e895ad486ef
DEF_REAL_161,DEF_REAL_161_596c2c8b8699.jpg,REAL,MS_COCO,None_Authentic_Photograph,REAL,0,0,Defactify_val_shard_0_row_2551,a fire hydrant sitting next to a sidewalk with trees and an apartment building in the  background,500,500,71802,596c2c8b8699d08f5eec19f89d8150a945a4f9d2d9b59bd13dfec78307b46b40,e535f48d30c619b3,14,42,787334f7857fa54f29027a7f09c30e895ad486ef
DEF_REAL_162,DEF_REAL_162_2d2634977f54.jpg,REAL,MS_COCO,None_Authentic_Photograph,REAL,0,0,Defactify_val_shard_0_row_2161,A double red bus parked on a street.,640,361,56024,2d2634977f5415685592be5af473d4de09019e17045b5ed3a8434e6d1ac65d60,c1618c3e3cc4ff07,16,42,787334f7857fa54f29027a7f09c30e895ad486ef
DEF_REAL_163,DEF_REAL_163_f7ae7c75e8e7.jpg,REAL,MS_COCO,None_Authentic_Photograph,REAL,0,0,Defactify_val_shard_1_row_1675,A kitchen area with a dining table and counter.,478,640,54008,f7ae7c75e8e786f93b0292e040ab9167f8f82d046e792cff97115df6f8d8ba9a,e253fc9d1fa80b18,16,42,787334f7857fa54f29027a7f09c30e895ad486ef
DEF_REAL_164,DEF_REAL_164_88fd3b8fe981.jpg,REAL,MS_COCO,None_Authentic_Photograph,REAL,0,0,Defactify_val_shard_1_row_3934,A service vehicle sits on a tarmac in front of a jet. ,640,427,35319,88fd3b8fe9816f426eabd062f2bf6e50e7558e557f8e05c455550b1b3f46dc7e,d2f9a7245cd1a2a6,16,42,787334f7857fa54f29027a7f09c30e895ad486ef
DEF_REAL_165,DEF_REAL_165_0c152c9b66f6.jpg,REAL,MS_COCO,None_Authentic_Photograph,REAL,0,0,Defactify_val_shard_0_row_573,A red motorcycle parked on a sidewalk near multi-story buildings.,640,421,75460,0c152c9b66f6218c98c94b255e46f1ff173da6cbc3d46cb22ac37bb2daa8304a,c4c4e56d3636c6cc,16,42,787334f7857fa54f29027a7f09c30e895ad486ef
DEF_REAL_166,DEF_REAL_166_89afb2a881c9.jpg,REAL,MS_COCO,None_Authentic_Photograph,REAL,0,0,Defactify_val_shard_0_row_590,A brown kitchen table with four chairs next to a counter.,640,480,45257,89afb2a881c99b7447e2124f0d0ea269814b95484f44b3d246ef4e581dd35cca,80ab79b4cbc4e34e,18,42,787334f7857fa54f29027a7f09c30e895ad486ef
DEF_REAL_167,DEF_REAL_167_95f50b3def6e.jpg,REAL,MS_COCO,None_Authentic_Photograph,REAL,0,0,Defactify_val_shard_1_row_4448,2 motorcycles stand next to each other on the street.,612,612,104513,95f50b3def6ef86e8bc6dacd9847cb73d63bf629de078f66851096c6601432de,ce4e9db8e887a113,16,42,787334f7857fa54f29027a7f09c30e895ad486ef
DEF_REAL_168,DEF_REAL_168_634edcf6e533.jpg,REAL,MS_COCO,None_Authentic_Photograph,REAL,0,0,Defactify_val_shard_1_row_1779,Two ducks floating together on a body of water. ,640,480,62037,634edcf6e53314890140fad0725331679198bba0dd8deafbf29e478b492d1194,f308ce4ba6728976,16,42,787334f7857fa54f29027a7f09c30e895ad486ef
DEF_REAL_169,DEF_REAL_169_0b8d48eb582a.jpg,REAL,MS_COCO,None_Authentic_Photograph,REAL,0,0,Defactify_val_shard_1_row_1374,The motorcycle procession made their way down the crowded street.,640,284,41749,0b8d48eb582a844baf866e87643488e6b018796840284e8d6e665bc9319c2cf9,b3064e786d6f1c54,16,42,787334f7857fa54f29027a7f09c30e895ad486ef
DEF_REAL_170,DEF_REAL_170_05b2f6b20253.jpg,REAL,MS_COCO,None_Authentic_Photograph,REAL,0,0,Defactify_val_shard_0_row_2347,A person with a camera taking a picture.,500,333,33733,05b2f6b2025381a47c11144d2d3e017e8a27ead3cfaf346c7f97a031cb905812,f0f115c5484d8abf,16,42,787334f7857fa54f29027a7f09c30e895ad486ef
DEF_REAL_171,DEF_REAL_171_0af5308a2beb.jpg,REAL,MS_COCO,None_Authentic_Photograph,REAL,0,0,Defactify_val_shard_0_row_1554,The green bus has a large front window and a yellow license plate.,640,488,68262,0af5308a2beb2cf7ab64abf583c26fe6ebbe17c0562a3de79cc9eefc63172215,aac3f094dc5a1e8b,18,42,787334f7857fa54f29027a7f09c30e895ad486ef
DEF_REAL_172,DEF_REAL_172_a63f620909a4.jpg,REAL,MS_COCO,None_Authentic_Photograph,REAL,0,0,Defactify_val_shard_1_row_2065,A group of sheep standing in the road.,640,480,71867,a63f620909a47f945398fc189a25afad747b1a36e9e24f86168311cb00f57f53,aa2f355497c1e6a8,16,42,787334f7857fa54f29027a7f09c30e895ad486ef
DEF_REAL_173,DEF_REAL_173_08b207f75295.jpg,REAL,MS_COCO,None_Authentic_Photograph,REAL,0,0,Defactify_val_shard_0_row_3040,A couple of cats sleeping on a car hood.,500,333,21353,08b207f75295b419ebb89543f2bd21d67b7bad6d874bab0bdaffd950533c9f24,ea069578349fa786,18,42,787334f7857fa54f29027a7f09c30e895ad486ef
DEF_REAL_174,DEF_REAL_174_795f7d4cfc0f.jpg,REAL,MS_COCO,None_Authentic_Photograph,REAL,0,0,Defactify_val_shard_0_row_4290,A group of people standing in front of an airplane.,640,480,42875,795f7d4cfc0f54aac6865a4b04441a53551f2dd2d1f4abd9e000a84a98a34f51,bbd8d0a8a7866547,18,42,787334f7857fa54f29027a7f09c30e895ad486ef
DEF_REAL_175,DEF_REAL_175_d48ddc8ba6f2.jpg,REAL,MS_COCO,None_Authentic_Photograph,REAL,0,0,Defactify_val_shard_0_row_752,A white bus route sign hanging from the side of a black pole.,375,500,24496,d48ddc8ba6f2cc19707536e6b659962930ea3e9f30342f2be9e3633bf8bc5f6d,e418e427d9396778,16,42,787334f7857fa54f29027a7f09c30e895ad486ef
DEF_REAL_176,DEF_REAL_176_7ba50b962b2a.jpg,REAL,MS_COCO,None_Authentic_Photograph,REAL,0,0,Defactify_val_shard_0_row_1482,Red and yellow fire hydrant with the lid off.,375,500,30953,7ba50b962b2a7e1db334b3be4b3a5445f9a735a4fba1de4858b83f1058eb7615,a67f0d8ccee45864,16,42,787334f7857fa54f29027a7f09c30e895ad486ef
DEF_REAL_177,DEF_REAL_177_e00a79e1c8f4.jpg,REAL,MS_COCO,None_Authentic_Photograph,REAL,0,0,Defactify_val_shard_1_row_2122,"A post with several street signs on it, including the name.",500,375,41186,e00a79e1c8f49c1a7c9f2495fcdfe8fcf4459df44090edf5bc3c1640d277135e,b65966a2d99f1941,16,42,787334f7857fa54f29027a7f09c30e895ad486ef
DEF_REAL_178,DEF_REAL_178_bec1a737a5a7.jpg,REAL,MS_COCO,None_Authentic_Photograph,REAL,0,0,Defactify_val_shard_0_row_4182,A tiger cat sitting in a bathroom sink next to a tub.,500,333,14347,bec1a737a5a7d6504f208622ceeb182225ae1a780d5cc2e5e65aa222d4b27d6a,a6cd1b224cb39957,14,42,787334f7857fa54f29027a7f09c30e895ad486ef
DEF_REAL_179,DEF_REAL_179_e5e7df04127b.jpg,REAL,MS_COCO,None_Authentic_Photograph,REAL,0,0,Defactify_val_shard_0_row_2938,THERE IS A TOILET THAT IS DECORATED ,480,640,39862,e5e7df04127be176925aa33c079e41ce0707cb5f8b165813d932777edb22548a,cbf52cd23c8994f0,16,42,787334f7857fa54f29027a7f09c30e895ad486ef
DEF_REAL_180,DEF_REAL_180_c549854bd684.jpg,REAL,MS_COCO,None_Authentic_Photograph,REAL,0,0,Defactify_val_shard_1_row_3315,A shower equipped for a physically challenged person with a shower chair,400,533,32177,c549854bd68406920bba5da48dd5c3477b5db1e63c89cf2ffb9b2f0a93eccfa3,b7ad02b2ac5b42ad,18,42,787334f7857fa54f29027a7f09c30e895ad486ef
DEF_REAL_181,DEF_REAL_181_24d4ed1ed5c1.jpg,REAL,MS_COCO,None_Authentic_Photograph,REAL,0,0,Defactify_val_shard_0_row_1701,A man sitting on a bench on top of a pier.,500,334,24786,24d4ed1ed5c10f5bbe6a2c2e12cfef256b393ed8f57637e7d4575c2c8e0b3bac,bf80c03f3fc0d03e,14,42,787334f7857fa54f29027a7f09c30e895ad486ef
DEF_REAL_182,DEF_REAL_182_e0750a34e0bc.jpg,REAL,MS_COCO,None_Authentic_Photograph,REAL,0,0,Defactify_val_shard_0_row_3537,A laptop and some computers on a desk.,640,480,61948,e0750a34e0bc01ff988fa4a8aeb1fd15cdf48b8b16b888c33d56c62894cfd05d,c1c76ed8f8701695,18,42,787334f7857fa54f29027a7f09c30e895ad486ef
DEF_REAL_183,DEF_REAL_183_598a4639db06.jpg,REAL,MS_COCO,None_Authentic_Photograph,REAL,0,0,Defactify_val_shard_0_row_1244,a car is sitting at a red light in traffic,640,359,30845,598a4639db0618ce9d4ce8e6b0a20fea58e72f68b4e8c95650094cea27bc889e,92ca6637194d64f3,12,42,787334f7857fa54f29027a7f09c30e895ad486ef
DEF_REAL_184,DEF_REAL_184_36b162efade9.jpg,REAL,MS_COCO,None_Authentic_Photograph,REAL,0,0,Defactify_val_shard_0_row_168,A man doing something to a kitchen window.,612,612,40227,36b162efade933978e5536738c931142c886b318c9465bb7657fe8deeb37f36b,d9cca630f929c62e,14,42,787334f7857fa54f29027a7f09c30e895ad486ef
DEF_REAL_185,DEF_REAL_185_552c78e0ca90.jpg,REAL,MS_COCO,None_Authentic_Photograph,REAL,0,0,Defactify_val_shard_1_row_3393,A window in a kitchen filled with green plants.,640,505,105065,552c78e0ca9040b7723daf9459931a5e75a5599715834aaba93335938fe22a6b,94cc7399d92e6863,12,42,787334f7857fa54f29027a7f09c30e895ad486ef
DEF_REAL_186,DEF_REAL_186_90c940336315.jpg,REAL,MS_COCO,None_Authentic_Photograph,REAL,0,0,Defactify_val_shard_1_row_444,A view of a bathroom with a huge pipe behind it.,500,375,27328,90c9403363158dd2e1836a7570363a08e87e61a52d6a5750f280816e09a7b97f,d1c183f20d7e9a65,18,42,787334f7857fa54f29027a7f09c30e895ad486ef
DEF_REAL_187,DEF_REAL_187_7ce3a9110626.jpg,REAL,MS_COCO,None_Authentic_Photograph,REAL,0,0,Defactify_val_shard_1_row_1505,a tub toilet sink and medicine cabinet and door,640,480,25391,7ce3a9110626a1893a767b66e5be2f63458b86e42fcc63e436b386f77f24cd76,80bcb3c670c337ce,10,42,787334f7857fa54f29027a7f09c30e895ad486ef
DEF_REAL_188,DEF_REAL_188_f3c402b85b9f.jpg,REAL,MS_COCO,None_Authentic_Photograph,REAL,0,0,Defactify_val_shard_0_row_2349,"stop sign that says no vehicles past posts in front of building
",480,640,43490,f3c402b85b9f2c5abd51d74f1c6c91eaa67725d83f45769fae8c0c983a925c86,a379d60c8f8259f8,16,42,787334f7857fa54f29027a7f09c30e895ad486ef
DEF_REAL_189,DEF_REAL_189_05225095c748.jpg,REAL,MS_COCO,None_Authentic_Photograph,REAL,0,0,Defactify_val_shard_1_row_1899,A small bird is perched on a leafless twig.,640,427,27461,05225095c7488c5ca577f7aa141a2b545bce47bf2f95031f46db8390e53bee72,ea739748c127cca5,16,42,787334f7857fa54f29027a7f09c30e895ad486ef
DEF_REAL_190,DEF_REAL_190_53d266875ca4.jpg,REAL,MS_COCO,None_Authentic_Photograph,REAL,0,0,Defactify_val_shard_1_row_3594,A giraffe is standing between two trees and some rocks. ,425,640,116045,53d266875ca46cf8ee342491755fb841a99bd77cc1f719d425ffd095985aa221,8535f1054ccb6be5,16,42,787334f7857fa54f29027a7f09c30e895ad486ef
DEF_REAL_191,DEF_REAL_191_ed40993d995d.jpg,REAL,MS_COCO,None_Authentic_Photograph,REAL,0,0,Defactify_val_shard_0_row_3519,A green stop light that is hanging above the street.,500,375,39535,ed40993d995d84b2950fe921decb15ef5cc9e52a5593d570daa2171811c7b78b,81f1964e7da3c392,16,42,787334f7857fa54f29027a7f09c30e895ad486ef
DEF_REAL_192,DEF_REAL_192_c28b28746396.jpg,REAL,MS_COCO,None_Authentic_Photograph,REAL,0,0,Defactify_val_shard_1_row_876,A toddler sitting on a living room floor surrounded by toys.,640,403,50293,c28b2874639614ba009879d90b79740ee341c299e91ca83c546d56223b7cb191,9b04f5174a5d744e,16,42,787334f7857fa54f29027a7f09c30e895ad486ef
DEF_REAL_193,DEF_REAL_193_7963f0dca693.jpg,REAL,MS_COCO,None_Authentic_Photograph,REAL,0,0,Defactify_val_shard_1_row_3455,A man driving a luggage cart sitting on top of a runway.,612,612,58464,7963f0dca6932c58ebb626c9c58f5a5488f28c97a9157e2a82f14704fae82672,ea91c0f4b6d9b4c4,16,42,787334f7857fa54f29027a7f09c30e895ad486ef
DEF_REAL_194,DEF_REAL_194_0811037e782c.jpg,REAL,MS_COCO,None_Authentic_Photograph,REAL,0,0,Defactify_val_shard_1_row_3463,The view from the commercial airplane includes the wing and mountains and water. ,640,480,57113,0811037e782ccda5347e907c166a3faef1955f09e3c53d60706644da85ad26a4,d1d1136ece0fd81c,16,42,787334f7857fa54f29027a7f09c30e895ad486ef
DEF_REAL_195,DEF_REAL_195_955968ad39b0.jpg,REAL,MS_COCO,None_Authentic_Photograph,REAL,0,0,Defactify_val_shard_1_row_1235,A motorcycle sitting in a parking lot showing a green lawn in the mirrors.,640,480,52647,955968ad39b09dd498aa53b903620d0ff43d5f13c1b8174871358121c3909d16,d2b6892942f73571,14,42,787334f7857fa54f29027a7f09c30e895ad486ef
DEF_REAL_196,DEF_REAL_196_c342eb057dc8.jpg,REAL,MS_COCO,None_Authentic_Photograph,REAL,0,0,Defactify_val_shard_0_row_938,A giraffe standing next to a stone wall.,427,640,61267,c342eb057dc8ef6e78e14f9585a56402258a26dc5b7d61917d34d1f53637c880,806c6e73b19ba92d,16,42,787334f7857fa54f29027a7f09c30e895ad486ef
DEF_REAL_197,DEF_REAL_197_465b8b8b0388.jpg,REAL,MS_COCO,None_Authentic_Photograph,REAL,0,0,Defactify_val_shard_1_row_1035,The bowl of a white porcelain bidet with the seat raised.,333,500,20102,465b8b8b0388785cf89d06c5de943decc758aa06a1b45745da7eb9344935c0c4,c055017f2ffa2fa0,16,42,787334f7857fa54f29027a7f09c30e895ad486ef
DEF_REAL_198,DEF_REAL_198_678ee242b601.jpg,REAL,MS_COCO,None_Authentic_Photograph,REAL,0,0,Defactify_val_shard_0_row_1867,a bathroom with a toilet and a bath tub,640,427,51362,678ee242b6014fb91165d79afa86db08af9f4952c2922ae8a1a357786a270d77,c5cd0a9793646f98,16,42,787334f7857fa54f29027a7f09c30e895ad486ef
DEF_REAL_199,DEF_REAL_199_44891da25958.jpg,REAL,MS_COCO,None_Authentic_Photograph,REAL,0,0,Defactify_val_shard_1_row_119,A stop sign with a persons thighs on it,375,500,38292,44891da2595826685133d6864d99a83a825bfde7fc413066f240843544d6c09d,c6999b9092a5a7e6,16,42,787334f7857fa54f29027a7f09c30e895ad486ef
DEF_REAL_200,DEF_REAL_200_42eeeafde423.jpg,REAL,MS_COCO,None_Authentic_Photograph,REAL,0,0,Defactify_val_shard_0_row_2485,A little girl is mixing in a  kitchen bowl while standing on a chair.,426,640,50013,42eeeafde423beda39ab3c5ff2c8e73c0911d2c90c207aa18a0c1252878fb6d7,8c31736e1a1d5b4d,16,42,787334f7857fa54f29027a7f09c30e895ad486ef
DEF_REAL_201,DEF_REAL_201_af46f65489a0.jpg,REAL,MS_COCO,None_Authentic_Photograph,REAL,0,0,Defactify_val_shard_1_row_1402,"A kitchen area with sink, dishwasher and refrigerator.",640,480,34954,af46f65489a045b504f8bf429aa37c070fac309ecdd0031f532bee55eeca0c87,b286146967ebd668,18,42,787334f7857fa54f29027a7f09c30e895ad486ef
DEF_REAL_202,DEF_REAL_202_ad59d018f59e.jpg,REAL,MS_COCO,None_Authentic_Photograph,REAL,0,0,Defactify_val_shard_0_row_3684,A bathroom filled with urinals mounted on a wall side by side.,500,375,29415,ad59d018f59ec5118a13434b27c413e06971bade5d0b2a090eabfa6494ef3b29,85e0ac0f49787e2f,16,42,787334f7857fa54f29027a7f09c30e895ad486ef
DEF_REAL_203,DEF_REAL_203_4da76f520c5b.jpg,REAL,MS_COCO,None_Authentic_Photograph,REAL,0,0,Defactify_val_shard_0_row_2562,a public transit bus parked with its doors open,480,640,65682,4da76f520c5b509752be7c272f3971af2960b2cead243fe72055516cf5ad2599,c4607f0939639ed3,14,42,787334f7857fa54f29027a7f09c30e895ad486ef
DEF_REAL_204,DEF_REAL_204_e94825886783.jpg,REAL,MS_COCO,None_Authentic_Photograph,REAL,0,0,Defactify_val_shard_0_row_2838,A green and yellow train riding down the train tracks. ,640,434,75743,e9482588678342607e30049b63bfbd576156c367ebe2dc6d02fb05f651caf873,94a988b0e6c77337,16,42,787334f7857fa54f29027a7f09c30e895ad486ef
DEF_REAL_205,DEF_REAL_205_ef6bf2a10b65.jpg,REAL,MS_COCO,None_Authentic_Photograph,REAL,0,0,Defactify_val_shard_1_row_2560,A view of a kitchen shows large and small appliances and pans on the cabinets.,640,427,44249,ef6bf2a10b65a635e6f3f75115fa5c389da0d3d65cfbee8f3892b2dbfbfa0f26,ac7b56d47b85008f,18,42,787334f7857fa54f29027a7f09c30e895ad486ef
DEF_REAL_206,DEF_REAL_206_6152b8fff6f7.jpg,REAL,MS_COCO,None_Authentic_Photograph,REAL,0,0,Defactify_val_shard_1_row_1222,a sign showing stop on the street besides buildings,640,638,105270,6152b8fff6f754d48070706b76de523f1c13cde6749ebab6c045e98bcbef7bd1,8fb6f0491e2d52e1,16,42,787334f7857fa54f29027a7f09c30e895ad486ef
DEF_REAL_207,DEF_REAL_207_03b27a817f66.jpg,REAL,MS_COCO,None_Authentic_Photograph,REAL,0,0,Defactify_val_shard_0_row_1150,Three giraffes crossing dirt road into dry field,640,426,40342,03b27a817f666a2789a2e029945ea2aa51c9c2ea7af621cd94f3ca23ba5b4821,d1dcf788063fb424,18,42,787334f7857fa54f29027a7f09c30e895ad486ef
DEF_REAL_208,DEF_REAL_208_6eef606a1fa7.jpg,REAL,MS_COCO,None_Authentic_Photograph,REAL,0,0,Defactify_val_shard_0_row_4125,There is no pattern to these four photos.,500,500,56480,6eef606a1fa7c20fb131b4af16063109382a27a2dd36121d88292cabc74dde5d,a69fc68d0592b1f2,18,42,787334f7857fa54f29027a7f09c30e895ad486ef
DEF_REAL_209,DEF_REAL_209_82a44a1f6cdc.jpg,REAL,MS_COCO,None_Authentic_Photograph,REAL,0,0,Defactify_val_shard_0_row_2190,A kitchen filled with furniture and a stove top oven.,640,418,49365,82a44a1f6cdcf37cf3e95d53c8abff9a20f9889c15ea52d4e9d16fd9a61f05e4,94f5c36870f27c64,16,42,787334f7857fa54f29027a7f09c30e895ad486ef
DEF_REAL_210,DEF_REAL_210_d78ddebe9fa9.jpg,REAL,MS_COCO,None_Authentic_Photograph,REAL,0,0,Defactify_val_shard_1_row_670,The authentic Midwestern kitchen has elements similar to a  pottery studio.,640,480,43575,d78ddebe9fa970c3d9fdbcc989c0e2e91426bccbdad4ecb10321c39c5f591bb2,c66910afcc326f1e,16,42,787334f7857fa54f29027a7f09c30e895ad486ef
DEF_REAL_211,DEF_REAL_211_c0bbb9ec75b6.jpg,REAL,MS_COCO,None_Authentic_Photograph,REAL,0,0,Defactify_val_shard_0_row_398,A long counter holding an assortment of coffee related items.,640,480,55243,c0bbb9ec75b6d6f6af2771f40119d7c0af98b421e0c5777c35159446a16c68a2,9e9ab3d56d25118a,16,42,787334f7857fa54f29027a7f09c30e895ad486ef
DEF_REAL_212,DEF_REAL_212_1adbc81bafdf.jpg,REAL,MS_COCO,None_Authentic_Photograph,REAL,0,0,Defactify_val_shard_1_row_2483,A bench that sits in the grass with rocks cemented to the ground,640,427,111060,1adbc81bafdf1d55e1f17c1fa3370f9e25bac0a7ff15695f403713eda940165d,e2379de63300b4d3,18,42,787334f7857fa54f29027a7f09c30e895ad486ef
DEF_REAL_213,DEF_REAL_213_0adff1628815.jpg,REAL,MS_COCO,None_Authentic_Photograph,REAL,0,0,Defactify_val_shard_1_row_174,A field filled with purple flowers and green plants.,500,334,37496,0adff162881593a5face9ff67a963be7f5dd41a0c3b779bb5a8201a3306afecd,f4af69f980acb604,16,42,787334f7857fa54f29027a7f09c30e895ad486ef
DEF_REAL_214,DEF_REAL_214_a404d5d3b903.jpg,REAL,MS_COCO,None_Authentic_Photograph,REAL,0,0,Defactify_val_shard_1_row_4143,a long passenger bus turning the corner by a building ,640,480,66667,a404d5d3b903a7b795449158e3e8a78d055b632facd8a2540238a61e336e09ec,b6c885f44d3b121f,18,42,787334f7857fa54f29027a7f09c30e895ad486ef
DEF_REAL_215,DEF_REAL_215_89e14b6e5323.jpg,REAL,MS_COCO,None_Authentic_Photograph,REAL,0,0,Defactify_val_shard_0_row_1644,There is a one way street at the corner of Henry St. and Love La.,640,480,103847,89e14b6e53239ccf55b3e44afb5e9bf5bfe3db8dcd3c518b8cde541fc9935107,e5a988933ba4da9a,16,42,787334f7857fa54f29027a7f09c30e895ad486ef
DEF_REAL_216,DEF_REAL_216_2d84776eef1a.jpg,REAL,MS_COCO,None_Authentic_Photograph,REAL,0,0,Defactify_val_shard_0_row_2157,a public transit bus on a city street,640,424,54623,2d84776eef1af5ab95f0e55588ce35c82e0d42f47569ebb5818580487af8dd63,ea8a99919535b46e,14,42,787334f7857fa54f29027a7f09c30e895ad486ef
DEF_REAL_217,DEF_REAL_217_d39079049000.jpg,REAL,MS_COCO,None_Authentic_Photograph,REAL,0,0,Defactify_val_shard_1_row_2764,a group of guys showing off a cow to an audience. ,640,456,73582,d390790490009b09391e273d426735aea0f0f8f7d43b78095b23d8e2b6001ff0,fb9898f940c4c57c,14,42,787334f7857fa54f29027a7f09c30e895ad486ef
DEF_REAL_218,DEF_REAL_218_ec3990196ea5.jpg,REAL,MS_COCO,None_Authentic_Photograph,REAL,0,0,Defactify_val_shard_0_row_2882,A man and a woman dressed up by a park bench.,640,533,101720,ec3990196ea5e35c7ab90f498444f1e24d649832ebbfa3b06f73077112e6e430,a412fbb105faed24,18,42,787334f7857fa54f29027a7f09c30e895ad486ef
DEF_REAL_219,DEF_REAL_219_7db39209fb8a.jpg,REAL,MS_COCO,None_Authentic_Photograph,REAL,0,0,Defactify_val_shard_1_row_3530,A man sitting on a motor bike smiling with a friend close to him,426,640,53531,7db39209fb8a45717737b3f0a1f64448b4a6ffcdc17816fbe857ce89ab84432b,f8d0856f460d9c7c,18,42,787334f7857fa54f29027a7f09c30e895ad486ef
DEF_REAL_220,DEF_REAL_220_59c5a1b8c701.jpg,REAL,MS_COCO,None_Authentic_Photograph,REAL,0,0,Defactify_val_shard_0_row_1217,A person standing on a loading platform next to a  train.,640,467,60417,59c5a1b8c701afb79ac402d72c7be5ea469e53ee0a254c0080c6903047019350,aecb2569163dca15,16,42,787334f7857fa54f29027a7f09c30e895ad486ef
DEF_REAL_221,DEF_REAL_221_70f959c95e2a.jpg,REAL,MS_COCO,None_Authentic_Photograph,REAL,0,0,Defactify_val_shard_1_row_2866,red and yellow train on a train track,640,359,59962,70f959c95e2a887642484b76107dd30deb07330447f74f9470544e820ae93c9f,85c5d4d01a9b776c,16,42,787334f7857fa54f29027a7f09c30e895ad486ef
DEF_REAL_222,DEF_REAL_222_912504b98ce4.jpg,REAL,MS_COCO,None_Authentic_Photograph,REAL,0,0,Defactify_val_shard_1_row_1080,A hot tub sitting under a window in a room.,480,640,38670,912504b98ce42c3e9596d51657745b5b3b3b504c3435d438996886fca96e4fca,99d96667e718981a,14,42,787334f7857fa54f29027a7f09c30e895ad486ef
DEF_REAL_223,DEF_REAL_223_1c0bfe42f208.jpg,REAL,MS_COCO,None_Authentic_Photograph,REAL,0,0,Defactify_val_shard_1_row_58,People are in a circle at a table on laptops.,500,333,22003,1c0bfe42f2086206ac5c84bf308fe5cce891efd6be9b726cebae32ff6268fafb,8ed590c190ce3ff1,16,42,787334f7857fa54f29027a7f09c30e895ad486ef
DEF_REAL_224,DEF_REAL_224_5f3ac6d3c3b2.jpg,REAL,MS_COCO,None_Authentic_Photograph,REAL,0,0,Defactify_val_shard_0_row_3471,A white and blue bus passing a street intersection.,640,480,64981,5f3ac6d3c3b22a22e8bde2a847d94295116d37f53f739debdd6a3099a0d3cfa4,eae88e18da21d1bb,16,42,787334f7857fa54f29027a7f09c30e895ad486ef
DEF_REAL_225,DEF_REAL_225_7c404a413ae1.jpg,REAL,MS_COCO,None_Authentic_Photograph,REAL,0,0,Defactify_val_shard_0_row_1332,A bird is perched on the arm of a bench. ,640,428,62771,7c404a413ae1165ceb6bdee2711bf9a9e428ea1047558be64f7a523192978df2,f9706684a5ad5987,18,42,787334f7857fa54f29027a7f09c30e895ad486ef
DEF_REAL_226,DEF_REAL_226_6834aa010e39.jpg,REAL,MS_COCO,None_Authentic_Photograph,REAL,0,0,Defactify_val_shard_0_row_2728,A red and white striped bus traveling past a store.,640,426,47583,6834aa010e3997aad342109678fc614ea20d8b7e63411e4649224ebc5c19415e,b54c20f548abd69b,16,42,787334f7857fa54f29027a7f09c30e895ad486ef
DEF_REAL_227,DEF_REAL_227_342fab096395.jpg,REAL,MS_COCO,None_Authentic_Photograph,REAL,0,0,Defactify_val_shard_0_row_153,An old fashioned stove top oven with pots sitting on top of it.,480,640,49527,342fab0963954ed1ac798831b01006217919506f5d837099639887bb56c45604,abc2546d5475883f,16,42,787334f7857fa54f29027a7f09c30e895ad486ef
DEF_REAL_228,DEF_REAL_228_83138031ccbd.jpg,REAL,MS_COCO,None_Authentic_Photograph,REAL,0,0,Defactify_val_shard_0_row_348,Woman walking on train platform as train filled with passengers prepares to leave.,640,480,39541,83138031ccbd7416d58ad94897de4d8c3591317b53e5cd3a452978db1d3473bf,cbde9a80d6cbc930,18,42,787334f7857fa54f29027a7f09c30e895ad486ef
DEF_REAL_229,DEF_REAL_229_362e9c65b1b2.jpg,REAL,MS_COCO,None_Authentic_Photograph,REAL,0,0,Defactify_val_shard_1_row_2704,A blue love seat sitting on a trailer attached to a bike.,640,481,83144,362e9c65b1b269c89245e67bc7e953e2cca37309ab49ca0a39d0ff13c62d9b14,aad4716c5a15e16d,18,42,787334f7857fa54f29027a7f09c30e895ad486ef
DEF_REAL_230,DEF_REAL_230_d5f0a6570c41.jpg,REAL,MS_COCO,None_Authentic_Photograph,REAL,0,0,Defactify_val_shard_1_row_3834,A traffic light sitting next to the side of a building.,640,427,26743,d5f0a6570c412d69924817b40973e66f0b284943cab92a6d0076e7c17cf351d9,cdb582dafab31380,18,42,787334f7857fa54f29027a7f09c30e895ad486ef
DEF_REAL_231,DEF_REAL_231_83e2bbba679e.jpg,REAL,MS_COCO,None_Authentic_Photograph,REAL,0,0,Defactify_val_shard_1_row_1861,A little girl in a pink shirt standing near a blue metal sculpture.,640,480,88060,83e2bbba679eca46e58d3a527fb4f424c5368863506e602d5b76d264223680f7,9b1c965e8bd4a4e8,18,42,787334f7857fa54f29027a7f09c30e895ad486ef
DEF_REAL_232,DEF_REAL_232_169d6f751669.jpg,REAL,MS_COCO,None_Authentic_Photograph,REAL,0,0,Defactify_val_shard_0_row_2605,Two giraffe snuggling each other's neck on a field.,640,429,54891,169d6f7516691e72acd7d28abd59494f0a38bc9f767534e1bae87d123a42d680,e6e48c19d3b70c66,14,42,787334f7857fa54f29027a7f09c30e895ad486ef
DEF_REAL_233,DEF_REAL_233_c47e4f80aa32.jpg,REAL,MS_COCO,None_Authentic_Photograph,REAL,0,0,Defactify_val_shard_0_row_4426,A banana sitting on top of a sidewalk near a street.,640,479,47450,c47e4f80aa3200b939d4e369d754ca5c5fbec8c8a3f33d6a41b12ee244147764,9c320c1ec36d936f,16,42,787334f7857fa54f29027a7f09c30e895ad486ef
DEF_REAL_234,DEF_REAL_234_668442d7ff34.jpg,REAL,MS_COCO,None_Authentic_Photograph,REAL,0,0,Defactify_val_shard_1_row_2314,A little girl holding a brown stuffed animal.,359,640,41394,668442d7ff341ebf907f098e2e200018f273391ad54a05ce004646ffdb0d6b2b,cad6346a99b4a647,16,42,787334f7857fa54f29027a7f09c30e895ad486ef
DEF_REAL_235,DEF_REAL_235_f441eda04508.jpg,REAL,MS_COCO,None_Authentic_Photograph,REAL,0,0,Defactify_val_shard_1_row_1544,An airplane on a runway getting some work done.,640,480,36729,f441eda045085100bf2764981bda7f31990485e3f6020ea40aaf434b32829051,81803f3f9ba874b6,16,42,787334f7857fa54f29027a7f09c30e895ad486ef
DEF_REAL_236,DEF_REAL_236_c77e41071cdc.jpg,REAL,MS_COCO,None_Authentic_Photograph,REAL,0,0,Defactify_val_shard_1_row_1776,the wall is green and there is a pot on the stove,480,640,53510,c77e41071cdc70c1a8c4f6a7f37e2c80871a0b45b3cb8b3c99ade111459fe45d,b5fe0680597c1e36,18,42,787334f7857fa54f29027a7f09c30e895ad486ef
DEF_REAL_237,DEF_REAL_237_56442c48a609.jpg,REAL,MS_COCO,None_Authentic_Photograph,REAL,0,0,Defactify_val_shard_1_row_3578,two people on a snowy surface with a sky background,480,640,26246,56442c48a6098a6a506a2d591ea2398a28ceb706629cb3315170cfd8ef11142b,b1cc4d31667cc19e,14,42,787334f7857fa54f29027a7f09c30e895ad486ef
DEF_REAL_238,DEF_REAL_238_7a6e9fd9a333.jpg,REAL,MS_COCO,None_Authentic_Photograph,REAL,0,0,Defactify_val_shard_1_row_2908,A computer desk with a desktop and laptop computer. ,640,430,53401,7a6e9fd9a333b48c8a06d6d3a0d3970c39ec584e0109911798b9a264eff7e873,cac7a7ac3cb83132,14,42,787334f7857fa54f29027a7f09c30e895ad486ef
DEF_REAL_239,DEF_REAL_239_77462bf82b89.jpg,REAL,MS_COCO,None_Authentic_Photograph,REAL,0,0,Defactify_val_shard_1_row_2906,Two giraffes standing near each other in the zoo. ,640,426,91720,77462bf82b8923943bc9f2b8e6c014b4226cbba2e8e571a0a2c9377bb9075101,ef789801974e56e4,16,42,787334f7857fa54f29027a7f09c30e895ad486ef
DEF_REAL_240,DEF_REAL_240_37749aba8379.jpg,REAL,MS_COCO,None_Authentic_Photograph,REAL,0,0,Defactify_val_shard_1_row_4200,A dog is in a bathroom with chewed toilet paper.  ,640,480,43848,37749aba8379ba239dc6861a9c05818654644c60ca1c080279cdba9e9ba9e81b,af6eda999924061d,16,42,787334f7857fa54f29027a7f09c30e895ad486ef
DEF_REAL_241,DEF_REAL_241_1ee7d2c46f63.jpg,REAL,MS_COCO,None_Authentic_Photograph,REAL,0,0,Defactify_val_shard_0_row_3787,"A group of pigeons, swans and ducks clustering around water. ",640,429,49591,1ee7d2c46f6336c059a069dabc66c6ea098c587849cffd114f06fe3189d3abd7,96c1b4dec1562ba9,16,42,787334f7857fa54f29027a7f09c30e895ad486ef
DEF_REAL_242,DEF_REAL_242_801f69933a39.jpg,REAL,MS_COCO,None_Authentic_Photograph,REAL,0,0,Defactify_val_shard_1_row_1873,a train sits on a railroad track as a metal awning covers it,640,391,55722,801f69933a39786ab423a6e2e41890ca793e872e295927e31556b6f3646c226a,f7d990c49e8e8664,16,42,787334f7857fa54f29027a7f09c30e895ad486ef
DEF_REAL_243,DEF_REAL_243_e9cb49c16ef4.jpg,REAL,MS_COCO,None_Authentic_Photograph,REAL,0,0,Defactify_val_shard_1_row_576,A fire hose sitting on top of a man hole cover near a yellow post.,500,375,51124,e9cb49c16ef440f000d4123c2c89d83283db56a83932955ba4e879864642e5ae,c94b8b3cb693c91a,16,42,787334f7857fa54f29027a7f09c30e895ad486ef
DEF_REAL_244,DEF_REAL_244_26bd61216041.jpg,REAL,MS_COCO,None_Authentic_Photograph,REAL,0,0,Defactify_val_shard_0_row_562,A building with a tall clock tower with a green top.,484,640,50385,26bd612160416c1219344e12f9b7f3a19c75dc4c009b8943043209546a852e75,d2d69c39e960aa6a,12,42,787334f7857fa54f29027a7f09c30e895ad486ef
DEF_REAL_245,DEF_REAL_245_402c41833e59.jpg,REAL,MS_COCO,None_Authentic_Photograph,REAL,0,0,Defactify_val_shard_0_row_3228,A fire hydrant painted so that it has a face on it.,480,640,128524,402c41833e599832a2966db4fdf540f60ff104516a3ffebce6c9e3c815a6bfbd,a30d1db38eb8e319,14,42,787334f7857fa54f29027a7f09c30e895ad486ef
DEF_REAL_246,DEF_REAL_246_598f808bedde.jpg,REAL,MS_COCO,None_Authentic_Photograph,REAL,0,0,Defactify_val_shard_0_row_3206,A giraffe is leaning over a fence looking at people.,640,480,38211,598f808bedde2fa01cb6b0a0a10568642e006a40c623017e2835f627ce905bf6,dce11e94e59da388,16,42,787334f7857fa54f29027a7f09c30e895ad486ef
DEF_REAL_247,DEF_REAL_247_a286f70c24c9.jpg,REAL,MS_COCO,None_Authentic_Photograph,REAL,0,0,Defactify_val_shard_1_row_3581,A library is ready for summer reading along the bookcases.,640,222,44928,a286f70c24c9fc26c27fd1786facfd2558895b994a8bb01096134410f4a793bc,c12b7798709f20db,16,42,787334f7857fa54f29027a7f09c30e895ad486ef
DEF_REAL_248,DEF_REAL_248_e16d5f248a1b.jpg,REAL,MS_COCO,None_Authentic_Photograph,REAL,0,0,Defactify_val_shard_1_row_2482,A giraffe is standing near some large boulders.,640,480,82530,e16d5f248a1be247b6f7ea9ff4cef445cd0051b6498316e52b476d54f171d277,f160d2fce0c28f0f,16,42,787334f7857fa54f29027a7f09c30e895ad486ef
DEF_REAL_249,DEF_REAL_249_944162863821.jpg,REAL,MS_COCO,None_Authentic_Photograph,REAL,0,0,Defactify_val_shard_1_row_2512,there is a old rusted train sitting on the ground,640,480,76413,9441628638217675957a447884c5585de71a1127dc932e4d4873411430a9529f,bd97ca6ac54086e5,16,42,787334f7857fa54f29027a7f09c30e895ad486ef
DEF_REAL_250,DEF_REAL_250_4dac941d8e52.jpg,REAL,MS_COCO,None_Authentic_Photograph,REAL,0,0,Defactify_val_shard_0_row_3840,A bus stop and bench  on a street corner.,480,640,63354,4dac941d8e5217c48323f7c851b3ec2c4e755ead3dc4d50a747f975afa5917a8,98d3d37b06a034d7,16,42,787334f7857fa54f29027a7f09c30e895ad486ef
DEF_REAL_251,DEF_REAL_251_b1415bae2962.jpg,REAL,MS_COCO,None_Authentic_Photograph,REAL,0,0,Defactify_val_shard_1_row_1678,A road sign next to a parking lot that reads FLAMING LIPS ALLEY.,480,640,55584,b1415bae2962504aa97d436e83402ef602ce7035ac15c69394264ab7a7aec24f,81f609669c53e73a,18,42,787334f7857fa54f29027a7f09c30e895ad486ef
DEF_REAL_252,DEF_REAL_252_d697fe9af023.jpg,REAL,MS_COCO,None_Authentic_Photograph,REAL,0,0,Defactify_val_shard_0_row_1677,Two boys are standing in front of a train with backpacks. ,338,500,22613,d697fe9af0234e37811d566024ee4ca674dd57a06f6f1938a375e2ce2728460a,b3e7edd21214d24a,14,42,787334f7857fa54f29027a7f09c30e895ad486ef
DEF_REAL_253,DEF_REAL_253_e2cb9b4414e8.jpg,REAL,MS_COCO,None_Authentic_Photograph,REAL,0,0,Defactify_val_shard_1_row_3555,A person taking a selfie in a bathroom mirror.,393,640,28043,e2cb9b4414e841cfbecbc8c50607ebe00c2acbeca7a2b06ce3931c70a71e7872,92973d6a23b86798,14,42,787334f7857fa54f29027a7f09c30e895ad486ef
DEF_REAL_254,DEF_REAL_254_5a359debebc6.jpg,REAL,MS_COCO,None_Authentic_Photograph,REAL,0,0,Defactify_val_shard_0_row_3816,a man is crossing the street and there is a yellow traffic light,500,375,39837,5a359debebc60c1d17c4486dfd4b3232eb633ee2b937dc93121a5fe50a0946df,cf7cb8904283717d,16,42,787334f7857fa54f29027a7f09c30e895ad486ef
DEF_REAL_255,DEF_REAL_255_1afe173738dd.jpg,REAL,MS_COCO,None_Authentic_Photograph,REAL,0,0,Defactify_val_shard_1_row_1750,A motorcycle is parked on the sidewalk outside a tattoo shop.,640,480,74589,1afe173738dd9561cd77f743294d59df486668b1f3b46016719ecd9d1c032087,a06bbf74ab038587,16,42,787334f7857fa54f29027a7f09c30e895ad486ef
DEF_REAL_256,DEF_REAL_256_d420e29671f6.jpg,REAL,MS_COCO,None_Authentic_Photograph,REAL,0,0,Defactify_val_shard_1_row_1431,A yellow school bus parked  near a tree.,500,296,32046,d420e29671f6b32ec999150a2ea741fe5a7473389540bf28eb3cc934ec9bdc11,8e8e8b63e5958ae2,18,42,787334f7857fa54f29027a7f09c30e895ad486ef
DEF_REAL_257,DEF_REAL_257_b12668ac9c50.jpg,REAL,MS_COCO,None_Authentic_Photograph,REAL,0,0,Defactify_val_shard_0_row_2296,A dog wearing sunglasses sitting inside a car. ,640,426,41192,b12668ac9c505048240605e4eb1d08b7480c2a6a6928d794ff8307db7ef069f9,c8ee13f56122668f,16,42,787334f7857fa54f29027a7f09c30e895ad486ef
DEF_REAL_258,DEF_REAL_258_dda841daf79f.jpg,REAL,MS_COCO,None_Authentic_Photograph,REAL,0,0,Defactify_val_shard_0_row_3575,A grey bird on beach with water and pier in the background.,640,472,86478,dda841daf79f5b82a99422a579f84b17fcb9b06836b83e1d3b437a32df9a9d50,91bc6ac0a5e38f2b,16,42,787334f7857fa54f29027a7f09c30e895ad486ef
DEF_REAL_259,DEF_REAL_259_39976818c572.jpg,REAL,MS_COCO,None_Authentic_Photograph,REAL,0,0,Defactify_val_shard_1_row_1394,They are standing next to some stylish motorcycles.,640,480,77730,39976818c572c37a466078b7c612181580875f07b848acbbe3b1f8c1cc462462,bad1d1e6c634e40d,16,42,787334f7857fa54f29027a7f09c30e895ad486ef
DEF_REAL_260,DEF_REAL_260_70d94aafd467.jpg,REAL,MS_COCO,None_Authentic_Photograph,REAL,0,0,Defactify_val_shard_1_row_2400,Rows of motor bikes and helmets in a city,640,427,82832,70d94aafd467a52c3e5f7c5d16c9fba0dda9c10ff40eb8bb272b34b62cb8621f,c1c307d3e51e65e2,14,42,787334f7857fa54f29027a7f09c30e895ad486ef
DEF_REAL_261,DEF_REAL_261_18ad69d22149.jpg,REAL,MS_COCO,None_Authentic_Photograph,REAL,0,0,Defactify_val_shard_1_row_2319,A stove with a frying pan and a teapot on it.,480,640,32386,18ad69d22149908810e25f27743511aae2b4ae21e2b3a569b37977ec3fb35ede,986663b2dc63a7c4,16,42,787334f7857fa54f29027a7f09c30e895ad486ef
DEF_REAL_262,DEF_REAL_262_dea4f5cce37a.jpg,REAL,MS_COCO,None_Authentic_Photograph,REAL,0,0,Defactify_val_shard_0_row_1473,A girl in a pink jacket on a bicycle passes a man in a blue cap on a bicycle.,640,427,68454,dea4f5cce37a2d39a575f1c950b7480659bb69b0016f9277c1fc59959a584f68,cb0988fd718b8747,18,42,787334f7857fa54f29027a7f09c30e895ad486ef
DEF_REAL_263,DEF_REAL_263_37bcdc2c7814.jpg,REAL,MS_COCO,None_Authentic_Photograph,REAL,0,0,Defactify_val_shard_0_row_3646,A clean kitchen is shown with and without a center island.,482,640,50567,37bcdc2c7814ab8da6ce62c33969716829e0cf516584cceee55a8317bc272a75,9d1cf2f2171506f2,18,42,787334f7857fa54f29027a7f09c30e895ad486ef
DEF_REAL_264,DEF_REAL_264_374fd823418d.jpg,REAL,MS_COCO,None_Authentic_Photograph,REAL,0,0,Defactify_val_shard_1_row_1370,The mens bathroom has a urinal and a stall. ,640,426,55720,374fd823418d047d01b0df343524bc869c440d4080d1ad803b6851267065230b,e4d399b44b1f4c45,16,42,787334f7857fa54f29027a7f09c30e895ad486ef
DEF_REAL_265,DEF_REAL_265_6b6acdcbf8ee.jpg,REAL,MS_COCO,None_Authentic_Photograph,REAL,0,0,Defactify_val_shard_1_row_4178,A man on a motorcycle waits at the traffic light,640,512,106061,6b6acdcbf8ee953dcb823b82f75d872dbcd13fcb6d1832ac000e6ea8bf8e06db,b803733da49f4e58,16,42,787334f7857fa54f29027a7f09c30e895ad486ef
DEF_REAL_266,DEF_REAL_266_8210ac8712a4.jpg,REAL,MS_COCO,None_Authentic_Photograph,REAL,0,0,Defactify_val_shard_1_row_2395,A large black bird wings spread flying over the woods,640,469,12920,8210ac8712a4f4067c01b69e25f1ce52595012f120766e5004a34dcf097ed170,a6e60cd91959b366,16,42,787334f7857fa54f29027a7f09c30e895ad486ef
DEF_REAL_267,DEF_REAL_267_28518e60b02e.jpg,REAL,MS_COCO,None_Authentic_Photograph,REAL,0,0,Defactify_val_shard_0_row_3583,A merry go round with lots of colorful giraffe and other animals.,500,333,41289,28518e60b02eb18344c93974fa1fcf4f85914521609227a3166604c64fa944d1,e1b1d816165cdf91,16,42,787334f7857fa54f29027a7f09c30e895ad486ef
DEF_REAL_268,DEF_REAL_268_1a0ad727e705.jpg,REAL,MS_COCO,None_Authentic_Photograph,REAL,0,0,Defactify_val_shard_0_row_1282,The person is riding her bicycle down the road.,640,435,48685,1a0ad727e7050f72133ecbdb05f2af0f88532c69d8336ad4326e171abc1a2694,bea395dd4c0a2ba8,16,42,787334f7857fa54f29027a7f09c30e895ad486ef
DEF_REAL_269,DEF_REAL_269_67b6115e6e88.jpg,REAL,MS_COCO,None_Authentic_Photograph,REAL,0,0,Defactify_val_shard_1_row_1906,A close-up of a one-way street with many cars and motorcycles.,640,424,84465,67b6115e6e8866c610d51dcb0a454607b7fcbcc45c79233625b38a70aaab74f3,9825a6938f1ef82d,16,42,787334f7857fa54f29027a7f09c30e895ad486ef
DEF_REAL_270,DEF_REAL_270_8033071fe0f5.jpg,REAL,MS_COCO,None_Authentic_Photograph,REAL,0,0,Defactify_val_shard_1_row_971,A white toilet on the ground by some junk.,640,559,42825,8033071fe0f59304f45618182ede6fbe4a8c8081f6cf5f0159c2ab2c3555f7a9,83617c9c315e279e,16,42,787334f7857fa54f29027a7f09c30e895ad486ef
DEF_REAL_271,DEF_REAL_271_22fe0628ce51.jpg,REAL,MS_COCO,None_Authentic_Photograph,REAL,0,0,Defactify_val_shard_0_row_2198,A bright white enamel bathroom with a checked floor.,480,640,30210,22fe0628ce517f065df464ac51c0c27300adcade6f229271614da98df54e9bf6,cb98671771003777,16,42,787334f7857fa54f29027a7f09c30e895ad486ef
DEF_REAL_272,DEF_REAL_272_277e81ee8b3e.jpg,REAL,MS_COCO,None_Authentic_Photograph,REAL,0,0,Defactify_val_shard_0_row_361,a toilet seat in a bathroom with the lid down.,400,500,14201,277e81ee8b3e5889f26c2f3de347bffcee571a20710b181c603535c1611be366,cb326d3a2c336cb1,16,42,787334f7857fa54f29027a7f09c30e895ad486ef
DEF_REAL_273,DEF_REAL_273_fb3cbc6ee047.jpg,REAL,MS_COCO,None_Authentic_Photograph,REAL,0,0,Defactify_val_shard_0_row_1906,A group of people sitting at a bar as a man prepares food.,600,450,42972,fb3cbc6ee047140a42a9896a22c897e21d709e5654dacd4f155df6457d2ac220,ceb0d14bf2650c6b,16,42,787334f7857fa54f29027a7f09c30e895ad486ef
DEF_REAL_274,DEF_REAL_274_c87d1e64be39.jpg,REAL,MS_COCO,None_Authentic_Photograph,REAL,0,0,Defactify_val_shard_1_row_4185,A herd of sheep grazing in a pasture.,640,424,65807,c87d1e64be398f6d7d0a927a720dfb6085b93772da96c03b158c80e715400ed7,cecacbc811376c8e,16,42,787334f7857fa54f29027a7f09c30e895ad486ef
DEF_REAL_275,DEF_REAL_275_d4ac6870eec7.jpg,REAL,MS_COCO,None_Authentic_Photograph,REAL,0,0,Defactify_val_shard_1_row_594,a train sitting on a train track at a stop.,511,640,69852,d4ac6870eec7c04beb60c8e27fb1ff44d945def4c83ae0c92ce9c92fcece9c71,ee8bb50336ea4c92,18,42,787334f7857fa54f29027a7f09c30e895ad486ef
DEF_REAL_276,DEF_REAL_276_d48bcde522f5.jpg,REAL,MS_COCO,None_Authentic_Photograph,REAL,0,0,Defactify_val_shard_1_row_3057,A bathroom with a tub and his and her sinks.,640,228,23030,d48bcde522f566fc599323ce69f22f9bcef4bef9ca309e43cd03f1d55e2d9cb1,b0fce70638e21ccd,14,42,787334f7857fa54f29027a7f09c30e895ad486ef
DEF_REAL_277,DEF_REAL_277_1777ffbf450d.jpg,REAL,MS_COCO,None_Authentic_Photograph,REAL,0,0,Defactify_val_shard_1_row_4091,A bicycle is parked near a body of water.,640,480,84371,1777ffbf450d10b9b5c2fa056a7c4aa30cd3b15bafa2b32c6151fcf75f351790,b8c3df3d00631c79,14,42,787334f7857fa54f29027a7f09c30e895ad486ef
DEF_REAL_278,DEF_REAL_278_d68060ad9c4b.jpg,REAL,MS_COCO,None_Authentic_Photograph,REAL,0,0,Defactify_val_shard_1_row_2682,A white bathroom sink sitting under a mirror.,460,640,48754,d68060ad9c4b5df0bdf1adea207e9ef19bc8b4b22960ad1db1f7afdad6586fc8,d8ee318d02947a9f,16,42,787334f7857fa54f29027a7f09c30e895ad486ef
DEF_REAL_279,DEF_REAL_279_7157f9227a29.jpg,REAL,MS_COCO,None_Authentic_Photograph,REAL,0,0,Defactify_val_shard_0_row_2253,a couple of ssigns on a pole by a building,426,640,74216,7157f9227a2996a2a234317766bf4ecccb971c166cc4dbf69cc5307b5c008df4,cb28a47de9a9e191,18,42,787334f7857fa54f29027a7f09c30e895ad486ef
DEF_REAL_280,DEF_REAL_280_ae7cd892aa5a.jpg,REAL,MS_COCO,None_Authentic_Photograph,REAL,0,0,Defactify_val_shard_1_row_3657,A man and a woman on a motorcycle in helmets.,640,480,95402,ae7cd892aa5ad67de9638ac15618f060692833a63d2bb11b92f98224ff002e73,a561e2a6b8ad1f58,16,42,787334f7857fa54f29027a7f09c30e895ad486ef
DEF_REAL_281,DEF_REAL_281_c587637424e5.jpg,REAL,MS_COCO,None_Authentic_Photograph,REAL,0,0,Defactify_val_shard_1_row_2609,Two sheep standing next to each other in a field.,640,384,58621,c587637424e5e4286d81352431e2d46723640351edacb7d7bfefc5ad011ae2bb,c1c10e3e3f690dcd,14,42,787334f7857fa54f29027a7f09c30e895ad486ef
DEF_REAL_282,DEF_REAL_282_712c5c4ddfd9.jpg,REAL,MS_COCO,None_Authentic_Photograph,REAL,0,0,Defactify_val_shard_1_row_3310,A large flock of birds flying over the ocean.,500,334,36279,712c5c4ddfd9a59a469ad206a86b23f3b08b1a9b1cfee7419fdb4d179ac022e7,9ce306fc833c6387,16,42,787334f7857fa54f29027a7f09c30e895ad486ef
DEF_REAL_283,DEF_REAL_283_a3aecab9aef4.jpg,REAL,MS_COCO,None_Authentic_Photograph,REAL,0,0,Defactify_val_shard_1_row_2876,The van is driving down the street in traffic.,640,427,69770,a3aecab9aef4316845720d4c4535657f22d8b4f290c0d479d670876f7b455b90,9445229dc727d9f2,16,42,787334f7857fa54f29027a7f09c30e895ad486ef
DEF_REAL_284,DEF_REAL_284_6b456678d497.jpg,REAL,MS_COCO,None_Authentic_Photograph,REAL,0,0,Defactify_val_shard_0_row_4312,A street sign for Jack Kerouac (Adler) Road,640,424,36541,6b456678d4975eb36cbc34ae9c3ae966ffd0759afdf0446a3ec48fc9adf4044c,fda143542a3ae5c3,16,42,787334f7857fa54f29027a7f09c30e895ad486ef
DEF_REAL_285,DEF_REAL_285_390a279faeb0.jpg,REAL,MS_COCO,None_Authentic_Photograph,REAL,0,0,Defactify_val_shard_0_row_1445,A chair and table with two monitor screens,500,308,24166,390a279faeb0fccf806928a729660b505a8ac98725cfd5958244dc67e9a68ab5,f3e59484e611633b,16,42,787334f7857fa54f29027a7f09c30e895ad486ef
DEF_REAL_286,DEF_REAL_286_65d5c9b5af7a.jpg,REAL,MS_COCO,None_Authentic_Photograph,REAL,0,0,Defactify_val_shard_0_row_3784,There is a wooden decoration on the desk. ,426,640,39662,65d5c9b5af7a4865b858445fe079c479ca8faba3c096488b7b4d342f7cb85ce7,eb56c4c9870b9275,14,42,787334f7857fa54f29027a7f09c30e895ad486ef
DEF_REAL_287,DEF_REAL_287_d86aba0c7e9b.jpg,REAL,MS_COCO,None_Authentic_Photograph,REAL,0,0,Defactify_val_shard_0_row_1204,this bathroom has a green tub and a toilet chair,427,640,36012,d86aba0c7e9ba614b256d10118950fe2c1a4e390053ecda49db6d386565f84f1,acc28b8c98879f9e,14,42,787334f7857fa54f29027a7f09c30e895ad486ef
DEF_REAL_288,DEF_REAL_288_50b30fd8220c.jpg,REAL,MS_COCO,None_Authentic_Photograph,REAL,0,0,Defactify_val_shard_1_row_3040,People standing outside a train at a snowy train stop.,640,407,39458,50b30fd8220cfc2ab0cabeb324b775ec249c73709edfe89596ae112059eaad20,c4d1b52f4bca321e,16,42,787334f7857fa54f29027a7f09c30e895ad486ef
DEF_REAL_289,DEF_REAL_289_527a701fca72.jpg,REAL,MS_COCO,None_Authentic_Photograph,REAL,0,0,Defactify_val_shard_0_row_502,a big giraffe walks next to some zebras ,640,427,51744,527a701fca725b59fea2bc08bd2554f9a42405a838459333e0b21da5b681b435,918c81e16379bdbc,14,42,787334f7857fa54f29027a7f09c30e895ad486ef
DEF_REAL_290,DEF_REAL_290_897c820442b7.jpg,REAL,MS_COCO,None_Authentic_Photograph,REAL,0,0,Defactify_val_shard_1_row_3970,A man with camera taking a photo of sheep ,640,480,68428,897c820442b7fbb2a7a8af2fc85f64d5ac2c79c97ea1c68f423cb4c3d9b7f6bb,81f98fcac4565e43,16,42,787334f7857fa54f29027a7f09c30e895ad486ef
DEF_REAL_291,DEF_REAL_291_d5e85f0f9773.jpg,REAL,MS_COCO,None_Authentic_Photograph,REAL,0,0,Defactify_val_shard_0_row_3653,a car is stopped in the street for people to cross,480,640,40802,d5e85f0f97736c0afd32df537ae023a5a6ca4632711493821a72852febbf0b19,d21b37d32bc49a61,14,42,787334f7857fa54f29027a7f09c30e895ad486ef
DEF_REAL_292,DEF_REAL_292_461089c85643.jpg,REAL,MS_COCO,None_Authentic_Photograph,REAL,0,0,Defactify_val_shard_1_row_2362,"There is a tub, a sink, and a shower inside a bathroom.",490,350,20570,461089c85643d7a2ce0ceedc24452967450bde03087e42e51b9f005df80ba53a,a4e699d1443ffc24,16,42,787334f7857fa54f29027a7f09c30e895ad486ef
DEF_REAL_293,DEF_REAL_293_fdec61f85396.jpg,REAL,MS_COCO,None_Authentic_Photograph,REAL,0,0,Defactify_val_shard_0_row_610,An airplane flying in a blue sky with it's landing gear down.,640,480,12609,fdec61f85396448667fa52cd4b027fa0279506ab4ff880c4cc529c7301ccaaf1,e6199926ee992536,12,42,787334f7857fa54f29027a7f09c30e895ad486ef
DEF_REAL_294,DEF_REAL_294_2d5319534fd7.jpg,REAL,MS_COCO,None_Authentic_Photograph,REAL,0,0,Defactify_val_shard_1_row_3152,A man wearing a green shirt on top of a tennis court.,640,427,62863,2d5319534fd7db86217c73a454cd9d000c19c85cecc4fbe61337d73eb562ce2d,d95926e6265c1d8b,14,42,787334f7857fa54f29027a7f09c30e895ad486ef
DEF_REAL_295,DEF_REAL_295_217ba40ddc57.jpg,REAL,MS_COCO,None_Authentic_Photograph,REAL,0,0,Defactify_val_shard_1_row_290,A floodway sign sitting on the side of a road in a field.,640,480,91657,217ba40ddc572b6edbbf9fcea0cc68cc93c99edef4ee9d3d81235c3fe0b93867,854e4233ef4c3c9b,12,42,787334f7857fa54f29027a7f09c30e895ad486ef
DEF_REAL_296,DEF_REAL_296_b04f103c2e15.jpg,REAL,MS_COCO,None_Authentic_Photograph,REAL,0,0,Defactify_val_shard_1_row_1456,A woman holding shears in one hand a tile in the other.,440,500,31605,b04f103c2e15edb428bde92dd04e06c2f0fae07e68f92dd9dce68fe1bee64624,cc6e2a993b320d3b,16,42,787334f7857fa54f29027a7f09c30e895ad486ef
DEF_REAL_297,DEF_REAL_297_2ed31acdfb13.jpg,REAL,MS_COCO,None_Authentic_Photograph,REAL,0,0,Defactify_val_shard_1_row_361,a kitchen with a big sink and a rack for the pots,640,480,42111,2ed31acdfb132509145c98316275ed8218c5e5153a5c4d63760620cc284296a6,a2f6156999666d92,16,42,787334f7857fa54f29027a7f09c30e895ad486ef
DEF_REAL_298,DEF_REAL_298_7cec207f2f11.jpg,REAL,MS_COCO,None_Authentic_Photograph,REAL,0,0,Defactify_val_shard_1_row_3074,People waiting to cross a busy street at night.,640,478,67675,7cec207f2f11f4dfef77d7053b7587b3659cf5765acba271d957d87e30ce5171,8e3578f48733f805,16,42,787334f7857fa54f29027a7f09c30e895ad486ef
DEF_REAL_299,DEF_REAL_299_077935a1c2e3.jpg,REAL,MS_COCO,None_Authentic_Photograph,REAL,0,0,Defactify_val_shard_1_row_2332,A bench next to a tree in a park. ,640,480,110391,077935a1c2e3a8d755287676c44e581f6a025874ef72d2bed97ff7b594037289,d3dc98b34ce08d99,16,42,787334f7857fa54f29027a7f09c30e895ad486ef
DEF_REAL_300,DEF_REAL_300_9e64cc526368.jpg,REAL,MS_COCO,None_Authentic_Photograph,REAL,0,0,Defactify_val_shard_1_row_489,A metal motorcycle parked on top of a metal grate.,640,478,85584,9e64cc5263688c1ee25aa7b85d6fe0bcef7b74fa8c498b73218d95ddd2bbb5ec,d0e8f14fcddc3821,18,42,787334f7857fa54f29027a7f09c30e895ad486ef
DEF_REAL_301,DEF_REAL_301_e9f148833ef6.jpg,REAL,MS_COCO,None_Authentic_Photograph,REAL,0,0,Defactify_val_shard_0_row_2353,A small train traveling past a building surrounded by a fence.,640,480,84550,e9f148833ef6a10d53788f2b0a766e528a42a65e610b339c72260e66f6ecd2c2,ac9cafca8721554b,18,42,787334f7857fa54f29027a7f09c30e895ad486ef
DEF_REAL_302,DEF_REAL_302_8ef6896a3be7.jpg,REAL,MS_COCO,None_Authentic_Photograph,REAL,0,0,Defactify_val_shard_0_row_3287,A man standing in a  kitchen preparing food.,427,640,38431,8ef6896a3be74cfcc5ded7b8090eca2a282a1ef1e17d3e0da7ce0c73dae857c9,c8f2288bd528797d,18,42,787334f7857fa54f29027a7f09c30e895ad486ef
DEF_REAL_303,DEF_REAL_303_6ed2966401ab.jpg,REAL,MS_COCO,None_Authentic_Photograph,REAL,0,0,Defactify_val_shard_1_row_4459,A person holding a surfboard while standing in the ocean.,640,480,30747,6ed2966401ab5208a250d44ad0c309812d9dcb276ba19a873286815b7892ff98,82f7092466bfd827,16,42,787334f7857fa54f29027a7f09c30e895ad486ef
DEF_REAL_304,DEF_REAL_304_4859288a6537.jpg,REAL,MS_COCO,None_Authentic_Photograph,REAL,0,0,Defactify_val_shard_1_row_2113,Four giraffes standing behind a short wall with trees behind them. ,640,513,124557,4859288a6537b1f44980cfa94946694796a17dbae6b7e2682f45eab1e3160093,939afa874ef2c844,16,42,787334f7857fa54f29027a7f09c30e895ad486ef
DEF_REAL_305,DEF_REAL_305_9e690f6e66b0.jpg,REAL,MS_COCO,None_Authentic_Photograph,REAL,0,0,Defactify_val_shard_0_row_2050,A giraffe eating grass from a stick near a bridge.,640,480,83794,9e690f6e66b06f0af9d84333eb5424b4c74ef118ed02a47c11c49f0fd0ec4c1b,e5459578121dfcaa,16,42,787334f7857fa54f29027a7f09c30e895ad486ef
DEF_REAL_306,DEF_REAL_306_860ee3e404ea.jpg,REAL,MS_COCO,None_Authentic_Photograph,REAL,0,0,Defactify_val_shard_0_row_2233,Red and black motorcycle parked near large 4 story building.,640,480,56299,860ee3e404eabc11cf827c7b40a2cff76e4136980147f691876fdaeaab8450d3,fd62c20d1fdc3883,16,42,787334f7857fa54f29027a7f09c30e895ad486ef
DEF_REAL_307,DEF_REAL_307_f0f19d4c1a40.jpg,REAL,MS_COCO,None_Authentic_Photograph,REAL,0,0,Defactify_val_shard_1_row_4431,A patch of wild flowers growing next to a stop sign.,500,375,78274,f0f19d4c1a400ab344d459baaa834e91beb82902fe8748ffee529771719a7c3e,dbd7baa694218079,18,42,787334f7857fa54f29027a7f09c30e895ad486ef
DEF_REAL_308,DEF_REAL_308_e155e943c0c2.jpg,REAL,MS_COCO,None_Authentic_Photograph,REAL,0,0,Defactify_val_shard_1_row_1685,A parakeet sits atop a person's hand next to a keyboard.,640,480,64858,e155e943c0c2c8db6c4ad886d6c5c36820bbffb0249abcc047c330e9d3a2440f,cc26f1a19bce05bc,14,42,787334f7857fa54f29027a7f09c30e895ad486ef
DEF_REAL_309,DEF_REAL_309_182f2e665bb3.jpg,REAL,MS_COCO,None_Authentic_Photograph,REAL,0,0,Defactify_val_shard_0_row_4336,a ath room with a toilet a bath tub and a sink,408,640,36707,182f2e665bb38eb172e8d04c9974ab409462820c0868218a7038406f6aaf05ac,b2964d63d94cd2d2,16,42,787334f7857fa54f29027a7f09c30e895ad486ef
DEF_REAL_310,DEF_REAL_310_ee0bed21f822.jpg,REAL,MS_COCO,None_Authentic_Photograph,REAL,0,0,Defactify_val_shard_0_row_2080,An ornate set of towers n an old church.,480,640,39869,ee0bed21f82273677b78fda21f7f4c7a6c3eae6af5c096716b264e30a043121d,acd213b9df0538d1,16,42,787334f7857fa54f29027a7f09c30e895ad486ef
DEF_REAL_311,DEF_REAL_311_e565e55dc6b2.jpg,REAL,MS_COCO,None_Authentic_Photograph,REAL,0,0,Defactify_val_shard_1_row_2932,The white paint is chipping off of the guard rail.,500,345,28806,e565e55dc6b239634b591d57c1af81ef5b4ee4852d0bbe16c7fbe44d857c63d6,9b73717171b149a4,16,42,787334f7857fa54f29027a7f09c30e895ad486ef
DEF_REAL_312,DEF_REAL_312_f9df4c100b35.jpg,REAL,MS_COCO,None_Authentic_Photograph,REAL,0,0,Defactify_val_shard_0_row_2585,Someone is holding a bird up to a book. ,640,480,37629,f9df4c100b35b31adf477f4211cb798316cb55cce57f231efe4d67bef642d5ec,a60b195b52dec05f,14,42,787334f7857fa54f29027a7f09c30e895ad486ef
DEF_REAL_313,DEF_REAL_313_a8dd21d7f328.jpg,REAL,MS_COCO,None_Authentic_Photograph,REAL,0,0,Defactify_val_shard_0_row_3830,A woman standing in front of a kitchen sink on display.,429,640,40988,a8dd21d7f3281248bf10efc813d290b31d114bb82c1574de96fd9a5edffb51c1,8e736e25913874da,14,42,787334f7857fa54f29027a7f09c30e895ad486ef
DEF_REAL_314,DEF_REAL_314_1ed73bc34844.jpg,REAL,MS_COCO,None_Authentic_Photograph,REAL,0,0,Defactify_val_shard_1_row_2111,A close up view of an orange and other fruit. ,640,479,28917,1ed73bc348441a5ffc09f929af4230c7651e586957e15af87cd99fbab7326e37,8211e71cfdfe8c60,18,42,787334f7857fa54f29027a7f09c30e895ad486ef
DEF_REAL_315,DEF_REAL_315_6039f18a7bc3.jpg,REAL,MS_COCO,None_Authentic_Photograph,REAL,0,0,Defactify_val_shard_0_row_4165,Group of horses in a field with a pinto in the foreground.,640,480,48811,6039f18a7bc307c1d8b51eae8020268849ec7b17fc498f3dbd06b39cf7cab2fc,9fa6e0334e62b19c,14,42,787334f7857fa54f29027a7f09c30e895ad486ef
DEF_REAL_316,DEF_REAL_316_f5e48eb4c575.jpg,REAL,MS_COCO,None_Authentic_Photograph,REAL,0,0,Defactify_val_shard_0_row_4232,A lot of broccoli sitting in a bowl,640,427,74605,f5e48eb4c5758d576644ed2f2beb9665367f6d611a0ca7d2be846a7af8d46669,f9a483d5da03f330,18,42,787334f7857fa54f29027a7f09c30e895ad486ef
DEF_REAL_317,DEF_REAL_317_097a04301b1d.jpg,REAL,MS_COCO,None_Authentic_Photograph,REAL,0,0,Defactify_val_shard_1_row_125,A small train with writing all over it passes through an intersection.,640,480,77277,097a04301b1d0867b15a487455174a3384610ecbcc59ec3f32b5098382a59f91,ecfed201396129e6,14,42,787334f7857fa54f29027a7f09c30e895ad486ef
DEF_REAL_318,DEF_REAL_318_49df39ceff09.jpg,REAL,MS_COCO,None_Authentic_Photograph,REAL,0,0,Defactify_val_shard_0_row_1611,A brown cow stands at the edge of a roadway.,640,427,65316,49df39ceff09ef01cb538291f35c3180edc18ee01e83b7ed68c32f63355881eb,bc5dd8d8642d8c93,16,42,787334f7857fa54f29027a7f09c30e895ad486ef
DEF_REAL_319,DEF_REAL_319_c8dda64f2d3b.jpg,REAL,MS_COCO,None_Authentic_Photograph,REAL,0,0,Defactify_val_shard_1_row_2044,A road sign on top of a stop sign ,640,480,44445,c8dda64f2d3bc016fe6a4edd68d36bc2769e32b0be36fbc885f74b351695a066,c43b42bf40bf608f,18,42,787334f7857fa54f29027a7f09c30e895ad486ef
DEF_REAL_320,DEF_REAL_320_9b173d1b8f1d.jpg,REAL,MS_COCO,None_Authentic_Photograph,REAL,0,0,Defactify_val_shard_1_row_1077,A crowded street has a number of street signs.,427,640,55278,9b173d1b8f1d7f0b1a51fa6d266cf54108a46eedf7f99f7051d2daa97bcfe986,f0f2fc44cd032e0f,18,42,787334f7857fa54f29027a7f09c30e895ad486ef
DEF_REAL_321,DEF_REAL_321_a8ede3450a33.jpg,REAL,MS_COCO,None_Authentic_Photograph,REAL,0,0,Defactify_val_shard_1_row_2546,The people on the motorcycles are racing on the track,612,612,76633,a8ede3450a33b460531fae580708cfb7a23025cd6b68fd0aa8b8d95fa0a61c22,e610af5fd0899837,14,42,787334f7857fa54f29027a7f09c30e895ad486ef
DEF_REAL_322,DEF_REAL_322_a1dae001d693.jpg,REAL,MS_COCO,None_Authentic_Photograph,REAL,0,0,Defactify_val_shard_0_row_4102,A person wearing a helmet is riding a motorcycle on a dirt road. ,640,427,79661,a1dae001d693834e407e1e773f795a50881141fca82e9c23f53fcd1bb1bf4e76,bcbc87072363c1d3,14,42,787334f7857fa54f29027a7f09c30e895ad486ef
DEF_REAL_323,DEF_REAL_323_8a3de5a37ed5.jpg,REAL,MS_COCO,None_Authentic_Photograph,REAL,0,0,Defactify_val_shard_1_row_589,A giraffe is walking up a grassy and rocky hill.,640,480,38964,8a3de5a37ed5dd3db86e6c0748e45b8894528d27ea734dc80584c7c26e28b7b3,968968379fe10e93,14,42,787334f7857fa54f29027a7f09c30e895ad486ef
DEF_REAL_324,DEF_REAL_324_ed0980861308.jpg,REAL,MS_COCO,None_Authentic_Photograph,REAL,0,0,Defactify_val_shard_1_row_402,"Bathroom with white fixtures, tiles and corner shower.",640,480,30715,ed0980861308e8a3a470022c3cd6020933b38e4a585f03b5a97ade5241b2f5a6,dca25aa5124bb75c,14,42,787334f7857fa54f29027a7f09c30e895ad486ef
DEF_REAL_325,DEF_REAL_325_77529d20fee8.jpg,REAL,MS_COCO,None_Authentic_Photograph,REAL,0,0,Defactify_val_shard_1_row_4235,a man is standing in the woods wearing a hat and glasses,513,640,105609,77529d20fee89c67ef96d8f823ce55ec845d82690c6fc787aa756f020abf17d3,97a8b50e6587da61,16,42,787334f7857fa54f29027a7f09c30e895ad486ef
DEF_REAL_326,DEF_REAL_326_496904364001.jpg,REAL,MS_COCO,None_Authentic_Photograph,REAL,0,0,Defactify_val_shard_0_row_518,Fancy traffic light with arrows and a mirror.,640,426,42293,496904364001c243467924f5652668896158125a8d281e2984829bc9384be312,bdcbc0b5ca0f4a1c,14,42,787334f7857fa54f29027a7f09c30e895ad486ef
DEF_REAL_327,DEF_REAL_327_3186b55e1b05.jpg,REAL,MS_COCO,None_Authentic_Photograph,REAL,0,0,Defactify_val_shard_1_row_4059,The bus and the car are driving down the street.,640,427,69289,3186b55e1b05eaf20a5a7a9d0dd4736e5382bd97a7340e7df29d240d2846072d,9515d51554d6b2ec,14,42,787334f7857fa54f29027a7f09c30e895ad486ef
DEF_REAL_328,DEF_REAL_328_131d7c4f7809.jpg,REAL,MS_COCO,None_Authentic_Photograph,REAL,0,0,Defactify_val_shard_0_row_1658,A train is pulling in to a train station.,640,336,44152,131d7c4f78094d514005bf04c90012cc2f566479caa2c92535b28dfec496477a,eb2b5472854fb688,18,42,787334f7857fa54f29027a7f09c30e895ad486ef
DEF_REAL_329,DEF_REAL_329_c6b3d4177e35.jpg,REAL,MS_COCO,None_Authentic_Photograph,REAL,0,0,Defactify_val_shard_0_row_1783,A counter filled with lots of clutter in a  kitchen.,640,425,52572,c6b3d4177e3584f4bb1ba3110ff0ec844aacd4d31594b6a229530a08d7deba62,88fa1c36959d64a7,18,42,787334f7857fa54f29027a7f09c30e895ad486ef
DEF_REAL_330,DEF_REAL_330_9296c4ce5d96.jpg,REAL,MS_COCO,None_Authentic_Photograph,REAL,0,0,Defactify_val_shard_1_row_4415,a person in a kitchen preparing food on a pan,426,640,47134,9296c4ce5d9626447fb5097edbd296e30fddad4349e08da519d03f9bb264a6b7,f6ea4116b6510f9c,14,42,787334f7857fa54f29027a7f09c30e895ad486ef
DEF_REAL_331,DEF_REAL_331_e49505d94f56.jpg,REAL,MS_COCO,None_Authentic_Photograph,REAL,0,0,Defactify_val_shard_1_row_915,a gray cat is seen laying on top of a blue tube,500,435,33628,e49505d94f56dc1bc06551a0c3132353f0fd1e43334a8601b843c7ecfd656c14,be9c88f9a7063471,12,42,787334f7857fa54f29027a7f09c30e895ad486ef
DEF_REAL_332,DEF_REAL_332_1588fa230d7a.jpg,REAL,MS_COCO,None_Authentic_Photograph,REAL,0,0,Defactify_val_shard_1_row_4469,a plane flys through the grey sky ,640,614,20779,1588fa230d7a93c63cdc1166abc98c186d8426ed7dd3bc9b6a0fed868f854e24,bb30c4cf1b3170e6,14,42,787334f7857fa54f29027a7f09c30e895ad486ef
DEF_REAL_333,DEF_REAL_333_52693f93cdf1.jpg,REAL,MS_COCO,None_Authentic_Photograph,REAL,0,0,Defactify_val_shard_1_row_1445,Group of people flying a blight kite with smiley faces on it. ,500,333,12534,52693f93cdf1133898890ed9efefa6dbec3b1bde6a6677f67fd3bcc0591b8756,ec906a35d267c587,16,42,787334f7857fa54f29027a7f09c30e895ad486ef
DEF_REAL_334,DEF_REAL_334_e61fd1847b00.jpg,REAL,MS_COCO,None_Authentic_Photograph,REAL,0,0,Defactify_val_shard_0_row_3258,Many street signs are located within close vicinity of each other,473,640,57715,e61fd1847b0031416f79ea1e4b42e243355ea1f8806c676a6a0db9fc0bab8505,b0b9d2849d93b3ac,16,42,787334f7857fa54f29027a7f09c30e895ad486ef
DEF_REAL_335,DEF_REAL_335_5e754b481c40.jpg,REAL,MS_COCO,None_Authentic_Photograph,REAL,0,0,Defactify_val_shard_1_row_1518,some people are riding motorcycles down the street,500,334,27733,5e754b481c40a28231e6e4b4800772c1f4db7d3f9416180d8b93f20372d4e181,98b2e5699796918e,16,42,787334f7857fa54f29027a7f09c30e895ad486ef
DEF_REAL_336,DEF_REAL_336_8cd892384a8f.jpg,REAL,MS_COCO,None_Authentic_Photograph,REAL,0,0,Defactify_val_shard_0_row_1378,A bathroom sink sitting underneath a mirror mounted on it's wall.,437,640,59125,8cd892384a8f2894a35da4d147ce636e8e08635d476c8706fee341df1c882df2,adf10caf265c4d0b,16,42,787334f7857fa54f29027a7f09c30e895ad486ef
DEF_REAL_337,DEF_REAL_337_1ea9ba102e6c.jpg,REAL,MS_COCO,None_Authentic_Photograph,REAL,0,0,Defactify_val_shard_0_row_643,A lamp with a shade sitting on top of an older model television.,500,236,23090,1ea9ba102e6c3d1a0bb57d75db0356000f304fb0dd1a5e0af504e7e84378ff4f,940c697063e33de7,16,42,787334f7857fa54f29027a7f09c30e895ad486ef
DEF_REAL_338,DEF_REAL_338_cd46afb9dd44.jpg,REAL,MS_COCO,None_Authentic_Photograph,REAL,0,0,Defactify_val_shard_0_row_4114,a number of sheep in a field next to a truck,600,449,57958,cd46afb9dd442863293ea3de3b5c7fcb843589122df9f06833c782bd4ec33ede,8a8234b5eb1fb4e4,16,42,787334f7857fa54f29027a7f09c30e895ad486ef
DEF_REAL_339,DEF_REAL_339_1b90c12c9a45.jpg,REAL,MS_COCO,None_Authentic_Photograph,REAL,0,0,Defactify_val_shard_0_row_3539,a person in a bathroom having a reflection in the mirror,500,332,21756,1b90c12c9a45b815dbb826e092af524c811c4e21279c2bb7b7b60f1ab8693f32,9f9f50e934c22536,18,42,787334f7857fa54f29027a7f09c30e895ad486ef
DEF_REAL_340,DEF_REAL_340_7d33d2562776.jpg,REAL,MS_COCO,None_Authentic_Photograph,REAL,0,0,Defactify_val_shard_0_row_1028,A bird flying in the ocean with the sun in the background.,500,324,14262,7d33d25627769faca2d8da0c41bbdf08b7b18904b012f0e344a9bc696bbf2858,c6bc1973c6ac1927,12,42,787334f7857fa54f29027a7f09c30e895ad486ef
DEF_REAL_341,DEF_REAL_341_d2ae64be68df.jpg,REAL,MS_COCO,None_Authentic_Photograph,REAL,0,0,Defactify_val_shard_0_row_3267,A bathroom with a toilet and a bathtub with a safety rail.,480,640,35773,d2ae64be68df1de0ce0efe734c5aae05197e9287dbccd4c299ce37918b319d94,989d18d83e896d67,14,42,787334f7857fa54f29027a7f09c30e895ad486ef
DEF_REAL_342,DEF_REAL_342_667054349a9a.jpg,REAL,MS_COCO,None_Authentic_Photograph,REAL,0,0,Defactify_val_shard_1_row_1949,A wooden park bench overlooking a valley full of trees.,640,427,82389,667054349a9a872770c1f3d50f38aa1ae76fc050548ee5335361dab7f65c88a0,96d6cb16363e50a5,16,42,787334f7857fa54f29027a7f09c30e895ad486ef
DEF_REAL_343,DEF_REAL_343_c49688fa011e.jpg,REAL,MS_COCO,None_Authentic_Photograph,REAL,0,0,Defactify_val_shard_1_row_2498,A red motorcycle is on the sidewalk in front of a business with ads on the windows.,640,480,37027,c49688fa011e327d4569e2b58926f754d411e57f70be84a5bfde044e59ac361d,f68d0b3b8d929694,18,42,787334f7857fa54f29027a7f09c30e895ad486ef
DEF_REAL_344,DEF_REAL_344_f626c9fc9125.jpg,REAL,MS_COCO,None_Authentic_Photograph,REAL,0,0,Defactify_val_shard_1_row_2091,A plane parked on the tarmac with with a connection for loading attached to it.,640,424,39467,f626c9fc9125f1017cf1bbd996634db078ffff011d0eb1b770752e49dedff41a,f2cd2b144a3de1b2,18,42,787334f7857fa54f29027a7f09c30e895ad486ef
DEF_REAL_345,DEF_REAL_345_2a5becef1df1.jpg,REAL,MS_COCO,None_Authentic_Photograph,REAL,0,0,Defactify_val_shard_1_row_1455,This intersection has more pedestrians than vehicles near it.,640,480,63021,2a5becef1df13dc0d30b0f6c26e9249ab67e4be2ae32dc4ba3c9303c50a1be40,ddf5fd31330900e2,18,42,787334f7857fa54f29027a7f09c30e895ad486ef
DEF_REAL_346,DEF_REAL_346_a46327da1b60.jpg,REAL,MS_COCO,None_Authentic_Photograph,REAL,0,0,Defactify_val_shard_0_row_1746,Signs posted in front of a municipal complex.,427,640,81224,a46327da1b60e0fbfdb12465d7091d0b5f1fceb4bd287934b8dcf18f56a6988f,a0e91866b73e1cd5,16,42,787334f7857fa54f29027a7f09c30e895ad486ef
DEF_REAL_347,DEF_REAL_347_9534d78e196d.jpg,REAL,MS_COCO,None_Authentic_Photograph,REAL,0,0,Defactify_val_shard_1_row_737,assorted cars and buses sitting in a parking lot,640,480,74840,9534d78e196d7380863276337e026bee44cbb78329ede109c074dfc19aa92911,d7971074561bd585,18,42,787334f7857fa54f29027a7f09c30e895ad486ef
DEF_REAL_348,DEF_REAL_348_cb9dfa48dc55.jpg,REAL,MS_COCO,None_Authentic_Photograph,REAL,0,0,Defactify_val_shard_0_row_2305,A green road sign with a bike painted on it.,640,480,69560,cb9dfa48dc5552fab40fb2ec05f2a13acce1bd44105b2466d27c0ace4f836e57,f0add392889b969a,16,42,787334f7857fa54f29027a7f09c30e895ad486ef
DEF_REAL_349,DEF_REAL_349_0173c37accb0.jpg,REAL,MS_COCO,None_Authentic_Photograph,REAL,0,0,Defactify_val_shard_1_row_2604,there is a street sign that is on the street,500,375,46539,0173c37accb0d75d5c6b977b586334aa88104e964e65804d5246bb6ac763b58a,cdc2c4d989a4e6cd,16,42,787334f7857fa54f29027a7f09c30e895ad486ef
DEF_REAL_350,DEF_REAL_350_d11edb0227d0.jpg,REAL,MS_COCO,None_Authentic_Photograph,REAL,0,0,Defactify_val_shard_0_row_165,A red train traveling past a train station with red cars.,640,425,72903,d11edb0227d097631d5252c9abba1e93b3090f12e04fcd5101fc6cc8948c1d60,cb82f23547e1929e,18,42,787334f7857fa54f29027a7f09c30e895ad486ef
DEF_REAL_351,DEF_REAL_351_0e04ed7d2c47.jpg,REAL,MS_COCO,None_Authentic_Photograph,REAL,0,0,Defactify_val_shard_0_row_3330,The view from an airplane window looking down on clouds and mountains.,612,612,44594,0e04ed7d2c47cb10bf53b16b8d4b24252e81ff59b68a13cda7e657002cdee143,95cb7798308b2735,18,42,787334f7857fa54f29027a7f09c30e895ad486ef
DEF_REAL_352,DEF_REAL_352_86c371f3153c.jpg,REAL,MS_COCO,None_Authentic_Photograph,REAL,0,0,Defactify_val_shard_0_row_1296,A double decker bus travelling on a city street.,640,427,44415,86c371f3153c7b1165b88bec7e9bb55a12e1cb07c02aef027cf93e76503f02f4,f9e1e1f2c2c1d1e0,14,42,787334f7857fa54f29027a7f09c30e895ad486ef
DEF_REAL_353,DEF_REAL_353_e70bbeac46bc.jpg,REAL,MS_COCO,None_Authentic_Photograph,REAL,0,0,Defactify_val_shard_1_row_1768,A couple of sheep grazing on the side of a road.,500,304,44924,e70bbeac46bc4763d75fefb478f7a487f6bcb9ab80d5bdecda8cc74035a2cec7,e2eadb95802c359b,16,42,787334f7857fa54f29027a7f09c30e895ad486ef
DEF_REAL_354,DEF_REAL_354_c009db114ab4.jpg,REAL,MS_COCO,None_Authentic_Photograph,REAL,0,0,Defactify_val_shard_1_row_1128,A large giraffe standing next to a man pushing a bail of hay on a cart.,640,427,45178,c009db114ab4ef82ac496502653de46df1bc1967f7028ebe5a0ba9d97ab6ccc8,e3e34c62738cd0ba,14,42,787334f7857fa54f29027a7f09c30e895ad486ef
DEF_REAL_355,DEF_REAL_355_c76c7011c105.jpg,REAL,MS_COCO,None_Authentic_Photograph,REAL,0,0,Defactify_val_shard_1_row_421,Two motorcycles sitting in a trailer that's being pulled behind an RV.,640,548,89439,c76c7011c1053dd8b9487631a8c3136697d21dfacab043b9709500c4cfda15af,fc87009ea1a197be,16,42,787334f7857fa54f29027a7f09c30e895ad486ef
DEF_REAL_356,DEF_REAL_356_ca93de7dac55.jpg,REAL,MS_COCO,None_Authentic_Photograph,REAL,0,0,Defactify_val_shard_0_row_3781,A bus parked at a bus stop on a city block.,640,360,51785,ca93de7dac554fd01e2e63e3193501fd6c6173d97122c3e2d41f0bf5799847b7,e684961b9c4e9a9b,18,42,787334f7857fa54f29027a7f09c30e895ad486ef
DEF_REAL_357,DEF_REAL_357_bf1b4ca71357.jpg,REAL,MS_COCO,None_Authentic_Photograph,REAL,0,0,Defactify_val_shard_1_row_1190,a bunch of motorcycles are parked on the street together,640,480,89195,bf1b4ca71357743a1b57794e4f2577b8d52e87a440483d3d903cf8e9f68fe352,9968873fe42ec236,18,42,787334f7857fa54f29027a7f09c30e895ad486ef
DEF_REAL_358,DEF_REAL_358_f88e55ad9e9a.jpg,REAL,MS_COCO,None_Authentic_Photograph,REAL,0,0,Defactify_val_shard_0_row_3785,A sink with a tooth brush and some other items.,480,640,32867,f88e55ad9e9aed26904c7e04f9e02a2ee53b40d179a2327e77979ac865391450,a3bc700778c17f38,18,42,787334f7857fa54f29027a7f09c30e895ad486ef
DEF_REAL_359,DEF_REAL_359_9851f1aee46f.jpg,REAL,MS_COCO,None_Authentic_Photograph,REAL,0,0,Defactify_val_shard_0_row_1114,A giraffe grazing from shrubs next to the road,425,640,76806,9851f1aee46fdb858775192eebadd50d41fa339879653e043cd696ee5772ac20,dec8dcf5a2a21c15,18,42,787334f7857fa54f29027a7f09c30e895ad486ef
DEF_REAL_360,DEF_REAL_360_57d4fe043187.jpg,REAL,MS_COCO,None_Authentic_Photograph,REAL,0,0,Defactify_val_shard_0_row_4347,a brown and white cat sitting in a bathroom sink ,640,481,32787,57d4fe043187fe57448e8ed471a5ed510a9310a4d2073998e97865e80aea0daf,fc645692b965c61c,14,42,787334f7857fa54f29027a7f09c30e895ad486ef
DEF_REAL_361,DEF_REAL_361_c6c28e073dfd.jpg,REAL,MS_COCO,None_Authentic_Photograph,REAL,0,0,Defactify_val_shard_1_row_1210,A city street sign warning of a hill in different languages.,427,640,45199,c6c28e073dfd9c1fddd7be6770765f61c818b61c9795eb6cdcf0aa133c851cb8,94b69494113733fb,18,42,787334f7857fa54f29027a7f09c30e895ad486ef
DEF_REAL_362,DEF_REAL_362_2966fb38360a.jpg,REAL,MS_COCO,None_Authentic_Photograph,REAL,0,0,Defactify_val_shard_1_row_2413,A plane with people watching it and people near it. ,640,480,35069,2966fb38360a30fe19c3e9ca7c1e9bd6fd5e9ec2b11d78a080ff89643253b352,e49f803d7781ce31,16,42,787334f7857fa54f29027a7f09c30e895ad486ef
DEF_REAL_363,DEF_REAL_363_5c39168fff59.jpg,REAL,MS_COCO,None_Authentic_Photograph,REAL,0,0,Defactify_val_shard_1_row_2753,Two cat lying on a floor playing with each other,640,480,23724,5c39168fff598a6b8c7251c62bcff95772eb0d3aa0f79368e1286b8995b148ed,eda0d48b76c3989c,12,42,787334f7857fa54f29027a7f09c30e895ad486ef
DEF_REAL_364,DEF_REAL_364_285ddd1e12ea.jpg,REAL,MS_COCO,None_Authentic_Photograph,REAL,0,0,Defactify_val_shard_1_row_2055,A bath tub sitting next to a toilet under a window.,640,480,43690,285ddd1e12ea2535da5e4e41dd40613c6c1ef8c9898ab5fcaf47966d6c510a82,df9a8274399d1668,14,42,787334f7857fa54f29027a7f09c30e895ad486ef
DEF_REAL_365,DEF_REAL_365_f95176aacb46.jpg,REAL,MS_COCO,None_Authentic_Photograph,REAL,0,0,Defactify_val_shard_1_row_982,A woman standing next to a red scooter near a shelf.,640,481,69087,f95176aacb4631a18fe27ca4d4c99c75c80519f611439260324dfac0b14496aa,aff6e3a118a55a28,18,42,787334f7857fa54f29027a7f09c30e895ad486ef
DEF_REAL_366,DEF_REAL_366_40d399504106.jpg,REAL,MS_COCO,None_Authentic_Photograph,REAL,0,0,Defactify_val_shard_0_row_510,A bus passes several people riding their bicycles.,640,468,70574,40d3995041062d0c3ff3d0c87b9755df835886a90c73bfe00fcaf7ba9caa62a5,ae88d1a72cb946d3,16,42,787334f7857fa54f29027a7f09c30e895ad486ef
DEF_REAL_367,DEF_REAL_367_d5fbe18db423.jpg,REAL,MS_COCO,None_Authentic_Photograph,REAL,0,0,Defactify_val_shard_0_row_4292,A big commercial plane flying high in the sky.,480,640,11883,d5fbe18db423ae40a1df821ab66e72af0c1a0920f6e57c88d1755c7137c6e4e6,fd00ae4ecc7988ce,18,42,787334f7857fa54f29027a7f09c30e895ad486ef
DEF_REAL_368,DEF_REAL_368_28898eb5527a.jpg,REAL,MS_COCO,None_Authentic_Photograph,REAL,0,0,Defactify_val_shard_0_row_296,A black refrigerator freezer sitting next to a dishwasher.,640,426,42739,28898eb5527a3c18a8450269651d5f7df813eb0edc92aa6eb84e7c3640db0262,96974de59e62901e,16,42,787334f7857fa54f29027a7f09c30e895ad486ef
DEF_REAL_369,DEF_REAL_369_b2202821cee2.jpg,REAL,MS_COCO,None_Authentic_Photograph,REAL,0,0,Defactify_val_shard_1_row_3197,People are waiting on a corner to cross a street. ,500,333,45554,b2202821cee2b069d856ef245e63f41e296a5a9a8bbd39915d5ae90be92db3a7,f8b583251797d415,18,42,787334f7857fa54f29027a7f09c30e895ad486ef
DEF_REAL_370,DEF_REAL_370_e00b078b6a81.jpg,REAL,MS_COCO,None_Authentic_Photograph,REAL,0,0,Defactify_val_shard_0_row_899,A bathroom has a floating toilet and sink and a walk-in shower.,427,640,37535,e00b078b6a81729914db81c16f5b435cb0529f080d37942303f9f67d76e4d325,b2cc4dc391b26ee8,16,42,787334f7857fa54f29027a7f09c30e895ad486ef
DEF_REAL_371,DEF_REAL_371_a04ae077d78a.jpg,REAL,MS_COCO,None_Authentic_Photograph,REAL,0,0,Defactify_val_shard_1_row_2344,"A bathroom with a sink, a fan and a mirrored medicine chest.",640,480,30764,a04ae077d78a98bf6e5ba4cbc7da0779849167cc1814f2a2d364f5f56c6c97fa,c493c0e467d966e9,14,42,787334f7857fa54f29027a7f09c30e895ad486ef
DEF_REAL_372,DEF_REAL_372_c1f83a4528f1.jpg,REAL,MS_COCO,None_Authentic_Photograph,REAL,0,0,Defactify_val_shard_1_row_2281,A large kitchen with a stove and a sink.,640,480,47522,c1f83a4528f1fc198f3832f150e99a9829e1beeba41e2dc8c770323db365ebf0,c6f00138c6e73f3c,18,42,787334f7857fa54f29027a7f09c30e895ad486ef
DEF_REAL_373,DEF_REAL_373_b06afc00ab59.jpg,REAL,MS_COCO,None_Authentic_Photograph,REAL,0,0,Defactify_val_shard_1_row_1423,A traffic light at an intersection with a skyscraper in the background.,426,640,69521,b06afc00ab59bcff001c14b614ba6aef5417cf53520d28b319a616152e4fc702,fae8443e73c1cd14,14,42,787334f7857fa54f29027a7f09c30e895ad486ef
DEF_REAL_374,DEF_REAL_374_e7df70e6c546.jpg,REAL,MS_COCO,None_Authentic_Photograph,REAL,0,0,Defactify_val_shard_1_row_1816,A man is herding some sheep and with a black dog. ,640,501,73682,e7df70e6c5461953ec1fa7545bd33aedbf8e855ced77655eeadad41338f36295,991b5bf4831f64c2,16,42,787334f7857fa54f29027a7f09c30e895ad486ef
DEF_REAL_375,DEF_REAL_375_b03efe6d4557.jpg,REAL,MS_COCO,None_Authentic_Photograph,REAL,0,0,Defactify_val_shard_1_row_407,a group of people getting off a parked bus,640,329,36151,b03efe6d4557c5207ed0cc3b8f9c6c1922cc877f9a86482f446f9c02a381345b,909ce1e5dac25367,16,42,787334f7857fa54f29027a7f09c30e895ad486ef
DEF_REAL_376,DEF_REAL_376_5cdb8ce75b23.jpg,REAL,MS_COCO,None_Authentic_Photograph,REAL,0,0,Defactify_val_shard_1_row_2863,A herd of sheep walking across a snow covered field.,640,386,60065,5cdb8ce75b23d4b33884b64737b38b6b9930d4ccec6532713731b41f5b4e064e,f1c5c63031c53eda,14,42,787334f7857fa54f29027a7f09c30e895ad486ef
DEF_REAL_377,DEF_REAL_377_4e075500e2c8.jpg,REAL,MS_COCO,None_Authentic_Photograph,REAL,0,0,Defactify_val_shard_1_row_4399,A sign on Dunmore Court warns pet owners to keep their dogs off the median.,480,640,87088,4e075500e2c85a96a5faf6f7cc0d396550c0afc9784e8e7f6523e13236b10039,dffc7c0b2102f0d4,18,42,787334f7857fa54f29027a7f09c30e895ad486ef
DEF_REAL_378,DEF_REAL_378_b7ef4bfbf922.jpg,REAL,MS_COCO,None_Authentic_Photograph,REAL,0,0,Defactify_val_shard_1_row_4127,A bicycle and a motorcycle parked near a door on a narrow street.,640,480,90683,b7ef4bfbf922bce1dd9db22f50c6c8fb7ec8b3a83247e6186795d98fcf193470,ccb1185bf0e61da3,16,42,787334f7857fa54f29027a7f09c30e895ad486ef
DEF_REAL_379,DEF_REAL_379_47b40acf47e7.jpg,REAL,MS_COCO,None_Authentic_Photograph,REAL,0,0,Defactify_val_shard_0_row_1063,A small sport utility vehicle that is loaded down with a bunch of luggage. ,500,413,30966,47b40acf47e7dcc65ef41cf75fea2ded9f3a6c9f177151356029e15f6f74d791,b2ed8b0f5a24f035,16,42,787334f7857fa54f29027a7f09c30e895ad486ef
DEF_REAL_380,DEF_REAL_380_83798c0a43e9.jpg,REAL,MS_COCO,None_Authentic_Photograph,REAL,0,0,Defactify_val_shard_1_row_3654,A cat lying next to someone sitting on a bench.,480,640,83185,83798c0a43e9d4f65c89d311dadaca9010bcea3f7b353a2590e30adb5c89b74a,bf81506a9a5d474e,14,42,787334f7857fa54f29027a7f09c30e895ad486ef
DEF_REAL_381,DEF_REAL_381_beb211892bab.jpg,REAL,MS_COCO,None_Authentic_Photograph,REAL,0,0,Defactify_val_shard_1_row_2976,A humming bird mid flight preparing to land on a tree ,640,614,35214,beb211892bab184af85dc0c465f8d60bc785448ed691deff2c31797f20f68b6f,8a5fa3e14cb251b3,18,42,787334f7857fa54f29027a7f09c30e895ad486ef
DEF_REAL_382,DEF_REAL_382_60796f34021f.jpg,REAL,MS_COCO,None_Authentic_Photograph,REAL,0,0,Defactify_val_shard_1_row_1748,A red stop sign under a green street sign.,500,375,26865,60796f34021ffbeb24a914f55429717b843be716334d75ff23812fb592c0bc90,c95463f835cb149d,16,42,787334f7857fa54f29027a7f09c30e895ad486ef
DEF_REAL_383,DEF_REAL_383_617f0a26b1a8.jpg,REAL,MS_COCO,None_Authentic_Photograph,REAL,0,0,Defactify_val_shard_1_row_1286,this bathroom has a black table and a white animal house,480,640,29525,617f0a26b1a8fac111838af187b8b9c02fc6da830145039f9f820e2a42fc0d6a,e5b10a6f54f20de2,16,42,787334f7857fa54f29027a7f09c30e895ad486ef
DEF_REAL_384,DEF_REAL_384_7b819677a5c6.jpg,REAL,MS_COCO,None_Authentic_Photograph,REAL,0,0,Defactify_val_shard_1_row_459,A beautiful woman with a blue fro brushing her teeth with a giant toothbrush.,640,401,39243,7b819677a5c688af09249c3ace0eaf5da14d97a4827be10143fae7080e465497,ebe495dc931a831a,16,42,787334f7857fa54f29027a7f09c30e895ad486ef
DEF_REAL_385,DEF_REAL_385_80c2fcdca737.jpg,REAL,MS_COCO,None_Authentic_Photograph,REAL,0,0,Defactify_val_shard_0_row_2235,A busy city street at night time as some people cross the street.,640,427,69235,80c2fcdca7374167a0a6308999ee69959bf9d06872f3c02b229d32f401f41ac9,94a47d4f0d85e933,16,42,787334f7857fa54f29027a7f09c30e895ad486ef
DEF_REAL_386,DEF_REAL_386_4ae16be8bd3c.jpg,REAL,MS_COCO,None_Authentic_Photograph,REAL,0,0,Defactify_val_shard_1_row_2506,The reflection of a woman carrying a bag over each shoulder in a mirror.,375,500,28011,4ae16be8bd3c607f423d6ffc78b6080c825c4202146e901e46501686555d31e4,ffd2084d2c6426de,16,42,787334f7857fa54f29027a7f09c30e895ad486ef
DEF_REAL_387,DEF_REAL_387_6ba29eeb5696.jpg,REAL,MS_COCO,None_Authentic_Photograph,REAL,0,0,Defactify_val_shard_1_row_2616,a shelf with a bunch of stuff on it,607,640,49838,6ba29eeb56963d3e1f282cfea0356f52e1915c7eceb107d5b4f3cc38cd8bd9b0,9d5541b64a9999bc,18,42,787334f7857fa54f29027a7f09c30e895ad486ef
DEF_REAL_388,DEF_REAL_388_81b4cc0da9c4.jpg,REAL,MS_COCO,None_Authentic_Photograph,REAL,0,0,Defactify_val_shard_0_row_2163,Two people on motorbike passing by a clock facade.,471,640,67962,81b4cc0da9c422a274266a2d14490d392f300784e435bc9032f43ce93fb8bb9e,9911a9b191d799bc,16,42,787334f7857fa54f29027a7f09c30e895ad486ef
DEF_REAL_389,DEF_REAL_389_63fd80aa63b4.jpg,REAL,MS_COCO,None_Authentic_Photograph,REAL,0,0,Defactify_val_shard_1_row_1568,A group of four street signs stacked on top of each other.,587,640,77301,63fd80aa63b4cfac54eb9985f342b79258e7aeee0316a09ec0dbc620feec5056,95c427266a917a7e,12,42,787334f7857fa54f29027a7f09c30e895ad486ef
DEF_REAL_390,DEF_REAL_390_17b490f752b8.jpg,REAL,MS_COCO,None_Authentic_Photograph,REAL,0,0,Defactify_val_shard_0_row_3761,a bathroom with a sink and a toilet,480,640,32586,17b490f752b8938883c026d0e5fd5556952ae381bcf86a49bfb3a4695d179cbf,97c31abdc0318fe4,16,42,787334f7857fa54f29027a7f09c30e895ad486ef
DEF_REAL_391,DEF_REAL_391_50fb9c330132.jpg,REAL,MS_COCO,None_Authentic_Photograph,REAL,0,0,Defactify_val_shard_1_row_1386,A group of street signs casting a shadow on a white wall.,480,640,45160,50fb9c33013225e74b78efe3c0f8e9c8e1a45bb4c96575a33d99508ba58fadf2,87316e3853d6c5cc,18,42,787334f7857fa54f29027a7f09c30e895ad486ef
DEF_REAL_392,DEF_REAL_392_38c077aefa06.jpg,REAL,MS_COCO,None_Authentic_Photograph,REAL,0,0,Defactify_val_shard_1_row_3119,Modern espresso machine on counter in residential kitchen.,640,427,43801,38c077aefa06460463fa0a38354c621e2f10555160c63b6b823171b5b50dc30a,dbcf3ca464c43472,14,42,787334f7857fa54f29027a7f09c30e895ad486ef
DEF_REAL_393,DEF_REAL_393_1ce9d06f6a7c.jpg,REAL,MS_COCO,None_Authentic_Photograph,REAL,0,0,Defactify_val_shard_0_row_3578,A man rides a silver motorcycle down the street in town.,640,426,58821,1ce9d06f6a7c2ee4ce3208224f134dee56e3d8528857b97fc42037539f4a6080,bf97870f8c3ec060,18,42,787334f7857fa54f29027a7f09c30e895ad486ef
DEF_REAL_394,DEF_REAL_394_43e14c9873dc.jpg,REAL,MS_COCO,None_Authentic_Photograph,REAL,0,0,Defactify_val_shard_1_row_3233,A hotdog is sitting with fries in a paper car on a plate.,640,427,44823,43e14c9873dc9fff61c8a8c2fadf39c218bd5b1f910c072faefcc96bd4937a5f,ad806c47667b93c5,16,42,787334f7857fa54f29027a7f09c30e895ad486ef
DEF_REAL_395,DEF_REAL_395_ffb30ae4291c.jpg,REAL,MS_COCO,None_Authentic_Photograph,REAL,0,0,Defactify_val_shard_0_row_3854,A large cat laying next to a large orange pumpkin.,640,480,94222,ffb30ae4291c7aceefd20615e7a52e1f4cfa442eb80d283ee449f413fb490e03,8a3eb2cb94344b6e,18,42,787334f7857fa54f29027a7f09c30e895ad486ef
DEF_REAL_396,DEF_REAL_396_7276f58b95e6.jpg,REAL,MS_COCO,None_Authentic_Photograph,REAL,0,0,Defactify_val_shard_0_row_1545,A person is racing around a track on a motorcycle.,640,426,46614,7276f58b95e629b9498067e1a95144a83467cefd4d58a5889461d16ed823bb4e,e11eb0e19ec176d8,16,42,787334f7857fa54f29027a7f09c30e895ad486ef
DEF_REAL_397,DEF_REAL_397_6d58e3883348.jpg,REAL,MS_COCO,None_Authentic_Photograph,REAL,0,0,Defactify_val_shard_1_row_3754,People using their laptops in the backseat of a car.,640,333,44168,6d58e3883348a67c12e1494e9193a063fea3dfe82fccb4d2678941b0b1d11ec3,a8b4e35a7ac8361e,18,42,787334f7857fa54f29027a7f09c30e895ad486ef
DEF_REAL_398,DEF_REAL_398_256539ff8288.jpg,REAL,MS_COCO,None_Authentic_Photograph,REAL,0,0,Defactify_val_shard_1_row_4218,An animal that is on a tree eating some food.,427,640,51294,256539ff828834950aab96abc5abfc373cb212ed45350ff5732e4720b29a2012,dfcd247231319c78,14,42,787334f7857fa54f29027a7f09c30e895ad486ef
DEF_REAL_399,DEF_REAL_399_988f581b5eaa.jpg,REAL,MS_COCO,None_Authentic_Photograph,REAL,0,0,Defactify_val_shard_1_row_173,A red double decker bus parked in front of a tall building.,480,640,36662,988f581b5eaa28908ced1aaafc2dc0c75e73c0ad1f17e1cabdbe63eafe97ec62,932ce6db19245bb1,12,42,787334f7857fa54f29027a7f09c30e895ad486ef
DEF_REAL_400,DEF_REAL_400_bf77ada06b67.jpg,REAL,MS_COCO,None_Authentic_Photograph,REAL,0,0,Defactify_val_shard_1_row_1465,A guy is near a busy street in a foreign country.,500,375,46980,bf77ada06b67037a99de63fee0850295f81abe2881956290529c7988effb0898,9597d538c6c512cd,16,42,787334f7857fa54f29027a7f09c30e895ad486ef
DEF_SD3_001,DEF_SD3_001_73da751a73ae.jpg,SD3,Defactify_SD3,Stable_Diffusion_3,AI,1,3,Defactify_val_shard_0_row_595,A sheep standing in the middle of a field.,1024,1024,154737,73da751a73ae8a42fe7ceda3f29c2470ed54d1b196dbacd89e799746a0964583,cecf393066c6c919,12,42,787334f7857fa54f29027a7f09c30e895ad486ef
DEF_SD3_002,DEF_SD3_002_3130e4880ce3.jpg,SD3,Defactify_SD3,Stable_Diffusion_3,AI,1,3,Defactify_val_shard_0_row_695,Guy sitting on ground in the middle of the street with traffic light behind him,1024,1024,125319,3130e4880ce327f3dedeb95297538452de0914c16d48ede5c4aeb85431f4ab18,d3d389a1ad2c8baa,16,42,787334f7857fa54f29027a7f09c30e895ad486ef
DEF_SD3_003,DEF_SD3_003_853fe2738de1.jpg,SD3,Defactify_SD3,Stable_Diffusion_3,AI,1,3,Defactify_val_shard_1_row_193,A blue and yellow fire hydrant sitting on the side of a road.,1024,1024,118779,853fe2738de13e49860237ee1f9575cdacd8745c1746a5af248f260c350170aa,a61b39b7b60519d2,16,42,787334f7857fa54f29027a7f09c30e895ad486ef
DEF_SD3_004,DEF_SD3_004_7ca31fef8a1a.jpg,SD3,Defactify_SD3,Stable_Diffusion_3,AI,1,3,Defactify_val_shard_1_row_3914,Many street signs are located within close vicinity of each other,1024,1024,254967,7ca31fef8a1a75e452d053335c232c430a06198b0ffeb60c0011d23eb6313310,8fb449d89296e23e,18,42,787334f7857fa54f29027a7f09c30e895ad486ef
DEF_SD3_005,DEF_SD3_005_93d38997e36e.jpg,SD3,Defactify_SD3,Stable_Diffusion_3,AI,1,3,Defactify_val_shard_1_row_210,A small aircraft parked on a grass field,1024,1024,140939,93d38997e36e8127265706d91b637345553e761eb77793c62a3a7eba1e81d158,9a96e1691ac7e1b8,16,42,787334f7857fa54f29027a7f09c30e895ad486ef
DEF_SD3_006,DEF_SD3_006_b22ec65aa302.jpg,SD3,Defactify_SD3,Stable_Diffusion_3,AI,1,3,Defactify_val_shard_0_row_3145,A woman sitting on a bench with cars behind her.,1024,1024,111307,b22ec65aa3020248988010b5934caeab0873930b6ea658382e91994dccb4c54f,9888810de6e777f1,16,42,787334f7857fa54f29027a7f09c30e895ad486ef
DEF_SD3_007,DEF_SD3_007_89c1eed58122.jpg,SD3,Defactify_SD3,Stable_Diffusion_3,AI,1,3,Defactify_val_shard_0_row_2767,A bird sitting on top of a table at a restaurant.,1024,1024,89771,89c1eed5812240e311ca78719c3b19eb52874131dd9891ec431c7d2d6250445d,d92cf4914ca59f25,18,42,787334f7857fa54f29027a7f09c30e895ad486ef
DEF_SD3_008,DEF_SD3_008_d2a827fa5658.jpg,SD3,Defactify_SD3,Stable_Diffusion_3,AI,1,3,Defactify_val_shard_0_row_4203,Three giraffes are feeding from white buckets that are hanging from a fence.,1024,1024,219929,d2a827fa56587c7bcfc0d35a3f2fb774f3e499fe0e6290eaaf3e70bfa0bed61b,f6b9a94446f28b49,14,42,787334f7857fa54f29027a7f09c30e895ad486ef
DEF_SD3_009,DEF_SD3_009_2cbd84d26e83.jpg,SD3,Defactify_SD3,Stable_Diffusion_3,AI,1,3,Defactify_val_shard_1_row_2277,Three mass transit trains underneath an overpass at a train stop.,1024,1024,149239,2cbd84d26e836456bc50984f2d69e1f956bd27017810923795d3c7ce82a474f0,9cc883ead4786f98,16,42,787334f7857fa54f29027a7f09c30e895ad486ef
DEF_SD3_010,DEF_SD3_010_e506cc8a4e1f.jpg,SD3,Defactify_SD3,Stable_Diffusion_3,AI,1,3,Defactify_val_shard_1_row_1348,A train pulling into a train station next to a tall building.,1024,1024,171988,e506cc8a4e1f5353e59f1aaeff5445b05013392e5d9cc51868203de13abdc621,9ab6a279c932e11e,16,42,787334f7857fa54f29027a7f09c30e895ad486ef
DEF_SD3_011,DEF_SD3_011_d953ed25c16c.jpg,SD3,Defactify_SD3,Stable_Diffusion_3,AI,1,3,Defactify_val_shard_1_row_1401,Two giraffe standing next to a chain link fence.,1024,1024,162718,d953ed25c16cf175a549a4ca405094fdf6c15f690cbc93f2f8c560a48fe7f0cb,a4e9db16a4e95923,12,42,787334f7857fa54f29027a7f09c30e895ad486ef
DEF_SD3_012,DEF_SD3_012_5664ea1ef1a4.jpg,SD3,Defactify_SD3,Stable_Diffusion_3,AI,1,3,Defactify_val_shard_0_row_3584,A herd of deer walking across a rocky hillside.,1024,1024,237036,5664ea1ef1a463680675fd754dd7b1e773e2962a10f52e58e4f4a2bdd4a57fb6,d939d47b2be860a1,16,42,787334f7857fa54f29027a7f09c30e895ad486ef
DEF_SD3_013,DEF_SD3_013_8b9136b71fa6.jpg,SD3,Defactify_SD3,Stable_Diffusion_3,AI,1,3,Defactify_val_shard_0_row_2186,A man rides a silver motorcycle down the street in town.,1024,1024,140225,8b9136b71fa65737159f65b3a8e1a9ac9fd0fe6a64992110961f49f79aec6306,b1d1ccae92833d4d,16,42,787334f7857fa54f29027a7f09c30e895ad486ef
DEF_SD3_014,DEF_SD3_014_f300cec65b04.jpg,SD3,Defactify_SD3,Stable_Diffusion_3,AI,1,3,Defactify_val_shard_0_row_84,A view of a kitchen shows large and small appliances and pans on the cabinets.,1024,1024,113623,f300cec65b04dcfa962a50cababc3f3d5836d2a6a5181828547ef4453dc1bcdf,fc935c95b1b24986,16,42,787334f7857fa54f29027a7f09c30e895ad486ef
DEF_SD3_015,DEF_SD3_015_47f7a59a1d7b.jpg,SD3,Defactify_SD3,Stable_Diffusion_3,AI,1,3,Defactify_val_shard_0_row_421,A train on bridge passing over water with city in the background.,1024,1024,130585,47f7a59a1d7b85c568cd0afc4f2318e2d3f54baf4fd9b67c44232695df66bf92,eed1e12c5a21b4da,18,42,787334f7857fa54f29027a7f09c30e895ad486ef
DEF_SD3_016,DEF_SD3_016_41e2732bbd78.jpg,SD3,Defactify_SD3,Stable_Diffusion_3,AI,1,3,Defactify_val_shard_1_row_516,A white toilet sitting in a bathroom next to a sink.,1024,1024,80961,41e2732bbd7836f75ea8a0093fc90bd4872f3015a45987511fd09edf6d9930bf,99f2a6ce063867e8,14,42,787334f7857fa54f29027a7f09c30e895ad486ef
DEF_SD3_017,DEF_SD3_017_447ea8e9d929.jpg,SD3,Defactify_SD3,Stable_Diffusion_3,AI,1,3,Defactify_val_shard_0_row_1448,The bluebird is just sitting quietly on the branch.,1024,1024,80014,447ea8e9d929b762f0caa7d6aa3d345e062bfbb4470ed57b11abb499f9c4fefd,c6f319646799e20e,14,42,787334f7857fa54f29027a7f09c30e895ad486ef
DEF_SD3_018,DEF_SD3_018_7f753cd995db.jpg,SD3,Defactify_SD3,Stable_Diffusion_3,AI,1,3,Defactify_val_shard_0_row_2927,"A white sign is displayed, reading Bart Ba.",1024,1024,82374,7f753cd995db48d395e14040da6555be8936bf668a759f3c79f51c9272136378,808f1f873f8f47c0,18,42,787334f7857fa54f29027a7f09c30e895ad486ef
DEF_SD3_019,DEF_SD3_019_dafdbfbbced9.jpg,SD3,Defactify_SD3,Stable_Diffusion_3,AI,1,3,Defactify_val_shard_0_row_2791,A close up of a street pole with no parking signs.,1024,1024,68341,dafdbfbbced9a0b8ebd0ad0880d892b96bcd3549a3e2a0a6d6b22e63bdb3b320,93a7e8d0e47ac45c,18,42,787334f7857fa54f29027a7f09c30e895ad486ef
DEF_SD3_020,DEF_SD3_020_a79161a3bd3d.jpg,SD3,Defactify_SD3,Stable_Diffusion_3,AI,1,3,Defactify_val_shard_1_row_3994,Two young men are looking at a computer screen. ,1024,1024,81807,a79161a3bd3d2f14d207929fd19689396715cac28cc54b77896f7344ea06c42f,d9e2b21995f4a42d,18,42,787334f7857fa54f29027a7f09c30e895ad486ef
DEF_SD3_021,DEF_SD3_021_4741e7ce455d.jpg,SD3,Defactify_SD3,Stable_Diffusion_3,AI,1,3,Defactify_val_shard_1_row_3451,A giraffe leaning up to a tree to chew on a branch.,1024,1024,265144,4741e7ce455d833552a203ce15a99ddf5caf5378ca51f88de300eeb0d9e65b3f,9f405f1f31d6e288,14,42,787334f7857fa54f29027a7f09c30e895ad486ef
DEF_SD3_022,DEF_SD3_022_1afbc4650b56.jpg,SD3,Defactify_SD3,Stable_Diffusion_3,AI,1,3,Defactify_val_shard_1_row_2838,a view of an air plane wing in the air ,1024,1024,65523,1afbc4650b5600180c3cb69bcefed28fd58c1f3dd5d38c8ddcfbf843b180b71d,c43d629bfcc11ee0,18,42,787334f7857fa54f29027a7f09c30e895ad486ef
DEF_SD3_023,DEF_SD3_023_a2d85e52cc06.jpg,SD3,Defactify_SD3,Stable_Diffusion_3,AI,1,3,Defactify_val_shard_1_row_97,Two giraffe standing next to each other on a lush green field.,1024,1024,154505,a2d85e52cc060e272af544f9e2344dcd2b10816b89db49ac623374f59dac4551,cc16534b78acb6f0,18,42,787334f7857fa54f29027a7f09c30e895ad486ef
DEF_SD3_024,DEF_SD3_024_128bdb51799b.jpg,SD3,Defactify_SD3,Stable_Diffusion_3,AI,1,3,Defactify_val_shard_0_row_3979,He does have control of the motorcycle while pulling a wheelie.,1024,1024,110227,128bdb51799b4bc13853b100582d88a0971619b4aede8fa987e9393f16f294f7,e5a69a7947192966,16,42,787334f7857fa54f29027a7f09c30e895ad486ef
DEF_SD3_025,DEF_SD3_025_65addbdef607.jpg,SD3,Defactify_SD3,Stable_Diffusion_3,AI,1,3,Defactify_val_shard_1_row_3394,A white airplane is parked on a green runway.,1024,1024,70237,65addbdef607d0bb5cfac85bdd517743fc8b13d5655a3023cccc523839eda284,d6d67068ccc8c3e3,16,42,787334f7857fa54f29027a7f09c30e895ad486ef
DEF_SD3_026,DEF_SD3_026_68f8fad3b389.jpg,SD3,Defactify_SD3,Stable_Diffusion_3,AI,1,3,Defactify_val_shard_0_row_403,The bus and the car are driving down the street.,1024,1024,147926,68f8fad3b389fa09e01c9c18a5b6ce5a231bf6758ff21afddfa7ae247781dfea,921299b9a9cdeda8,16,42,787334f7857fa54f29027a7f09c30e895ad486ef
DEF_SD3_027,DEF_SD3_027_0b22fdecfa1c.jpg,SD3,Defactify_SD3,Stable_Diffusion_3,AI,1,3,Defactify_val_shard_1_row_4186,This is a view of mountains of a airplane.,1024,1024,102931,0b22fdecfa1ce81a0d391815f355ef88741543dfcb1e56b569ae3e0e9f9e998e,d5add02f4a3540b7,16,42,787334f7857fa54f29027a7f09c30e895ad486ef
DEF_SD3_028,DEF_SD3_028_d56ad724abe8.jpg,SD3,Defactify_SD3,Stable_Diffusion_3,AI,1,3,Defactify_val_shard_0_row_4440,A group of people that are outside of an airplane.,1024,1024,121847,d56ad724abe8d724d8203611b717ec454dbd8920ec56d9d563703451ae87ea15,ef90b0e7c7323238,16,42,787334f7857fa54f29027a7f09c30e895ad486ef
DEF_SD3_029,DEF_SD3_029_30a29a210f48.jpg,SD3,Defactify_SD3,Stable_Diffusion_3,AI,1,3,Defactify_val_shard_1_row_1841,The Stop sign has been hit and is leaning to the side.,1024,1024,189157,30a29a210f480e1adb8ae1953adb54a33f4aa0bbddc8e5b52c0a1f03a9bc983a,a020f49b4f9edd4c,18,42,787334f7857fa54f29027a7f09c30e895ad486ef
DEF_SD3_030,DEF_SD3_030_9f99623c719d.jpg,SD3,Defactify_SD3,Stable_Diffusion_3,AI,1,3,Defactify_val_shard_0_row_4408,A double red bus parked on a street.,1024,1024,164782,9f99623c719dc0889507ad9b48a803a23bed6ade6aaf0b9c6bb66f73330bbc72,be80814bc52f6bb5,12,42,787334f7857fa54f29027a7f09c30e895ad486ef
DEF_SD3_031,DEF_SD3_031_1adfb73588e2.jpg,SD3,Defactify_SD3,Stable_Diffusion_3,AI,1,3,Defactify_val_shard_0_row_25,A giraffe looking for food between large rocks.,1024,1024,215670,1adfb73588e2c49fd9249373b9dc9612fd9d9b0b8fbe434f37bcff0fea02374d,b6368521f8c5887f,18,42,787334f7857fa54f29027a7f09c30e895ad486ef
DEF_SD3_032,DEF_SD3_032_3ce6eb674a74.jpg,SD3,Defactify_SD3,Stable_Diffusion_3,AI,1,3,Defactify_val_shard_0_row_628,A seagull standing near a body of water. ,1024,1024,108247,3ce6eb674a743d8be4bce84d5eaaa69595650c7e86762b061b4b56733d758d02,d963e60cd933668c,12,42,787334f7857fa54f29027a7f09c30e895ad486ef
DEF_SD3_033,DEF_SD3_033_8aa6e25c3015.jpg,SD3,Defactify_SD3,Stable_Diffusion_3,AI,1,3,Defactify_val_shard_0_row_1515,Two sheep grazing the field in a mountainous area. ,1024,1024,158656,8aa6e25c30155d453138dfe459983a49809833595bc06656582cf17fee0377c0,c3dc4ed2dc07d0d8,16,42,787334f7857fa54f29027a7f09c30e895ad486ef
DEF_SD3_034,DEF_SD3_034_da4ade688f45.jpg,SD3,Defactify_SD3,Stable_Diffusion_3,AI,1,3,Defactify_val_shard_1_row_4156,A railroad train passing a field of cows,1024,1024,180345,da4ade688f45ee3681bb3f3098216eafe348664a2fbdc7d2fc82e4db770f76c3,dafac18515166a7a,16,42,787334f7857fa54f29027a7f09c30e895ad486ef
DEF_SD3_035,DEF_SD3_035_9eff1eef067f.jpg,SD3,Defactify_SD3,Stable_Diffusion_3,AI,1,3,Defactify_val_shard_1_row_31,A couple of cats standing on top of a desk.,1024,1024,75589,9eff1eef067f7efba0cfd5f6a2abe994dab6080aa58a6beb1bf10afb72074215,9df0c38e789760e1,16,42,787334f7857fa54f29027a7f09c30e895ad486ef
DEF_SD3_036,DEF_SD3_036_d1572433eacd.jpg,SD3,Defactify_SD3,Stable_Diffusion_3,AI,1,3,Defactify_val_shard_1_row_830,some people are riding motorcycles down the street,1024,1024,143838,d1572433eacd935b119c8a6caa6d68a92faa6adb8dfed46898c9fc322a8e101f,e4f61a686185ea9b,16,42,787334f7857fa54f29027a7f09c30e895ad486ef
DEF_SD3_037,DEF_SD3_037_2b617e049bbd.jpg,SD3,Defactify_SD3,Stable_Diffusion_3,AI,1,3,Defactify_val_shard_0_row_2275,An open door and a cat inside a house.,1024,1024,67393,2b617e049bbd94ee7ffbbc1bc89a0edfd8df24c0441ade2c3a7fb372bcc206c8,c3d13c66671ce760,14,42,787334f7857fa54f29027a7f09c30e895ad486ef
DEF_SD3_038,DEF_SD3_038_a3a7e6d68988.jpg,SD3,Defactify_SD3,Stable_Diffusion_3,AI,1,3,Defactify_val_shard_0_row_89,Airplanes on landing strips waiting to take off.,1024,1024,70863,a3a7e6d68988b11def0c682e8e649f886e6d83efcd62beba4a4fba42a35a0e21,91a0e65939a6e679,14,42,787334f7857fa54f29027a7f09c30e895ad486ef
DEF_SD3_039,DEF_SD3_039_e757599cb7d3.jpg,SD3,Defactify_SD3,Stable_Diffusion_3,AI,1,3,Defactify_val_shard_0_row_192,A white and blue bus passing a street intersection.,1024,1024,157699,e757599cb7d32f5eb9f3db85b12a88b7d87fe3cb2f50e5891df8efff12c56950,cacbd5f43a16608b,16,42,787334f7857fa54f29027a7f09c30e895ad486ef
DEF_SD3_040,DEF_SD3_040_1acbc84bdd6e.jpg,SD3,Defactify_SD3,Stable_Diffusion_3,AI,1,3,Defactify_val_shard_0_row_1983,"A bathroom scene with a toilet, sink and a suitcase.",1024,1024,76582,1acbc84bdd6ebff0785d03f3015fcc7ce2e5d04d51a691d6774cca1ea763e498,c493d16c9329de27,18,42,787334f7857fa54f29027a7f09c30e895ad486ef
DEF_SD3_041,DEF_SD3_041_ba5dc6e9167e.jpg,SD3,Defactify_SD3,Stable_Diffusion_3,AI,1,3,Defactify_val_shard_1_row_1974,a kitchen counter covered with cleaning supplies and other items,1024,1024,86593,ba5dc6e9167e8fdf065341ff792e642f84be5b1d87cad295db97362c17c510fa,9cdc13c43c8bf199,16,42,787334f7857fa54f29027a7f09c30e895ad486ef
DEF_SD3_042,DEF_SD3_042_f184e70f7744.jpg,SD3,Defactify_SD3,Stable_Diffusion_3,AI,1,3,Defactify_val_shard_1_row_509,a girraf standing in a grassy field next to a forrest,1024,1024,192316,f184e70f7744b59e00bbf6eb1056350a0d49ab8aaf84d7750b3dfd8f4e1934c2,980ca6e65959e5e3,16,42,787334f7857fa54f29027a7f09c30e895ad486ef
DEF_SD3_043,DEF_SD3_043_5526a3dea9b7.jpg,SD3,Defactify_SD3,Stable_Diffusion_3,AI,1,3,Defactify_val_shard_1_row_130,Photo of airplane wing as the plane flies in the blue sky.,1024,1024,41928,5526a3dea9b764a6392cdaf9c52e411e62b618d9ce790531ed47bc667c44ad6b,b83f7f80db5f00a0,18,42,787334f7857fa54f29027a7f09c30e895ad486ef
DEF_SD3_044,DEF_SD3_044_4c667b2165d8.jpg,SD3,Defactify_SD3,Stable_Diffusion_3,AI,1,3,Defactify_val_shard_1_row_3201,A cat laying next to a bike with a large tire.,1024,1024,123319,4c667b2165d879eb11d020463a713daed74f5ff5302c43bd56185f41a744c501,d5cd2a36e50ad962,16,42,787334f7857fa54f29027a7f09c30e895ad486ef
DEF_SD3_045,DEF_SD3_045_e0e2fe513cc7.jpg,SD3,Defactify_SD3,Stable_Diffusion_3,AI,1,3,Defactify_val_shard_0_row_290,A sleeping area of a train car with a seat belt buckle.,1024,1024,156323,e0e2fe513cc70e42b3bab3a4a3851f7b92e38d4b5fbf78a1c397771d4c1e31e7,d3b33ccc20a119f7,16,42,787334f7857fa54f29027a7f09c30e895ad486ef
DEF_SD3_046,DEF_SD3_046_a37751056b86.jpg,SD3,Defactify_SD3,Stable_Diffusion_3,AI,1,3,Defactify_val_shard_0_row_3151,A blue bus driving down a curvy street.,1024,1024,148649,a37751056b8661010a31be8705bff97a44066b66d8dd0e9ee4f9670dab94d57b,bd1f92333c6c82c3,16,42,787334f7857fa54f29027a7f09c30e895ad486ef
DEF_SD3_047,DEF_SD3_047_b9f4e113828f.jpg,SD3,Defactify_SD3,Stable_Diffusion_3,AI,1,3,Defactify_val_shard_1_row_3910,an image  of people outside playing frisbee,1024,1024,227325,b9f4e113828f3d748a4f058773592e464bf630601be24befac0e4f94ed259f6f,8f04ccdb31ea6a95,18,42,787334f7857fa54f29027a7f09c30e895ad486ef
DEF_SD3_048,DEF_SD3_048_cefd4b3305ef.jpg,SD3,Defactify_SD3,Stable_Diffusion_3,AI,1,3,Defactify_val_shard_0_row_245,The people are feeding the giraffe at the zoo.,1024,1024,329128,cefd4b3305efadf70b2b78852cc313bc29a1584735ec84078e04c3550787e74c,9568c7e6a09e683d,16,42,787334f7857fa54f29027a7f09c30e895ad486ef
DEF_SD3_049,DEF_SD3_049_49915abaeebf.jpg,SD3,Defactify_SD3,Stable_Diffusion_3,AI,1,3,Defactify_val_shard_1_row_1792,An animal that is on a tree eating some food.,1024,1024,208651,49915abaeebf8c5a29fa23411cf022790502512aff06f8bee892eaab96bdd7e7,c1c3f07e473c1bb0,14,42,787334f7857fa54f29027a7f09c30e895ad486ef
DEF_SD3_050,DEF_SD3_050_97db20695f50.jpg,SD3,Defactify_SD3,Stable_Diffusion_3,AI,1,3,Defactify_val_shard_1_row_467,A Delta aircraft is parked at a terminal while maintenance men attend to it.,1024,1024,86624,97db20695f5084a6ae43b464a694f7c0054874d1497ba54e869fb74f0f2a6b23,d7b8a82771cad42a,16,42,787334f7857fa54f29027a7f09c30e895ad486ef
DEF_SD3_051,DEF_SD3_051_6139d11ded0c.jpg,SD3,Defactify_SD3,Stable_Diffusion_3,AI,1,3,Defactify_val_shard_0_row_739,there is a small bird sitting on the ledge of a building,1024,1024,63413,6139d11ded0cca6f1cb5bcfc42c06d7c70799b6f05453ec6e9393d47b58b33f0,d40c1e3f39e6cc38,16,42,787334f7857fa54f29027a7f09c30e895ad486ef
DEF_SD3_052,DEF_SD3_052_eaf4c9076adf.jpg,SD3,Defactify_SD3,Stable_Diffusion_3,AI,1,3,Defactify_val_shard_0_row_2867,A white sink sitting underneath a mirror in a bathroom.,1024,1024,63048,eaf4c9076adfd6d55a75e7d660052c4b5a6ecab6e867f5ac0ffd2e096c528e84,97a627cc38c39639,18,42,787334f7857fa54f29027a7f09c30e895ad486ef
DEF_SD3_053,DEF_SD3_053_4f98ba2b72e2.jpg,SD3,Defactify_SD3,Stable_Diffusion_3,AI,1,3,Defactify_val_shard_0_row_0,a toilet sits next to a shower an sink ,1024,1024,70497,4f98ba2b72e244e1b5eb5419e7bbaa6c2dbf53a66b425731cbc65c42ad96e4f3,89c805f778c73b38,16,42,787334f7857fa54f29027a7f09c30e895ad486ef
DEF_SD3_054,DEF_SD3_054_e9dd07a67c93.jpg,SD3,Defactify_SD3,Stable_Diffusion_3,AI,1,3,Defactify_val_shard_1_row_2333,A big commercial plane flying high in the sky.,1024,1024,31799,e9dd07a67c938fc25030185733eaef9afd724ce2d75c376f56ba9d1f418609e6,915f4c1e3363cc1e,12,42,787334f7857fa54f29027a7f09c30e895ad486ef
DEF_SD3_055,DEF_SD3_055_4767898dd438.jpg,SD3,Defactify_SD3,Stable_Diffusion_3,AI,1,3,Defactify_val_shard_0_row_3248,A kitchen filled with furniture and a stove top oven.,1024,1024,110030,4767898dd438e27fdf23f4d6f406a8b080f57c1d9099ef7a4ec8136fb62ec281,cfe64b35a9a95052,18,42,787334f7857fa54f29027a7f09c30e895ad486ef
DEF_SD3_056,DEF_SD3_056_7f3008af7160.jpg,SD3,Defactify_SD3,Stable_Diffusion_3,AI,1,3,Defactify_val_shard_0_row_2033,A man on a motorcycle riding in the desert.,1024,1024,83963,7f3008af7160e7ab222eea0fc8cdaa4f7de915f6c4ad0ef718304df99f474910,b6c2c92d6cd2332d,10,42,787334f7857fa54f29027a7f09c30e895ad486ef
DEF_SD3_057,DEF_SD3_057_48dbcb0223b9.jpg,SD3,Defactify_SD3,Stable_Diffusion_3,AI,1,3,Defactify_val_shard_0_row_1595,a couple of red light and a green light ,1024,1024,145764,48dbcb0223b9b34b9ab63d2b98d5002d339b033878c6a63f5fcb58aca58b7d9f,fc0dadf8298748b8,16,42,787334f7857fa54f29027a7f09c30e895ad486ef
DEF_SD3_058,DEF_SD3_058_fcfa0e8cbd64.jpg,SD3,Defactify_SD3,Stable_Diffusion_3,AI,1,3,Defactify_val_shard_0_row_4316,A white stove top oven sitting inside of a kitchen.,1024,1024,96877,fcfa0e8cbd64a2160eecd5ac1c9b1f97347bc59358776a89785b855ab65fc572,9ea10537b9a266da,14,42,787334f7857fa54f29027a7f09c30e895ad486ef
DEF_SD3_059,DEF_SD3_059_0f7e5d33d9cf.jpg,SD3,Defactify_SD3,Stable_Diffusion_3,AI,1,3,Defactify_val_shard_1_row_285,A double decker bus travelling on a city street.,1024,1024,131801,0f7e5d33d9cf14242e33a83d77bd6b6f8cde39bc60436b8d730f6286041d7f8b,e5a30e5e19e5ba12,16,42,787334f7857fa54f29027a7f09c30e895ad486ef
DEF_SD3_060,DEF_SD3_060_91b3cb2dfdc5.jpg,SD3,Defactify_SD3,Stable_Diffusion_3,AI,1,3,Defactify_val_shard_0_row_1969,A grey bird on beach with water and pier in the background.,1024,1024,91923,91b3cb2dfdc5acb91ca65840a5b49084245b4ec7fe905cd48c7429c4ef34c39c,dd4ccdb1b087d838,14,42,787334f7857fa54f29027a7f09c30e895ad486ef
DEF_SD3_061,DEF_SD3_061_6413bf5a44cc.jpg,SD3,Defactify_SD3,Stable_Diffusion_3,AI,1,3,Defactify_val_shard_1_row_3166,A door with a sticker of a cat door on it,1024,1024,42537,6413bf5a44ccb8e1682eca394a19149c1a51864c948467988f6b8ea1412b4069,d5ad2abb6925019b,16,42,787334f7857fa54f29027a7f09c30e895ad486ef
DEF_SD3_062,DEF_SD3_062_c89047d7d0d2.jpg,SD3,Defactify_SD3,Stable_Diffusion_3,AI,1,3,Defactify_val_shard_0_row_1310,A white toilet sitting inside of a bathroom.,1024,1024,64151,c89047d7d0d2fca1dbe11a27b878df1f1f88212d8f37fc72d729b8b4717bacf9,88c6219aed27de3c,16,42,787334f7857fa54f29027a7f09c30e895ad486ef
DEF_SD3_063,DEF_SD3_063_9c7176c333d3.jpg,SD3,Defactify_SD3,Stable_Diffusion_3,AI,1,3,Defactify_val_shard_1_row_1916,"a sidewalk with a fence, street signs, and a lot of trees along it ",1024,1024,385886,9c7176c333d3f3aa0045b69a64e3b2e76c23378db0fc8d68fd1ba52f02794193,ff3c81c8bc5e6141,16,42,787334f7857fa54f29027a7f09c30e895ad486ef
DEF_SD3_064,DEF_SD3_064_8a18b5a5568f.jpg,SD3,Defactify_SD3,Stable_Diffusion_3,AI,1,3,Defactify_val_shard_1_row_2093,A man and woman are riding down the street in a parade wearing patriotic hats.,1024,1024,148292,8a18b5a5568f9087c430282657183145606deafe320a783c607e288ff6726d5a,bd03a67dc9d85382,16,42,787334f7857fa54f29027a7f09c30e895ad486ef
DEF_SD3_065,DEF_SD3_065_3d7028763d28.jpg,SD3,Defactify_SD3,Stable_Diffusion_3,AI,1,3,Defactify_val_shard_0_row_1059,People standing in front of building holding protest signs.,1024,1024,170684,3d7028763d2835f461563e78a73ea2f7f5d7fe4f239050a85ee6b20beedc87b1,b6a6a644c89f931b,16,42,787334f7857fa54f29027a7f09c30e895ad486ef
DEF_SD3_066,DEF_SD3_066_d1bee2eb6d26.jpg,SD3,Defactify_SD3,Stable_Diffusion_3,AI,1,3,Defactify_val_shard_0_row_2952,A car stopped at a traffic light with it's brake lights on.,1024,1024,92738,d1bee2eb6d269813a2cbf9be2d88ae82b389bc3dce4aa8398e3b94bfa469e639,8a8eccce26e2ab71,18,42,787334f7857fa54f29027a7f09c30e895ad486ef
DEF_SD3_067,DEF_SD3_067_33c72f258dae.jpg,SD3,Defactify_SD3,Stable_Diffusion_3,AI,1,3,Defactify_val_shard_0_row_2217,A cat crawling into a white toilet seat.,1024,1024,77591,33c72f258daec5484e5f714281764082011ea2a2fa5a8bf052e23835c2615a72,d6be499835c2371c,16,42,787334f7857fa54f29027a7f09c30e895ad486ef
DEF_SD3_068,DEF_SD3_068_497a54684909.jpg,SD3,Defactify_SD3,Stable_Diffusion_3,AI,1,3,Defactify_val_shard_0_row_924,a cute baby giraffe standing next to a bigger giraffe ,1024,1024,101512,497a546849099ea7c0f2d845313b2e586b2e75f4d708d36e5cc61b16020d3d72,e5bcdc2d5392d821,16,42,787334f7857fa54f29027a7f09c30e895ad486ef
DEF_SD3_069,DEF_SD3_069_efd55cf43836.jpg,SD3,Defactify_SD3,Stable_Diffusion_3,AI,1,3,Defactify_val_shard_0_row_4130,A large propeller airplane sitting on top of a tarmac.,1024,1024,82891,efd55cf438365318fcf166195593ad67182c6072d46eae852f96e60ab82d4407,eaca953548daf225,12,42,787334f7857fa54f29027a7f09c30e895ad486ef
DEF_SD3_070,DEF_SD3_070_4110d0ba8967.jpg,SD3,Defactify_SD3,Stable_Diffusion_3,AI,1,3,Defactify_val_shard_1_row_1950,A man cleaning up a mess on a street with a red fire hydrant.,1024,1024,180443,4110d0ba89677fb8078cb0d4e79e716bb12e530cd30c3e3f26b61dad874f356e,9cd163e7cc6e181c,14,42,787334f7857fa54f29027a7f09c30e895ad486ef
DEF_SD3_071,DEF_SD3_071_a95d37f18515.jpg,SD3,Defactify_SD3,Stable_Diffusion_3,AI,1,3,Defactify_val_shard_0_row_2081,The mirror above a bathroom sink is shattered.,1024,1024,120231,a95d37f18515af3355ceb2796c06ea1151720ea5471769fc0755956876fb39e7,958d6892333e876b,16,42,787334f7857fa54f29027a7f09c30e895ad486ef
DEF_SD3_072,DEF_SD3_072_d6840386aef4.jpg,SD3,Defactify_SD3,Stable_Diffusion_3,AI,1,3,Defactify_val_shard_1_row_1221,"A stop sign posted in a foreign language
",1024,1024,268905,d6840386aef4c3ef8982401489e1fe37fa6a0517950f5ba0b4242a459f932245,a7709ece69863866,16,42,787334f7857fa54f29027a7f09c30e895ad486ef
DEF_SD3_073,DEF_SD3_073_bfa92a7f6224.jpg,SD3,Defactify_SD3,Stable_Diffusion_3,AI,1,3,Defactify_val_shard_1_row_3558,The giraffe is sitting in the middle of the grass alone,1024,1024,141804,bfa92a7f62244ef6a97c352ce9e3c45ce572ec1c3c674e984fb3382bb2614182,e696c92f146b992c,16,42,787334f7857fa54f29027a7f09c30e895ad486ef
DEF_SD3_074,DEF_SD3_074_97059b672275.jpg,SD3,Defactify_SD3,Stable_Diffusion_3,AI,1,3,Defactify_val_shard_0_row_164,A young boy stands next to a row of parked motorcycles.,1024,1024,156555,97059b6722754e75cfd436ed5a8ea2e00e8549682cd72d7dd153d56b1b428f22,a479ca96c94be8e4,18,42,787334f7857fa54f29027a7f09c30e895ad486ef
DEF_SD3_075,DEF_SD3_075_47b2987ec4f7.jpg,SD3,Defactify_SD3,Stable_Diffusion_3,AI,1,3,Defactify_val_shard_0_row_3083,a street a street light a traffic light and some trees,1024,1024,141895,47b2987ec4f7c009a795a1d3ab22b5106d5b1b11c6e00f104341344ad70a45f8,87e158a16b5c77c8,18,42,787334f7857fa54f29027a7f09c30e895ad486ef
DEF_SD3_076,DEF_SD3_076_02f8a8c0b1cb.jpg,SD3,Defactify_SD3,Stable_Diffusion_3,AI,1,3,Defactify_val_shard_0_row_4124,"A dirty bathroom features a toilet with a blue seat, a tub and a waste paper basket.",1024,1024,89883,02f8a8c0b1cb455f166b2a7c18cfe8ab69120f8a0a4e62294fd80be92287f428,feb085cf209533cc,18,42,787334f7857fa54f29027a7f09c30e895ad486ef
DEF_SD3_077,DEF_SD3_077_74bd2e6605b7.jpg,SD3,Defactify_SD3,Stable_Diffusion_3,AI,1,3,Defactify_val_shard_1_row_3808,The motorcycle procession made their way down the crowded street.,1024,1024,209884,74bd2e6605b773d698d51fdcc310bd6ee26b4749664e51bb1f2a71fe801d71d0,921b9b16fca49c8b,18,42,787334f7857fa54f29027a7f09c30e895ad486ef
DEF_SD3_078,DEF_SD3_078_7030f73de9cd.jpg,SD3,Defactify_SD3,Stable_Diffusion_3,AI,1,3,Defactify_val_shard_1_row_4480,There are four sheep in the grassy field. ,1024,1024,191092,7030f73de9cdccd7f810d478b17e26a9603b34c6b3ce4617a5e03d3e41458a6f,e58c1a73f8a4275a,14,42,787334f7857fa54f29027a7f09c30e895ad486ef
DEF_SD3_079,DEF_SD3_079_dc9b8925bcc6.jpg,SD3,Defactify_SD3,Stable_Diffusion_3,AI,1,3,Defactify_val_shard_1_row_3871,Railway crossing sign and vacant train tracks and road,1024,1024,220510,dc9b8925bcc682a4b0e43c52185b4d1f7e16aed49abba7d51e6d9f5bbf3d37ee,d6c1af294ad8f505,14,42,787334f7857fa54f29027a7f09c30e895ad486ef
DEF_SD3_080,DEF_SD3_080_e8062dc53f52.jpg,SD3,Defactify_SD3,Stable_Diffusion_3,AI,1,3,Defactify_val_shard_0_row_962,A giraffe stands beneath a tree beside a marina.,1024,1024,228043,e8062dc53f521f0702846076c6833d6fd96615b5e7d2da3f94e6be359490797c,b3247ce3c01eb31e,16,42,787334f7857fa54f29027a7f09c30e895ad486ef
DEF_SD3_081,DEF_SD3_081_4edee890b8a3.jpg,SD3,Defactify_SD3,Stable_Diffusion_3,AI,1,3,Defactify_val_shard_1_row_1269,A modern flatscreen television sits upon a nostalgic console model.,1024,1024,84900,4edee890b8a3a0ae883ada8fbf1cc7150d4e22baccad91ba232999cbbcb78c0d,bfbdc2c2d04ec2c2,16,42,787334f7857fa54f29027a7f09c30e895ad486ef
DEF_SD3_082,DEF_SD3_082_9f364eef8378.jpg,SD3,Defactify_SD3,Stable_Diffusion_3,AI,1,3,Defactify_val_shard_1_row_4053,A sink with a tooth brush and some other items.,1024,1024,59267,9f364eef83783dbb3bfd459b35edd84ef480a17a36774574f207e20d2ecff230,d5ac1a932fc2652b,12,42,787334f7857fa54f29027a7f09c30e895ad486ef
DEF_SD3_083,DEF_SD3_083_0734aa718637.jpg,SD3,Defactify_SD3,Stable_Diffusion_3,AI,1,3,Defactify_val_shard_1_row_1020,Old motor bike sitting on display in a museum. ,1024,1024,131106,0734aa718637fd8987a7d19901413bf74045565287012b29412c4ef844d63709,9a8dd512383f69c9,16,42,787334f7857fa54f29027a7f09c30e895ad486ef
DEF_SD3_084,DEF_SD3_084_9a92585d92ed.jpg,SD3,Defactify_SD3,Stable_Diffusion_3,AI,1,3,Defactify_val_shard_0_row_4231,The large green train is approaching a platform.,1024,1024,182251,9a92585d92ed6710095c1386cc751fbb58f7a27774ac5c6a92ee4947e0b576a7,b7056d4a7e8ac8a3,18,42,787334f7857fa54f29027a7f09c30e895ad486ef
DEF_SD3_085,DEF_SD3_085_d4e8b81c0e64.jpg,SD3,Defactify_SD3,Stable_Diffusion_3,AI,1,3,Defactify_val_shard_0_row_2248,A car is carrying several bikes on a bike rack.,1024,1024,123188,d4e8b81c0e649dfdf3df4840988cadda819e793d465110c7de1fa95cf24725d4,e79c8c61926ef129,16,42,787334f7857fa54f29027a7f09c30e895ad486ef
DEF_SD3_086,DEF_SD3_086_221c5562fa72.jpg,SD3,Defactify_SD3,Stable_Diffusion_3,AI,1,3,Defactify_val_shard_0_row_4282,a black and white cat a chair and some bicycles,1024,1024,99458,221c5562fa72a264dea4a17276beb09e93a0194bd679ffb493b8d561422a05dc,991c9c7dae336494,18,42,787334f7857fa54f29027a7f09c30e895ad486ef
DEF_SD3_087,DEF_SD3_087_955b2785fb1f.jpg,SD3,Defactify_SD3,Stable_Diffusion_3,AI,1,3,Defactify_val_shard_1_row_4323,"Cabinets, a sink, a dishwasher and a microwave in a kitchen.",1024,1024,84523,955b2785fb1fe03ab6cfd4363ef3de001108912640befb677ee2b2f031cbf196,deb2ccb92d6411d2,16,42,787334f7857fa54f29027a7f09c30e895ad486ef
DEF_SD3_088,DEF_SD3_088_e2cc23d50df2.jpg,SD3,Defactify_SD3,Stable_Diffusion_3,AI,1,3,Defactify_val_shard_1_row_671,Public toilet with the lid up and a garbage can nearby. ,1024,1024,153116,e2cc23d50df29e2f2f29e4247b96194b323de9280d1563ec5262142d072cdf38,d091afeccda2c271,12,42,787334f7857fa54f29027a7f09c30e895ad486ef
DEF_SD3_089,DEF_SD3_089_3d7e79c36e11.jpg,SD3,Defactify_SD3,Stable_Diffusion_3,AI,1,3,Defactify_val_shard_1_row_2893,A group of people riding on the back of motor bikes.,1024,1024,179612,3d7e79c36e117f318fa594017cbec6b11037bcc03107f61f90bc15a085e93177,f777e8688282c30f,16,42,787334f7857fa54f29027a7f09c30e895ad486ef
DEF_SD3_090,DEF_SD3_090_efc1fc9caae6.jpg,SD3,Defactify_SD3,Stable_Diffusion_3,AI,1,3,Defactify_val_shard_1_row_612,A man driving a car across an airport runway.,1024,1024,99068,efc1fc9caae6779209ce13f5a91d534e5b8bd26d73515f2948cfe37ab9d2d3e6,bdc0c02dbdd2c62d,12,42,787334f7857fa54f29027a7f09c30e895ad486ef
DEF_SD3_091,DEF_SD3_091_3844561c5995.jpg,SD3,Defactify_SD3,Stable_Diffusion_3,AI,1,3,Defactify_val_shard_0_row_4306,A guy sitting on his motorcycle while a woman stands beside him,1024,1024,152714,3844561c5995180b7fef20b4aac2365843657492b5c97b4392e9f555ce1c384e,b9d88723c61d9369,14,42,787334f7857fa54f29027a7f09c30e895ad486ef
DEF_SD3_092,DEF_SD3_092_9ae678ec07a1.jpg,SD3,Defactify_SD3,Stable_Diffusion_3,AI,1,3,Defactify_val_shard_0_row_3727,a gray bird about to perch on a branch,1024,1024,64032,9ae678ec07a1aa3d837e16eacaba2956a803db95f6cfd510735c37dbfe982ba8,b7c60c9b62d41d69,16,42,787334f7857fa54f29027a7f09c30e895ad486ef
DEF_SD3_093,DEF_SD3_093_508f37180b22.jpg,SD3,Defactify_SD3,Stable_Diffusion_3,AI,1,3,Defactify_val_shard_0_row_2065,A bathroom has a floating toilet and sink and a walk-in shower.,1024,1024,125393,508f37180b2283875aee49ad59a505a4bef3298eff8ead1902db199a657ad40a,d5d4399624cb1a67,18,42,787334f7857fa54f29027a7f09c30e895ad486ef
DEF_SD3_094,DEF_SD3_094_cd245ec31143.jpg,SD3,Defactify_SD3,Stable_Diffusion_3,AI,1,3,Defactify_val_shard_1_row_2545,A person standing on a loading platform next to a  train.,1024,1024,193529,cd245ec31143713dac431a2d4d6898c808849d9f9d5e14612e706da7fbd4be73,93adc48279f062be,16,42,787334f7857fa54f29027a7f09c30e895ad486ef
DEF_SD3_095,DEF_SD3_095_763a9757181d.jpg,SD3,Defactify_SD3,Stable_Diffusion_3,AI,1,3,Defactify_val_shard_0_row_1748,A woman taking a selfie while brushing her teeth with a tooth brush.,1024,1024,73416,763a9757181d47122bada930ff779f6e4648472f926b44a30e9faae608e80e32,a0807ecf67db0770,18,42,787334f7857fa54f29027a7f09c30e895ad486ef
DEF_SD3_096,DEF_SD3_096_13d6818cc5bf.jpg,SD3,Defactify_SD3,Stable_Diffusion_3,AI,1,3,Defactify_val_shard_1_row_556,a person standing on a side walk underneath a traffic light,1024,1024,140268,13d6818cc5bfd4ae5e8c156e12b12f734ca50e5612b4ab4d59336f2f98b4a542,c74dc9f3f2b01b01,16,42,787334f7857fa54f29027a7f09c30e895ad486ef
DEF_SD3_097,DEF_SD3_097_b84c7fb1673c.jpg,SD3,Defactify_SD3,Stable_Diffusion_3,AI,1,3,Defactify_val_shard_0_row_2745,a cloudy sky during a day with some overcast,1024,1024,31959,b84c7fb1673ce5f19fd0e7cd908e730e6392f27179ac078fd114286067bcd6d9,87c82ca46ad93eda,16,42,787334f7857fa54f29027a7f09c30e895ad486ef
DEF_SD3_098,DEF_SD3_098_b90a3233c880.jpg,SD3,Defactify_SD3,Stable_Diffusion_3,AI,1,3,Defactify_val_shard_1_row_1116,A motor bike stationary in a parking lot.,1024,1024,83686,b90a3233c88004f80237cc6bb2479b160c8c1db8ee80d375402f7d7df8726432,e843966c63939da6,14,42,787334f7857fa54f29027a7f09c30e895ad486ef
DEF_SD3_099,DEF_SD3_099_f054e42bcb9e.jpg,SD3,Defactify_SD3,Stable_Diffusion_3,AI,1,3,Defactify_val_shard_1_row_3940,A man riding a motor cycle down a race track.,1024,1024,104861,f054e42bcb9e09ec8dbb9b602e84195512bd9660da29958d17058b3faddba617,b62b4978f2c31ab8,14,42,787334f7857fa54f29027a7f09c30e895ad486ef
DEF_SD3_100,DEF_SD3_100_cf8537678c8f.jpg,SD3,Defactify_SD3,Stable_Diffusion_3,AI,1,3,Defactify_val_shard_0_row_647,a baby giraffe sniffs an adult giraffe ,1024,1024,140267,cf8537678c8f34ca3993e2669d4b1f888fee20a05542742c0ed3fbba8c4fb865,976005cfeba11e56,18,42,787334f7857fa54f29027a7f09c30e895ad486ef
DEF_MIDJOURNEY_V6_001,DEF_MIDJOURNEY_V6_001_c7c0a2a15ab9.jpg,MIDJOURNEY_V6,Defactify_Midjourney_v6,Midjourney_v6,AI,1,5,Defactify_val_shard_1_row_4174,People standing outside a train at a snowy train stop.,436,436,22397,c7c0a2a15ab91d7b302a05ffad582254c0888ec53a572baa204105420ee00aa6,d42da8ca2cd66735,16,42,787334f7857fa54f29027a7f09c30e895ad486ef
DEF_MIDJOURNEY_V6_002,DEF_MIDJOURNEY_V6_002_add96b61aa7f.jpg,MIDJOURNEY_V6,Defactify_Midjourney_v6,Midjourney_v6,AI,1,5,Defactify_val_shard_0_row_2977,A lamp with a shade sitting on top of an older model television.,436,436,19146,add96b61aa7f1b98e9959e5c1131cf15fd0f6489263363e2731089de306f64b6,f0d60af91fc01f61,16,42,787334f7857fa54f29027a7f09c30e895ad486ef
DEF_MIDJOURNEY_V6_003,DEF_MIDJOURNEY_V6_003_0d320729e955.jpg,MIDJOURNEY_V6,Defactify_Midjourney_v6,Midjourney_v6,AI,1,5,Defactify_val_shard_0_row_4250,A train on bridge passing over water with city in the background.,436,436,20230,0d320729e955719aca6a405f2ffc4a57a9c15b8a065d9c9c92bf3c606de31cc8,94cbe38cbd924c66,16,42,787334f7857fa54f29027a7f09c30e895ad486ef
DEF_MIDJOURNEY_V6_004,DEF_MIDJOURNEY_V6_004_97ef3ebb620f.jpg,MIDJOURNEY_V6,Defactify_Midjourney_v6,Midjourney_v6,AI,1,5,Defactify_val_shard_0_row_4399,a bunch of motorcycles are parked on the street together,436,436,32065,97ef3ebb620f09c739d7e1d4ffc5a6bdfa5158cdddab50634e245687c866697b,f919e11f04f68ec1,16,42,787334f7857fa54f29027a7f09c30e895ad486ef
DEF_MIDJOURNEY_V6_005,DEF_MIDJOURNEY_V6_005_d158abe0f610.jpg,MIDJOURNEY_V6,Defactify_Midjourney_v6,Midjourney_v6,AI,1,5,Defactify_val_shard_0_row_3800,a pink hat and a cellphone on some weaved basket,436,436,32054,d158abe0f6102b2b81eab546a21dce5fa4362f52cb0cfcb710deeab04da3cb09,ba43e3391854eb35,16,42,787334f7857fa54f29027a7f09c30e895ad486ef
DEF_MIDJOURNEY_V6_006,DEF_MIDJOURNEY_V6_006_083abb530afd.jpg,MIDJOURNEY_V6,Defactify_Midjourney_v6,Midjourney_v6,AI,1,5,Defactify_val_shard_1_row_3925,A woman holding a piece of chocolate cake at a table.,436,436,20761,083abb530afd0718b41a202407fb13de628a1583f9b7dee55748709a67734c42,87cbb345e5506a39,18,42,787334f7857fa54f29027a7f09c30e895ad486ef
DEF_MIDJOURNEY_V6_007,DEF_MIDJOURNEY_V6_007_730822f206a7.jpg,MIDJOURNEY_V6,Defactify_Midjourney_v6,Midjourney_v6,AI,1,5,Defactify_val_shard_1_row_3370,A picture of two people sitting on a bench.,436,436,31170,730822f206a7fe7b1a1eb525cd27304912c4675094270c79f3d90ce4f3fa3eae,b2971d6c47da9a90,14,42,787334f7857fa54f29027a7f09c30e895ad486ef
DEF_MIDJOURNEY_V6_008,DEF_MIDJOURNEY_V6_008_6fb65e6caab1.jpg,MIDJOURNEY_V6,Defactify_Midjourney_v6,Midjourney_v6,AI,1,5,Defactify_val_shard_0_row_2600,A runway has many old-fashioned planes and helicopters. ,436,436,23536,6fb65e6caab1ab116a93bbe3f2b537d1a5d0dcd54a06359125e9bd0899830399,99e8e696686364f2,16,42,787334f7857fa54f29027a7f09c30e895ad486ef
DEF_MIDJOURNEY_V6_009,DEF_MIDJOURNEY_V6_009_9af6740477cc.jpg,MIDJOURNEY_V6,Defactify_Midjourney_v6,Midjourney_v6,AI,1,5,Defactify_val_shard_0_row_1806,"A street sign above mailboxes in a snowy, icy winter scene.",436,436,30949,9af6740477cc3ede4fe0aaa8e0a208bdb2448cb56efc152f469d9fcf430e66b5,da423f72a4436ea5,18,42,787334f7857fa54f29027a7f09c30e895ad486ef
DEF_MIDJOURNEY_V6_010,DEF_MIDJOURNEY_V6_010_879a944042b5.jpg,MIDJOURNEY_V6,Defactify_Midjourney_v6,Midjourney_v6,AI,1,5,Defactify_val_shard_1_row_710,A bare kitchen in the midst of a paint job.,436,436,25439,879a944042b58204d065880e38399e17389869042d6f51c55fde5d34cfd3f7a8,8139460b7574de76,14,42,787334f7857fa54f29027a7f09c30e895ad486ef
DEF_MIDJOURNEY_V6_011,DEF_MIDJOURNEY_V6_011_d7ca7f17e17f.jpg,MIDJOURNEY_V6,Defactify_Midjourney_v6,Midjourney_v6,AI,1,5,Defactify_val_shard_0_row_3945,Man taking a photograph of a black and silver motorcycle. ,436,436,32074,d7ca7f17e17fa156fe971226608597571320a5fd0401bb69687e6d12f51c8d08,9f5c8873d70ce0aa,14,42,787334f7857fa54f29027a7f09c30e895ad486ef
DEF_MIDJOURNEY_V6_012,DEF_MIDJOURNEY_V6_012_f5ff12e8f65e.jpg,MIDJOURNEY_V6,Defactify_Midjourney_v6,Midjourney_v6,AI,1,5,Defactify_val_shard_1_row_1913,this is a cat on a chair with a hat,436,436,26923,f5ff12e8f65e50c29f9cf475514e470013430a7c1f5e6216efc61cb2b27605d1,869a32c569622f6f,14,42,787334f7857fa54f29027a7f09c30e895ad486ef
DEF_MIDJOURNEY_V6_013,DEF_MIDJOURNEY_V6_013_380cfee4a37b.jpg,MIDJOURNEY_V6,Defactify_Midjourney_v6,Midjourney_v6,AI,1,5,Defactify_val_shard_0_row_2120,"There is a tub, a sink, and a shower inside a bathroom.",436,436,26283,380cfee4a37b730e1c6f9c30ee4c430b1ada15fcf871d988dc277789938caa2f,98bd6e6ac21d98b1,16,42,787334f7857fa54f29027a7f09c30e895ad486ef
DEF_MIDJOURNEY_V6_014,DEF_MIDJOURNEY_V6_014_4ec52b95df46.jpg,MIDJOURNEY_V6,Defactify_Midjourney_v6,Midjourney_v6,AI,1,5,Defactify_val_shard_1_row_3916,there is a old rusted train sitting on the ground,436,436,25570,4ec52b95df46357bf20ea39b780bf91382c076f431d66bc258d8cc692baf86ba,91918bea4af4fc98,16,42,787334f7857fa54f29027a7f09c30e895ad486ef
DEF_MIDJOURNEY_V6_015,DEF_MIDJOURNEY_V6_015_7da3016f2110.jpg,MIDJOURNEY_V6,Defactify_Midjourney_v6,Midjourney_v6,AI,1,5,Defactify_val_shard_1_row_2046,A toilet and container in a small room.,436,436,20952,7da3016f2110c8dc03db636b0633b7a4931459a4a2e09ab8e544b075e4932889,c8d8ce3b706e322e,16,42,787334f7857fa54f29027a7f09c30e895ad486ef
DEF_MIDJOURNEY_V6_016,DEF_MIDJOURNEY_V6_016_2a8d1e173343.jpg,MIDJOURNEY_V6,Defactify_Midjourney_v6,Midjourney_v6,AI,1,5,Defactify_val_shard_1_row_3080,A city street at night filled with lots of traffic.,436,436,32141,2a8d1e17334364608d5012cf1c800d358b5cd8b9f69c7a432aa14d231f360389,c61861635e541ff9,18,42,787334f7857fa54f29027a7f09c30e895ad486ef
DEF_MIDJOURNEY_V6_017,DEF_MIDJOURNEY_V6_017_7cbca3516256.jpg,MIDJOURNEY_V6,Defactify_Midjourney_v6,Midjourney_v6,AI,1,5,Defactify_val_shard_0_row_2721,"2 people take a stroll, as a stop sign looms in the foreground.",436,436,34917,7cbca35162561ce460455fbe20b58125ca2ae0517c759320b9fd4a58d25eb6b8,c092ee3948c47f1f,16,42,787334f7857fa54f29027a7f09c30e895ad486ef
DEF_MIDJOURNEY_V6_018,DEF_MIDJOURNEY_V6_018_bb36f6975add.jpg,MIDJOURNEY_V6,Defactify_Midjourney_v6,Midjourney_v6,AI,1,5,Defactify_val_shard_0_row_2765,A living room with a couch next to a  table and a lamp.,436,436,18497,bb36f6975addb11df6ebdae467449ecbf6017775ae3d66468520a4692c4f8264,c2c959b6ee09b661,16,42,787334f7857fa54f29027a7f09c30e895ad486ef
DEF_MIDJOURNEY_V6_019,DEF_MIDJOURNEY_V6_019_a42ef1c268a4.jpg,MIDJOURNEY_V6,Defactify_Midjourney_v6,Midjourney_v6,AI,1,5,Defactify_val_shard_1_row_1303,A metal pole with two blue street signs mounted two the top of it.,436,436,30717,a42ef1c268a4f60e5d112687d9ddca82f26a772e361cb81083f1fbb28fd46387,97b73642c8cf6544,16,42,787334f7857fa54f29027a7f09c30e895ad486ef
DEF_MIDJOURNEY_V6_020,DEF_MIDJOURNEY_V6_020_e01d28cdd19b.jpg,MIDJOURNEY_V6,Defactify_Midjourney_v6,Midjourney_v6,AI,1,5,Defactify_val_shard_0_row_3716,there is a cat that is standing near the water,436,436,28292,e01d28cdd19b40e2254f929f842c8a3fe4190dc1e4ec720566d995211eccf520,c6c1cfc419c7e03b,16,42,787334f7857fa54f29027a7f09c30e895ad486ef
DEF_MIDJOURNEY_V6_021,DEF_MIDJOURNEY_V6_021_94ee6ed99c06.jpg,MIDJOURNEY_V6,Defactify_Midjourney_v6,Midjourney_v6,AI,1,5,Defactify_val_shard_0_row_3835,Giraffes and zebra watching a zookeeper in their enclosure.,436,436,26253,94ee6ed99c06d7b09701f471094973b693bad7468cd4e9abc646d1770af9eda0,90c1c395be53b16b,16,42,787334f7857fa54f29027a7f09c30e895ad486ef
DEF_MIDJOURNEY_V6_022,DEF_MIDJOURNEY_V6_022_ff2aa07d675c.jpg,MIDJOURNEY_V6,Defactify_Midjourney_v6,Midjourney_v6,AI,1,5,Defactify_val_shard_0_row_2937,A row of United States Army military fighter jets.,436,436,21825,ff2aa07d675cf4877de1039581f75e81e269fbba393957d1413b03ec772e29f9,ddd7cde208825a5c,16,42,787334f7857fa54f29027a7f09c30e895ad486ef
DEF_MIDJOURNEY_V6_023,DEF_MIDJOURNEY_V6_023_7b23cdb35843.jpg,MIDJOURNEY_V6,Defactify_Midjourney_v6,Midjourney_v6,AI,1,5,Defactify_val_shard_0_row_1512,A person standing in the kitchen holding a ladle above a bowl while reading a book.,436,436,27958,7b23cdb3584321c253957864e3a566516d834348a5fa971cdfafe60195f9e471,919707c69c932779,12,42,787334f7857fa54f29027a7f09c30e895ad486ef
DEF_MIDJOURNEY_V6_024,DEF_MIDJOURNEY_V6_024_63aa38506767.jpg,MIDJOURNEY_V6,Defactify_Midjourney_v6,Midjourney_v6,AI,1,5,Defactify_val_shard_1_row_2755,A person flipping of a parking meter on the side of a road.,436,436,19818,63aa38506767cc76674a23559017aaa3dc308637869883c467216f2410ce49fb,e6fc180368fa19e9,16,42,787334f7857fa54f29027a7f09c30e895ad486ef
DEF_MIDJOURNEY_V6_025,DEF_MIDJOURNEY_V6_025_36954d34a698.jpg,MIDJOURNEY_V6,Defactify_Midjourney_v6,Midjourney_v6,AI,1,5,Defactify_val_shard_0_row_272,a yellow and blue fire hydrant by the curb,436,436,23513,36954d34a698d47a1678bd3f8266185d5d4c6e5e3d6ba2b4a1cebad0628a6cb1,b1083c367a7dc273,16,42,787334f7857fa54f29027a7f09c30e895ad486ef
DEF_MIDJOURNEY_V6_026,DEF_MIDJOURNEY_V6_026_4263a0b54a30.jpg,MIDJOURNEY_V6,Defactify_Midjourney_v6,Midjourney_v6,AI,1,5,Defactify_val_shard_0_row_3921,A man with a red neck tie and a gray jacket.,436,436,18514,4263a0b54a303d35a0777975975d1525ee185e900b87884d57b733da3b0f953e,c02dd3e42bdc5897,16,42,787334f7857fa54f29027a7f09c30e895ad486ef
DEF_MIDJOURNEY_V6_027,DEF_MIDJOURNEY_V6_027_3ccdaa317734.jpg,MIDJOURNEY_V6,Defactify_Midjourney_v6,Midjourney_v6,AI,1,5,Defactify_val_shard_0_row_1510,This but has a movie advertisement on the back.,436,436,42677,3ccdaa317734294a60cffa66fd17ff4adf9b03f4824b981d9ff4939551e08203,91c98ecf5a1276ca,16,42,787334f7857fa54f29027a7f09c30e895ad486ef
DEF_MIDJOURNEY_V6_028,DEF_MIDJOURNEY_V6_028_884e07c4b2c8.jpg,MIDJOURNEY_V6,Defactify_Midjourney_v6,Midjourney_v6,AI,1,5,Defactify_val_shard_0_row_1224,An airplane flying through the gray sky with smoke pouring out it's back.,436,436,11404,884e07c4b2c8a46c5d1085b76aedc8f840e32cc92dea9fba33707a18374c847d,e7d02c673216cf92,14,42,787334f7857fa54f29027a7f09c30e895ad486ef
DEF_MIDJOURNEY_V6_029,DEF_MIDJOURNEY_V6_029_02e8616c5644.jpg,MIDJOURNEY_V6,Defactify_Midjourney_v6,Midjourney_v6,AI,1,5,Defactify_val_shard_0_row_3705,A blurry motion picture of a person doing a wheelie on a motorcycle.,436,436,21164,02e8616c564477227962f05dec046664e3918773b4bb8bcc301fac934deb2565,d1c1cc8e46bab87a,16,42,787334f7857fa54f29027a7f09c30e895ad486ef
DEF_MIDJOURNEY_V6_030,DEF_MIDJOURNEY_V6_030_b2fe98a08153.jpg,MIDJOURNEY_V6,Defactify_Midjourney_v6,Midjourney_v6,AI,1,5,Defactify_val_shard_0_row_2953,A motor bike stationary in a parking lot.,436,436,23970,b2fe98a08153fe042ff0c5c2a81383195e7bbc593bfdf904ea6488bc668d3ab2,dadbbc7c1a008af1,18,42,787334f7857fa54f29027a7f09c30e895ad486ef
DEF_MIDJOURNEY_V6_031,DEF_MIDJOURNEY_V6_031_15e2fd06902a.jpg,MIDJOURNEY_V6,Defactify_Midjourney_v6,Midjourney_v6,AI,1,5,Defactify_val_shard_1_row_2551,A bathroom sink sitting underneath a mirror mounted on it's wall.,436,436,22992,15e2fd06902a4c235d99efd36749726190435c25aac8503f09a46628681eb9ba,ae314f96e10b35ca,18,42,787334f7857fa54f29027a7f09c30e895ad486ef
DEF_MIDJOURNEY_V6_032,DEF_MIDJOURNEY_V6_032_deeeea7642fa.jpg,MIDJOURNEY_V6,Defactify_Midjourney_v6,Midjourney_v6,AI,1,5,Defactify_val_shard_1_row_3764,Two brown horses standing in front of a red brick building.,436,436,28701,deeeea7642fa12546b1828ae969e3f4775d45b4d3c49af2647aea5df2df859ae,95eeba634590c6e8,14,42,787334f7857fa54f29027a7f09c30e895ad486ef
DEF_MIDJOURNEY_V6_033,DEF_MIDJOURNEY_V6_033_918674e7c95a.jpg,MIDJOURNEY_V6,Defactify_Midjourney_v6,Midjourney_v6,AI,1,5,Defactify_val_shard_1_row_1668,A blue double decker bus driving down a street.,436,436,34004,918674e7c95a6275191db0a54a3f5ddf78b9ae06ada7b65e79c82e3b67b9c5e7,b8983777e988ce44,16,42,787334f7857fa54f29027a7f09c30e895ad486ef
DEF_MIDJOURNEY_V6_034,DEF_MIDJOURNEY_V6_034_c7a7d57709c4.jpg,MIDJOURNEY_V6,Defactify_Midjourney_v6,Midjourney_v6,AI,1,5,Defactify_val_shard_0_row_2607,A yellow and blue bus parked at the end of a street.,436,436,34189,c7a7d57709c4e6a96a4b260e7b2d6f47c4a6d5fd7d9f1b7f179729504f3c1748,9d95e040b999da37,16,42,787334f7857fa54f29027a7f09c30e895ad486ef
DEF_MIDJOURNEY_V6_035,DEF_MIDJOURNEY_V6_035_a32cbbbc877f.jpg,MIDJOURNEY_V6,Defactify_Midjourney_v6,Midjourney_v6,AI,1,5,Defactify_val_shard_1_row_1272,People walking outside of a red brick building.,436,436,34725,a32cbbbc877fdb0ce85251451784808d875298459b3495589ef17feb8bbac5e8,9496e954e24dea6a,18,42,787334f7857fa54f29027a7f09c30e895ad486ef
DEF_MIDJOURNEY_V6_036,DEF_MIDJOURNEY_V6_036_fb682464126a.jpg,MIDJOURNEY_V6,Defactify_Midjourney_v6,Midjourney_v6,AI,1,5,Defactify_val_shard_0_row_1541,The red fire hydrant is next to a caution partition.,436,436,21814,fb682464126aeaa099194a458575ec43bf8116f904dc628c44badf388e5c1d6f,e646292d3b8d13e6,16,42,787334f7857fa54f29027a7f09c30e895ad486ef
DEF_MIDJOURNEY_V6_037,DEF_MIDJOURNEY_V6_037_cd6ecee46d29.jpg,MIDJOURNEY_V6,Defactify_Midjourney_v6,Midjourney_v6,AI,1,5,Defactify_val_shard_0_row_1635,Two buses driving by people in a city.,436,436,26329,cd6ecee46d29fd96b709a92c092b537d5c7ce98870b3459ef68c997ba25cb611,d933246ce6b33338,16,42,787334f7857fa54f29027a7f09c30e895ad486ef
DEF_MIDJOURNEY_V6_038,DEF_MIDJOURNEY_V6_038_5c7305efd635.jpg,MIDJOURNEY_V6,Defactify_Midjourney_v6,Midjourney_v6,AI,1,5,Defactify_val_shard_1_row_1206,A person is racing around a track on a motorcycle.,436,436,22883,5c7305efd63589f6820712b8b5bac21d19159438d1eca408c77aa417faedf922,d7e3689e0475949c,16,42,787334f7857fa54f29027a7f09c30e895ad486ef
DEF_MIDJOURNEY_V6_039,DEF_MIDJOURNEY_V6_039_8b634dffd4cf.jpg,MIDJOURNEY_V6,Defactify_Midjourney_v6,Midjourney_v6,AI,1,5,Defactify_val_shard_0_row_2426,A black refrigerator freezer sitting next to a dishwasher.,436,436,16954,8b634dffd4cfecd29552b43f1cf243dfeeed4166a6a84ad6ed2294c713a8fbb5,fdaca12181a9ab79,16,42,787334f7857fa54f29027a7f09c30e895ad486ef
DEF_MIDJOURNEY_V6_040,DEF_MIDJOURNEY_V6_040_b3eb1392f20f.jpg,MIDJOURNEY_V6,Defactify_Midjourney_v6,Midjourney_v6,AI,1,5,Defactify_val_shard_1_row_2623,a toilet sits next to a shower an sink ,436,436,24985,b3eb1392f20f7f2b86845c0aafa6058db878e3a63d6f055ba4538a7fd36d2ee3,cebb5b300e49a792,18,42,787334f7857fa54f29027a7f09c30e895ad486ef
DEF_MIDJOURNEY_V6_041,DEF_MIDJOURNEY_V6_041_0657ba65fb86.jpg,MIDJOURNEY_V6,Defactify_Midjourney_v6,Midjourney_v6,AI,1,5,Defactify_val_shard_1_row_714,A group of scattered sheep move down a country path.,436,436,26555,0657ba65fb86bc530e4417bf0e4f231ad380e6a1006787a241995fd790682de9,cbcbc3c9cdb230a1,16,42,787334f7857fa54f29027a7f09c30e895ad486ef
DEF_MIDJOURNEY_V6_042,DEF_MIDJOURNEY_V6_042_ec0958e2ba5e.jpg,MIDJOURNEY_V6,Defactify_Midjourney_v6,Midjourney_v6,AI,1,5,Defactify_val_shard_1_row_3090,A shop that has many bikes of all kinds. ,436,436,33821,ec0958e2ba5eb69e1e161ee4ebd048d24f321ce8f7ebef81a2db1e46cc6250fe,aa7517314b154e6d,18,42,787334f7857fa54f29027a7f09c30e895ad486ef
DEF_MIDJOURNEY_V6_043,DEF_MIDJOURNEY_V6_043_c4ca091bf9af.jpg,MIDJOURNEY_V6,Defactify_Midjourney_v6,Midjourney_v6,AI,1,5,Defactify_val_shard_1_row_1063,The trolley is picking up passengers along the road.,436,436,35879,c4ca091bf9af4eae61a726f64eb3407088cbf5e43dbf605934a1a6631a3a6571,96c8e126f337b807,18,42,787334f7857fa54f29027a7f09c30e895ad486ef
DEF_MIDJOURNEY_V6_044,DEF_MIDJOURNEY_V6_044_884061952265.jpg,MIDJOURNEY_V6,Defactify_Midjourney_v6,Midjourney_v6,AI,1,5,Defactify_val_shard_1_row_1871,A number of benches at the beach and a boat in the sea,436,436,29095,8840619522650f12ecb4b994c63e4a8262c2cc5f72c43df336d7aa5715fd6c3d,fed5c0eb90baa068,12,42,787334f7857fa54f29027a7f09c30e895ad486ef
DEF_MIDJOURNEY_V6_045,DEF_MIDJOURNEY_V6_045_ac5aa31b5504.jpg,MIDJOURNEY_V6,Defactify_Midjourney_v6,Midjourney_v6,AI,1,5,Defactify_val_shard_0_row_4274,a close up of a bowl with wood and screws inside,436,436,23857,ac5aa31b5504606df943d31e80653c8db539e898012cd91df40ddbd812d8bf52,82e23e95a972d695,16,42,787334f7857fa54f29027a7f09c30e895ad486ef
DEF_MIDJOURNEY_V6_046,DEF_MIDJOURNEY_V6_046_4773981b6856.jpg,MIDJOURNEY_V6,Defactify_Midjourney_v6,Midjourney_v6,AI,1,5,Defactify_val_shard_1_row_963,A man poses with a yellow bicycle and a banana. ,436,436,26491,4773981b685663ace92f69f58bdd2fd9212a36f7fc130fe3deb4bb642bec300d,a3f2cdcc0f8cdc60,16,42,787334f7857fa54f29027a7f09c30e895ad486ef
DEF_MIDJOURNEY_V6_047,DEF_MIDJOURNEY_V6_047_7ceeb4cff85c.jpg,MIDJOURNEY_V6,Defactify_Midjourney_v6,Midjourney_v6,AI,1,5,Defactify_val_shard_0_row_3851,A chair and table with two monitor screens,436,436,22088,7ceeb4cff85c5912941dd417d485bf47a9455197428ee4f6f8507709fadb2472,c4d8c3437c1f5f28,14,42,787334f7857fa54f29027a7f09c30e895ad486ef
DEF_MIDJOURNEY_V6_048,DEF_MIDJOURNEY_V6_048_fe24920a2ce8.jpg,MIDJOURNEY_V6,Defactify_Midjourney_v6,Midjourney_v6,AI,1,5,Defactify_val_shard_0_row_2759,A sink is under a mirror with bottles of soap and lotion.,436,436,17558,fe24920a2ce839db8ccb0fca3e985076aac86fc7489d2ff00f9e9993cb1d44e7,ecec2dc37252a52c,18,42,787334f7857fa54f29027a7f09c30e895ad486ef
DEF_MIDJOURNEY_V6_049,DEF_MIDJOURNEY_V6_049_dffdb3a2e8d3.jpg,MIDJOURNEY_V6,Defactify_Midjourney_v6,Midjourney_v6,AI,1,5,Defactify_val_shard_1_row_2419,A lone toilet sits in a large bathroom.,436,436,17448,dffdb3a2e8d3acbfe3ec48dd8243e8c9b46308509c1b6f9973282cc28d284e8c,d8dc8d7ea26232c9,16,42,787334f7857fa54f29027a7f09c30e895ad486ef
DEF_MIDJOURNEY_V6_050,DEF_MIDJOURNEY_V6_050_1c05c8468451.jpg,MIDJOURNEY_V6,Defactify_Midjourney_v6,Midjourney_v6,AI,1,5,Defactify_val_shard_0_row_3123,"The bathroom has white and green tiles on the wall, and green tiles on the floor, along with a white porcelain toilette, and a white garden style tub with a shower hook up.",436,436,23043,1c05c8468451836588c9c9f0e055dbc0253763452600123a4191376b4eacdcd7,b1996e8c29a74a6d,14,42,787334f7857fa54f29027a7f09c30e895ad486ef
DEF_MIDJOURNEY_V6_051,DEF_MIDJOURNEY_V6_051_7e4080f8f4a3.jpg,MIDJOURNEY_V6,Defactify_Midjourney_v6,Midjourney_v6,AI,1,5,Defactify_val_shard_0_row_1284,A group of people on mopeds in a busy street.,436,436,26496,7e4080f8f4a3b3b5964d82074051ecce3ab3934a5da1119fe31f1e927e6e2f32,f3945c62ad1c1e5a,16,42,787334f7857fa54f29027a7f09c30e895ad486ef
DEF_MIDJOURNEY_V6_052,DEF_MIDJOURNEY_V6_052_f0bff85c58b4.jpg,MIDJOURNEY_V6,Defactify_Midjourney_v6,Midjourney_v6,AI,1,5,Defactify_val_shard_1_row_4008,A toilet in a restroom next to a toilet paper dispenser,436,436,18113,f0bff85c58b433e63bd6ef1151d3cadc5d40e5501b4b5749e4ebc369f5472094,c06c6c7ab46b319b,16,42,787334f7857fa54f29027a7f09c30e895ad486ef
DEF_MIDJOURNEY_V6_053,DEF_MIDJOURNEY_V6_053_1aadccddc6e1.jpg,MIDJOURNEY_V6,Defactify_Midjourney_v6,Midjourney_v6,AI,1,5,Defactify_val_shard_0_row_48,A pair of giraffe walking around in a zoo exhibit.,436,436,36377,1aadccddc6e106f3c4dc9787bde913c971542b4977c592b33fe7a9be32e2f119,e67cc123837ca3d4,16,42,787334f7857fa54f29027a7f09c30e895ad486ef
DEF_MIDJOURNEY_V6_054,DEF_MIDJOURNEY_V6_054_dd649335709b.jpg,MIDJOURNEY_V6,Defactify_Midjourney_v6,Midjourney_v6,AI,1,5,Defactify_val_shard_0_row_2111,A bright white enamel bathroom with a checked floor.,436,436,19476,dd649335709bcc70a2806eb3f39ee88e243d9cadf63ca1a003835b432b2eaabf,cd9b64025736cf31,16,42,787334f7857fa54f29027a7f09c30e895ad486ef
DEF_MIDJOURNEY_V6_055,DEF_MIDJOURNEY_V6_055_3fdc33a43562.jpg,MIDJOURNEY_V6,Defactify_Midjourney_v6,Midjourney_v6,AI,1,5,Defactify_val_shard_0_row_3426,a bathroom with a sink and a toilet,436,436,15978,3fdc33a435624fb8c9ba5010f7ed1957990d2026e789f84edb2b4508fe645934,cb6a1c509467e799,16,42,787334f7857fa54f29027a7f09c30e895ad486ef
DEF_MIDJOURNEY_V6_056,DEF_MIDJOURNEY_V6_056_767466915271.jpg,MIDJOURNEY_V6,Defactify_Midjourney_v6,Midjourney_v6,AI,1,5,Defactify_val_shard_1_row_3115,Three red double decker buses parked side by side.,436,436,30452,7674669152715177ef768cafe69a55cf7c9e727fb5c5c9413c97b7c7d71adc93,97d7b52f6f520802,18,42,787334f7857fa54f29027a7f09c30e895ad486ef
DEF_MIDJOURNEY_V6_057,DEF_MIDJOURNEY_V6_057_fc3f243de7be.jpg,MIDJOURNEY_V6,Defactify_Midjourney_v6,Midjourney_v6,AI,1,5,Defactify_val_shard_0_row_660,An American Airlines airplane is sitting on the runway,436,436,18046,fc3f243de7be3181354b225c114e2bde877549030e74d324818997e7e9415b83,d3985b343cb63c58,16,42,787334f7857fa54f29027a7f09c30e895ad486ef
DEF_MIDJOURNEY_V6_058,DEF_MIDJOURNEY_V6_058_001dbe47a7b9.jpg,MIDJOURNEY_V6,Defactify_Midjourney_v6,Midjourney_v6,AI,1,5,Defactify_val_shard_0_row_3612,Two toilets that are sitting on a tile floor.,436,436,24561,001dbe47a7b99374bc439d15b99be396805f2db955899067530066c13aa080c2,978c8e7ba19da04d,16,42,787334f7857fa54f29027a7f09c30e895ad486ef
DEF_MIDJOURNEY_V6_059,DEF_MIDJOURNEY_V6_059_dcc0139d8418.jpg,MIDJOURNEY_V6,Defactify_Midjourney_v6,Midjourney_v6,AI,1,5,Defactify_val_shard_0_row_3946,"A close up of a fire hydrant, near a house.",436,436,25641,dcc0139d8418981ca224c874c96d962b4a8a8dd38bb0e749bc8ae97c2ef006b7,e3e9c8490c1d9dda,16,42,787334f7857fa54f29027a7f09c30e895ad486ef
DEF_MIDJOURNEY_V6_060,DEF_MIDJOURNEY_V6_060_e98db952370b.jpg,MIDJOURNEY_V6,Defactify_Midjourney_v6,Midjourney_v6,AI,1,5,Defactify_val_shard_0_row_1368,A three way sign is posted on an outdoor pole.,436,436,20164,e98db952370be6a04f001802c0fdbf31def22e4cc11ec0e5727d8b043e17c40e,a3bc974b93924b83,16,42,787334f7857fa54f29027a7f09c30e895ad486ef
DEF_MIDJOURNEY_V6_061,DEF_MIDJOURNEY_V6_061_04cca1dd9129.jpg,MIDJOURNEY_V6,Defactify_Midjourney_v6,Midjourney_v6,AI,1,5,Defactify_val_shard_0_row_487,A large kitchen with a stove and a sink.,436,436,25700,04cca1dd91290e76507d2192d7755c0f9ba7175899a168a69bf0e9fd281ea2c7,8d6599e1ce7b8942,18,42,787334f7857fa54f29027a7f09c30e895ad486ef
DEF_MIDJOURNEY_V6_062,DEF_MIDJOURNEY_V6_062_3ab38c8ea545.jpg,MIDJOURNEY_V6,Defactify_Midjourney_v6,Midjourney_v6,AI,1,5,Defactify_val_shard_0_row_1395,A large black bird wings spread flying over the woods,436,436,21578,3ab38c8ea54536a3f9d0fb2b012c356c375935b1041fcc53b292aa4906aba99e,8dced8b664694bc1,14,42,787334f7857fa54f29027a7f09c30e895ad486ef
DEF_MIDJOURNEY_V6_063,DEF_MIDJOURNEY_V6_063_d800e49dd9ea.jpg,MIDJOURNEY_V6,Defactify_Midjourney_v6,Midjourney_v6,AI,1,5,Defactify_val_shard_1_row_3971,This intersection has more pedestrians than vehicles near it.,436,436,34535,d800e49dd9ea4183611c8307d698e4c94f9de34207ffe61d977afa53e9f6c1ff,e60448cd6b551cf7,18,42,787334f7857fa54f29027a7f09c30e895ad486ef
DEF_MIDJOURNEY_V6_064,DEF_MIDJOURNEY_V6_064_9de7575f5534.jpg,MIDJOURNEY_V6,Defactify_Midjourney_v6,Midjourney_v6,AI,1,5,Defactify_val_shard_0_row_4363,A large giraffe standing next to a man pushing a bail of hay on a cart.,436,436,24691,9de7575f5534be118a57167b64318f158474b8b0f7f9fc1f6163945ac066a6f2,a03fab60e736d232,16,42,787334f7857fa54f29027a7f09c30e895ad486ef
DEF_MIDJOURNEY_V6_065,DEF_MIDJOURNEY_V6_065_a8812a0631b7.jpg,MIDJOURNEY_V6,Defactify_Midjourney_v6,Midjourney_v6,AI,1,5,Defactify_val_shard_0_row_3166,A dog is in a bathroom with chewed toilet paper.  ,436,436,24496,a8812a0631b790b04cb916e8d2e368313ba6bec018546a50f545291d81b7626f,ec2d9bf26891223d,16,42,787334f7857fa54f29027a7f09c30e895ad486ef
DEF_MIDJOURNEY_V6_066,DEF_MIDJOURNEY_V6_066_074f158ce9ae.jpg,MIDJOURNEY_V6,Defactify_Midjourney_v6,Midjourney_v6,AI,1,5,Defactify_val_shard_1_row_2494,A white and red traffic sign on top of a metal pole.,436,436,12381,074f158ce9ae9ef48065a5c7f65e3f48a9f218617de9bd697650b44125d42117,f7a04bda8dc83265,16,42,787334f7857fa54f29027a7f09c30e895ad486ef
DEF_MIDJOURNEY_V6_067,DEF_MIDJOURNEY_V6_067_1b30f0d10d0e.jpg,MIDJOURNEY_V6,Defactify_Midjourney_v6,Midjourney_v6,AI,1,5,Defactify_val_shard_0_row_2499,A group of people riding on the back of a tour bus,436,436,17189,1b30f0d10d0e8421058c641efef65e71819cb01d9cc27ce98c3509a0310754ea,ef10963ff0840f72,14,42,787334f7857fa54f29027a7f09c30e895ad486ef
DEF_MIDJOURNEY_V6_068,DEF_MIDJOURNEY_V6_068_800ad8a873f8.jpg,MIDJOURNEY_V6,Defactify_Midjourney_v6,Midjourney_v6,AI,1,5,Defactify_val_shard_0_row_1898,A city with a river in the middle with boats docked,436,436,31561,800ad8a873f898164bfe1f4fc2f4046071e53c2fe3775cf517e76157e39157e2,cefae09c3c142375,16,42,787334f7857fa54f29027a7f09c30e895ad486ef
DEF_MIDJOURNEY_V6_069,DEF_MIDJOURNEY_V6_069_789cceb9fb08.jpg,MIDJOURNEY_V6,Defactify_Midjourney_v6,Midjourney_v6,AI,1,5,Defactify_val_shard_1_row_4304,Two men walking through a field next to a large jet liner.,436,436,21852,789cceb9fb0825d2063b6ce0a01af520a300e48e93b146f6dd98eed1b3218cad,b99c1e0cb19a4d79,12,42,787334f7857fa54f29027a7f09c30e895ad486ef
DEF_MIDJOURNEY_V6_070,DEF_MIDJOURNEY_V6_070_ecc873c81532.jpg,MIDJOURNEY_V6,Defactify_Midjourney_v6,Midjourney_v6,AI,1,5,Defactify_val_shard_1_row_2296,The cat is sitting beneath a motor bike.,436,436,22910,ecc873c81532ebecfc84fa0daf01eabec0c003c53cc3c615007971705aa79ac0,b3598568d0b68f66,16,42,787334f7857fa54f29027a7f09c30e895ad486ef
DEF_MIDJOURNEY_V6_071,DEF_MIDJOURNEY_V6_071_27bf93752a3f.jpg,MIDJOURNEY_V6,Defactify_Midjourney_v6,Midjourney_v6,AI,1,5,Defactify_val_shard_1_row_2888,A couple of cats sleeping on a car hood.,436,436,24238,27bf93752a3f9df1c50fe8d753caa006467828c6e3d11ea1da573c6a6d944d94,ccc8e83450fb73b4,18,42,787334f7857fa54f29027a7f09c30e895ad486ef
DEF_MIDJOURNEY_V6_072,DEF_MIDJOURNEY_V6_072_ffa980d610dc.jpg,MIDJOURNEY_V6,Defactify_Midjourney_v6,Midjourney_v6,AI,1,5,Defactify_val_shard_0_row_437,A metal sink with a cupboard of knives sitting on it. ,436,436,25631,ffa980d610dccbcdd106d9d0d2bbfb4b2f3c1c1a595a2f5f6dcd884eb67702bf,ea899c9cf1909e4b,16,42,787334f7857fa54f29027a7f09c30e895ad486ef
DEF_MIDJOURNEY_V6_073,DEF_MIDJOURNEY_V6_073_5cf228db11ca.jpg,MIDJOURNEY_V6,Defactify_Midjourney_v6,Midjourney_v6,AI,1,5,Defactify_val_shard_1_row_1875,A bathroom with two sinks and a shower.,436,436,20960,5cf228db11ca311a3593d2344b57480ee42f01ad0cca99a19daafd69d10960e0,92339552bf906ec6,18,42,787334f7857fa54f29027a7f09c30e895ad486ef
DEF_MIDJOURNEY_V6_074,DEF_MIDJOURNEY_V6_074_484e1596b9c9.jpg,MIDJOURNEY_V6,Defactify_Midjourney_v6,Midjourney_v6,AI,1,5,Defactify_val_shard_0_row_1651,Motorcycles driving down a wide city street nearing a white building.,436,436,24093,484e1596b9c9f05d8387ad651fb9d67bd645a5d0902e5db774de8ccfcca876ab,9d9dc7ca3c2095d8,16,42,787334f7857fa54f29027a7f09c30e895ad486ef
DEF_MIDJOURNEY_V6_075,DEF_MIDJOURNEY_V6_075_e9a5623f4805.jpg,MIDJOURNEY_V6,Defactify_Midjourney_v6,Midjourney_v6,AI,1,5,Defactify_val_shard_1_row_2692,"A picture of two giraffes, fairly close to a road, with a bus traveling up it.",436,436,31029,e9a5623f4805bb340c496741a9219dbd79393c539dc2c24b27a79770912b3d2e,d4d6fdc595804479,14,42,787334f7857fa54f29027a7f09c30e895ad486ef
DEF_MIDJOURNEY_V6_076,DEF_MIDJOURNEY_V6_076_4c45a4380ff2.jpg,MIDJOURNEY_V6,Defactify_Midjourney_v6,Midjourney_v6,AI,1,5,Defactify_val_shard_1_row_1118,A large long train on a steel track near a barn.,436,436,20333,4c45a4380ff25cf730a4e456a646bfe68d5cb421966b65f9884badaa12866f0f,81ec955a2c53c9f6,18,42,787334f7857fa54f29027a7f09c30e895ad486ef
DEF_MIDJOURNEY_V6_077,DEF_MIDJOURNEY_V6_077_f80cec85ab0c.jpg,MIDJOURNEY_V6,Defactify_Midjourney_v6,Midjourney_v6,AI,1,5,Defactify_val_shard_0_row_2085,A room filled with furniture and curtains on top of carpet.,436,436,34927,f80cec85ab0c9ceea4712c5873fcd06dafc8744f86a3c000efab5ba6cfcdfb68,c461b246c99ceea7,14,42,787334f7857fa54f29027a7f09c30e895ad486ef
DEF_MIDJOURNEY_V6_078,DEF_MIDJOURNEY_V6_078_a2dc33fce5ab.jpg,MIDJOURNEY_V6,Defactify_Midjourney_v6,Midjourney_v6,AI,1,5,Defactify_val_shard_1_row_86,A herd of buffalo grazing on grass next to the ocean.,436,436,33227,a2dc33fce5ab97dfb620caee6a009b95b468ddcf42bdb4d4af1f54145d86fbda,b885d13a075b7a87,16,42,787334f7857fa54f29027a7f09c30e895ad486ef
DEF_MIDJOURNEY_V6_079,DEF_MIDJOURNEY_V6_079_96fb89227e7f.jpg,MIDJOURNEY_V6,Defactify_Midjourney_v6,Midjourney_v6,AI,1,5,Defactify_val_shard_0_row_926,A train coming on the tracks  on a sunny day ,436,436,31421,96fb89227e7f3bbb3428558f6c863315d1c05da68e14db3dc80dd983c7309883,83cfe6502c877c99,18,42,787334f7857fa54f29027a7f09c30e895ad486ef
DEF_MIDJOURNEY_V6_080,DEF_MIDJOURNEY_V6_080_8f4274190440.jpg,MIDJOURNEY_V6,Defactify_Midjourney_v6,Midjourney_v6,AI,1,5,Defactify_val_shard_0_row_1404,A messy kitchen with pots and pans laying around.,436,436,30730,8f4274190440551631e005ebab241d85fdcd2930541253d938c7897fad3514b0,ead1080eb6e75c4b,16,42,787334f7857fa54f29027a7f09c30e895ad486ef
DEF_MIDJOURNEY_V6_081,DEF_MIDJOURNEY_V6_081_ef64ef1d9691.jpg,MIDJOURNEY_V6,Defactify_Midjourney_v6,Midjourney_v6,AI,1,5,Defactify_val_shard_1_row_179,A black toilet sitting next to a white bath tub.,436,436,19828,ef64ef1d969104485c52c14b9f9137244de44b0ca8a732e850b060b8013799d1,f393b4f1c27c4819,16,42,787334f7857fa54f29027a7f09c30e895ad486ef
DEF_MIDJOURNEY_V6_082,DEF_MIDJOURNEY_V6_082_76bc734a6844.jpg,MIDJOURNEY_V6,Defactify_Midjourney_v6,Midjourney_v6,AI,1,5,Defactify_val_shard_0_row_1776,A wet rain soaked street surrounded by buildings and trees,436,436,29248,76bc734a6844b625985c218cd0c0ee3daba8db988a52dd3d26f3e16f00773121,d0b0636d70f0c9cf,16,42,787334f7857fa54f29027a7f09c30e895ad486ef
DEF_MIDJOURNEY_V6_083,DEF_MIDJOURNEY_V6_083_a4013d89ba03.jpg,MIDJOURNEY_V6,Defactify_Midjourney_v6,Midjourney_v6,AI,1,5,Defactify_val_shard_0_row_4272,A cat laying on the ground next to a woman's shoes.,436,436,21780,a4013d89ba03ed6341d43d6b8c5d9f36d763e89da4f3b10d26ab5eb32440bf04,9635a987d4fa0749,14,42,787334f7857fa54f29027a7f09c30e895ad486ef
DEF_MIDJOURNEY_V6_084,DEF_MIDJOURNEY_V6_084_fc0b9e5d05db.jpg,MIDJOURNEY_V6,Defactify_Midjourney_v6,Midjourney_v6,AI,1,5,Defactify_val_shard_1_row_1742,a plane flying high above the earth ,436,436,22908,fc0b9e5d05db66ecc7b22d92f466cbdd01b49c41b425a7dd2baa623dfc1e5918,91917eaea32f68c8,16,42,787334f7857fa54f29027a7f09c30e895ad486ef
DEF_MIDJOURNEY_V6_085,DEF_MIDJOURNEY_V6_085_c92941fdf8d7.jpg,MIDJOURNEY_V6,Defactify_Midjourney_v6,Midjourney_v6,AI,1,5,Defactify_val_shard_0_row_356,A young man is sitting on his blue motorcycle. ,436,436,28492,c92941fdf8d73fdc2da44e6a7bd3661b2a6c12806295572df621f2429a6cb617,e6871638255a1f7c,14,42,787334f7857fa54f29027a7f09c30e895ad486ef
DEF_MIDJOURNEY_V6_086,DEF_MIDJOURNEY_V6_086_45a7b9aff20c.jpg,MIDJOURNEY_V6,Defactify_Midjourney_v6,Midjourney_v6,AI,1,5,Defactify_val_shard_0_row_1132,A very plain and undecorated bathroom with a sink and a toilet.,436,436,17283,45a7b9aff20ccfab937a24cddcb9757ecbc67d7c3de9f0ae5598704945ab3040,efa83347e1c31c61,16,42,787334f7857fa54f29027a7f09c30e895ad486ef
DEF_MIDJOURNEY_V6_087,DEF_MIDJOURNEY_V6_087_a6c28d2c7ba7.jpg,MIDJOURNEY_V6,Defactify_Midjourney_v6,Midjourney_v6,AI,1,5,Defactify_val_shard_1_row_2603,A group of people walking on a street and sidewalk.,436,436,29894,a6c28d2c7ba7ad73ad738b79b8a666b073b040e9170a6ebbd49951636bee961b,c989a92eda8c3aa7,16,42,787334f7857fa54f29027a7f09c30e895ad486ef
DEF_MIDJOURNEY_V6_088,DEF_MIDJOURNEY_V6_088_751df694af7f.jpg,MIDJOURNEY_V6,Defactify_Midjourney_v6,Midjourney_v6,AI,1,5,Defactify_val_shard_1_row_19,"a sidewalk with a fence, street signs, and a lot of trees along it ",436,436,38511,751df694af7f82b706bd1a8004cfb9a1afffbbf0716daa9f77697fd0e3ac2a58,cce4dbfc20c66607,16,42,787334f7857fa54f29027a7f09c30e895ad486ef
DEF_MIDJOURNEY_V6_089,DEF_MIDJOURNEY_V6_089_12f481b98c3e.jpg,MIDJOURNEY_V6,Defactify_Midjourney_v6,Midjourney_v6,AI,1,5,Defactify_val_shard_1_row_3792,A wooden park bench overlooking a valley full of trees.,436,436,32301,12f481b98c3ec9ba2f6c4bd858de5bb6f76dda0d4eb313e95b35d9ba7b53a64d,80858f8da19e3d3f,18,42,787334f7857fa54f29027a7f09c30e895ad486ef
DEF_MIDJOURNEY_V6_090,DEF_MIDJOURNEY_V6_090_e652aa830e02.jpg,MIDJOURNEY_V6,Defactify_Midjourney_v6,Midjourney_v6,AI,1,5,Defactify_val_shard_1_row_1102,A train traveling down a train track next to a big tree,436,436,30393,e652aa830e02bd3d6139c8eab1661f67c7603cb994022b25301da7b065b00786,93b36474cb35c994,14,42,787334f7857fa54f29027a7f09c30e895ad486ef
DEF_MIDJOURNEY_V6_091,DEF_MIDJOURNEY_V6_091_6c87310179b3.jpg,MIDJOURNEY_V6,Defactify_Midjourney_v6,Midjourney_v6,AI,1,5,Defactify_val_shard_1_row_1510,A silver rusted looking fire hydrant sitting in the middle of a walkway.,436,436,27499,6c87310179b3999fb821248fdaa8d4e18ec27ad1cfc6733704147b60dcd04f78,d22d144a6d76ea39,14,42,787334f7857fa54f29027a7f09c30e895ad486ef
DEF_MIDJOURNEY_V6_092,DEF_MIDJOURNEY_V6_092_358cd1310747.jpg,MIDJOURNEY_V6,Defactify_Midjourney_v6,Midjourney_v6,AI,1,5,Defactify_val_shard_1_row_2521,"A bathroom with a sink, a fan and a mirrored medicine chest.",436,436,23251,358cd1310747b2dad6c0aacd601efab6cd55d123652f77a1e06207b138dd82b0,c0c130c7ba1dc77d,14,42,787334f7857fa54f29027a7f09c30e895ad486ef
DEF_MIDJOURNEY_V6_093,DEF_MIDJOURNEY_V6_093_5bfc7261559a.jpg,MIDJOURNEY_V6,Defactify_Midjourney_v6,Midjourney_v6,AI,1,5,Defactify_val_shard_0_row_802,A group of bikers riding on the back of motorcycles.,436,436,26050,5bfc7261559a4d93053ceb828be4fa344b29e446fdec6d04d63da924032f3709,98929a9f86a666e6,14,42,787334f7857fa54f29027a7f09c30e895ad486ef
DEF_MIDJOURNEY_V6_094,DEF_MIDJOURNEY_V6_094_3cae2ec829d0.jpg,MIDJOURNEY_V6,Defactify_Midjourney_v6,Midjourney_v6,AI,1,5,Defactify_val_shard_1_row_3880,People walk by a row of parked motorcycles. ,436,436,29155,3cae2ec829d0335d6d14e268cd4e381dc795c4bc33c08437b160b52e46d1dace,e1bce2f1f0870b0e,16,42,787334f7857fa54f29027a7f09c30e895ad486ef
DEF_MIDJOURNEY_V6_095,DEF_MIDJOURNEY_V6_095_720418e8ee9d.jpg,MIDJOURNEY_V6,Defactify_Midjourney_v6,Midjourney_v6,AI,1,5,Defactify_val_shard_0_row_3993,A green street sign hanging from a metal pole.,436,436,20545,720418e8ee9dfe97c6810210661e1ad2af3fb8a7a1db7f66a4f207f74fe5fb6f,d7cf0b9bf8f88080,14,42,787334f7857fa54f29027a7f09c30e895ad486ef
DEF_MIDJOURNEY_V6_096,DEF_MIDJOURNEY_V6_096_3fe90983111d.jpg,MIDJOURNEY_V6,Defactify_Midjourney_v6,Midjourney_v6,AI,1,5,Defactify_val_shard_1_row_237,A big bathroom with a couch a bathtub in the middle of the room. ,436,436,19382,3fe90983111d790cf321d9459d8e806476e3776445ca033319e26d8b7526678b,f1314f1906f1fe41,16,42,787334f7857fa54f29027a7f09c30e895ad486ef
DEF_MIDJOURNEY_V6_097,DEF_MIDJOURNEY_V6_097_8e61a9260f0c.jpg,MIDJOURNEY_V6,Defactify_Midjourney_v6,Midjourney_v6,AI,1,5,Defactify_val_shard_0_row_1459,there are many motorcycles that are parked by each other,436,436,31047,8e61a9260f0c5834ce12f388d133f2bf66381eadacf3e3d5c3310bda3c25a22e,ac9c246bd50537bc,16,42,787334f7857fa54f29027a7f09c30e895ad486ef
DEF_MIDJOURNEY_V6_098,DEF_MIDJOURNEY_V6_098_2a4c96fa454f.jpg,MIDJOURNEY_V6,Defactify_Midjourney_v6,Midjourney_v6,AI,1,5,Defactify_val_shard_1_row_2262,a  man shearing the wool off a sheep ,436,436,29009,2a4c96fa454f962290ba43afb931a56054983d70cb3e9537e95c3a7a5e306e7b,836a3d376c85d06d,16,42,787334f7857fa54f29027a7f09c30e895ad486ef
DEF_MIDJOURNEY_V6_099,DEF_MIDJOURNEY_V6_099_952a5320532c.jpg,MIDJOURNEY_V6,Defactify_Midjourney_v6,Midjourney_v6,AI,1,5,Defactify_val_shard_1_row_228,An airport filled with planes sitting on tarmacs.,436,436,29481,952a5320532cec202106341ae484ebbf6cb503e5bf7978090c485501a16b7127,9199d3c3ea86e8e8,16,42,787334f7857fa54f29027a7f09c30e895ad486ef
DEF_MIDJOURNEY_V6_100,DEF_MIDJOURNEY_V6_100_a13a2485bb27.jpg,MIDJOURNEY_V6,Defactify_Midjourney_v6,Midjourney_v6,AI,1,5,Defactify_val_shard_1_row_811,A kitchen counter top filled with appliances and a wooden shelf..,436,436,32516,a13a2485bb27ba0c88f05c09c75ba8761be335a18a8a3951878651a545ea7a20,dbe32438dba01d39,16,42,787334f7857fa54f29027a7f09c30e895ad486ef
DEF_DALLE_3_001,DEF_DALLE_3_001_486c796667f9.jpg,DALLE_3,Defactify_DALLE3,DALL-E_3,AI,1,4,Defactify_val_shard_0_row_57,A three way sign is posted on an outdoor pole.,270,270,17616,486c796667f9d5706ab9c63fc239515530c86ad9fdd8a74e99088efe5b9920f7,97bd783978706223,14,42,787334f7857fa54f29027a7f09c30e895ad486ef
DEF_DALLE_3_002,DEF_DALLE_3_002_0205a0bd44f3.jpg,DALLE_3,Defactify_DALLE3,DALL-E_3,AI,1,4,Defactify_val_shard_0_row_352,A room filled with furniture and curtains on top of carpet.,270,270,18882,0205a0bd44f300f3ba17a37374c27242e9d693254c5a069b9810d9bc2516fd1e,ddfd06127c87198c,14,42,787334f7857fa54f29027a7f09c30e895ad486ef
DEF_DALLE_3_003,DEF_DALLE_3_003_a4a557727d9e.jpg,DALLE_3,Defactify_DALLE3,DALL-E_3,AI,1,4,Defactify_val_shard_0_row_3934,A giraffe looking at something in some bush.,270,270,15886,a4a557727d9e632ded2fc742fb43b71e441d21b585a087742a897cb972ecd60b,a0a68f981c9f1e3e,16,42,787334f7857fa54f29027a7f09c30e895ad486ef
DEF_DALLE_3_004,DEF_DALLE_3_004_9de401e1086c.jpg,DALLE_3,Defactify_DALLE3,DALL-E_3,AI,1,4,Defactify_val_shard_1_row_3800,A giraffe running across a large dirt field.,270,270,12155,9de401e1086c6794744df0d41a4e141c4662f5173508163b96dc78422c36723c,91844cf9b3e74c1d,14,42,787334f7857fa54f29027a7f09c30e895ad486ef
DEF_DALLE_3_005,DEF_DALLE_3_005_e6575c871e15.jpg,DALLE_3,Defactify_DALLE3,DALL-E_3,AI,1,4,Defactify_val_shard_0_row_4092,a girraf standing in a grassy field next to a forrest,270,270,14544,e6575c871e153f198700baf1a00a2126aad05461f399550f5a008ed360c059f3,c3e7ee07039c44e9,18,42,787334f7857fa54f29027a7f09c30e895ad486ef
DEF_DALLE_3_006,DEF_DALLE_3_006_994a957ca3ed.jpg,DALLE_3,Defactify_DALLE3,DALL-E_3,AI,1,4,Defactify_val_shard_1_row_575,A stop sign in the middle of the road,270,270,19573,994a957ca3ed1e3ceb36ad880895bfd98a449b8e5c64af4a600287d7cbedce62,ce0c5cc40fbae356,18,42,787334f7857fa54f29027a7f09c30e895ad486ef
DEF_DALLE_3_007,DEF_DALLE_3_007_d05939f12d83.jpg,DALLE_3,Defactify_DALLE3,DALL-E_3,AI,1,4,Defactify_val_shard_1_row_1242,Several planes lined up on the tarmac at the airport.,270,270,20092,d05939f12d8342a68bc05a0c6190e11844e406b05e63ba5b2a8876337fe1438b,9991a1bd70abf42a,18,42,787334f7857fa54f29027a7f09c30e895ad486ef
DEF_DALLE_3_008,DEF_DALLE_3_008_d7bcd79775a4.jpg,DALLE_3,Defactify_DALLE3,DALL-E_3,AI,1,4,Defactify_val_shard_1_row_1647,Two giraffe standing next to each other on a lush green field.,270,270,17629,d7bcd79775a41cea0a32a01928a31c3f3eda92c4e3648ff5a4a76205ae29e60c,a4838fa4cf795391,18,42,787334f7857fa54f29027a7f09c30e895ad486ef
DEF_DALLE_3_009,DEF_DALLE_3_009_9f828b3c1d14.jpg,DALLE_3,Defactify_DALLE3,DALL-E_3,AI,1,4,Defactify_val_shard_1_row_3092,two train on a track near a building ,270,270,18930,9f828b3c1d14c05f0a17ceeccf8538e068e6b45a40a8e18be352ff5bbe147d87,d647a170cbe95ac8,18,42,787334f7857fa54f29027a7f09c30e895ad486ef
DEF_DALLE_3_010,DEF_DALLE_3_010_af567ce00cc9.jpg,DALLE_3,Defactify_DALLE3,DALL-E_3,AI,1,4,Defactify_val_shard_0_row_1559,Four giraffes huddling around a tree inside a fenced area.,270,270,22914,af567ce00cc90258bc30084862607fe106ee82580661d619e36a55091a91ffc4,a4e1ab0e19631ebd,16,42,787334f7857fa54f29027a7f09c30e895ad486ef
DEF_DALLE_3_011,DEF_DALLE_3_011_d857f7d13c09.jpg,DALLE_3,Defactify_DALLE3,DALL-E_3,AI,1,4,Defactify_val_shard_0_row_1856,a giraffe standing on a sandy beach in front of some rocks,270,270,18086,d857f7d13c09c50985c58a79f7b408f7c0e066a0ec1851dec894fe2735ef7524,d751d0ac5ea70b23,16,42,787334f7857fa54f29027a7f09c30e895ad486ef
DEF_DALLE_3_012,DEF_DALLE_3_012_a3d8d92ea15e.jpg,DALLE_3,Defactify_DALLE3,DALL-E_3,AI,1,4,Defactify_val_shard_1_row_2580,"A kitchen area with sink, dishwasher and refrigerator.",270,270,20290,a3d8d92ea15e1433450818f8361d593f480a249c538b1597bbeac14cbedb1304,9eed43c6219a42f3,18,42,787334f7857fa54f29027a7f09c30e895ad486ef
DEF_DALLE_3_013,DEF_DALLE_3_013_6d935d051410.jpg,DALLE_3,Defactify_DALLE3,DALL-E_3,AI,1,4,Defactify_val_shard_0_row_1035,Several buses and cars driving down a busy street.,270,270,20315,6d935d0514104262c8645eaacd1b6ee3484c5d3782ef078ae5ad5122766cd06c,999d5984831d27fc,16,42,787334f7857fa54f29027a7f09c30e895ad486ef
DEF_DALLE_3_014,DEF_DALLE_3_014_9b9be02cb0ad.jpg,DALLE_3,Defactify_DALLE3,DALL-E_3,AI,1,4,Defactify_val_shard_0_row_2643,A group of four street signs stacked on top of each other.,270,270,16201,9b9be02cb0adb60f71e77c37499526207676f5dfbb3debd5a48b32db37b9608b,b0ce934ec7499696,14,42,787334f7857fa54f29027a7f09c30e895ad486ef
DEF_DALLE_3_015,DEF_DALLE_3_015_d5a1589cff96.jpg,DALLE_3,Defactify_DALLE3,DALL-E_3,AI,1,4,Defactify_val_shard_0_row_3538,A double decker bus stopped at an intersection.,270,270,18738,d5a1589cff968fcfb6009651a3df8da255df435bcc3c4934b11d7131c9b2424a,949e0e344be3ca79,16,42,787334f7857fa54f29027a7f09c30e895ad486ef
DEF_DALLE_3_016,DEF_DALLE_3_016_24754a687060.jpg,DALLE_3,Defactify_DALLE3,DALL-E_3,AI,1,4,Defactify_val_shard_1_row_3117,A giraffe is standing near some large boulders.,270,270,11950,24754a687060ec4378b8dd391f6a8e07cd75b21fb62267e6528c8bea23b30f69,c8cbb7343d032eb8,14,42,787334f7857fa54f29027a7f09c30e895ad486ef
DEF_DALLE_3_017,DEF_DALLE_3_017_1f63bd21777b.jpg,DALLE_3,Defactify_DALLE3,DALL-E_3,AI,1,4,Defactify_val_shard_0_row_2156,A number of benches at the beach and a boat in the sea,270,270,20467,1f63bd21777bd4b95d881ce215e59feb47b4206ea9f466117e8532190a6904c5,899bc2de565ec1e0,16,42,787334f7857fa54f29027a7f09c30e895ad486ef
DEF_DALLE_3_018,DEF_DALLE_3_018_700aba0f658f.jpg,DALLE_3,Defactify_DALLE3,DALL-E_3,AI,1,4,Defactify_val_shard_1_row_1714,A group of people riding on a cart traveling down a street.,270,270,22389,700aba0f658f9dddeb7e19370e36ac1b975ae9e65e53d4bb72c6a28c63f46450,a594911edc8b1f55,18,42,787334f7857fa54f29027a7f09c30e895ad486ef
DEF_DALLE_3_019,DEF_DALLE_3_019_23813a93221f.jpg,DALLE_3,Defactify_DALLE3,DALL-E_3,AI,1,4,Defactify_val_shard_0_row_544,The dog is outside barking at the sheep.,270,270,18282,23813a93221fc8adab6841b1f2bc935c0c201ea180462085b2860f26afac5c40,91e69fd05c1ee360,18,42,787334f7857fa54f29027a7f09c30e895ad486ef
DEF_DALLE_3_020,DEF_DALLE_3_020_74da1dc1312d.jpg,DALLE_3,Defactify_DALLE3,DALL-E_3,AI,1,4,Defactify_val_shard_0_row_3419,A man stands beside his motorcycle in front of a store.,270,270,21445,74da1dc1312d5c0c1068baf1b71756b8e1a5271544b4ff985df65e1d468de461,fbeac095687b3a02,16,42,787334f7857fa54f29027a7f09c30e895ad486ef
DEF_DALLE_3_021,DEF_DALLE_3_021_678a4efd1410.jpg,DALLE_3,Defactify_DALLE3,DALL-E_3,AI,1,4,Defactify_val_shard_1_row_160,A fire station with a flag pole in front of it.,270,270,21910,678a4efd1410d849cfdd054637606c02de3f16108169329d318681466db5605f,ebeb963405c85acc,16,42,787334f7857fa54f29027a7f09c30e895ad486ef
DEF_DALLE_3_022,DEF_DALLE_3_022_de08d7106e8b.jpg,DALLE_3,Defactify_DALLE3,DALL-E_3,AI,1,4,Defactify_val_shard_1_row_4396,A man and a woman in wedding attire feeding a giraffe.,270,270,19384,de08d7106e8b72282ef13e190dc6045aa0bb53cfa1984b0efbfa712602d766e2,9b705ab80eaac1bd,18,42,787334f7857fa54f29027a7f09c30e895ad486ef
DEF_DALLE_3_023,DEF_DALLE_3_023_9fba48105620.jpg,DALLE_3,Defactify_DALLE3,DALL-E_3,AI,1,4,Defactify_val_shard_0_row_2644,A counter filled with lots of clutter in a  kitchen.,270,270,24120,9fba481056200bfc6692a604445e79ebee03712d80f726e262f55524ec158ee0,d7ff4c240a965d41,16,42,787334f7857fa54f29027a7f09c30e895ad486ef
DEF_DALLE_3_024,DEF_DALLE_3_024_897a2f221d06.jpg,DALLE_3,Defactify_DALLE3,DALL-E_3,AI,1,4,Defactify_val_shard_0_row_4027,A bathroom with a large white sink and a door.,270,270,14948,897a2f221d065f94e25806f2cb98a0b7d18af5373fd7c61afbeb8dd732ffa626,9b7936275880c7da,16,42,787334f7857fa54f29027a7f09c30e895ad486ef
DEF_DALLE_3_025,DEF_DALLE_3_025_02693ab27af8.jpg,DALLE_3,Defactify_DALLE3,DALL-E_3,AI,1,4,Defactify_val_shard_1_row_1535,A large kitchen with a stove and a sink.,270,270,15334,02693ab27af8662e57c2817d765b9e286a06d4c4778a75404f78c29a8198e12b,84c43556b68b7cd6,18,42,787334f7857fa54f29027a7f09c30e895ad486ef
DEF_DALLE_3_026,DEF_DALLE_3_026_9002be584dfd.jpg,DALLE_3,Defactify_DALLE3,DALL-E_3,AI,1,4,Defactify_val_shard_0_row_4071,A city bus is slowly making its way down a very crowded street. ,270,270,24945,9002be584dfd72c5721b988c26938a46a28a6556cb929a2ada5bd20dc89484d9,c08cefb0da85db98,14,42,787334f7857fa54f29027a7f09c30e895ad486ef
DEF_DALLE_3_027,DEF_DALLE_3_027_30df9fd14ca6.jpg,DALLE_3,Defactify_DALLE3,DALL-E_3,AI,1,4,Defactify_val_shard_0_row_748,"A white colored vanity area with a mirror, sink and double light on the wall above the mirror.",270,270,13089,30df9fd14ca64fc4d81c4016271c7e596f5371713a959b7083bf10f8595e1092,81f6aa194955b0ef,18,42,787334f7857fa54f29027a7f09c30e895ad486ef
DEF_DALLE_3_028,DEF_DALLE_3_028_7797c934d04f.jpg,DALLE_3,Defactify_DALLE3,DALL-E_3,AI,1,4,Defactify_val_shard_0_row_4155,A small bird is perched on a leafless twig.,270,270,12903,7797c934d04f29efd5d4bb520d9db1559ffd7ceaecfc21c068ea1669de4ff2e5,cdf5365849a462ce,16,42,787334f7857fa54f29027a7f09c30e895ad486ef
DEF_DALLE_3_029,DEF_DALLE_3_029_f0d169b82e8b.jpg,DALLE_3,Defactify_DALLE3,DALL-E_3,AI,1,4,Defactify_val_shard_0_row_2434,A plane parked on the tarmac with with a connection for loading attached to it.,270,270,17212,f0d169b82e8b50deb7c5d78a189f5a6b40eabb2ebc5cebb503ca6ace921b3250,b6a90d96b6cdc1a4,16,42,787334f7857fa54f29027a7f09c30e895ad486ef
DEF_DALLE_3_030,DEF_DALLE_3_030_9792080e9dcf.jpg,DALLE_3,Defactify_DALLE3,DALL-E_3,AI,1,4,Defactify_val_shard_1_row_1956,a guy sitting on a motor cycle next to some trees,270,270,19741,9792080e9dcf842d3a612e8728bb193eefacf4ec0bbcd943df73f063530fd89c,95906e636127e39d,14,42,787334f7857fa54f29027a7f09c30e895ad486ef
DEF_DALLE_3_031,DEF_DALLE_3_031_1082236a8112.jpg,DALLE_3,Defactify_DALLE3,DALL-E_3,AI,1,4,Defactify_val_shard_1_row_3103,the bench is completely covered in snow so is the tree,270,270,13780,1082236a8112d25b3e80da8f777df91c62ac3f14556c5a881c660476dd5dd411,9e2a635e5225de31,16,42,787334f7857fa54f29027a7f09c30e895ad486ef
DEF_DALLE_3_032,DEF_DALLE_3_032_8758d9e51844.jpg,DALLE_3,Defactify_DALLE3,DALL-E_3,AI,1,4,Defactify_val_shard_0_row_982,A dog standing next to an address marker and a woman holding an umbrella.,270,270,14125,8758d9e518440c2944d5659cf7c4c8bacb1c0584aab9701d2c4a658f5a87ac18,ccecf943e258123e,18,42,787334f7857fa54f29027a7f09c30e895ad486ef
DEF_DALLE_3_033,DEF_DALLE_3_033_dbf4a7890ca4.jpg,DALLE_3,Defactify_DALLE3,DALL-E_3,AI,1,4,Defactify_val_shard_1_row_4170,there is a street sign that is on the street,270,270,19749,dbf4a7890ca4b194f29de2d2be39fd117664bc0e10f5561622ff648b7760ab90,f40c7b7d06cbf00c,16,42,787334f7857fa54f29027a7f09c30e895ad486ef
DEF_DALLE_3_034,DEF_DALLE_3_034_7ae7e394c882.jpg,DALLE_3,Defactify_DALLE3,DALL-E_3,AI,1,4,Defactify_val_shard_1_row_2381,A bathroom with a frame on wall and sink,270,270,15260,7ae7e394c882accc000d49d43063271dd30a5f7b0d0445d143ea293bad18eb33,8e9231496835eadf,16,42,787334f7857fa54f29027a7f09c30e895ad486ef
DEF_DALLE_3_035,DEF_DALLE_3_035_71e33652d411.jpg,DALLE_3,Defactify_DALLE3,DALL-E_3,AI,1,4,Defactify_val_shard_0_row_3142,a little kid that is eating a big cake,270,270,21800,71e33652d411a2d8a6dccb859f01c1539aaf806bf0a56591a9d961db2627f679,ccf452cf89433387,16,42,787334f7857fa54f29027a7f09c30e895ad486ef
DEF_DALLE_3_036,DEF_DALLE_3_036_2d30746d1c88.jpg,DALLE_3,Defactify_DALLE3,DALL-E_3,AI,1,4,Defactify_val_shard_0_row_3883,A girl chatting with a mother goat while her baby goat looks on.,270,270,20732,2d30746d1c88f4e1a025f6c04516198fb663d71ef2f42bb0c761ac811f0f410a,d8811ff4313f9661,16,42,787334f7857fa54f29027a7f09c30e895ad486ef
DEF_DALLE_3_037,DEF_DALLE_3_037_149b12aa073b.jpg,DALLE_3,Defactify_DALLE3,DALL-E_3,AI,1,4,Defactify_val_shard_1_row_4188,A giraffe that has its legs spread out.,270,270,14664,149b12aa073b485470019ba05ca7d8eb49e1cacd27c23163306d0116187a8ca2,eaeb15a23b3554c4,16,42,787334f7857fa54f29027a7f09c30e895ad486ef
DEF_DALLE_3_038,DEF_DALLE_3_038_ed2dc845b42d.jpg,DALLE_3,Defactify_DALLE3,DALL-E_3,AI,1,4,Defactify_val_shard_1_row_271,Two small airplanes parked on a lush green field.,270,270,18578,ed2dc845b42de086315671271b4f14a63ee003e0067950e353557336627c47cb,a1bc91c17a5fd898,14,42,787334f7857fa54f29027a7f09c30e895ad486ef
DEF_DALLE_3_039,DEF_DALLE_3_039_724c17423d6e.jpg,DALLE_3,Defactify_DALLE3,DALL-E_3,AI,1,4,Defactify_val_shard_1_row_409,Three giraffes are feeding from white buckets that are hanging from a fence.,270,270,16707,724c17423d6e5444fb66ca00f764af20ae9742a840b283782d3b366adec26f4b,95a78e92620eaf69,18,42,787334f7857fa54f29027a7f09c30e895ad486ef
DEF_DALLE_3_040,DEF_DALLE_3_040_841ee3506e4a.jpg,DALLE_3,Defactify_DALLE3,DALL-E_3,AI,1,4,Defactify_val_shard_1_row_3786,A modern flatscreen television sits upon a nostalgic console model.,270,270,15733,841ee3506e4af5f1acda3a37ba2345d49605448657026418df46fed52cb19191,fca22730da0f633c,16,42,787334f7857fa54f29027a7f09c30e895ad486ef
DEF_DALLE_3_041,DEF_DALLE_3_041_c951bc300e47.jpg,DALLE_3,Defactify_DALLE3,DALL-E_3,AI,1,4,Defactify_val_shard_1_row_2020,A black and white cat is sitting on the bathroom sink.,270,270,13740,c951bc300e47c338c3b25819aaba657219fcea6ce109c913b4aa4e7e5b9f378d,f09a99e546ca0d97,14,42,787334f7857fa54f29027a7f09c30e895ad486ef
DEF_DALLE_3_042,DEF_DALLE_3_042_6bed69fb5efe.jpg,DALLE_3,Defactify_DALLE3,DALL-E_3,AI,1,4,Defactify_val_shard_1_row_1745,A woman holding a piece of chocolate cake at a table.,270,270,17121,6bed69fb5efe03047a21dfa959136de76fa31bccf15f52f25c859a1a30f9b868,ecb056605913f3f2,14,42,787334f7857fa54f29027a7f09c30e895ad486ef
DEF_DALLE_3_043,DEF_DALLE_3_043_347fd06c2ef5.jpg,DALLE_3,Defactify_DALLE3,DALL-E_3,AI,1,4,Defactify_val_shard_0_row_3423,there are many young boys that are playing baseball,270,270,20217,347fd06c2ef500d5e13b1a6a14d028afcdd77884906690db13c2d8f5cecd09d0,f1f0d08f0f58a663,16,42,787334f7857fa54f29027a7f09c30e895ad486ef
DEF_DALLE_3_044,DEF_DALLE_3_044_e14505cd59dc.jpg,DALLE_3,Defactify_DALLE3,DALL-E_3,AI,1,4,Defactify_val_shard_1_row_547,A man and a woman greet a giraffe over a fence.,270,270,22667,e14505cd59dc9af52e7097d06e6a72a3862dfa74784465ebe74d18abf6691da1,9bb6b469c9c50e1c,16,42,787334f7857fa54f29027a7f09c30e895ad486ef
DEF_DALLE_3_045,DEF_DALLE_3_045_83a7ed99f3a8.jpg,DALLE_3,Defactify_DALLE3,DALL-E_3,AI,1,4,Defactify_val_shard_1_row_4445,A foot pushing a flush button in a blue tiled bathroom.,270,270,15934,83a7ed99f3a84766c3140342109840047d6d7cf0d191d8fe70ff59536e17d865,96ca653239a5cb8d,16,42,787334f7857fa54f29027a7f09c30e895ad486ef
DEF_DALLE_3_046,DEF_DALLE_3_046_18ba6e7d5305.jpg,DALLE_3,Defactify_DALLE3,DALL-E_3,AI,1,4,Defactify_val_shard_0_row_1099,A white sink sitting underneath a mirror in a bathroom.,270,270,14978,18ba6e7d5305f22fd0fa9aa4a96e388d3154c5df61d816a080e381df50d616f9,d0f40e3bc3db13c8,14,42,787334f7857fa54f29027a7f09c30e895ad486ef
DEF_DALLE_3_047,DEF_DALLE_3_047_02fa09f9b103.jpg,DALLE_3,Defactify_DALLE3,DALL-E_3,AI,1,4,Defactify_val_shard_0_row_3351,A giraffe sitting on a rocky dirt and grass covered ground.,270,270,16404,02fa09f9b103891d5bc85c8b35e39b32a1b29f5f43cf1e1356b1c37216383d59,9795d4bd94890be2,16,42,787334f7857fa54f29027a7f09c30e895ad486ef
DEF_DALLE_3_048,DEF_DALLE_3_048_f1c043d3b996.jpg,DALLE_3,Defactify_DALLE3,DALL-E_3,AI,1,4,Defactify_val_shard_1_row_464,A white airplane is parked on a green runway.,270,270,15810,f1c043d3b99681bdfc6b42a9902cd009f25b4a3da025045870a1d5b7e55b35aa,cc9772ec8d6905a6,16,42,787334f7857fa54f29027a7f09c30e895ad486ef
DEF_DALLE_3_049,DEF_DALLE_3_049_935fd0f69f46.jpg,DALLE_3,Defactify_DALLE3,DALL-E_3,AI,1,4,Defactify_val_shard_0_row_2187,A white toilet under a window next to a sink.,270,270,12940,935fd0f69f46724f9362e5bd2138e066178ee1fff1fc74b59352b042b9054efa,92b30744ce3f85f1,16,42,787334f7857fa54f29027a7f09c30e895ad486ef
DEF_DALLE_3_050,DEF_DALLE_3_050_9fc1f2a96223.jpg,DALLE_3,Defactify_DALLE3,DALL-E_3,AI,1,4,Defactify_val_shard_0_row_1189,A motorcycle that is on the ground sideways.,270,270,19608,9fc1f2a962239982c3b1eef7c30818899d185672197ab4c73b3c1390e3e2554d,ebedc55052b0c39c,18,42,787334f7857fa54f29027a7f09c30e895ad486ef
DEF_DALLE_3_051,DEF_DALLE_3_051_51adc8e2c682.jpg,DALLE_3,Defactify_DALLE3,DALL-E_3,AI,1,4,Defactify_val_shard_0_row_1341,a long passenger bus turning the corner by a building ,270,270,25870,51adc8e2c68283a2d99b16b34decbc9d7c4f19bb77a2827c5f266578237f2ef6,b387a79e3248946b,18,42,787334f7857fa54f29027a7f09c30e895ad486ef
DEF_DALLE_3_052,DEF_DALLE_3_052_1e081eb2f27f.jpg,DALLE_3,Defactify_DALLE3,DALL-E_3,AI,1,4,Defactify_val_shard_0_row_2920,A white toilet sitting in between tiled walls.,270,270,14262,1e081eb2f27f73324534fdbff74b580699b3166fc924fb52ea011d2bd713a1cc,9b0f961a4d315736,16,42,787334f7857fa54f29027a7f09c30e895ad486ef
DEF_DALLE_3_053,DEF_DALLE_3_053_f7721d672ae2.jpg,DALLE_3,Defactify_DALLE3,DALL-E_3,AI,1,4,Defactify_val_shard_1_row_3631,A group of people standing on the outside of a building.,270,270,20841,f7721d672ae2487b9be3fcc6940e36fa328626a931eeeccdfb80cb0c068e783e,ccccc4c3d3a267c5,18,42,787334f7857fa54f29027a7f09c30e895ad486ef
DEF_DALLE_3_054,DEF_DALLE_3_054_b53f7d9a28d5.jpg,DALLE_3,Defactify_DALLE3,DALL-E_3,AI,1,4,Defactify_val_shard_1_row_1021,A bathroom with towels draped of the curtain rod ,270,270,17542,b53f7d9a28d58b17ec387589f9e45d0fc16b3400bcf253df35104a94615a74e4,81e92687dde287d8,14,42,787334f7857fa54f29027a7f09c30e895ad486ef
DEF_DALLE_3_055,DEF_DALLE_3_055_f18c9b3a95a8.jpg,DALLE_3,Defactify_DALLE3,DALL-E_3,AI,1,4,Defactify_val_shard_1_row_1641,A man in shirt and tie holding an umbrella.,270,270,15147,f18c9b3a95a8e571d9f5d176515405ff66d8349d46787a2c53593f0e041bd0a0,e2f62ca98bcc09e9,16,42,787334f7857fa54f29027a7f09c30e895ad486ef
DEF_DALLE_3_056,DEF_DALLE_3_056_07310b4b1ded.jpg,DALLE_3,Defactify_DALLE3,DALL-E_3,AI,1,4,Defactify_val_shard_0_row_323,A bench sitting next to the ocean with purple bows on it.,270,270,16881,07310b4b1dedaa8b6bfd3b0b4541a3f4ce96dc66d11c4a3a33b40b3a9db44732,fa94c4fb0350dc8b,14,42,787334f7857fa54f29027a7f09c30e895ad486ef
DEF_DALLE_3_057,DEF_DALLE_3_057_ac02c41f3dfe.jpg,DALLE_3,Defactify_DALLE3,DALL-E_3,AI,1,4,Defactify_val_shard_0_row_1085,this bathroom has a green tub and a toilet chair,270,270,14086,ac02c41f3dfe2a053bd42e44199d0fa56dd8acd12960ae01ff72faef9eb41cfa,ccba0731da9be08e,18,42,787334f7857fa54f29027a7f09c30e895ad486ef
DEF_DALLE_3_058,DEF_DALLE_3_058_2013f9075adf.jpg,DALLE_3,Defactify_DALLE3,DALL-E_3,AI,1,4,Defactify_val_shard_1_row_3212,A small white plane sitting on top of the ocean.,270,270,15087,2013f9075adf70195970264c087c459ead7644d5f5445029a043b79300bf5f19,8af16198712ddeac,18,42,787334f7857fa54f29027a7f09c30e895ad486ef
DEF_DALLE_3_059,DEF_DALLE_3_059_a38ffd161f6f.jpg,DALLE_3,Defactify_DALLE3,DALL-E_3,AI,1,4,Defactify_val_shard_1_row_3692,a toilet seat in a bathroom with the lid down.,270,270,13331,a38ffd161f6fccd9de05edee961f51bd0b2fc01098bcac4ae395ad15eacc51b2,d69be4a4c9d61463,16,42,787334f7857fa54f29027a7f09c30e895ad486ef
DEF_DALLE_3_060,DEF_DALLE_3_060_ea71d6192636.jpg,DALLE_3,Defactify_DALLE3,DALL-E_3,AI,1,4,Defactify_val_shard_0_row_2686,A dog wearing sunglasses sitting inside a car. ,270,270,16561,ea71d61926360c3ae5b2fbb18ccc329b41b52741d894082100883cecdc60cee2,8fb0900df0da86ef,14,42,787334f7857fa54f29027a7f09c30e895ad486ef
DEF_DALLE_3_061,DEF_DALLE_3_061_6511103789fe.jpg,DALLE_3,Defactify_DALLE3,DALL-E_3,AI,1,4,Defactify_val_shard_0_row_2398,A very plain and undecorated bathroom with a sink and a toilet.,270,270,10748,6511103789fea24b47f3a7e0b1fb50cdeeffcc6cf0565e2798f3843f9d5eb224,9cb56873689a87ca,18,42,787334f7857fa54f29027a7f09c30e895ad486ef
DEF_DALLE_3_062,DEF_DALLE_3_062_332b8c7e6ee3.jpg,DALLE_3,Defactify_DALLE3,DALL-E_3,AI,1,4,Defactify_val_shard_0_row_3400,A photo of a bus driving down the road.,270,270,23148,332b8c7e6ee36abd141a018aebeca55f908f53c3dd0eaf034d39732efc814e18,a197d9859e592578,16,42,787334f7857fa54f29027a7f09c30e895ad486ef
DEF_DALLE_3_063,DEF_DALLE_3_063_3331c38a249b.jpg,DALLE_3,Defactify_DALLE3,DALL-E_3,AI,1,4,Defactify_val_shard_0_row_3129,The oriental signs are pointing in all directions.,270,270,23875,3331c38a249b2c496b402a462c3856cb71551a832929c060b436f98ec673d4e3,99cc749e03f9dc0a,18,42,787334f7857fa54f29027a7f09c30e895ad486ef
DEF_DALLE_3_064,DEF_DALLE_3_064_96e32106b536.jpg,DALLE_3,Defactify_DALLE3,DALL-E_3,AI,1,4,Defactify_val_shard_0_row_1330,Comical picture messages are on the restroom wall.,270,270,28819,96e32106b5363c794fa380c90217dc4dd662b647d5c8662d1eab4f9a110a447d,ebf5c1c9c196a464,16,42,787334f7857fa54f29027a7f09c30e895ad486ef
DEF_DALLE_3_065,DEF_DALLE_3_065_7ca49c7fb90f.jpg,DALLE_3,Defactify_DALLE3,DALL-E_3,AI,1,4,Defactify_val_shard_0_row_972,A car that is slightly driven off the road.,270,270,17797,7ca49c7fb90f70de77aca1170366ff6398ff36909e64d0edbfd7c3b6e00c269d,e6e220385379fcf0,16,42,787334f7857fa54f29027a7f09c30e895ad486ef
DEF_DALLE_3_066,DEF_DALLE_3_066_eeb119833dfd.jpg,DALLE_3,Defactify_DALLE3,DALL-E_3,AI,1,4,Defactify_val_shard_0_row_4366,Many street signs are located within close vicinity of each other,270,270,36963,eeb119833dfdf62fe3db5ef49d5011319428d637526ca778cc4276298d2a0219,b5ba5c20d07df251,16,42,787334f7857fa54f29027a7f09c30e895ad486ef
DEF_DALLE_3_067,DEF_DALLE_3_067_7be368757d27.jpg,DALLE_3,Defactify_DALLE3,DALL-E_3,AI,1,4,Defactify_val_shard_0_row_2270,A kitchen with wooden floors surrounded by windows.,270,270,19416,7be368757d27ee3e28f665949b6101fe8de7ac86d15bcfed27116bfd8959b11b,95d11c62aad867d5,18,42,787334f7857fa54f29027a7f09c30e895ad486ef
DEF_DALLE_3_068,DEF_DALLE_3_068_49965f4dd406.jpg,DALLE_3,Defactify_DALLE3,DALL-E_3,AI,1,4,Defactify_val_shard_1_row_3570,A white sink sitting under a bathroom mirror.,270,270,14588,49965f4dd406972c8d92993387b9928f0c38d8f6e21a7d4bc63bd92130aa7483,cc8c44211b36cbff,16,42,787334f7857fa54f29027a7f09c30e895ad486ef
DEF_DALLE_3_069,DEF_DALLE_3_069_08e20d97d44b.jpg,DALLE_3,Defactify_DALLE3,DALL-E_3,AI,1,4,Defactify_val_shard_1_row_3968,A woman sitting in a car holding a smart phone.,270,270,15974,08e20d97d44bfe593a4b8791f64ea7ab5b914dca12329c8ea92115cdc577f8da,de9b81802b6f27cc,16,42,787334f7857fa54f29027a7f09c30e895ad486ef
DEF_DALLE_3_070,DEF_DALLE_3_070_de3b5edeab42.jpg,DALLE_3,Defactify_DALLE3,DALL-E_3,AI,1,4,Defactify_val_shard_0_row_3335,this is a street with a brick building,270,270,24279,de3b5edeab420893df5f5d721cedb50fa44c1942b0296be23ba372cd95799dc1,9ad890bcfd89e1c4,16,42,787334f7857fa54f29027a7f09c30e895ad486ef
DEF_DALLE_3_071,DEF_DALLE_3_071_2f50596108b4.jpg,DALLE_3,Defactify_DALLE3,DALL-E_3,AI,1,4,Defactify_val_shard_0_row_3262,A group of cars on a city a street.,270,270,27852,2f50596108b4c8a5a05b9a60def88a3b99dc7091b69c5b7e060639a3e367c9ec,cf8fa729f0548952,14,42,787334f7857fa54f29027a7f09c30e895ad486ef
DEF_DALLE_3_072,DEF_DALLE_3_072_312bbcde271b.jpg,DALLE_3,Defactify_DALLE3,DALL-E_3,AI,1,4,Defactify_val_shard_1_row_3856,The mirror above a bathroom sink is shattered.,270,270,15501,312bbcde271b6c7f4d89f2b106d0d31f965520fdb1bf47aa3da601baf560a44f,c4e0938b4e9778cb,14,42,787334f7857fa54f29027a7f09c30e895ad486ef
DEF_DALLE_3_073,DEF_DALLE_3_073_b1a45eafa591.jpg,DALLE_3,Defactify_DALLE3,DALL-E_3,AI,1,4,Defactify_val_shard_1_row_2264,An older gentleman is taking a ride on his motorcycle. ,270,270,18982,b1a45eafa591828b7095e1d103a8a2772a4f57dd627fb9e3cc3ae67761255a57,eec0de38d9c18792,14,42,787334f7857fa54f29027a7f09c30e895ad486ef
DEF_DALLE_3_074,DEF_DALLE_3_074_60fadabc8f8c.jpg,DALLE_3,Defactify_DALLE3,DALL-E_3,AI,1,4,Defactify_val_shard_1_row_2232,A gold bus traveling on a single lane road,270,270,11707,60fadabc8f8ccefa290ccea848733dba66f76de7787ba350c0bf8f3a2b6dfa8c,c19a9b3225ed9729,18,42,787334f7857fa54f29027a7f09c30e895ad486ef
DEF_DALLE_3_075,DEF_DALLE_3_075_6d07eaf15354.jpg,DALLE_3,Defactify_DALLE3,DALL-E_3,AI,1,4,Defactify_val_shard_0_row_1408,A large white bird in the open water.,270,270,14175,6d07eaf15354eddb5511ac4c1d68b462198aef9a3eee66473e3645b88beed4b3,94af4f630370f896,18,42,787334f7857fa54f29027a7f09c30e895ad486ef
DEF_DALLE_3_076,DEF_DALLE_3_076_a43e78749578.jpg,DALLE_3,Defactify_DALLE3,DALL-E_3,AI,1,4,Defactify_val_shard_1_row_4052,Motorcycle on platform to be worked on in garage,270,270,22224,a43e7874957828311f57704f84db5b41b6d3fe19dcedeabff70514edb110fc45,f8f2ed0f371c1830,14,42,787334f7857fa54f29027a7f09c30e895ad486ef
DEF_DALLE_3_077,DEF_DALLE_3_077_353f41f2d124.jpg,DALLE_3,Defactify_DALLE3,DALL-E_3,AI,1,4,Defactify_val_shard_1_row_351,A red train traveling through a rural countryside.,270,270,18896,353f41f2d124048195775abc1fce91315c30e0716343fdfb783bd273927e6e01,a588709c3e771b1b,18,42,787334f7857fa54f29027a7f09c30e895ad486ef
DEF_DALLE_3_078,DEF_DALLE_3_078_746a3be5e653.jpg,DALLE_3,Defactify_DALLE3,DALL-E_3,AI,1,4,Defactify_val_shard_1_row_906,Boy sitting on a bench with an angry birds toy reading a book.,270,270,15409,746a3be5e65361dbaed1762a9e6ca672dcec66d1d8270136081d02b26699d680,bb14d36ccb4cacc4,16,42,787334f7857fa54f29027a7f09c30e895ad486ef
DEF_DALLE_3_079,DEF_DALLE_3_079_740b7f99cb9a.jpg,DALLE_3,Defactify_DALLE3,DALL-E_3,AI,1,4,Defactify_val_shard_0_row_893,A fire hose sitting on top of a man hole cover near a yellow post.,270,270,16645,740b7f99cb9a2f6886448f0c6e0ae15ab69131586175990cb9d2519b102509ed,c5440de9e3cbe90d,18,42,787334f7857fa54f29027a7f09c30e895ad486ef
DEF_DALLE_3_080,DEF_DALLE_3_080_63d8db092ea3.jpg,DALLE_3,Defactify_DALLE3,DALL-E_3,AI,1,4,Defactify_val_shard_0_row_39,The giraffe is sitting in the middle of the grass alone,270,270,17819,63d8db092ea3a37e307b3b1a08b3a3f861fed9abd28fd7d24653061e5493dc55,d3db4c2c0ea496a7,16,42,787334f7857fa54f29027a7f09c30e895ad486ef
DEF_DALLE_3_081,DEF_DALLE_3_081_4d26880d4e2a.jpg,DALLE_3,Defactify_DALLE3,DALL-E_3,AI,1,4,Defactify_val_shard_0_row_833,A man bending down next to a bicycle.,270,270,19245,4d26880d4e2a110e150e561b04dd9be7e0766cb6ce6095e8351bf23098895a37,f1e0c46764fa3239,16,42,787334f7857fa54f29027a7f09c30e895ad486ef
DEF_DALLE_3_082,DEF_DALLE_3_082_1d725b49625c.jpg,DALLE_3,Defactify_DALLE3,DALL-E_3,AI,1,4,Defactify_val_shard_0_row_3450,A person in a hat is riding a horse.,270,270,19217,1d725b49625cbbc1399fbf85fccb778fff6a3a953b15eea04c62a0ce68ca0c05,e8d9f528926692f2,16,42,787334f7857fa54f29027a7f09c30e895ad486ef
DEF_DALLE_3_083,DEF_DALLE_3_083_0e4a1731936e.jpg,DALLE_3,Defactify_DALLE3,DALL-E_3,AI,1,4,Defactify_val_shard_1_row_1736,A kitchen sink sitting inside of a white counter.,270,270,11646,0e4a1731936e2dc4a8cfb82eff3f48229ac4434e49d6d4806eb6fc3cb017f469,df9ce0c3b0b48b58,16,42,787334f7857fa54f29027a7f09c30e895ad486ef
DEF_DALLE_3_084,DEF_DALLE_3_084_9a060e32350a.jpg,DALLE_3,Defactify_DALLE3,DALL-E_3,AI,1,4,Defactify_val_shard_1_row_1882,An adorable dog looking out the side of a car door window.,270,270,13492,9a060e32350a224a2a264ce624c0cf9e47ae127737b22b606ea07dc011997ff0,875791b236591ea6,18,42,787334f7857fa54f29027a7f09c30e895ad486ef
DEF_DALLE_3_085,DEF_DALLE_3_085_49998fbe49b1.jpg,DALLE_3,Defactify_DALLE3,DALL-E_3,AI,1,4,Defactify_val_shard_0_row_551,A medieval style tower and clock against blue sky.,270,270,20606,49998fbe49b1b8fd5b73bae85269405760ab3a0334155e31e53ecc4c31a03c8e,85b95993397c4a1b,14,42,787334f7857fa54f29027a7f09c30e895ad486ef
DEF_DALLE_3_086,DEF_DALLE_3_086_255d4692b1c2.jpg,DALLE_3,Defactify_DALLE3,DALL-E_3,AI,1,4,Defactify_val_shard_1_row_4354,View of a snow capped mountain above trees and a bench.,270,270,14637,255d4692b1c20656d1479ea4fabdb1413e6079dfb38be787928bdae4d0336617,d4d4f5299a234b35,16,42,787334f7857fa54f29027a7f09c30e895ad486ef
DEF_DALLE_3_087,DEF_DALLE_3_087_934b49c9bde9.jpg,DALLE_3,Defactify_DALLE3,DALL-E_3,AI,1,4,Defactify_val_shard_1_row_1427,a close up of a street sign with buildings in the background,270,270,18432,934b49c9bde9edebcbb5d4950e5deba6bd7bfef6c9d2383a75efef7596b4ab27,d6960d9e3d0db0a6,18,42,787334f7857fa54f29027a7f09c30e895ad486ef
DEF_DALLE_3_088,DEF_DALLE_3_088_55610f788dbc.jpg,DALLE_3,Defactify_DALLE3,DALL-E_3,AI,1,4,Defactify_val_shard_0_row_864,a bunch of motorcycles are parked together outside,270,270,26005,55610f788dbce768c853d832c5169f02189952f55e22a12e78c99eebf27410aa,c1c2d3e4c6eb2ec8,16,42,787334f7857fa54f29027a7f09c30e895ad486ef
DEF_DALLE_3_089,DEF_DALLE_3_089_2d8de2d42ee7.jpg,DALLE_3,Defactify_DALLE3,DALL-E_3,AI,1,4,Defactify_val_shard_1_row_1656,A woman walking down a flight of stairs.,270,270,20339,2d8de2d42ee77fa69d2a0639884bd4d9c2999239fce3372faab79990c695770a,c699d98ddd478720,16,42,787334f7857fa54f29027a7f09c30e895ad486ef
DEF_DALLE_3_090,DEF_DALLE_3_090_549508a42a2e.jpg,DALLE_3,Defactify_DALLE3,DALL-E_3,AI,1,4,Defactify_val_shard_1_row_3112,A group of men on bikes hitching a ride on the back of a bus.,270,270,24392,549508a42a2e29005d4d609b619711c80ffe1026715a76fdca92e25b3de9ef30,baed81c793c0db03,16,42,787334f7857fa54f29027a7f09c30e895ad486ef
DEF_DALLE_3_091,DEF_DALLE_3_091_59eedb0b02c5.jpg,DALLE_3,Defactify_DALLE3,DALL-E_3,AI,1,4,Defactify_val_shard_0_row_4009,A bathroom with a tub and his and her sinks.,270,270,18688,59eedb0b02c5967ff574512533d036583e8c8e6bf24505ece3e9b381d20ee9cd,97ec1283b4ab6574,18,42,787334f7857fa54f29027a7f09c30e895ad486ef
DEF_DALLE_3_092,DEF_DALLE_3_092_b7fa37c43ccd.jpg,DALLE_3,Defactify_DALLE3,DALL-E_3,AI,1,4,Defactify_val_shard_1_row_981,A green stop light that is hanging above the street.,270,270,17576,b7fa37c43ccd8bb33860456b113bfbbb42bbe4d7792d6f95b786c932f57b33ec,f6e0438f46f0c933,12,42,787334f7857fa54f29027a7f09c30e895ad486ef
DEF_DALLE_3_093,DEF_DALLE_3_093_c92c508c42f3.jpg,DALLE_3,Defactify_DALLE3,DALL-E_3,AI,1,4,Defactify_val_shard_0_row_2914,A woman posing and riding on a red motorcycle,270,270,13082,c92c508c42f3294961346b452767f66a6dd4389f793a8b4f8992d2a505610da8,fa22615e91d5ed0a,18,42,787334f7857fa54f29027a7f09c30e895ad486ef
DEF_DALLE_3_094,DEF_DALLE_3_094_201f479f09b4.jpg,DALLE_3,Defactify_DALLE3,DALL-E_3,AI,1,4,Defactify_val_shard_1_row_4271,A large group of people on bikes on a road.,270,270,19725,201f479f09b45f383064e48319ef3f91112b1bacd8308a5414d643d2fbb84b42,999e158e286dd05f,18,42,787334f7857fa54f29027a7f09c30e895ad486ef
DEF_DALLE_3_095,DEF_DALLE_3_095_93a2d212f8ba.jpg,DALLE_3,Defactify_DALLE3,DALL-E_3,AI,1,4,Defactify_val_shard_0_row_2218,A yellow school bus parked  near a tree.,270,270,16976,93a2d212f8ba55edc07e54fc918099e132a7fa97f54a186e1f1a6a5a8dc584ae,b69f4ce8f52430b1,16,42,787334f7857fa54f29027a7f09c30e895ad486ef
DEF_DALLE_3_096,DEF_DALLE_3_096_1e9c53f2aee7.jpg,DALLE_3,Defactify_DALLE3,DALL-E_3,AI,1,4,Defactify_val_shard_0_row_149,A man sits on top of a motorbike.,270,270,15683,1e9c53f2aee7a7e102eabc100f1346a1ca63123aa8ac37da0f47149e99f52fd0,bd94c0c74345f0f9,14,42,787334f7857fa54f29027a7f09c30e895ad486ef
DEF_DALLE_3_097,DEF_DALLE_3_097_047009b59365.jpg,DALLE_3,Defactify_DALLE3,DALL-E_3,AI,1,4,Defactify_val_shard_1_row_1512,The landing gear is down as the airliner comes in for a landing. ,270,270,17382,047009b593657025637b6e99496670bd8ecad640e8e83495ac3809a589f294ad,99a9664d6c260f9b,16,42,787334f7857fa54f29027a7f09c30e895ad486ef
DEF_DALLE_3_098,DEF_DALLE_3_098_72406d9e9c4b.jpg,DALLE_3,Defactify_DALLE3,DALL-E_3,AI,1,4,Defactify_val_shard_0_row_4448,"two benches, a small statue and some street signs stand between a street curb and the brick facade of a large building. ",270,270,20112,72406d9e9c4bca26b148ba3a77342507038e6961779e05b195e569b5f3280a87,a21a59f686a8daae,16,42,787334f7857fa54f29027a7f09c30e895ad486ef
DEF_DALLE_3_099,DEF_DALLE_3_099_03b496eaa6bd.jpg,DALLE_3,Defactify_DALLE3,DALL-E_3,AI,1,4,Defactify_val_shard_0_row_475,A window in a kitchen filled with green plants.,270,270,17710,03b496eaa6bde6a8f0fc92c6620c1b1afff1c713e84530faf8ee67badd466c5b,87976c93ee1231b4,16,42,787334f7857fa54f29027a7f09c30e895ad486ef
DEF_DALLE_3_100,DEF_DALLE_3_100_94991676d7ec.jpg,DALLE_3,Defactify_DALLE3,DALL-E_3,AI,1,4,Defactify_val_shard_1_row_4094,this is a bathroom that has a sink and toilet,270,270,15897,94991676d7ec6a39ee44dec7d2a6ecd6a8246b627b8aecc366d932098562fb52,d4ee73022cf7d221,18,42,787334f7857fa54f29027a7f09c30e895ad486ef
DEF_SDXL_001,DEF_SDXL_001_6896a263b263.jpg,SDXL,Defactify_SDXL,Stable_Diffusion_XL,AI,1,2,Defactify_val_shard_1_row_592,A cat sits next to a bike that is garnished with flowers. ,1024,1024,138530,6896a263b2638dd53beeb400de0b1f02b8a67695cd232d61ee7c92232fce957e,87c63139ecc31e96,16,42,787334f7857fa54f29027a7f09c30e895ad486ef
DEF_SDXL_002,DEF_SDXL_002_3c564dba4e61.jpg,SDXL,Defactify_SDXL,Stable_Diffusion_XL,AI,1,2,Defactify_val_shard_1_row_3765,an image of taxi cabs parked and stationed thru out the city,1024,1024,130999,3c564dba4e61f72786c5d68f7354c29807e19b1816149442351e88d2c8af31f1,8cea33aecd30e44b,16,42,787334f7857fa54f29027a7f09c30e895ad486ef
DEF_SDXL_003,DEF_SDXL_003_571f894ebeeb.jpg,SDXL,Defactify_SDXL,Stable_Diffusion_XL,AI,1,2,Defactify_val_shard_1_row_3327,A red fire hydrant sitting on the side of a road on a side walk.,1024,1024,73470,571f894ebeeb9320653c73327cd9204c55bbdc659b35cb3ffa4edc4f45562bfa,ed991364b459b26c,14,42,787334f7857fa54f29027a7f09c30e895ad486ef
DEF_SDXL_004,DEF_SDXL_004_82a151f95e13.jpg,SDXL,Defactify_SDXL,Stable_Diffusion_XL,AI,1,2,Defactify_val_shard_1_row_3181,The black cat is wondering what isw behind the wall.,1024,1024,70150,82a151f95e1317fb280fcd10bb55c72de20e892e014afbdcfa26d6a5eaa7e96a,b1cc4731cc67b15c,12,42,787334f7857fa54f29027a7f09c30e895ad486ef
DEF_SDXL_005,DEF_SDXL_005_b2bc5060faf7.jpg,SDXL,Defactify_SDXL,Stable_Diffusion_XL,AI,1,2,Defactify_val_shard_0_row_3421,A street sign on top of a pole next to a large green tree.,1024,1024,198787,b2bc5060faf764e3c88379b62effc5a39c53cf8515979737824d294a5b086b57,acacd70e80f9d24e,14,42,787334f7857fa54f29027a7f09c30e895ad486ef
DEF_SDXL_006,DEF_SDXL_006_551f049c5fa1.jpg,SDXL,Defactify_SDXL,Stable_Diffusion_XL,AI,1,2,Defactify_val_shard_1_row_2116,A woman taking a sip of a beer by people with laptops.,1024,1024,159519,551f049c5fa14c7eec1683feb865359d86f9725229e4fc819343419a6628b259,cdb2e18bdf0c6621,18,42,787334f7857fa54f29027a7f09c30e895ad486ef
DEF_SDXL_007,DEF_SDXL_007_5d0d509ee966.jpg,SDXL,Defactify_SDXL,Stable_Diffusion_XL,AI,1,2,Defactify_val_shard_1_row_763,A herd of sheep walking on top of a lush green field.,1024,1024,120110,5d0d509ee9664aecbad17a3e37b46305f3aa57990b1060fe299508df44665acb,e8ea878795949c9a,14,42,787334f7857fa54f29027a7f09c30e895ad486ef
DEF_SDXL_008,DEF_SDXL_008_a507e240c28c.jpg,SDXL,Defactify_SDXL,Stable_Diffusion_XL,AI,1,2,Defactify_val_shard_1_row_2016,Canning tongs lifting a jar out of the water bath.,1024,1024,77401,a507e240c28c0843be849b452b3dc148a2869b817b88906cdfb96ee4b5e7f6b6,b649b9164d162aaf,14,42,787334f7857fa54f29027a7f09c30e895ad486ef
DEF_SDXL_009,DEF_SDXL_009_71e3b3d3f708.jpg,SDXL,Defactify_SDXL,Stable_Diffusion_XL,AI,1,2,Defactify_val_shard_0_row_4377,this is a bathroom and a tub with tile,1024,1024,109701,71e3b3d3f7085ebda66ef7c81f3cab7974a6b852aa624477ac3f9009b197c520,96b21d698d0c96de,16,42,787334f7857fa54f29027a7f09c30e895ad486ef
DEF_SDXL_010,DEF_SDXL_010_362cb62853c2.jpg,SDXL,Defactify_SDXL,Stable_Diffusion_XL,AI,1,2,Defactify_val_shard_1_row_2801,A woman in sunglasses is in a picture with a giraffe. ,1024,1024,110064,362cb62853c21b96d50b9e301328927c44f0cd7b2390c0e780802db53bd1974c,ba3486bba4a689bc,16,42,787334f7857fa54f29027a7f09c30e895ad486ef
DEF_SDXL_011,DEF_SDXL_011_116943ac8fa1.jpg,SDXL,Defactify_SDXL,Stable_Diffusion_XL,AI,1,2,Defactify_val_shard_1_row_1787,A bathroom sink with a bottle of cleaning solution on it. ,1024,1024,57536,116943ac8fa1d185224ad056059e5010615147fd0fb00c5e24fa8c22215280cf,e6da30887aa1df34,16,42,787334f7857fa54f29027a7f09c30e895ad486ef
DEF_SDXL_012,DEF_SDXL_012_f71fc41a45ec.jpg,SDXL,Defactify_SDXL,Stable_Diffusion_XL,AI,1,2,Defactify_val_shard_1_row_1277,A parked motorcycle on display next to the skull of a demon.,1024,1024,149792,f71fc41a45ec38246725b532d3a9bf441c70c71fc938dfa364cfc12279cd5292,bbf6c23ba4300a3b,16,42,787334f7857fa54f29027a7f09c30e895ad486ef
DEF_SDXL_013,DEF_SDXL_013_aa1e03e2ec73.jpg,SDXL,Defactify_SDXL,Stable_Diffusion_XL,AI,1,2,Defactify_val_shard_1_row_2019,A green street sign over a street next to a traffic light.,1024,1024,79743,aa1e03e2ec731993aca94cf0d022557366da960a2a911cca1e687d30c7b749eb,8663589d49b56b99,18,42,787334f7857fa54f29027a7f09c30e895ad486ef
DEF_SDXL_014,DEF_SDXL_014_8c942d1cfeec.jpg,SDXL,Defactify_SDXL,Stable_Diffusion_XL,AI,1,2,Defactify_val_shard_0_row_4050,A young man has his foot placed on a pole while another looks on. ,1024,1024,92703,8c942d1cfeecf6b7eea097cc1c0a3d1b3620798837901cc1d078e996cece5234,b409a96fdfb2c884,18,42,787334f7857fa54f29027a7f09c30e895ad486ef
DEF_SDXL_015,DEF_SDXL_015_780b11fe50ce.jpg,SDXL,Defactify_SDXL,Stable_Diffusion_XL,AI,1,2,Defactify_val_shard_0_row_839,A yellow smiley face cat sitting on a white plate.,1024,1024,56106,780b11fe50ce887b73836547460f9ad16dcc6aecee39e0d55f31bdc7d4321a6c,e55d5a41694e2d8e,18,42,787334f7857fa54f29027a7f09c30e895ad486ef
DEF_SDXL_016,DEF_SDXL_016_f29a01c47c74.jpg,SDXL,Defactify_SDXL,Stable_Diffusion_XL,AI,1,2,Defactify_val_shard_1_row_954,A red fire hydrant sitting on the side of a road.,1024,1024,145621,f29a01c47c74490a51b60379082325653e846b17ae982eed637248feb278e308,cd5a32e8cdca1636,16,42,787334f7857fa54f29027a7f09c30e895ad486ef
DEF_SDXL_017,DEF_SDXL_017_da26221291c9.jpg,SDXL,Defactify_SDXL,Stable_Diffusion_XL,AI,1,2,Defactify_val_shard_0_row_1954,A renovated propeller airplane flying in a blue sky,1024,1024,58112,da26221291c9c2e3494037abb6072c88959e86661a3dc3d33365515123b98207,bc318e0f61f09e78,16,42,787334f7857fa54f29027a7f09c30e895ad486ef
DEF_SDXL_018,DEF_SDXL_018_af92ecb34555.jpg,SDXL,Defactify_SDXL,Stable_Diffusion_XL,AI,1,2,Defactify_val_shard_1_row_1154,a close up of a street sign with buildings in the background,1024,1024,87023,af92ecb34555556d320a0dbb7049765917bb82637dddfdcd8839639ca75bc80a,a7ab499687b521c5,16,42,787334f7857fa54f29027a7f09c30e895ad486ef
DEF_SDXL_019,DEF_SDXL_019_8777291c5c48.jpg,SDXL,Defactify_SDXL,Stable_Diffusion_XL,AI,1,2,Defactify_val_shard_0_row_3122,It looks like there is writing on the bottom of the Stop sign.,1024,1024,72175,8777291c5c4848415dddfa25596e6629863be36315c07d6eb6b9edd9a010bf73,a6f9a6eda98205e1,16,42,787334f7857fa54f29027a7f09c30e895ad486ef
DEF_SDXL_020,DEF_SDXL_020_d90187a23f54.jpg,SDXL,Defactify_SDXL,Stable_Diffusion_XL,AI,1,2,Defactify_val_shard_1_row_372,A bathroom with a narrow toilet and hanging towels. ,1024,1024,91978,d90187a23f54b4daa47d348786085c94035c258f4dd025a099a803fae18207f6,d7bd4268951b2ad8,16,42,787334f7857fa54f29027a7f09c30e895ad486ef
DEF_SDXL_021,DEF_SDXL_021_4c9bab56e00f.jpg,SDXL,Defactify_SDXL,Stable_Diffusion_XL,AI,1,2,Defactify_val_shard_1_row_889,A yellow scooter bike is by a fire hydrant.,1024,1024,118323,4c9bab56e00f44a13a9149f4a29e8033c1504bdfe477c7a20f045b61ded4e733,def0321bb449686d,16,42,787334f7857fa54f29027a7f09c30e895ad486ef
DEF_SDXL_022,DEF_SDXL_022_fe1bd9bf0df4.jpg,SDXL,Defactify_SDXL,Stable_Diffusion_XL,AI,1,2,Defactify_val_shard_1_row_110,A fire hydrant that has been painted many colors in a tropical area.,1024,1024,135539,fe1bd9bf0df4242161d0409db896d4fd1560ec5e092fb20087a31be86af01d27,b69dc9195999e132,14,42,787334f7857fa54f29027a7f09c30e895ad486ef
DEF_SDXL_023,DEF_SDXL_023_08116f520a31.jpg,SDXL,Defactify_SDXL,Stable_Diffusion_XL,AI,1,2,Defactify_val_shard_0_row_3179,"2 people take a stroll, as a stop sign looms in the foreground.",1024,1024,140361,08116f520a31c6d1deae30a9ec25133a95abf69d9a620b79c71eb469384ef438,8f82766d78826f61,16,42,787334f7857fa54f29027a7f09c30e895ad486ef
DEF_SDXL_024,DEF_SDXL_024_bf3f0b94295b.jpg,SDXL,Defactify_SDXL,Stable_Diffusion_XL,AI,1,2,Defactify_val_shard_1_row_1398,A tall building with balconies behind a red and white sign.,1024,1024,151726,bf3f0b94295b944fba34fef62f0b41f09a526ce7cfec15a638b7017d4ab3535e,dcdc22dc92229d73,18,42,787334f7857fa54f29027a7f09c30e895ad486ef
DEF_SDXL_025,DEF_SDXL_025_f09335ce61cd.jpg,SDXL,Defactify_SDXL,Stable_Diffusion_XL,AI,1,2,Defactify_val_shard_0_row_945,Conductors operating a miniature train for parents and their children.,1024,1024,161969,f09335ce61cde9520795a2baec1d0dfb9a0dc9a06aebe4f4dfe92dfda4cbe88a,9411bf7e8425b666,16,42,787334f7857fa54f29027a7f09c30e895ad486ef
DEF_SDXL_026,DEF_SDXL_026_e29a7fdb4435.jpg,SDXL,Defactify_SDXL,Stable_Diffusion_XL,AI,1,2,Defactify_val_shard_0_row_3216,A toilet and container in a small room.,1024,1024,50893,e29a7fdb44357e4b7286c1883e76520046f6aa727c99f201b5c814424452981b,bce81e66190ec39d,16,42,787334f7857fa54f29027a7f09c30e895ad486ef
DEF_SDXL_027,DEF_SDXL_027_40b93bce9543.jpg,SDXL,Defactify_SDXL,Stable_Diffusion_XL,AI,1,2,Defactify_val_shard_1_row_1119,A view of a kitchen shows large and small appliances and pans on the cabinets.,1024,1024,110698,40b93bce9543717eabbeebd27bd47dee760da07b76d7e1abdec8690606cf855c,a525e5d87867ca43,18,42,787334f7857fa54f29027a7f09c30e895ad486ef
DEF_SDXL_028,DEF_SDXL_028_cd3e053fa20b.jpg,SDXL,Defactify_SDXL,Stable_Diffusion_XL,AI,1,2,Defactify_val_shard_0_row_2124,A large kitchen with a stove and a sink.,1024,1024,124130,cd3e053fa20b4b9f52015fe112615d8ba543489c46a256271e8479c9596b6bb8,a8cb55b4cbe0b0da,14,42,787334f7857fa54f29027a7f09c30e895ad486ef
DEF_SDXL_029,DEF_SDXL_029_b93dbe61c0b3.jpg,SDXL,Defactify_SDXL,Stable_Diffusion_XL,AI,1,2,Defactify_val_shard_1_row_2393,A girl in a pink jacket on a bicycle passes a man in a blue cap on a bicycle.,1024,1024,136050,b93dbe61c0b30a8f251a56a3770a1b577d95c325ed61409f7da5d4d820a2336b,d142a6ef5ab00bf1,18,42,787334f7857fa54f29027a7f09c30e895ad486ef
DEF_SDXL_030,DEF_SDXL_030_f17e30be13fc.jpg,SDXL,Defactify_SDXL,Stable_Diffusion_XL,AI,1,2,Defactify_val_shard_1_row_4080,A wooden park bench overlooking a valley full of trees.,1024,1024,184879,f17e30be13fccfb31c3916b8c25908d7801ef8f0a8e46db49fc8eb8c2958b5fb,80ac277d36999667,16,42,787334f7857fa54f29027a7f09c30e895ad486ef
DEF_SDXL_031,DEF_SDXL_031_6ff2cbf2c1f4.jpg,SDXL,Defactify_SDXL,Stable_Diffusion_XL,AI,1,2,Defactify_val_shard_1_row_56,"A bathroom is shown with a mirror, sink, and shower.",1024,1024,74342,6ff2cbf2c1f408eb3fc364b67740617de190bdd78c83a0705478feac8926bfd1,fbc61d2b493a51a2,18,42,787334f7857fa54f29027a7f09c30e895ad486ef
DEF_SDXL_032,DEF_SDXL_032_beeb21dd89c0.jpg,SDXL,Defactify_SDXL,Stable_Diffusion_XL,AI,1,2,Defactify_val_shard_1_row_3527,Two giraffe standing next to a chain link fence.,1024,1024,146187,beeb21dd89c03902ba98696875df222000388afdcab2ea4425771e9763269c89,96e8e8a133115b77,14,42,787334f7857fa54f29027a7f09c30e895ad486ef
DEF_SDXL_033,DEF_SDXL_033_409fffb4aa2e.jpg,SDXL,Defactify_SDXL,Stable_Diffusion_XL,AI,1,2,Defactify_val_shard_0_row_1506,A giraffe and two zebras walking in tall grass.,1024,1024,107399,409fffb4aa2e26c623387233bea3b206f20446b1491c3472c1c214035e396e75,d1fd129299e9ad84,16,42,787334f7857fa54f29027a7f09c30e895ad486ef
DEF_SDXL_034,DEF_SDXL_034_b3166901fa16.jpg,SDXL,Defactify_SDXL,Stable_Diffusion_XL,AI,1,2,Defactify_val_shard_0_row_1863,A stop sign at an empty intersection in the country side.,1024,1024,150749,b3166901fa16c937e520e0de025a0e6207dad9f34fa89603f907ddf7db62724c,e4d979b69f160868,16,42,787334f7857fa54f29027a7f09c30e895ad486ef
DEF_SDXL_035,DEF_SDXL_035_fe06003ccc13.jpg,SDXL,Defactify_SDXL,Stable_Diffusion_XL,AI,1,2,Defactify_val_shard_1_row_187,A small boat in the ocean with four seagulls standing on it.,1024,1024,68149,fe06003ccc13492123d84a3b762ca45145890f28162b239e2700ec01e01ad08a,f3cc70738c334ccc,14,42,787334f7857fa54f29027a7f09c30e895ad486ef
DEF_SDXL_036,DEF_SDXL_036_b87b8be31b20.jpg,SDXL,Defactify_SDXL,Stable_Diffusion_XL,AI,1,2,Defactify_val_shard_0_row_794,a toilet sits next to a shower an sink ,1024,1024,65708,b87b8be31b202567fed4ee06e9cc04857dfe7940a75f657758549da9428c6951,81f10a7447beeb07,18,42,787334f7857fa54f29027a7f09c30e895ad486ef
DEF_SDXL_037,DEF_SDXL_037_82a9ad5d8823.jpg,SDXL,Defactify_SDXL,Stable_Diffusion_XL,AI,1,2,Defactify_val_shard_1_row_1943,A shower equipped for a physically challenged person with a shower chair,1024,1024,101316,82a9ad5d88230dc1571e9aa02279cc8e17718c9588dc023f1cce29e6ec1e2eb8,b838e12b61523bd7,16,42,787334f7857fa54f29027a7f09c30e895ad486ef
DEF_SDXL_038,DEF_SDXL_038_fd02b0a7be8b.jpg,SDXL,Defactify_SDXL,Stable_Diffusion_XL,AI,1,2,Defactify_val_shard_0_row_3480,A downtown urban street scene with skyscrapers and historic buildings.,1024,1024,155388,fd02b0a7be8b8417cde68ad0ce77c997e2a9684ba8ab31405649e6974eb3e08b,8d8ff331ed43a448,16,42,787334f7857fa54f29027a7f09c30e895ad486ef
DEF_SDXL_039,DEF_SDXL_039_370dfca479ca.jpg,SDXL,Defactify_SDXL,Stable_Diffusion_XL,AI,1,2,Defactify_val_shard_1_row_555,A restroom filled with graffiti and two toilet stalls.,1024,1024,124728,370dfca479ca88f9324628626c4e66bf8912a8ec957e7c8aef155491b17423d2,ccec3e2f4f1b40c4,18,42,787334f7857fa54f29027a7f09c30e895ad486ef
DEF_SDXL_040,DEF_SDXL_040_acdc05bf442b.jpg,SDXL,Defactify_SDXL,Stable_Diffusion_XL,AI,1,2,Defactify_val_shard_0_row_2436,The motorcycle racer leans down to the road while making a turn. ,1024,1024,77759,acdc05bf442bfe2476ca8ca30f062c769a515c2749247249ecb2c8719eb4a1d4,9044cf3b20ce7fe2,16,42,787334f7857fa54f29027a7f09c30e895ad486ef
DEF_SDXL_041,DEF_SDXL_041_d4227c28ab98.jpg,SDXL,Defactify_SDXL,Stable_Diffusion_XL,AI,1,2,Defactify_val_shard_0_row_3935,A couple of cats standing on top of a desk.,1024,1024,90754,d4227c28ab98955849e36eb1ef646d20bb85d865af76f4956c2078d31cd91ce8,fcc392b545e12e1c,18,42,787334f7857fa54f29027a7f09c30e895ad486ef
DEF_SDXL_042,DEF_SDXL_042_e378a0344eb3.jpg,SDXL,Defactify_SDXL,Stable_Diffusion_XL,AI,1,2,Defactify_val_shard_0_row_3676,A white car parked in a parking space.,1024,1024,66559,e378a0344eb348e84e09009df6cb17f9f814f6e82c7beeafd5d15f22e757493b,9a857ac1771ae50e,18,42,787334f7857fa54f29027a7f09c30e895ad486ef
DEF_SDXL_043,DEF_SDXL_043_7a15120619de.jpg,SDXL,Defactify_SDXL,Stable_Diffusion_XL,AI,1,2,Defactify_val_shard_0_row_2169,A cat laying next to a bike with a large tire.,1024,1024,108334,7a15120619deb9e36ca2fb74a0565ac9e236a49f517c02cb541095877904270e,dc63e19ce0b71266,16,42,787334f7857fa54f29027a7f09c30e895ad486ef
DEF_SDXL_044,DEF_SDXL_044_49ba7108064b.jpg,SDXL,Defactify_SDXL,Stable_Diffusion_XL,AI,1,2,Defactify_val_shard_0_row_75,A person on a skateboard on the road.,1024,1024,59533,49ba7108064bc6c67079f056907fce84e2657b7950520be515965871ef31f081,b3ec8c927321ceca,14,42,787334f7857fa54f29027a7f09c30e895ad486ef
DEF_SDXL_045,DEF_SDXL_045_2833b5c39f2e.jpg,SDXL,Defactify_SDXL,Stable_Diffusion_XL,AI,1,2,Defactify_val_shard_1_row_2569,A motorcycle parked on the side of a road.,1024,1024,122410,2833b5c39f2e197c68901be622e8251a13079308979717214331fa405988f73e,c1d69db4d4e93132,16,42,787334f7857fa54f29027a7f09c30e895ad486ef
DEF_SDXL_046,DEF_SDXL_046_215eb8c5bba4.jpg,SDXL,Defactify_SDXL,Stable_Diffusion_XL,AI,1,2,Defactify_val_shard_1_row_1721,A train with bright lights on it under utility wires.,1024,1024,142479,215eb8c5bba4f2a3747eafe132838530df181d5a25375bf267e1835166316c9d,c639704735c79966,12,42,787334f7857fa54f29027a7f09c30e895ad486ef
DEF_SDXL_047,DEF_SDXL_047_253f4a701aea.jpg,SDXL,Defactify_SDXL,Stable_Diffusion_XL,AI,1,2,Defactify_val_shard_0_row_3746,Person riding a bicycle while walking two dogs. ,1024,1024,159860,253f4a701aeacbab59f0e52e0ad690c46a2dad6b7d28ef9fafb60410d0a012c7,d577bb108cf96304,18,42,787334f7857fa54f29027a7f09c30e895ad486ef
DEF_SDXL_048,DEF_SDXL_048_6438d4b44f92.jpg,SDXL,Defactify_SDXL,Stable_Diffusion_XL,AI,1,2,Defactify_val_shard_1_row_3178,A traffic light sitting next to a tree near a sign.,1024,1024,181718,6438d4b44f9250d960742db839e2415423bca8cd89adf0055c29edd40bad37fe,b6fb3190687e4c49,18,42,787334f7857fa54f29027a7f09c30e895ad486ef
DEF_SDXL_049,DEF_SDXL_049_c7a946d67eb3.jpg,SDXL,Defactify_SDXL,Stable_Diffusion_XL,AI,1,2,Defactify_val_shard_0_row_3303,A leaned over stop sign in a snowy parking lot.,1024,1024,113089,c7a946d67eb393b5d9a650ba6357488e2a4249b39e66f731ad47bb9fb507d718,907883a4f8dbaca7,18,42,787334f7857fa54f29027a7f09c30e895ad486ef
DEF_SDXL_050,DEF_SDXL_050_f6a78db32fab.jpg,SDXL,Defactify_SDXL,Stable_Diffusion_XL,AI,1,2,Defactify_val_shard_1_row_1801,Group of people flying a blight kite with smiley faces on it. ,1024,1024,109014,f6a78db32fab6c6d2d684f666d9ea1f3fa522fd3b6107d8442b0621f9d3378b1,be718e07c15a9a0f,14,42,787334f7857fa54f29027a7f09c30e895ad486ef
DEF_SDXL_051,DEF_SDXL_051_30a2861bc4e3.jpg,SDXL,Defactify_SDXL,Stable_Diffusion_XL,AI,1,2,Defactify_val_shard_0_row_1976,A woman hovering over food on a wooden table.,1024,1024,101204,30a2861bc4e380d8ffe6fcb3916d7d14bdff93a27a307d0f946a86fc6fc7c291,8424abfb92856e9b,16,42,787334f7857fa54f29027a7f09c30e895ad486ef
DEF_SDXL_052,DEF_SDXL_052_1d1ea453c587.jpg,SDXL,Defactify_SDXL,Stable_Diffusion_XL,AI,1,2,Defactify_val_shard_0_row_3569,Traffic on a road in winter with some snow on the ground.,1024,1024,148146,1d1ea453c5877068efe59ed6beaa3214fe41cbdc952e4922a6f4d6d266cdf7d7,bcd24cf1a281d7d2,16,42,787334f7857fa54f29027a7f09c30e895ad486ef
DEF_SDXL_053,DEF_SDXL_053_db376f4a9389.jpg,SDXL,Defactify_SDXL,Stable_Diffusion_XL,AI,1,2,Defactify_val_shard_0_row_4346,this bathroom has a black table and a white animal house,1024,1024,102441,db376f4a9389d9903c89095f7d42fda8a5d13e5e6cc8cd9aaccecf7fd83c1072,d72a861b6dc6b864,16,42,787334f7857fa54f29027a7f09c30e895ad486ef
DEF_SDXL_054,DEF_SDXL_054_7577db782a94.jpg,SDXL,Defactify_SDXL,Stable_Diffusion_XL,AI,1,2,Defactify_val_shard_1_row_4353,"A bathroom contains a toilet, a sink and a bathtub.",1024,1024,123495,7577db782a944b112e3919c8c30660b327c4102b0f61ddf2f72f0284205e4e98,c33e691b2265d8cd,16,42,787334f7857fa54f29027a7f09c30e895ad486ef
DEF_SDXL_055,DEF_SDXL_055_e02ac9973972.jpg,SDXL,Defactify_SDXL,Stable_Diffusion_XL,AI,1,2,Defactify_val_shard_1_row_1558,A white toilet sitting in between tiled walls.,1024,1024,87298,e02ac997397244d0165a24fb9862b35215960bb5ce1ed733ed5d7dffae2f35e4,85c9e379e1263897,16,42,787334f7857fa54f29027a7f09c30e895ad486ef
DEF_SDXL_056,DEF_SDXL_056_ec60bed47491.jpg,SDXL,Defactify_SDXL,Stable_Diffusion_XL,AI,1,2,Defactify_val_shard_1_row_2127,A man sitting on a motor bike smiling with a friend close to him,1024,1024,123055,ec60bed47491249ce364feefd0280e8e908b81c14f9153f1918b794964289bce,baf0c0c504764fdb,14,42,787334f7857fa54f29027a7f09c30e895ad486ef
DEF_SDXL_057,DEF_SDXL_057_25621bc1fb68.jpg,SDXL,Defactify_SDXL,Stable_Diffusion_XL,AI,1,2,Defactify_val_shard_1_row_1162,A bike leans on a wooden fence on a hill.,1024,1024,125009,25621bc1fb68a0eef1b82b6aa8bcdcde2011a5617ac7519ce0735ce94edebfed,c0ab96a794dc95d4,16,42,787334f7857fa54f29027a7f09c30e895ad486ef
DEF_SDXL_058,DEF_SDXL_058_9d6f8e11981e.jpg,SDXL,Defactify_SDXL,Stable_Diffusion_XL,AI,1,2,Defactify_val_shard_1_row_1523,people crossing a zebra crossing and vehicles standing,1024,1024,132413,9d6f8e11981ebc60e5d0dd41b73eda7a8a448082ca720f5c286576eb0f27906b,961d327b152a7d8c,18,42,787334f7857fa54f29027a7f09c30e895ad486ef
DEF_SDXL_059,DEF_SDXL_059_6ee23952ec08.jpg,SDXL,Defactify_SDXL,Stable_Diffusion_XL,AI,1,2,Defactify_val_shard_0_row_890,A red train sits in the station while a worker passes.,1024,1024,150750,6ee23952ec08e30313f999ecb71e4b02002097b500741c9ddcd3dcda7022d2d6,b0e4d5b50f16253e,18,42,787334f7857fa54f29027a7f09c30e895ad486ef
DEF_SDXL_060,DEF_SDXL_060_ce7777cda93a.jpg,SDXL,Defactify_SDXL,Stable_Diffusion_XL,AI,1,2,Defactify_val_shard_1_row_2805,Running track and playing field in a mountainous landscape,1024,1024,107370,ce7777cda93ab205ba7e4e1e63a363167db5361a27171d6550aea166c105dc3a,858d2e99c5f92b23,14,42,787334f7857fa54f29027a7f09c30e895ad486ef
DEF_SDXL_061,DEF_SDXL_061_4f10091751ff.jpg,SDXL,Defactify_SDXL,Stable_Diffusion_XL,AI,1,2,Defactify_val_shard_1_row_1329,"A view of a mirror with a stop sign, in the back.",1024,1024,65117,4f10091751ff12dd2affe2451738ec37fd5f9513c0ff208a5808e7a06d5691ba,807edbfb68683832,14,42,787334f7857fa54f29027a7f09c30e895ad486ef
DEF_SDXL_062,DEF_SDXL_062_84660079fa1d.jpg,SDXL,Defactify_SDXL,Stable_Diffusion_XL,AI,1,2,Defactify_val_shard_0_row_750,a couple of chairs that are at a table,1024,1024,65695,84660079fa1ddf398c4bb471cddde894dc5def2fd64f2816af10ba0b60093390,d775c1790ed520d8,14,42,787334f7857fa54f29027a7f09c30e895ad486ef
DEF_SDXL_063,DEF_SDXL_063_6485061704ed.jpg,SDXL,Defactify_SDXL,Stable_Diffusion_XL,AI,1,2,Defactify_val_shard_0_row_3173,A sheep eats grass alone by a lake,1024,1024,117347,6485061704ede21e571f9bf61b2e79eec2f0feefb619f5d533395c964f036910,878fcb17a519f224,16,42,787334f7857fa54f29027a7f09c30e895ad486ef
DEF_SDXL_064,DEF_SDXL_064_b86a9fe86805.jpg,SDXL,Defactify_SDXL,Stable_Diffusion_XL,AI,1,2,Defactify_val_shard_1_row_2008,A small black dog on a leash next to a bike.,1024,1024,104569,b86a9fe86805839311fe51f3a8e40cf5f9d1a3d368f188ad53ea92258607d6fe,98c38e9cc32f2c1f,12,42,787334f7857fa54f29027a7f09c30e895ad486ef
DEF_SDXL_065,DEF_SDXL_065_2da3bb95029c.jpg,SDXL,Defactify_SDXL,Stable_Diffusion_XL,AI,1,2,Defactify_val_shard_0_row_83,A large white sheep cake sitting on top of a foil plate.,1024,1024,93575,2da3bb95029ca3b374744a644407ce950f898664dde8eb7ac05a876cbb42f825,9cfd6ac2b503e10d,18,42,787334f7857fa54f29027a7f09c30e895ad486ef
DEF_SDXL_066,DEF_SDXL_066_fb9eddbb2a8b.jpg,SDXL,Defactify_SDXL,Stable_Diffusion_XL,AI,1,2,Defactify_val_shard_1_row_2708,Inside a tram waiting to go out the door. ,1024,1024,142211,fb9eddbb2a8b43024c58223324b5534354137760edf35ab6846b75ecabe185ff,aefd5c0a47558343,18,42,787334f7857fa54f29027a7f09c30e895ad486ef
DEF_SDXL_067,DEF_SDXL_067_9fc58eacfb8e.jpg,SDXL,Defactify_SDXL,Stable_Diffusion_XL,AI,1,2,Defactify_val_shard_1_row_111,A kitchen being remodeled covered in lots of clutter.,1024,1024,144633,9fc58eacfb8e4fc3fd3870ad5f559cdafe10847374190b7595cd2ab618f5344e,998fd6769689e181,16,42,787334f7857fa54f29027a7f09c30e895ad486ef
DEF_SDXL_068,DEF_SDXL_068_9e7d85dcb2c4.jpg,SDXL,Defactify_SDXL,Stable_Diffusion_XL,AI,1,2,Defactify_val_shard_1_row_2403,People using their laptops in the backseat of a car.,1024,1024,155812,9e7d85dcb2c40098029438123e139aac3e5d7405ec789c28aba980664d3c8884,ff84c41ac2b50fb8,16,42,787334f7857fa54f29027a7f09c30e895ad486ef
DEF_SDXL_069,DEF_SDXL_069_6adc094a5b57.jpg,SDXL,Defactify_SDXL,Stable_Diffusion_XL,AI,1,2,Defactify_val_shard_0_row_4180,A giraffe trying to cross a dirt road quickly.,1024,1024,107622,6adc094a5b5707de3859602cd897767b0f3d8374eca53f7df9e71fb52f8f3eeb,c17b9bc12ea4f093,16,42,787334f7857fa54f29027a7f09c30e895ad486ef
DEF_SDXL_070,DEF_SDXL_070_29ae47f9a5bf.jpg,SDXL,Defactify_SDXL,Stable_Diffusion_XL,AI,1,2,Defactify_val_shard_1_row_1660,A black dog in a bathroom drinking out of the toilet.,1024,1024,124460,29ae47f9a5bf1b4c691a98a149ae918a2288e1605e671ac30aa16959a18f6923,c8961beb4ca6966a,16,42,787334f7857fa54f29027a7f09c30e895ad486ef
DEF_SDXL_071,DEF_SDXL_071_696741a73d7f.jpg,SDXL,Defactify_SDXL,Stable_Diffusion_XL,AI,1,2,Defactify_val_shard_0_row_2103,An old Acme factory that is by a stop light.,1024,1024,111619,696741a73d7f13129ca4bed5ec727f265f0991b95e6e964178a728ce72ad3bed,fcea838199fc1652,16,42,787334f7857fa54f29027a7f09c30e895ad486ef
DEF_SDXL_072,DEF_SDXL_072_997fa93d96a1.jpg,SDXL,Defactify_SDXL,Stable_Diffusion_XL,AI,1,2,Defactify_val_shard_0_row_4025,some oranges are stacked up in a bowl,1024,1024,99334,997fa93d96a1b551d360d12071ee1193920a6afcd294477f807368f60d21dff6,c6fe1ff161c2490c,14,42,787334f7857fa54f29027a7f09c30e895ad486ef
DEF_SDXL_073,DEF_SDXL_073_ee4c0d31b0a8.jpg,SDXL,Defactify_SDXL,Stable_Diffusion_XL,AI,1,2,Defactify_val_shard_0_row_3639,A man poses with a yellow bicycle and a banana. ,1024,1024,110967,ee4c0d31b0a88a9533bbfefa08359dc0298d6d4965e11f9f794815be2ad441f3,beaca11397ca2ad4,16,42,787334f7857fa54f29027a7f09c30e895ad486ef
DEF_SDXL_074,DEF_SDXL_074_32475d921973.jpg,SDXL,Defactify_SDXL,Stable_Diffusion_XL,AI,1,2,Defactify_val_shard_1_row_242,a couple of ssigns on a pole by a building,1024,1024,103616,32475d92197362c27a61c5ecc8f5edcd13cab082f65676271d539259f40c768b,b399587112e666cb,16,42,787334f7857fa54f29027a7f09c30e895ad486ef
DEF_SDXL_075,DEF_SDXL_075_f6c646d183ef.jpg,SDXL,Defactify_SDXL,Stable_Diffusion_XL,AI,1,2,Defactify_val_shard_1_row_2809,The top of the computer desk is very shiny.,1024,1024,90527,f6c646d183efbe847568ea254d2f49c6745e4c5e2f65fcc44674cd272967e89f,e8642aa9beaeba28,18,42,787334f7857fa54f29027a7f09c30e895ad486ef
DEF_SDXL_076,DEF_SDXL_076_e20c5f47c211.jpg,SDXL,Defactify_SDXL,Stable_Diffusion_XL,AI,1,2,Defactify_val_shard_1_row_2861,A white bus route sign hanging from the side of a black pole.,1024,1024,76034,e20c5f47c21147d5d3c21c7b06122037b989e38dac71a02c2cf14037f4385c00,a6c4e6e49ba499d2,18,42,787334f7857fa54f29027a7f09c30e895ad486ef
DEF_SDXL_077,DEF_SDXL_077_b4c2ce5bcf14.jpg,SDXL,Defactify_SDXL,Stable_Diffusion_XL,AI,1,2,Defactify_val_shard_0_row_728,A green and yellow train riding down the train tracks. ,1024,1024,167698,b4c2ce5bcf14da1a2b5ae1d8aa2414705e9c75d0b5a69cf53cef8f5a26b53b89,c4c2dcb3c8cce8f2,18,42,787334f7857fa54f29027a7f09c30e895ad486ef
DEF_SDXL_078,DEF_SDXL_078_333b4fcc905c.jpg,SDXL,Defactify_SDXL,Stable_Diffusion_XL,AI,1,2,Defactify_val_shard_0_row_1800,a close up ofa small stuffed animal on the grill of a car,1024,1024,111114,333b4fcc905cf98b553dd17e876cef017b7580caf1d8ca57e11ed05fbf0e60fe,dd7e26e839a89095,18,42,787334f7857fa54f29027a7f09c30e895ad486ef
DEF_SDXL_079,DEF_SDXL_079_bdf0b10db13a.jpg,SDXL,Defactify_SDXL,Stable_Diffusion_XL,AI,1,2,Defactify_val_shard_1_row_3899,A man is on the corner on a city street.,1024,1024,129176,bdf0b10db13a0a3286fbbfb2978caae9da87b1f0f90a501825f0b935b704ef11,f1f8c5217c834cb9,16,42,787334f7857fa54f29027a7f09c30e895ad486ef
DEF_SDXL_080,DEF_SDXL_080_70c9b3ab3651.jpg,SDXL,Defactify_SDXL,Stable_Diffusion_XL,AI,1,2,Defactify_val_shard_1_row_2465,The men are in the kitchen preparing the meal.,1024,1024,117461,70c9b3ab365100447c9fcb7819bc12411386e1da87590c34f0e6db80ffff5170,ebf17e1d07889c48,18,42,787334f7857fa54f29027a7f09c30e895ad486ef
DEF_SDXL_081,DEF_SDXL_081_dd7bc894d179.jpg,SDXL,Defactify_SDXL,Stable_Diffusion_XL,AI,1,2,Defactify_val_shard_0_row_3019,A cat sitting in a bathtub behind the curtain.,1024,1024,90718,dd7bc894d1793a1591c9cc97ede865ad7539538abd06e8fc4e900c6472ebaefd,9ea798656699649a,14,42,787334f7857fa54f29027a7f09c30e895ad486ef
DEF_SDXL_082,DEF_SDXL_082_8593aa26b0ff.jpg,SDXL,Defactify_SDXL,Stable_Diffusion_XL,AI,1,2,Defactify_val_shard_1_row_1848,"At the picture is a scene of an airplane outside of a town.
",1024,1024,173997,8593aa26b0ff0958375838a57b3970b6e8341641caacbdce94bbd0bdb8bad077,d3c4b9acc2c6b338,14,42,787334f7857fa54f29027a7f09c30e895ad486ef
DEF_SDXL_083,DEF_SDXL_083_d7f2c04fba35.jpg,SDXL,Defactify_SDXL,Stable_Diffusion_XL,AI,1,2,Defactify_val_shard_1_row_4491,An animal that is on a tree eating some food.,1024,1024,135117,d7f2c04fba35d9b855ab79fd02629d0b2f9f395ff75e2f14bd152116cfee4310,ead635e1633610f1,16,42,787334f7857fa54f29027a7f09c30e895ad486ef
DEF_SDXL_084,DEF_SDXL_084_a1ab505d8cbb.jpg,SDXL,Defactify_SDXL,Stable_Diffusion_XL,AI,1,2,Defactify_val_shard_1_row_3534,A car that is sitting next to a building.,1024,1024,119451,a1ab505d8cbb284b30dbfc7c81b5046077b9724c85100b295cdd264214ad3f19,a9a9bb7cf4288117,16,42,787334f7857fa54f29027a7f09c30e895ad486ef
DEF_SDXL_085,DEF_SDXL_085_db5c0a225d71.jpg,SDXL,Defactify_SDXL,Stable_Diffusion_XL,AI,1,2,Defactify_val_shard_1_row_2396,A commercial airplane ascending in to the sky,1024,1024,38753,db5c0a225d718c4b5399579532ef5b9692d6fbaa0e20904ad80ec79cff70abf1,f49b073438cf3638,14,42,787334f7857fa54f29027a7f09c30e895ad486ef
DEF_SDXL_086,DEF_SDXL_086_211d2075e41c.jpg,SDXL,Defactify_SDXL,Stable_Diffusion_XL,AI,1,2,Defactify_val_shard_0_row_1779,A woman walks past street posters and graffiti. ,1024,1024,170056,211d2075e41caa7a859fd9557ce50625a0945e9fc374525fe6f336aebfdbddcd,938e2a6d1dc46477,16,42,787334f7857fa54f29027a7f09c30e895ad486ef
DEF_SDXL_087,DEF_SDXL_087_a0759f9a5d9b.jpg,SDXL,Defactify_SDXL,Stable_Diffusion_XL,AI,1,2,Defactify_val_shard_0_row_3687,A white toilet sitting inside of a bathroom.,1024,1024,60310,a0759f9a5d9b4aa8252ab67f0dcfdc1c905cff68999cf8d61ee898720bbbb543,db72a56dce282562,18,42,787334f7857fa54f29027a7f09c30e895ad486ef
DEF_SDXL_088,DEF_SDXL_088_b3ebbc0e621d.jpg,SDXL,Defactify_SDXL,Stable_Diffusion_XL,AI,1,2,Defactify_val_shard_1_row_653,A car that is slightly driven off the road.,1024,1024,195687,b3ebbc0e621dcda745435f22f300918fbc4aba038c2e0e9d96870b44e756b497,b413d3988d97b29c,16,42,787334f7857fa54f29027a7f09c30e895ad486ef
DEF_SDXL_089,DEF_SDXL_089_3cc469368af2.jpg,SDXL,Defactify_SDXL,Stable_Diffusion_XL,AI,1,2,Defactify_val_shard_0_row_2379,A train riding on a track near a forest and traffic signs.,1024,1024,145159,3cc469368af2ab53385861702f878b5d704a9ce7aac1b032d5cb78e5dfa05b03,921799b4ce8187de,16,42,787334f7857fa54f29027a7f09c30e895ad486ef
DEF_SDXL_090,DEF_SDXL_090_9187cd82641d.jpg,SDXL,Defactify_SDXL,Stable_Diffusion_XL,AI,1,2,Defactify_val_shard_1_row_1583,A building with a tall clock tower with a green top.,1024,1024,132952,9187cd82641d7481217f5692ae2abcc5b563ae687c5fecad4c79686760739ef5,ee9600799772cc4e,16,42,787334f7857fa54f29027a7f09c30e895ad486ef
DEF_SDXL_091,DEF_SDXL_091_24fcbe60d364.jpg,SDXL,Defactify_SDXL,Stable_Diffusion_XL,AI,1,2,Defactify_val_shard_1_row_2948,A couple of people sitting on top of a wooden bench.,1024,1024,108448,24fcbe60d36416008cf81a3b657cde6e2424c2b5c36fe2906b5132e549ebac9d,b44f4e3abb1c7430,16,42,787334f7857fa54f29027a7f09c30e895ad486ef
DEF_SDXL_092,DEF_SDXL_092_f8ca595e0e35.jpg,SDXL,Defactify_SDXL,Stable_Diffusion_XL,AI,1,2,Defactify_val_shard_1_row_2686,A plane that is flying in the air.,1024,1024,54384,f8ca595e0e356c3e5930124a14e5f49c2ef51785b18f755eb309ca085e9e8ee5,f84d9f3066cda168,18,42,787334f7857fa54f29027a7f09c30e895ad486ef
DEF_SDXL_093,DEF_SDXL_093_21313b8da3d1.jpg,SDXL,Defactify_SDXL,Stable_Diffusion_XL,AI,1,2,Defactify_val_shard_0_row_1736,A bridge built over a water is shining lights at dusk.,1024,1024,89347,21313b8da3d1cfff22a0abf1f461b8dc055aaa80619ce1e14e961023d79104d5,b48b1b4c4cf43e17,18,42,787334f7857fa54f29027a7f09c30e895ad486ef
DEF_SDXL_094,DEF_SDXL_094_935ae1e135c4.jpg,SDXL,Defactify_SDXL,Stable_Diffusion_XL,AI,1,2,Defactify_val_shard_0_row_3084,A group of people riding on the back of motor bikes.,1024,1024,126227,935ae1e135c4c721149824db0a3e0e259e0d6a33ec698d2dc7a1dc9f2a60c1ef,ed53c62d11d42dd1,16,42,787334f7857fa54f29027a7f09c30e895ad486ef
DEF_SDXL_095,DEF_SDXL_095_4461b95a254e.jpg,SDXL,Defactify_SDXL,Stable_Diffusion_XL,AI,1,2,Defactify_val_shard_1_row_965,A city bus is slowly making its way down a very crowded street. ,1024,1024,183750,4461b95a254ecc7fb5d7fc901c98aa169dc6d304ef402e657c7b7721d4d8247d,c8ae8f8643cc94f3,16,42,787334f7857fa54f29027a7f09c30e895ad486ef
DEF_SDXL_096,DEF_SDXL_096_bf115df0eb7e.jpg,SDXL,Defactify_SDXL,Stable_Diffusion_XL,AI,1,2,Defactify_val_shard_0_row_3447,This intersection has more pedestrians than vehicles near it.,1024,1024,150603,bf115df0eb7e35bf80587c3a1e9ec5b919ca2e46b99f6ff1b23d4f225ee9b60c,c07d2ca5bb4c5372,18,42,787334f7857fa54f29027a7f09c30e895ad486ef
DEF_SDXL_097,DEF_SDXL_097_8f6a146ac226.jpg,SDXL,Defactify_SDXL,Stable_Diffusion_XL,AI,1,2,Defactify_val_shard_0_row_2127,A motorcycle is parked on the sidewalk outside a tattoo shop.,1024,1024,150720,8f6a146ac2269d1911f764798dfab32264af3773964a3b4b1b50ba5002aa6597,88897367c656d2ce,16,42,787334f7857fa54f29027a7f09c30e895ad486ef
DEF_SDXL_098,DEF_SDXL_098_5885435f3d07.jpg,SDXL,Defactify_SDXL,Stable_Diffusion_XL,AI,1,2,Defactify_val_shard_1_row_656,A group of giraffe standing next to each other.,1024,1024,120600,5885435f3d07170765b9336afce2dcc0c164e59f78bde998b23459403f8801e8,feae832745f89250,16,42,787334f7857fa54f29027a7f09c30e895ad486ef
DEF_SDXL_099,DEF_SDXL_099_9d6976058e3c.jpg,SDXL,Defactify_SDXL,Stable_Diffusion_XL,AI,1,2,Defactify_val_shard_1_row_3737,A couple of cats sleeping on a car hood.,1024,1024,119577,9d6976058e3cef0f097342c1b562f19a773f7c34af5d91901c5cfc8b91dfb4d6,80c75fdefac18059,16,42,787334f7857fa54f29027a7f09c30e895ad486ef
DEF_SDXL_100,DEF_SDXL_100_0e772dc29c53.jpg,SDXL,Defactify_SDXL,Stable_Diffusion_XL,AI,1,2,Defactify_val_shard_0_row_996,A man wearing a green shirt on top of a tennis court.,1024,1024,65586,0e772dc29c53e464bdffdaadf5395cbdd0414c8b5250d3bb4f6e0abc5285ae01,e60dda656d18334e,14,42,787334f7857fa54f29027a7f09c30e895ad486ef
